BudgetMonth,StoreKey,ChannelKey,Category,BudgetUnits,BudgetSales,BudgetGrossProfit,TargetMarginPct,Scenario,BudgetOwner,FiscalYear,FiscalQuarter,Year,MonthNum,MonthName
2022-01-01,201,1,Beauty,17,841.82,285.42,0.3391,Baseline,Commercial Planning,2022,FQ4,2022,1,January
2022-01-01,201,1,Electronics,34,45574.84,17340.89,0.3805,Baseline,Regional Director,2022,FQ4,2022,1,January
2022-01-01,201,1,Fashion,14,1064.15,302.79,0.2845,Baseline,Finance Ops,2022,FQ4,2022,1,January
2022-01-01,201,1,Furniture,6,5940.51,1369.5,0.2305,Baseline,Finance Ops,2022,FQ4,2022,1,January
2022-01-01,201,1,Grocery,8,144.55,53.0,0.3667,Baseline,Regional Director,2022,FQ4,2022,1,January
2022-01-01,201,1,Home Appliances,1,476.47,187.74,0.394,Baseline,Finance Ops,2022,FQ4,2022,1,January
2022-01-01,201,1,Office Supplies,9,493.25,187.71,0.3806,Baseline,Finance Ops,2022,FQ4,2022,1,January
2022-01-01,201,1,Sports,21,4724.61,1539.29,0.3258,Baseline,Finance Ops,2022,FQ4,2022,1,January
2022-01-01,202,1,Beauty,26,981.89,364.62,0.3713,Baseline,Commercial Planning,2022,FQ4,2022,1,January
2022-01-01,202,1,Electronics,10,10921.83,4716.19,0.4318,Baseline,Finance Ops,2022,FQ4,2022,1,January
2022-01-01,202,1,Fashion,23,2641.19,1096.22,0.415,Baseline,Finance Ops,2022,FQ4,2022,1,January
2022-01-01,202,1,Furniture,20,9903.41,4237.61,0.4279,Baseline,Finance Ops,2022,FQ4,2022,1,January
2022-01-01,202,1,Grocery,9,241.61,96.75,0.4004,Baseline,Finance Ops,2022,FQ4,2022,1,January
2022-01-01,202,1,Home Appliances,11,6085.38,2107.06,0.3462,Baseline,Finance Ops,2022,FQ4,2022,1,January
2022-01-01,202,1,Office Supplies,22,1371.64,597.01,0.4353,Baseline,Regional Director,2022,FQ4,2022,1,January
2022-01-01,202,1,Sports,17,3033.74,1467.95,0.4839,Baseline,Finance Ops,2022,FQ4,2022,1,January
2022-01-01,203,1,Beauty,7,376.4,136.56,0.3628,Baseline,Finance Ops,2022,FQ4,2022,1,January
2022-01-01,203,1,Electronics,13,20287.09,8789.14,0.4332,Baseline,Commercial Planning,2022,FQ4,2022,1,January
2022-01-01,203,1,Fashion,23,2666.59,999.47,0.3748,Baseline,Finance Ops,2022,FQ4,2022,1,January
2022-01-01,203,1,Furniture,20,9831.63,3715.1,0.3779,Baseline,Regional Director,2022,FQ4,2022,1,January
2022-01-01,203,1,Grocery,23,599.79,230.85,0.3849,Baseline,Commercial Planning,2022,FQ4,2022,1,January
2022-01-01,203,1,Home Appliances,43,12125.06,5457.09,0.4501,Baseline,Commercial Planning,2022,FQ4,2022,1,January
2022-01-01,203,1,Office Supplies,2,136.67,48.13,0.3522,Baseline,Finance Ops,2022,FQ4,2022,1,January
2022-01-01,203,1,Sports,9,1344.49,478.66,0.356,Baseline,Finance Ops,2022,FQ4,2022,1,January
2022-01-01,204,1,Beauty,29,1238.05,498.16,0.4024,Baseline,Commercial Planning,2022,FQ4,2022,1,January
2022-01-01,204,1,Electronics,10,12429.73,4979.66,0.4006,Baseline,Commercial Planning,2022,FQ4,2022,1,January
2022-01-01,204,1,Fashion,9,1251.07,565.18,0.4518,Baseline,Regional Director,2022,FQ4,2022,1,January
2022-01-01,204,1,Furniture,25,10022.8,4160.88,0.4151,Baseline,Finance Ops,2022,FQ4,2022,1,January
2022-01-01,204,1,Grocery,7,105.47,35.83,0.3397,Baseline,Finance Ops,2022,FQ4,2022,1,January
2022-01-01,204,1,Home Appliances,12,7689.44,3426.92,0.4457,Baseline,Finance Ops,2022,FQ4,2022,1,January
2022-01-01,204,1,Sports,19,4385.2,1417.19,0.3232,Baseline,Finance Ops,2022,FQ4,2022,1,January
2022-01-01,205,1,Beauty,9,415.59,147.7,0.3554,Baseline,Finance Ops,2022,FQ4,2022,1,January
2022-01-01,205,1,Electronics,35,40904.68,14330.35,0.3503,Baseline,Commercial Planning,2022,FQ4,2022,1,January
2022-01-01,205,1,Fashion,31,2677.32,1053.3,0.3934,Baseline,Finance Ops,2022,FQ4,2022,1,January
2022-01-01,205,1,Furniture,3,2625.42,990.99,0.3775,Baseline,Finance Ops,2022,FQ4,2022,1,January
2022-01-01,205,1,Grocery,15,502.32,204.54,0.4072,Baseline,Finance Ops,2022,FQ4,2022,1,January
2022-01-01,205,1,Home Appliances,12,6294.66,2737.94,0.435,Baseline,Regional Director,2022,FQ4,2022,1,January
2022-01-01,205,1,Office Supplies,13,498.3,219.17,0.4398,Baseline,Finance Ops,2022,FQ4,2022,1,January
2022-01-01,205,1,Sports,56,10733.12,3922.87,0.3655,Baseline,Commercial Planning,2022,FQ4,2022,1,January
2022-01-01,206,1,Beauty,7,516.13,162.21,0.3143,Baseline,Finance Ops,2022,FQ4,2022,1,January
2022-01-01,206,1,Electronics,7,9668.15,4428.77,0.4581,Baseline,Commercial Planning,2022,FQ4,2022,1,January
2022-01-01,206,1,Fashion,8,453.87,208.23,0.4588,Baseline,Finance Ops,2022,FQ4,2022,1,January
2022-01-01,206,1,Furniture,10,3521.44,1450.97,0.412,Baseline,Regional Director,2022,FQ4,2022,1,January
2022-01-01,206,1,Grocery,12,317.78,134.55,0.4234,Baseline,Finance Ops,2022,FQ4,2022,1,January
2022-01-01,206,1,Home Appliances,37,10390.86,3698.96,0.356,Baseline,Commercial Planning,2022,FQ4,2022,1,January
2022-01-01,206,1,Office Supplies,16,869.03,361.58,0.4161,Baseline,Commercial Planning,2022,FQ4,2022,1,January
2022-01-01,206,1,Sports,9,1681.07,718.24,0.4273,Baseline,Commercial Planning,2022,FQ4,2022,1,January
2022-01-01,207,1,Beauty,20,1155.23,382.34,0.331,Baseline,Regional Director,2022,FQ4,2022,1,January
2022-01-01,207,1,Electronics,14,15079.22,6110.49,0.4052,Baseline,Commercial Planning,2022,FQ4,2022,1,January
2022-01-01,207,1,Fashion,19,2043.77,819.79,0.4011,Baseline,Commercial Planning,2022,FQ4,2022,1,January
2022-01-01,207,1,Furniture,13,9349.59,3530.55,0.3776,Baseline,Regional Director,2022,FQ4,2022,1,January
2022-01-01,207,1,Home Appliances,11,3776.87,1390.78,0.3682,Baseline,Commercial Planning,2022,FQ4,2022,1,January
2022-01-01,207,1,Office Supplies,8,362.63,135.94,0.3749,Baseline,Finance Ops,2022,FQ4,2022,1,January
2022-01-01,207,1,Sports,10,2166.83,1137.74,0.5251,Baseline,Finance Ops,2022,FQ4,2022,1,January
2022-01-01,208,1,Beauty,2,192.52,70.0,0.3636,Baseline,Regional Director,2022,FQ4,2022,1,January
2022-01-01,208,1,Electronics,31,30354.94,12473.87,0.4109,Baseline,Finance Ops,2022,FQ4,2022,1,January
2022-01-01,208,1,Fashion,20,1513.61,650.66,0.4299,Baseline,Finance Ops,2022,FQ4,2022,1,January
2022-01-01,208,1,Furniture,12,7121.51,2744.84,0.3854,Baseline,Regional Director,2022,FQ4,2022,1,January
2022-01-01,208,1,Grocery,19,578.72,214.26,0.3702,Baseline,Regional Director,2022,FQ4,2022,1,January
2022-01-01,208,1,Home Appliances,41,21833.22,8184.74,0.3749,Baseline,Finance Ops,2022,FQ4,2022,1,January
2022-01-01,208,1,Office Supplies,9,360.65,163.52,0.4534,Baseline,Commercial Planning,2022,FQ4,2022,1,January
2022-01-01,208,1,Sports,22,4139.95,1593.5,0.3849,Baseline,Finance Ops,2022,FQ4,2022,1,January
2022-01-01,209,1,Beauty,16,338.56,154.34,0.4559,Baseline,Commercial Planning,2022,FQ4,2022,1,January
2022-01-01,209,1,Electronics,10,9553.87,3674.4,0.3846,Baseline,Regional Director,2022,FQ4,2022,1,January
2022-01-01,209,1,Fashion,16,1126.78,389.46,0.3456,Baseline,Finance Ops,2022,FQ4,2022,1,January
2022-01-01,209,1,Furniture,15,10942.1,3862.13,0.353,Baseline,Finance Ops,2022,FQ4,2022,1,January
2022-01-01,209,1,Grocery,5,70.26,31.88,0.4537,Baseline,Regional Director,2022,FQ4,2022,1,January
2022-01-01,209,1,Home Appliances,7,3925.89,1648.23,0.4198,Baseline,Finance Ops,2022,FQ4,2022,1,January
2022-01-01,209,1,Office Supplies,17,674.39,286.87,0.4254,Baseline,Finance Ops,2022,FQ4,2022,1,January
2022-01-01,209,1,Sports,12,2262.02,967.11,0.4275,Baseline,Finance Ops,2022,FQ4,2022,1,January
2022-01-01,210,1,Beauty,9,574.05,191.48,0.3336,Baseline,Regional Director,2022,FQ4,2022,1,January
2022-01-01,210,1,Electronics,32,19475.49,7797.38,0.4004,Baseline,Finance Ops,2022,FQ4,2022,1,January
2022-01-01,210,1,Fashion,17,1765.59,675.9,0.3828,Baseline,Finance Ops,2022,FQ4,2022,1,January
2022-01-01,210,1,Furniture,26,15709.73,4615.08,0.2938,Baseline,Finance Ops,2022,FQ4,2022,1,January
2022-01-01,210,1,Grocery,20,708.1,261.88,0.3698,Baseline,Commercial Planning,2022,FQ4,2022,1,January
2022-01-01,210,1,Home Appliances,27,15257.92,5753.65,0.3771,Baseline,Regional Director,2022,FQ4,2022,1,January
2022-01-01,210,1,Office Supplies,7,417.33,171.42,0.4108,Baseline,Regional Director,2022,FQ4,2022,1,January
2022-01-01,210,1,Sports,15,3881.63,1633.07,0.4207,Baseline,Commercial Planning,2022,FQ4,2022,1,January
2022-01-01,211,1,Beauty,15,555.05,202.77,0.3653,Baseline,Finance Ops,2022,FQ4,2022,1,January
2022-01-01,211,1,Electronics,38,37471.68,15471.57,0.4129,Baseline,Commercial Planning,2022,FQ4,2022,1,January
2022-01-01,211,1,Fashion,14,1181.12,396.56,0.3357,Baseline,Regional Director,2022,FQ4,2022,1,January
2022-01-01,211,1,Furniture,5,6917.33,3049.35,0.4408,Baseline,Regional Director,2022,FQ4,2022,1,January
2022-01-01,211,1,Grocery,1,31.26,11.77,0.3765,Baseline,Commercial Planning,2022,FQ4,2022,1,January
2022-01-01,211,1,Home Appliances,13,5426.87,1794.53,0.3307,Baseline,Commercial Planning,2022,FQ4,2022,1,January
2022-01-01,211,1,Office Supplies,5,202.84,58.46,0.2882,Baseline,Commercial Planning,2022,FQ4,2022,1,January
2022-01-01,211,1,Sports,4,643.77,262.67,0.408,Baseline,Finance Ops,2022,FQ4,2022,1,January
2022-01-01,212,1,Beauty,3,243.28,77.72,0.3195,Baseline,Finance Ops,2022,FQ4,2022,1,January
2022-01-01,212,1,Electronics,24,22401.58,7015.59,0.3132,Baseline,Regional Director,2022,FQ4,2022,1,January
2022-01-01,212,1,Fashion,2,122.15,45.53,0.3727,Baseline,Finance Ops,2022,FQ4,2022,1,January
2022-01-01,212,1,Furniture,5,3087.75,967.59,0.3134,Baseline,Commercial Planning,2022,FQ4,2022,1,January
2022-01-01,212,1,Grocery,12,364.72,153.29,0.4203,Baseline,Commercial Planning,2022,FQ4,2022,1,January
2022-01-01,212,1,Home Appliances,13,6083.34,2166.48,0.3561,Baseline,Finance Ops,2022,FQ4,2022,1,January
2022-01-01,212,1,Office Supplies,24,839.33,375.78,0.4477,Baseline,Regional Director,2022,FQ4,2022,1,January
2022-01-01,212,1,Sports,29,6304.32,2508.39,0.3979,Baseline,Finance Ops,2022,FQ4,2022,1,January
2022-01-01,213,1,Beauty,29,1391.0,540.42,0.3885,Baseline,Commercial Planning,2022,FQ4,2022,1,January
2022-01-01,213,1,Electronics,17,9834.78,3518.27,0.3577,Baseline,Regional Director,2022,FQ4,2022,1,January
2022-01-01,213,1,Fashion,25,1596.84,577.41,0.3616,Baseline,Finance Ops,2022,FQ4,2022,1,January
2022-01-01,213,1,Furniture,14,10026.96,2940.17,0.2932,Baseline,Finance Ops,2022,FQ4,2022,1,January
2022-01-01,213,1,Grocery,23,599.17,226.95,0.3788,Baseline,Finance Ops,2022,FQ4,2022,1,January
2022-01-01,213,1,Home Appliances,29,16393.65,6972.77,0.4253,Baseline,Finance Ops,2022,FQ4,2022,1,January
2022-01-01,213,1,Office Supplies,5,228.87,108.97,0.4761,Baseline,Finance Ops,2022,FQ4,2022,1,January
2022-01-01,213,1,Sports,44,6177.76,2859.49,0.4629,Baseline,Commercial Planning,2022,FQ4,2022,1,January
2022-01-01,214,1,Beauty,16,802.96,274.43,0.3418,Baseline,Finance Ops,2022,FQ4,2022,1,January
2022-01-01,214,1,Electronics,13,19014.43,8037.87,0.4227,Baseline,Finance Ops,2022,FQ4,2022,1,January
2022-01-01,214,1,Fashion,18,2841.09,1494.52,0.526,Baseline,Commercial Planning,2022,FQ4,2022,1,January
2022-01-01,214,1,Furniture,14,7542.32,3480.61,0.4615,Baseline,Finance Ops,2022,FQ4,2022,1,January
2022-01-01,214,1,Grocery,24,543.77,200.56,0.3688,Baseline,Finance Ops,2022,FQ4,2022,1,January
2022-01-01,214,1,Home Appliances,16,6137.52,2737.91,0.4461,Baseline,Finance Ops,2022,FQ4,2022,1,January
2022-01-01,214,1,Office Supplies,11,514.51,229.53,0.4461,Baseline,Commercial Planning,2022,FQ4,2022,1,January
2022-01-01,214,1,Sports,35,5758.91,2572.57,0.4467,Baseline,Commercial Planning,2022,FQ4,2022,1,January
2022-01-01,215,2,Beauty,45,2573.82,868.58,0.3375,Baseline,Finance Ops,2022,FQ4,2022,1,January
2022-01-01,215,2,Electronics,46,48286.26,18636.44,0.386,Baseline,Commercial Planning,2022,FQ4,2022,1,January
2022-01-01,215,2,Fashion,25,2648.77,1096.35,0.4139,Baseline,Finance Ops,2022,FQ4,2022,1,January
2022-01-01,215,2,Furniture,50,36367.42,14379.44,0.3954,Baseline,Commercial Planning,2022,FQ4,2022,1,January
2022-01-01,215,2,Grocery,15,350.2,126.03,0.3599,Baseline,Finance Ops,2022,FQ4,2022,1,January
2022-01-01,215,2,Home Appliances,44,25605.27,8973.06,0.3504,Baseline,Finance Ops,2022,FQ4,2022,1,January
2022-01-01,215,2,Office Supplies,27,1152.91,460.3,0.3993,Baseline,Regional Director,2022,FQ4,2022,1,January
2022-01-01,215,2,Sports,37,7257.68,3468.35,0.4779,Baseline,Finance Ops,2022,FQ4,2022,1,January
2022-01-01,216,2,Beauty,18,1017.58,344.5,0.3385,Baseline,Regional Director,2022,FQ4,2022,1,January
2022-01-01,216,2,Electronics,75,77037.31,32000.95,0.4154,Baseline,Finance Ops,2022,FQ4,2022,1,January
2022-01-01,216,2,Fashion,59,7524.78,2896.93,0.385,Baseline,Regional Director,2022,FQ4,2022,1,January
2022-01-01,216,2,Furniture,27,11607.09,3957.94,0.341,Baseline,Commercial Planning,2022,FQ4,2022,1,January
2022-01-01,216,2,Grocery,24,538.55,210.35,0.3906,Baseline,Finance Ops,2022,FQ4,2022,1,January
2022-01-01,216,2,Home Appliances,79,26263.46,11126.04,0.4236,Baseline,Finance Ops,2022,FQ4,2022,1,January
2022-01-01,216,2,Office Supplies,21,1164.67,415.43,0.3567,Baseline,Commercial Planning,2022,FQ4,2022,1,January
2022-01-01,216,2,Sports,28,5090.36,2348.45,0.4614,Baseline,Commercial Planning,2022,FQ4,2022,1,January
2022-01-01,217,2,Beauty,39,2480.78,709.56,0.286,Baseline,Commercial Planning,2022,FQ4,2022,1,January
2022-01-01,217,2,Electronics,78,75516.04,29858.52,0.3954,Baseline,Commercial Planning,2022,FQ4,2022,1,January
2022-01-01,217,2,Fashion,34,3963.31,1543.2,0.3894,Baseline,Finance Ops,2022,FQ4,2022,1,January
2022-01-01,217,2,Furniture,33,19911.33,7711.75,0.3873,Baseline,Finance Ops,2022,FQ4,2022,1,January
2022-01-01,217,2,Grocery,12,214.24,70.54,0.3293,Baseline,Finance Ops,2022,FQ4,2022,1,January
2022-01-01,217,2,Home Appliances,44,12383.02,5022.3,0.4056,Baseline,Commercial Planning,2022,FQ4,2022,1,January
2022-01-01,217,2,Office Supplies,8,366.69,147.02,0.4009,Baseline,Commercial Planning,2022,FQ4,2022,1,January
2022-01-01,217,2,Sports,16,3435.6,1478.59,0.4304,Baseline,Commercial Planning,2022,FQ4,2022,1,January
2022-01-01,218,3,Beauty,87,4202.95,1629.59,0.3877,Baseline,Finance Ops,2022,FQ4,2022,1,January
2022-01-01,218,3,Electronics,257,299500.02,108997.44,0.3639,Baseline,Commercial Planning,2022,FQ4,2022,1,January
2022-01-01,218,3,Fashion,141,15106.32,5182.23,0.3431,Baseline,Finance Ops,2022,FQ4,2022,1,January
2022-01-01,218,3,Furniture,252,167158.28,71672.35,0.4288,Baseline,Regional Director,2022,FQ4,2022,1,January
2022-01-01,218,3,Grocery,308,8490.26,3031.12,0.357,Baseline,Commercial Planning,2022,FQ4,2022,1,January
2022-01-01,218,3,Home Appliances,463,229395.62,90845.69,0.396,Baseline,Finance Ops,2022,FQ4,2022,1,January
2022-01-01,218,3,Office Supplies,302,12664.33,4748.15,0.3749,Baseline,Finance Ops,2022,FQ4,2022,1,January
2022-01-01,218,3,Sports,173,31304.18,12659.9,0.4044,Baseline,Finance Ops,2022,FQ4,2022,1,January
2022-01-01,219,3,Beauty,127,5836.08,2344.99,0.4018,Baseline,Regional Director,2022,FQ4,2022,1,January
2022-01-01,219,3,Electronics,222,255140.23,90456.26,0.3545,Baseline,Commercial Planning,2022,FQ4,2022,1,January
2022-01-01,219,3,Fashion,190,15362.37,5695.88,0.3708,Baseline,Finance Ops,2022,FQ4,2022,1,January
2022-01-01,219,3,Furniture,164,104998.36,28525.8,0.2717,Baseline,Finance Ops,2022,FQ4,2022,1,January
2022-01-01,219,3,Grocery,303,6651.34,2267.01,0.3408,Baseline,Regional Director,2022,FQ4,2022,1,January
2022-01-01,219,3,Home Appliances,203,90309.35,32875.19,0.364,Baseline,Commercial Planning,2022,FQ4,2022,1,January
2022-01-01,219,3,Office Supplies,257,10338.17,4047.51,0.3915,Baseline,Regional Director,2022,FQ4,2022,1,January
2022-01-01,219,3,Sports,244,42742.43,17029.36,0.3984,Baseline,Regional Director,2022,FQ4,2022,1,January
2022-01-01,220,4,Beauty,52,2867.42,1080.08,0.3767,Baseline,Finance Ops,2022,FQ4,2022,1,January
2022-01-01,220,4,Electronics,64,69414.05,32336.22,0.4658,Baseline,Finance Ops,2022,FQ4,2022,1,January
2022-01-01,220,4,Fashion,53,5861.94,2377.24,0.4055,Baseline,Commercial Planning,2022,FQ4,2022,1,January
2022-01-01,220,4,Furniture,38,20838.62,8342.24,0.4003,Baseline,Commercial Planning,2022,FQ4,2022,1,January
2022-01-01,220,4,Grocery,21,399.09,151.88,0.3806,Baseline,Commercial Planning,2022,FQ4,2022,1,January
2022-01-01,220,4,Home Appliances,45,19691.64,7297.02,0.3706,Baseline,Commercial Planning,2022,FQ4,2022,1,January
2022-01-01,220,4,Office Supplies,45,1741.07,617.46,0.3546,Baseline,Commercial Planning,2022,FQ4,2022,1,January
2022-01-01,220,4,Sports,41,6059.13,2193.62,0.362,Baseline,Commercial Planning,2022,FQ4,2022,1,January
2022-02-01,201,1,Beauty,20,1144.94,480.95,0.4201,Baseline,Finance Ops,2022,FQ4,2022,2,February
2022-02-01,201,1,Electronics,1,1496.02,465.6,0.3112,Baseline,Regional Director,2022,FQ4,2022,2,February
2022-02-01,201,1,Fashion,20,1175.0,505.26,0.43,Baseline,Finance Ops,2022,FQ4,2022,2,February
2022-02-01,201,1,Furniture,10,11067.65,4146.42,0.3746,Baseline,Finance Ops,2022,FQ4,2022,2,February
2022-02-01,201,1,Grocery,9,235.4,97.19,0.4129,Baseline,Finance Ops,2022,FQ4,2022,2,February
2022-02-01,201,1,Home Appliances,1,197.48,104.76,0.5305,Baseline,Regional Director,2022,FQ4,2022,2,February
2022-02-01,201,1,Office Supplies,13,718.47,314.1,0.4372,Baseline,Regional Director,2022,FQ4,2022,2,February
2022-02-01,201,1,Sports,18,3279.02,1106.34,0.3374,Baseline,Commercial Planning,2022,FQ4,2022,2,February
2022-02-01,202,1,Beauty,4,250.4,60.24,0.2406,Baseline,Commercial Planning,2022,FQ4,2022,2,February
2022-02-01,202,1,Electronics,26,35446.96,13001.76,0.3668,Baseline,Finance Ops,2022,FQ4,2022,2,February
2022-02-01,202,1,Fashion,20,1152.69,360.93,0.3131,Baseline,Finance Ops,2022,FQ4,2022,2,February
2022-02-01,202,1,Furniture,12,9666.61,2997.2,0.3101,Baseline,Finance Ops,2022,FQ4,2022,2,February
2022-02-01,202,1,Grocery,11,78.68,38.31,0.4869,Baseline,Commercial Planning,2022,FQ4,2022,2,February
2022-02-01,202,1,Home Appliances,7,4382.52,1736.99,0.3963,Baseline,Finance Ops,2022,FQ4,2022,2,February
2022-02-01,202,1,Office Supplies,9,509.39,209.38,0.411,Baseline,Commercial Planning,2022,FQ4,2022,2,February
2022-02-01,202,1,Sports,23,3368.67,1425.8,0.4233,Baseline,Finance Ops,2022,FQ4,2022,2,February
2022-02-01,203,1,Beauty,11,647.49,215.01,0.3321,Baseline,Regional Director,2022,FQ4,2022,2,February
2022-02-01,203,1,Electronics,11,12164.06,6374.52,0.524,Baseline,Commercial Planning,2022,FQ4,2022,2,February
2022-02-01,203,1,Fashion,22,1369.87,641.4,0.4682,Baseline,Finance Ops,2022,FQ4,2022,2,February
2022-02-01,203,1,Furniture,22,9707.77,3804.02,0.3919,Baseline,Finance Ops,2022,FQ4,2022,2,February
2022-02-01,203,1,Grocery,13,370.93,156.48,0.4219,Baseline,Finance Ops,2022,FQ4,2022,2,February
2022-02-01,203,1,Home Appliances,20,6698.28,2743.18,0.4095,Baseline,Regional Director,2022,FQ4,2022,2,February
2022-02-01,203,1,Office Supplies,16,522.24,204.97,0.3925,Baseline,Finance Ops,2022,FQ4,2022,2,February
2022-02-01,203,1,Sports,14,1251.96,556.34,0.4444,Baseline,Finance Ops,2022,FQ4,2022,2,February
2022-02-01,204,1,Beauty,18,944.9,366.8,0.3882,Baseline,Finance Ops,2022,FQ4,2022,2,February
2022-02-01,204,1,Electronics,17,19271.39,8668.28,0.4498,Baseline,Commercial Planning,2022,FQ4,2022,2,February
2022-02-01,204,1,Fashion,20,1863.38,691.24,0.371,Baseline,Regional Director,2022,FQ4,2022,2,February
2022-02-01,204,1,Furniture,15,12397.08,4829.33,0.3896,Baseline,Regional Director,2022,FQ4,2022,2,February
2022-02-01,204,1,Grocery,39,775.91,331.64,0.4274,Baseline,Finance Ops,2022,FQ4,2022,2,February
2022-02-01,204,1,Home Appliances,25,9690.24,3965.4,0.4092,Baseline,Finance Ops,2022,FQ4,2022,2,February
2022-02-01,204,1,Office Supplies,24,1300.33,546.36,0.4202,Baseline,Finance Ops,2022,FQ4,2022,2,February
2022-02-01,204,1,Sports,25,3377.4,1333.22,0.3947,Baseline,Finance Ops,2022,FQ4,2022,2,February
2022-02-01,205,1,Beauty,26,1272.28,528.13,0.4151,Baseline,Commercial Planning,2022,FQ4,2022,2,February
2022-02-01,205,1,Electronics,19,19876.38,9130.35,0.4594,Baseline,Finance Ops,2022,FQ4,2022,2,February
2022-02-01,205,1,Fashion,12,1676.59,583.21,0.3479,Baseline,Finance Ops,2022,FQ4,2022,2,February
2022-02-01,205,1,Furniture,3,1825.41,699.54,0.3832,Baseline,Finance Ops,2022,FQ4,2022,2,February
2022-02-01,205,1,Grocery,3,57.03,27.03,0.474,Baseline,Commercial Planning,2022,FQ4,2022,2,February
2022-02-01,205,1,Home Appliances,18,8595.14,3554.93,0.4136,Baseline,Regional Director,2022,FQ4,2022,2,February
2022-02-01,205,1,Office Supplies,14,920.64,387.62,0.421,Baseline,Finance Ops,2022,FQ4,2022,2,February
2022-02-01,205,1,Sports,3,427.88,185.58,0.4337,Baseline,Commercial Planning,2022,FQ4,2022,2,February
2022-02-01,206,1,Beauty,13,532.38,182.75,0.3433,Baseline,Commercial Planning,2022,FQ4,2022,2,February
2022-02-01,206,1,Electronics,9,10262.55,4361.19,0.425,Baseline,Finance Ops,2022,FQ4,2022,2,February
2022-02-01,206,1,Fashion,12,1139.38,428.72,0.3763,Baseline,Finance Ops,2022,FQ4,2022,2,February
2022-02-01,206,1,Furniture,23,10495.0,4750.65,0.4527,Baseline,Regional Director,2022,FQ4,2022,2,February
2022-02-01,206,1,Grocery,10,283.9,113.1,0.3984,Baseline,Regional Director,2022,FQ4,2022,2,February
2022-02-01,206,1,Home Appliances,8,3355.77,1548.85,0.4615,Baseline,Commercial Planning,2022,FQ4,2022,2,February
2022-02-01,206,1,Office Supplies,7,223.69,96.78,0.4327,Baseline,Finance Ops,2022,FQ4,2022,2,February
2022-02-01,206,1,Sports,12,1002.35,287.11,0.2864,Baseline,Finance Ops,2022,FQ4,2022,2,February
2022-02-01,207,1,Beauty,43,3018.38,1033.32,0.3423,Baseline,Finance Ops,2022,FQ4,2022,2,February
2022-02-01,207,1,Electronics,20,25368.88,10427.17,0.411,Baseline,Finance Ops,2022,FQ4,2022,2,February
2022-02-01,207,1,Fashion,6,511.34,183.0,0.3579,Baseline,Commercial Planning,2022,FQ4,2022,2,February
2022-02-01,207,1,Furniture,3,2800.5,845.23,0.3018,Baseline,Finance Ops,2022,FQ4,2022,2,February
2022-02-01,207,1,Grocery,4,145.4,62.49,0.4298,Baseline,Commercial Planning,2022,FQ4,2022,2,February
2022-02-01,207,1,Home Appliances,22,7885.45,2932.32,0.3719,Baseline,Commercial Planning,2022,FQ4,2022,2,February
2022-02-01,207,1,Office Supplies,22,1165.18,479.27,0.4113,Baseline,Finance Ops,2022,FQ4,2022,2,February
2022-02-01,207,1,Sports,23,4842.78,1664.09,0.3436,Baseline,Finance Ops,2022,FQ4,2022,2,February
2022-02-01,208,1,Beauty,6,371.01,154.01,0.4151,Baseline,Finance Ops,2022,FQ4,2022,2,February
2022-02-01,208,1,Electronics,27,21381.86,7940.35,0.3714,Baseline,Regional Director,2022,FQ4,2022,2,February
2022-02-01,208,1,Fashion,32,3149.63,1462.26,0.4643,Baseline,Regional Director,2022,FQ4,2022,2,February
2022-02-01,208,1,Furniture,22,8048.56,2578.52,0.3204,Baseline,Commercial Planning,2022,FQ4,2022,2,February
2022-02-01,208,1,Grocery,11,242.03,101.8,0.4206,Baseline,Finance Ops,2022,FQ4,2022,2,February
2022-02-01,208,1,Home Appliances,32,17183.09,7093.22,0.4128,Baseline,Finance Ops,2022,FQ4,2022,2,February
2022-02-01,208,1,Office Supplies,3,178.74,64.5,0.3609,Baseline,Finance Ops,2022,FQ4,2022,2,February
2022-02-01,208,1,Sports,30,5369.23,2561.86,0.4771,Baseline,Regional Director,2022,FQ4,2022,2,February
2022-02-01,209,1,Beauty,19,895.64,301.04,0.3361,Baseline,Finance Ops,2022,FQ4,2022,2,February
2022-02-01,209,1,Electronics,15,16863.42,6640.3,0.3938,Baseline,Commercial Planning,2022,FQ4,2022,2,February
2022-02-01,209,1,Fashion,19,1358.8,626.38,0.461,Baseline,Finance Ops,2022,FQ4,2022,2,February
2022-02-01,209,1,Furniture,28,18325.56,6804.37,0.3713,Baseline,Finance Ops,2022,FQ4,2022,2,February
2022-02-01,209,1,Grocery,25,429.62,176.13,0.41,Baseline,Regional Director,2022,FQ4,2022,2,February
2022-02-01,209,1,Home Appliances,6,3253.99,1221.59,0.3754,Baseline,Commercial Planning,2022,FQ4,2022,2,February
2022-02-01,209,1,Office Supplies,16,874.47,382.72,0.4377,Baseline,Finance Ops,2022,FQ4,2022,2,February
2022-02-01,209,1,Sports,9,1379.39,704.55,0.5108,Baseline,Finance Ops,2022,FQ4,2022,2,February
2022-02-01,210,1,Beauty,21,772.7,309.78,0.4009,Baseline,Regional Director,2022,FQ4,2022,2,February
2022-02-01,210,1,Electronics,7,3367.82,1593.69,0.4732,Baseline,Finance Ops,2022,FQ4,2022,2,February
2022-02-01,210,1,Fashion,11,1528.56,616.8,0.4035,Baseline,Regional Director,2022,FQ4,2022,2,February
2022-02-01,210,1,Furniture,16,10714.0,4193.43,0.3914,Baseline,Finance Ops,2022,FQ4,2022,2,February
2022-02-01,210,1,Grocery,5,185.2,87.53,0.4726,Baseline,Regional Director,2022,FQ4,2022,2,February
2022-02-01,210,1,Home Appliances,10,4665.98,1808.47,0.3876,Baseline,Finance Ops,2022,FQ4,2022,2,February
2022-02-01,210,1,Office Supplies,8,538.58,233.27,0.4331,Baseline,Finance Ops,2022,FQ4,2022,2,February
2022-02-01,210,1,Sports,14,3422.45,1198.9,0.3503,Baseline,Regional Director,2022,FQ4,2022,2,February
2022-02-01,211,1,Beauty,26,1684.06,682.06,0.405,Baseline,Finance Ops,2022,FQ4,2022,2,February
2022-02-01,211,1,Electronics,3,1498.25,477.47,0.3187,Baseline,Commercial Planning,2022,FQ4,2022,2,February
2022-02-01,211,1,Fashion,12,1823.05,702.47,0.3853,Baseline,Commercial Planning,2022,FQ4,2022,2,February
2022-02-01,211,1,Furniture,15,8947.14,3266.45,0.3651,Baseline,Commercial Planning,2022,FQ4,2022,2,February
2022-02-01,211,1,Grocery,20,569.27,181.65,0.3191,Baseline,Finance Ops,2022,FQ4,2022,2,February
2022-02-01,211,1,Home Appliances,16,10992.95,4151.21,0.3776,Baseline,Commercial Planning,2022,FQ4,2022,2,February
2022-02-01,211,1,Office Supplies,4,202.64,88.58,0.4371,Baseline,Finance Ops,2022,FQ4,2022,2,February
2022-02-01,211,1,Sports,28,5568.38,2451.54,0.4403,Baseline,Finance Ops,2022,FQ4,2022,2,February
2022-02-01,212,1,Beauty,17,806.09,239.06,0.2966,Baseline,Regional Director,2022,FQ4,2022,2,February
2022-02-01,212,1,Electronics,7,9421.38,4052.37,0.4301,Baseline,Commercial Planning,2022,FQ4,2022,2,February
2022-02-01,212,1,Fashion,21,2240.43,746.79,0.3333,Baseline,Finance Ops,2022,FQ4,2022,2,February
2022-02-01,212,1,Furniture,3,3340.07,1126.38,0.3372,Baseline,Regional Director,2022,FQ4,2022,2,February
2022-02-01,212,1,Grocery,12,322.53,137.9,0.4276,Baseline,Finance Ops,2022,FQ4,2022,2,February
2022-02-01,212,1,Home Appliances,23,7649.51,3296.79,0.431,Baseline,Commercial Planning,2022,FQ4,2022,2,February
2022-02-01,212,1,Office Supplies,24,1261.77,542.66,0.4301,Baseline,Regional Director,2022,FQ4,2022,2,February
2022-02-01,212,1,Sports,17,2394.23,1032.2,0.4311,Baseline,Commercial Planning,2022,FQ4,2022,2,February
2022-02-01,213,1,Beauty,32,1823.39,627.04,0.3439,Baseline,Regional Director,2022,FQ4,2022,2,February
2022-02-01,213,1,Electronics,34,39028.63,16872.26,0.4323,Baseline,Commercial Planning,2022,FQ4,2022,2,February
2022-02-01,213,1,Fashion,17,1574.21,604.24,0.3838,Baseline,Commercial Planning,2022,FQ4,2022,2,February
2022-02-01,213,1,Furniture,10,6153.93,2522.03,0.4098,Baseline,Finance Ops,2022,FQ4,2022,2,February
2022-02-01,213,1,Grocery,22,622.22,258.16,0.4149,Baseline,Regional Director,2022,FQ4,2022,2,February
2022-02-01,213,1,Home Appliances,27,14678.78,4506.39,0.307,Baseline,Regional Director,2022,FQ4,2022,2,February
2022-02-01,213,1,Office Supplies,13,482.8,221.89,0.4596,Baseline,Commercial Planning,2022,FQ4,2022,2,February
2022-02-01,213,1,Sports,25,3836.94,1832.95,0.4777,Baseline,Finance Ops,2022,FQ4,2022,2,February
2022-02-01,214,1,Beauty,12,663.56,265.54,0.4002,Baseline,Commercial Planning,2022,FQ4,2022,2,February
2022-02-01,214,1,Electronics,23,19940.97,9227.37,0.4627,Baseline,Regional Director,2022,FQ4,2022,2,February
2022-02-01,214,1,Fashion,17,1687.83,768.45,0.4553,Baseline,Finance Ops,2022,FQ4,2022,2,February
2022-02-01,214,1,Furniture,15,13200.09,5406.16,0.4096,Baseline,Finance Ops,2022,FQ4,2022,2,February
2022-02-01,214,1,Grocery,11,322.57,116.83,0.3622,Baseline,Regional Director,2022,FQ4,2022,2,February
2022-02-01,214,1,Home Appliances,39,16692.68,6198.6,0.3713,Baseline,Finance Ops,2022,FQ4,2022,2,February
2022-02-01,214,1,Office Supplies,4,243.69,98.79,0.4054,Baseline,Regional Director,2022,FQ4,2022,2,February
2022-02-01,214,1,Sports,20,3618.21,1572.26,0.4345,Baseline,Commercial Planning,2022,FQ4,2022,2,February
2022-02-01,215,2,Beauty,65,2924.48,1085.48,0.3712,Baseline,Regional Director,2022,FQ4,2022,2,February
2022-02-01,215,2,Electronics,44,52395.33,20432.85,0.39,Baseline,Finance Ops,2022,FQ4,2022,2,February
2022-02-01,215,2,Fashion,33,3674.54,1714.14,0.4665,Baseline,Finance Ops,2022,FQ4,2022,2,February
2022-02-01,215,2,Furniture,32,27113.61,10479.8,0.3865,Baseline,Finance Ops,2022,FQ4,2022,2,February
2022-02-01,215,2,Grocery,29,664.69,228.57,0.3439,Baseline,Commercial Planning,2022,FQ4,2022,2,February
2022-02-01,215,2,Home Appliances,21,6096.92,2584.52,0.4239,Baseline,Finance Ops,2022,FQ4,2022,2,February
2022-02-01,215,2,Office Supplies,3,150.09,57.76,0.3848,Baseline,Finance Ops,2022,FQ4,2022,2,February
2022-02-01,215,2,Sports,27,4153.27,1764.29,0.4248,Baseline,Finance Ops,2022,FQ4,2022,2,February
2022-02-01,216,2,Beauty,25,1450.79,604.39,0.4166,Baseline,Commercial Planning,2022,FQ4,2022,2,February
2022-02-01,216,2,Electronics,46,52026.86,21261.71,0.4087,Baseline,Commercial Planning,2022,FQ4,2022,2,February
2022-02-01,216,2,Fashion,27,1759.31,799.27,0.4543,Baseline,Regional Director,2022,FQ4,2022,2,February
2022-02-01,216,2,Furniture,18,14395.8,5423.53,0.3767,Baseline,Regional Director,2022,FQ4,2022,2,February
2022-02-01,216,2,Grocery,10,365.15,155.33,0.4254,Baseline,Finance Ops,2022,FQ4,2022,2,February
2022-02-01,216,2,Home Appliances,36,16243.36,6770.22,0.4168,Baseline,Finance Ops,2022,FQ4,2022,2,February
2022-02-01,216,2,Office Supplies,46,2424.24,992.79,0.4095,Baseline,Finance Ops,2022,FQ4,2022,2,February
2022-02-01,216,2,Sports,17,3238.33,1418.78,0.4381,Baseline,Finance Ops,2022,FQ4,2022,2,February
2022-02-01,217,2,Beauty,30,1752.41,681.65,0.389,Baseline,Finance Ops,2022,FQ4,2022,2,February
2022-02-01,217,2,Electronics,26,21926.69,8615.62,0.3929,Baseline,Regional Director,2022,FQ4,2022,2,February
2022-02-01,217,2,Fashion,32,3484.33,1429.83,0.4104,Baseline,Commercial Planning,2022,FQ4,2022,2,February
2022-02-01,217,2,Furniture,35,22693.71,8864.57,0.3906,Baseline,Regional Director,2022,FQ4,2022,2,February
2022-02-01,217,2,Grocery,28,375.95,146.84,0.3906,Baseline,Commercial Planning,2022,FQ4,2022,2,February
2022-02-01,217,2,Home Appliances,32,14609.45,5466.31,0.3742,Baseline,Commercial Planning,2022,FQ4,2022,2,February
2022-02-01,217,2,Office Supplies,15,621.22,282.39,0.4546,Baseline,Regional Director,2022,FQ4,2022,2,February
2022-02-01,217,2,Sports,44,7597.69,3692.67,0.486,Baseline,Commercial Planning,2022,FQ4,2022,2,February
2022-02-01,218,3,Beauty,292,16994.79,5656.25,0.3328,Baseline,Commercial Planning,2022,FQ4,2022,2,February
2022-02-01,218,3,Electronics,188,151478.0,64429.63,0.4253,Baseline,Finance Ops,2022,FQ4,2022,2,February
2022-02-01,218,3,Fashion,229,23879.2,9774.9,0.4093,Baseline,Commercial Planning,2022,FQ4,2022,2,February
2022-02-01,218,3,Furniture,173,120199.25,38194.77,0.3178,Baseline,Regional Director,2022,FQ4,2022,2,February
2022-02-01,218,3,Grocery,374,6960.98,2702.95,0.3883,Baseline,Commercial Planning,2022,FQ4,2022,2,February
2022-02-01,218,3,Home Appliances,354,167686.29,60227.24,0.3592,Baseline,Commercial Planning,2022,FQ4,2022,2,February
2022-02-01,218,3,Office Supplies,153,6250.04,2060.96,0.3298,Baseline,Finance Ops,2022,FQ4,2022,2,February
2022-02-01,218,3,Sports,122,20847.32,7373.23,0.3537,Baseline,Finance Ops,2022,FQ4,2022,2,February
2022-02-01,219,3,Beauty,207,11815.95,3993.6,0.338,Baseline,Commercial Planning,2022,FQ4,2022,2,February
2022-02-01,219,3,Electronics,269,290421.62,125632.12,0.4326,Baseline,Finance Ops,2022,FQ4,2022,2,February
2022-02-01,219,3,Fashion,87,5869.82,2310.0,0.3935,Baseline,Regional Director,2022,FQ4,2022,2,February
2022-02-01,219,3,Furniture,111,46039.27,15075.78,0.3275,Baseline,Regional Director,2022,FQ4,2022,2,February
2022-02-01,219,3,Grocery,164,4968.85,1962.83,0.395,Baseline,Commercial Planning,2022,FQ4,2022,2,February
2022-02-01,219,3,Home Appliances,370,142772.98,54767.54,0.3836,Baseline,Finance Ops,2022,FQ4,2022,2,February
2022-02-01,219,3,Office Supplies,222,10190.87,4136.29,0.4059,Baseline,Commercial Planning,2022,FQ4,2022,2,February
2022-02-01,219,3,Sports,144,28423.6,8897.27,0.313,Baseline,Finance Ops,2022,FQ4,2022,2,February
2022-02-01,220,4,Beauty,55,3544.27,1227.19,0.3462,Baseline,Finance Ops,2022,FQ4,2022,2,February
2022-02-01,220,4,Electronics,34,29760.68,13143.69,0.4416,Baseline,Finance Ops,2022,FQ4,2022,2,February
2022-02-01,220,4,Fashion,64,6978.3,2802.13,0.4015,Baseline,Commercial Planning,2022,FQ4,2022,2,February
2022-02-01,220,4,Furniture,56,26804.96,9731.33,0.363,Baseline,Regional Director,2022,FQ4,2022,2,February
2022-02-01,220,4,Grocery,58,2080.13,807.68,0.3883,Baseline,Commercial Planning,2022,FQ4,2022,2,February
2022-02-01,220,4,Home Appliances,76,44433.81,17631.51,0.3968,Baseline,Commercial Planning,2022,FQ4,2022,2,February
2022-02-01,220,4,Office Supplies,17,617.54,268.3,0.4345,Baseline,Finance Ops,2022,FQ4,2022,2,February
2022-02-01,220,4,Sports,84,13211.02,5496.49,0.4161,Baseline,Finance Ops,2022,FQ4,2022,2,February
2022-03-01,201,1,Beauty,22,1170.56,208.45,0.1781,Baseline,Regional Director,2022,FQ4,2022,3,March
2022-03-01,201,1,Electronics,20,25565.87,6796.99,0.2659,Baseline,Commercial Planning,2022,FQ4,2022,3,March
2022-03-01,201,1,Fashion,28,2071.54,752.21,0.3631,Baseline,Finance Ops,2022,FQ4,2022,3,March
2022-03-01,201,1,Furniture,27,11497.89,4293.27,0.3734,Baseline,Finance Ops,2022,FQ4,2022,3,March
2022-03-01,201,1,Grocery,2,44.14,11.51,0.2608,Baseline,Finance Ops,2022,FQ4,2022,3,March
2022-03-01,201,1,Home Appliances,13,8493.48,2515.1,0.2961,Baseline,Regional Director,2022,FQ4,2022,3,March
2022-03-01,201,1,Office Supplies,37,2033.15,1019.45,0.5014,Baseline,Regional Director,2022,FQ4,2022,3,March
2022-03-01,201,1,Sports,5,769.86,350.93,0.4558,Baseline,Finance Ops,2022,FQ4,2022,3,March
2022-03-01,202,1,Beauty,22,1046.1,350.62,0.3352,Baseline,Regional Director,2022,FQ4,2022,3,March
2022-03-01,202,1,Electronics,11,11316.92,3718.69,0.3286,Baseline,Finance Ops,2022,FQ4,2022,3,March
2022-03-01,202,1,Fashion,1,70.02,20.58,0.2939,Baseline,Commercial Planning,2022,FQ4,2022,3,March
2022-03-01,202,1,Furniture,3,3079.93,1410.72,0.458,Baseline,Regional Director,2022,FQ4,2022,3,March
2022-03-01,202,1,Grocery,10,266.17,95.96,0.3605,Baseline,Finance Ops,2022,FQ4,2022,3,March
2022-03-01,202,1,Home Appliances,12,7749.64,2325.16,0.3,Baseline,Finance Ops,2022,FQ4,2022,3,March
2022-03-01,202,1,Office Supplies,35,1443.34,589.6,0.4085,Baseline,Commercial Planning,2022,FQ4,2022,3,March
2022-03-01,202,1,Sports,7,1140.45,426.87,0.3743,Baseline,Finance Ops,2022,FQ4,2022,3,March
2022-03-01,203,1,Beauty,34,1834.19,607.99,0.3315,Baseline,Finance Ops,2022,FQ4,2022,3,March
2022-03-01,203,1,Electronics,47,50278.31,23832.02,0.474,Baseline,Regional Director,2022,FQ4,2022,3,March
2022-03-01,203,1,Fashion,1,84.64,22.69,0.2681,Baseline,Commercial Planning,2022,FQ4,2022,3,March
2022-03-01,203,1,Furniture,29,16989.72,6450.94,0.3797,Baseline,Commercial Planning,2022,FQ4,2022,3,March
2022-03-01,203,1,Grocery,6,118.96,52.86,0.4444,Baseline,Commercial Planning,2022,FQ4,2022,3,March
2022-03-01,203,1,Home Appliances,20,7046.53,3175.94,0.4507,Baseline,Finance Ops,2022,FQ4,2022,3,March
2022-03-01,203,1,Office Supplies,40,2135.48,813.32,0.3809,Baseline,Finance Ops,2022,FQ4,2022,3,March
2022-03-01,203,1,Sports,17,3848.66,1828.41,0.4751,Baseline,Commercial Planning,2022,FQ4,2022,3,March
2022-03-01,204,1,Beauty,22,1168.58,491.68,0.4207,Baseline,Finance Ops,2022,FQ4,2022,3,March
2022-03-01,204,1,Electronics,31,28425.81,11579.45,0.4074,Baseline,Finance Ops,2022,FQ4,2022,3,March
2022-03-01,204,1,Fashion,14,1267.85,398.82,0.3146,Baseline,Commercial Planning,2022,FQ4,2022,3,March
2022-03-01,204,1,Furniture,10,7846.99,2813.36,0.3585,Baseline,Finance Ops,2022,FQ4,2022,3,March
2022-03-01,204,1,Grocery,24,643.29,202.97,0.3155,Baseline,Finance Ops,2022,FQ4,2022,3,March
2022-03-01,204,1,Home Appliances,16,8224.08,3286.11,0.3996,Baseline,Finance Ops,2022,FQ4,2022,3,March
2022-03-01,204,1,Office Supplies,14,494.56,234.02,0.4732,Baseline,Finance Ops,2022,FQ4,2022,3,March
2022-03-01,204,1,Sports,2,560.53,174.69,0.3117,Baseline,Commercial Planning,2022,FQ4,2022,3,March
2022-03-01,205,1,Beauty,20,1109.13,416.0,0.3751,Baseline,Finance Ops,2022,FQ4,2022,3,March
2022-03-01,205,1,Electronics,29,25579.18,10381.07,0.4058,Baseline,Finance Ops,2022,FQ4,2022,3,March
2022-03-01,205,1,Fashion,24,2255.4,1014.6,0.4499,Baseline,Finance Ops,2022,FQ4,2022,3,March
2022-03-01,205,1,Furniture,20,16758.06,6025.31,0.3595,Baseline,Finance Ops,2022,FQ4,2022,3,March
2022-03-01,205,1,Grocery,13,356.59,111.91,0.3138,Baseline,Commercial Planning,2022,FQ4,2022,3,March
2022-03-01,205,1,Home Appliances,56,33541.39,15431.41,0.4601,Baseline,Regional Director,2022,FQ4,2022,3,March
2022-03-01,205,1,Office Supplies,15,609.66,254.0,0.4166,Baseline,Finance Ops,2022,FQ4,2022,3,March
2022-03-01,205,1,Sports,16,2005.61,849.12,0.4234,Baseline,Finance Ops,2022,FQ4,2022,3,March
2022-03-01,206,1,Beauty,6,349.43,128.12,0.3667,Baseline,Finance Ops,2022,FQ4,2022,3,March
2022-03-01,206,1,Electronics,37,23881.04,8597.52,0.36,Baseline,Finance Ops,2022,FQ4,2022,3,March
2022-03-01,206,1,Fashion,15,930.09,387.82,0.417,Baseline,Regional Director,2022,FQ4,2022,3,March
2022-03-01,206,1,Furniture,17,9922.19,2932.51,0.2956,Baseline,Finance Ops,2022,FQ4,2022,3,March
2022-03-01,206,1,Grocery,11,285.13,97.48,0.3419,Baseline,Finance Ops,2022,FQ4,2022,3,March
2022-03-01,206,1,Home Appliances,17,8887.86,3390.98,0.3815,Baseline,Regional Director,2022,FQ4,2022,3,March
2022-03-01,206,1,Office Supplies,9,499.29,207.7,0.416,Baseline,Commercial Planning,2022,FQ4,2022,3,March
2022-03-01,206,1,Sports,28,4753.14,1821.83,0.3833,Baseline,Commercial Planning,2022,FQ4,2022,3,March
2022-03-01,207,1,Beauty,22,810.4,342.26,0.4223,Baseline,Finance Ops,2022,FQ4,2022,3,March
2022-03-01,207,1,Electronics,19,13275.16,6661.12,0.5018,Baseline,Regional Director,2022,FQ4,2022,3,March
2022-03-01,207,1,Fashion,4,575.98,224.61,0.39,Baseline,Finance Ops,2022,FQ4,2022,3,March
2022-03-01,207,1,Furniture,33,26976.85,10510.21,0.3896,Baseline,Commercial Planning,2022,FQ4,2022,3,March
2022-03-01,207,1,Grocery,24,329.52,115.62,0.3509,Baseline,Finance Ops,2022,FQ4,2022,3,March
2022-03-01,207,1,Home Appliances,12,4261.33,1849.79,0.4341,Baseline,Regional Director,2022,FQ4,2022,3,March
2022-03-01,207,1,Office Supplies,7,280.95,110.1,0.3919,Baseline,Finance Ops,2022,FQ4,2022,3,March
2022-03-01,207,1,Sports,24,4136.46,1424.42,0.3444,Baseline,Commercial Planning,2022,FQ4,2022,3,March
2022-03-01,208,1,Beauty,14,512.28,201.5,0.3933,Baseline,Finance Ops,2022,FQ4,2022,3,March
2022-03-01,208,1,Electronics,23,29217.65,12431.09,0.4255,Baseline,Finance Ops,2022,FQ4,2022,3,March
2022-03-01,208,1,Fashion,25,1434.61,568.98,0.3966,Baseline,Regional Director,2022,FQ4,2022,3,March
2022-03-01,208,1,Furniture,6,5966.91,1898.47,0.3182,Baseline,Commercial Planning,2022,FQ4,2022,3,March
2022-03-01,208,1,Grocery,15,335.36,136.64,0.4074,Baseline,Finance Ops,2022,FQ4,2022,3,March
2022-03-01,208,1,Home Appliances,21,14344.32,5648.92,0.3938,Baseline,Regional Director,2022,FQ4,2022,3,March
2022-03-01,208,1,Office Supplies,20,614.44,227.44,0.3702,Baseline,Finance Ops,2022,FQ4,2022,3,March
2022-03-01,208,1,Sports,17,3330.12,829.83,0.2492,Baseline,Regional Director,2022,FQ4,2022,3,March
2022-03-01,209,1,Beauty,31,1078.41,379.29,0.3517,Baseline,Finance Ops,2022,FQ4,2022,3,March
2022-03-01,209,1,Electronics,36,34177.89,11953.81,0.3498,Baseline,Finance Ops,2022,FQ4,2022,3,March
2022-03-01,209,1,Fashion,4,748.34,273.72,0.3658,Baseline,Regional Director,2022,FQ4,2022,3,March
2022-03-01,209,1,Furniture,42,16750.81,5517.57,0.3294,Baseline,Commercial Planning,2022,FQ4,2022,3,March
2022-03-01,209,1,Grocery,32,932.16,330.76,0.3548,Baseline,Commercial Planning,2022,FQ4,2022,3,March
2022-03-01,209,1,Home Appliances,42,13724.2,6413.91,0.4673,Baseline,Finance Ops,2022,FQ4,2022,3,March
2022-03-01,209,1,Office Supplies,6,257.5,57.64,0.2238,Baseline,Regional Director,2022,FQ4,2022,3,March
2022-03-01,209,1,Sports,25,4131.57,1955.18,0.4732,Baseline,Regional Director,2022,FQ4,2022,3,March
2022-03-01,210,1,Beauty,8,334.77,147.75,0.4413,Baseline,Finance Ops,2022,FQ4,2022,3,March
2022-03-01,210,1,Electronics,17,25911.64,10443.45,0.403,Baseline,Finance Ops,2022,FQ4,2022,3,March
2022-03-01,210,1,Fashion,15,2161.47,847.84,0.3923,Baseline,Commercial Planning,2022,FQ4,2022,3,March
2022-03-01,210,1,Furniture,29,12482.89,5138.02,0.4116,Baseline,Commercial Planning,2022,FQ4,2022,3,March
2022-03-01,210,1,Grocery,17,291.69,96.16,0.3297,Baseline,Finance Ops,2022,FQ4,2022,3,March
2022-03-01,210,1,Home Appliances,14,6926.29,2644.84,0.3819,Baseline,Regional Director,2022,FQ4,2022,3,March
2022-03-01,210,1,Office Supplies,17,754.36,330.54,0.4382,Baseline,Finance Ops,2022,FQ4,2022,3,March
2022-03-01,210,1,Sports,31,4226.58,1851.73,0.4381,Baseline,Finance Ops,2022,FQ4,2022,3,March
2022-03-01,211,1,Beauty,10,541.39,172.61,0.3188,Baseline,Commercial Planning,2022,FQ4,2022,3,March
2022-03-01,211,1,Electronics,31,27935.43,11239.69,0.4023,Baseline,Commercial Planning,2022,FQ4,2022,3,March
2022-03-01,211,1,Fashion,24,2565.67,902.13,0.3516,Baseline,Commercial Planning,2022,FQ4,2022,3,March
2022-03-01,211,1,Furniture,12,6369.62,2624.13,0.412,Baseline,Finance Ops,2022,FQ4,2022,3,March
2022-03-01,211,1,Grocery,17,333.53,110.29,0.3307,Baseline,Regional Director,2022,FQ4,2022,3,March
2022-03-01,211,1,Home Appliances,27,11454.3,5794.11,0.5058,Baseline,Finance Ops,2022,FQ4,2022,3,March
2022-03-01,211,1,Office Supplies,19,853.88,370.31,0.4337,Baseline,Finance Ops,2022,FQ4,2022,3,March
2022-03-01,211,1,Sports,17,2332.25,891.54,0.3823,Baseline,Finance Ops,2022,FQ4,2022,3,March
2022-03-01,212,1,Beauty,24,1057.09,409.68,0.3876,Baseline,Finance Ops,2022,FQ4,2022,3,March
2022-03-01,212,1,Electronics,11,9639.4,3990.12,0.4139,Baseline,Finance Ops,2022,FQ4,2022,3,March
2022-03-01,212,1,Fashion,28,2491.63,860.78,0.3455,Baseline,Finance Ops,2022,FQ4,2022,3,March
2022-03-01,212,1,Furniture,24,15028.29,5259.06,0.3499,Baseline,Finance Ops,2022,FQ4,2022,3,March
2022-03-01,212,1,Grocery,13,366.56,128.2,0.3497,Baseline,Commercial Planning,2022,FQ4,2022,3,March
2022-03-01,212,1,Home Appliances,14,5188.27,2295.62,0.4425,Baseline,Regional Director,2022,FQ4,2022,3,March
2022-03-01,212,1,Office Supplies,17,996.54,418.8,0.4203,Baseline,Finance Ops,2022,FQ4,2022,3,March
2022-03-01,212,1,Sports,17,4048.36,1327.93,0.328,Baseline,Finance Ops,2022,FQ4,2022,3,March
2022-03-01,213,1,Beauty,14,749.74,268.82,0.3586,Baseline,Finance Ops,2022,FQ4,2022,3,March
2022-03-01,213,1,Electronics,22,17840.42,6261.37,0.351,Baseline,Commercial Planning,2022,FQ4,2022,3,March
2022-03-01,213,1,Fashion,10,981.16,430.42,0.4387,Baseline,Finance Ops,2022,FQ4,2022,3,March
2022-03-01,213,1,Furniture,7,5123.26,2367.16,0.462,Baseline,Finance Ops,2022,FQ4,2022,3,March
2022-03-01,213,1,Grocery,46,905.72,345.65,0.3816,Baseline,Regional Director,2022,FQ4,2022,3,March
2022-03-01,213,1,Home Appliances,28,12126.05,4434.66,0.3657,Baseline,Commercial Planning,2022,FQ4,2022,3,March
2022-03-01,213,1,Office Supplies,18,715.2,311.76,0.4359,Baseline,Regional Director,2022,FQ4,2022,3,March
2022-03-01,213,1,Sports,17,3610.75,1614.68,0.4472,Baseline,Finance Ops,2022,FQ4,2022,3,March
2022-03-01,214,1,Beauty,18,829.25,307.34,0.3706,Baseline,Finance Ops,2022,FQ4,2022,3,March
2022-03-01,214,1,Electronics,15,10335.03,3625.52,0.3508,Baseline,Regional Director,2022,FQ4,2022,3,March
2022-03-01,214,1,Fashion,20,2164.62,972.77,0.4494,Baseline,Finance Ops,2022,FQ4,2022,3,March
2022-03-01,214,1,Furniture,16,13138.44,5344.11,0.4068,Baseline,Commercial Planning,2022,FQ4,2022,3,March
2022-03-01,214,1,Grocery,5,110.6,50.73,0.4587,Baseline,Commercial Planning,2022,FQ4,2022,3,March
2022-03-01,214,1,Home Appliances,27,11396.04,4368.89,0.3834,Baseline,Commercial Planning,2022,FQ4,2022,3,March
2022-03-01,214,1,Office Supplies,8,232.58,81.35,0.3498,Baseline,Regional Director,2022,FQ4,2022,3,March
2022-03-01,214,1,Sports,9,975.43,298.86,0.3064,Baseline,Finance Ops,2022,FQ4,2022,3,March
2022-03-01,215,2,Beauty,12,484.81,147.24,0.3037,Baseline,Commercial Planning,2022,FQ4,2022,3,March
2022-03-01,215,2,Electronics,49,40862.31,15236.35,0.3729,Baseline,Commercial Planning,2022,FQ4,2022,3,March
2022-03-01,215,2,Fashion,16,1528.57,641.98,0.42,Baseline,Finance Ops,2022,FQ4,2022,3,March
2022-03-01,215,2,Furniture,15,11783.13,2989.58,0.2537,Baseline,Regional Director,2022,FQ4,2022,3,March
2022-03-01,215,2,Grocery,25,743.47,301.26,0.4052,Baseline,Commercial Planning,2022,FQ4,2022,3,March
2022-03-01,215,2,Home Appliances,37,14637.14,5259.74,0.3593,Baseline,Commercial Planning,2022,FQ4,2022,3,March
2022-03-01,215,2,Office Supplies,15,694.94,258.42,0.3719,Baseline,Finance Ops,2022,FQ4,2022,3,March
2022-03-01,215,2,Sports,49,10105.02,3735.82,0.3697,Baseline,Commercial Planning,2022,FQ4,2022,3,March
2022-03-01,216,2,Beauty,21,1178.25,400.36,0.3398,Baseline,Regional Director,2022,FQ4,2022,3,March
2022-03-01,216,2,Electronics,46,55829.54,20624.21,0.3694,Baseline,Commercial Planning,2022,FQ4,2022,3,March
2022-03-01,216,2,Fashion,27,2936.24,1217.04,0.4145,Baseline,Regional Director,2022,FQ4,2022,3,March
2022-03-01,216,2,Furniture,50,28968.76,10379.12,0.3583,Baseline,Finance Ops,2022,FQ4,2022,3,March
2022-03-01,216,2,Grocery,46,1013.62,352.71,0.348,Baseline,Finance Ops,2022,FQ4,2022,3,March
2022-03-01,216,2,Home Appliances,44,17614.62,6901.25,0.3918,Baseline,Commercial Planning,2022,FQ4,2022,3,March
2022-03-01,216,2,Office Supplies,26,1169.3,578.8,0.495,Baseline,Finance Ops,2022,FQ4,2022,3,March
2022-03-01,216,2,Sports,38,6183.05,2543.38,0.4113,Baseline,Commercial Planning,2022,FQ4,2022,3,March
2022-03-01,217,2,Beauty,44,2078.07,688.4,0.3313,Baseline,Finance Ops,2022,FQ4,2022,3,March
2022-03-01,217,2,Electronics,73,78656.19,28870.71,0.367,Baseline,Commercial Planning,2022,FQ4,2022,3,March
2022-03-01,217,2,Fashion,40,4364.53,1805.6,0.4137,Baseline,Finance Ops,2022,FQ4,2022,3,March
2022-03-01,217,2,Furniture,22,17777.9,7102.19,0.3995,Baseline,Commercial Planning,2022,FQ4,2022,3,March
2022-03-01,217,2,Grocery,41,1124.77,418.9,0.3724,Baseline,Commercial Planning,2022,FQ4,2022,3,March
2022-03-01,217,2,Home Appliances,66,29110.53,9774.52,0.3358,Baseline,Finance Ops,2022,FQ4,2022,3,March
2022-03-01,217,2,Office Supplies,35,1816.69,864.95,0.4761,Baseline,Finance Ops,2022,FQ4,2022,3,March
2022-03-01,217,2,Sports,46,6465.26,2767.23,0.428,Baseline,Commercial Planning,2022,FQ4,2022,3,March
2022-03-01,218,3,Beauty,219,8764.14,3436.87,0.3922,Baseline,Commercial Planning,2022,FQ4,2022,3,March
2022-03-01,218,3,Electronics,446,417448.17,166004.26,0.3977,Baseline,Commercial Planning,2022,FQ4,2022,3,March
2022-03-01,218,3,Fashion,177,18273.09,6661.63,0.3646,Baseline,Regional Director,2022,FQ4,2022,3,March
2022-03-01,218,3,Furniture,178,82418.4,22005.49,0.267,Baseline,Commercial Planning,2022,FQ4,2022,3,March
2022-03-01,218,3,Grocery,359,7097.68,2363.4,0.333,Baseline,Commercial Planning,2022,FQ4,2022,3,March
2022-03-01,218,3,Home Appliances,402,177457.27,72558.24,0.4089,Baseline,Regional Director,2022,FQ4,2022,3,March
2022-03-01,218,3,Office Supplies,386,16450.4,6229.88,0.3787,Baseline,Finance Ops,2022,FQ4,2022,3,March
2022-03-01,218,3,Sports,213,33424.33,12246.36,0.3664,Baseline,Finance Ops,2022,FQ4,2022,3,March
2022-03-01,219,3,Beauty,219,10536.12,3641.38,0.3456,Baseline,Finance Ops,2022,FQ4,2022,3,March
2022-03-01,219,3,Electronics,219,179021.87,65750.69,0.3673,Baseline,Regional Director,2022,FQ4,2022,3,March
2022-03-01,219,3,Fashion,236,27811.5,10304.73,0.3705,Baseline,Commercial Planning,2022,FQ4,2022,3,March
2022-03-01,219,3,Furniture,176,83701.71,26082.41,0.3116,Baseline,Commercial Planning,2022,FQ4,2022,3,March
2022-03-01,219,3,Grocery,311,8043.36,2992.67,0.3721,Baseline,Finance Ops,2022,FQ4,2022,3,March
2022-03-01,219,3,Home Appliances,334,156869.41,53764.12,0.3427,Baseline,Finance Ops,2022,FQ4,2022,3,March
2022-03-01,219,3,Office Supplies,316,14177.36,5291.08,0.3732,Baseline,Commercial Planning,2022,FQ4,2022,3,March
2022-03-01,219,3,Sports,253,51616.73,18854.22,0.3653,Baseline,Finance Ops,2022,FQ4,2022,3,March
2022-03-01,220,4,Beauty,104,5381.5,1936.31,0.3598,Baseline,Regional Director,2022,FQ4,2022,3,March
2022-03-01,220,4,Electronics,42,36500.88,14358.45,0.3934,Baseline,Regional Director,2022,FQ4,2022,3,March
2022-03-01,220,4,Fashion,49,4928.04,2048.27,0.4156,Baseline,Finance Ops,2022,FQ4,2022,3,March
2022-03-01,220,4,Furniture,78,41270.42,16214.7,0.3929,Baseline,Finance Ops,2022,FQ4,2022,3,March
2022-03-01,220,4,Grocery,27,628.64,234.22,0.3726,Baseline,Finance Ops,2022,FQ4,2022,3,March
2022-03-01,220,4,Home Appliances,88,36558.3,14233.25,0.3893,Baseline,Finance Ops,2022,FQ4,2022,3,March
2022-03-01,220,4,Office Supplies,72,3169.02,1245.28,0.393,Baseline,Finance Ops,2022,FQ4,2022,3,March
2022-03-01,220,4,Sports,60,10872.12,4692.97,0.4317,Baseline,Finance Ops,2022,FQ4,2022,3,March
2022-04-01,201,1,Beauty,22,1068.22,398.38,0.3729,Baseline,Commercial Planning,2023,FQ1,2022,4,April
2022-04-01,201,1,Electronics,30,27063.37,11755.52,0.4344,Baseline,Commercial Planning,2023,FQ1,2022,4,April
2022-04-01,201,1,Fashion,16,1746.97,698.02,0.3996,Baseline,Finance Ops,2023,FQ1,2022,4,April
2022-04-01,201,1,Furniture,6,3877.21,1722.28,0.4442,Baseline,Commercial Planning,2023,FQ1,2022,4,April
2022-04-01,201,1,Grocery,23,488.74,191.05,0.3909,Baseline,Finance Ops,2023,FQ1,2022,4,April
2022-04-01,201,1,Home Appliances,11,5038.85,1955.1,0.388,Baseline,Finance Ops,2023,FQ1,2022,4,April
2022-04-01,201,1,Office Supplies,4,214.26,100.33,0.4683,Baseline,Commercial Planning,2023,FQ1,2022,4,April
2022-04-01,201,1,Sports,13,1862.12,726.5,0.3901,Baseline,Commercial Planning,2023,FQ1,2022,4,April
2022-04-01,202,1,Beauty,16,725.42,213.4,0.2942,Baseline,Commercial Planning,2023,FQ1,2022,4,April
2022-04-01,202,1,Electronics,26,27152.42,10840.08,0.3992,Baseline,Regional Director,2023,FQ1,2022,4,April
2022-04-01,202,1,Fashion,37,4651.11,1915.39,0.4118,Baseline,Finance Ops,2023,FQ1,2022,4,April
2022-04-01,202,1,Furniture,16,11125.94,4052.12,0.3642,Baseline,Commercial Planning,2023,FQ1,2022,4,April
2022-04-01,202,1,Grocery,17,416.62,151.28,0.3631,Baseline,Finance Ops,2023,FQ1,2022,4,April
2022-04-01,202,1,Home Appliances,25,13117.92,5430.57,0.414,Baseline,Finance Ops,2023,FQ1,2022,4,April
2022-04-01,202,1,Office Supplies,6,279.18,122.16,0.4376,Baseline,Finance Ops,2023,FQ1,2022,4,April
2022-04-01,202,1,Sports,23,3860.22,1622.26,0.4203,Baseline,Finance Ops,2023,FQ1,2022,4,April
2022-04-01,203,1,Beauty,50,2674.49,962.76,0.36,Baseline,Finance Ops,2023,FQ1,2022,4,April
2022-04-01,203,1,Electronics,44,32253.82,11288.69,0.35,Baseline,Regional Director,2023,FQ1,2022,4,April
2022-04-01,203,1,Fashion,13,1033.56,377.51,0.3653,Baseline,Finance Ops,2023,FQ1,2022,4,April
2022-04-01,203,1,Furniture,47,41416.51,16677.0,0.4027,Baseline,Regional Director,2023,FQ1,2022,4,April
2022-04-01,203,1,Grocery,2,55.1,20.83,0.378,Baseline,Commercial Planning,2023,FQ1,2022,4,April
2022-04-01,203,1,Home Appliances,28,16986.33,8048.28,0.4738,Baseline,Finance Ops,2023,FQ1,2022,4,April
2022-04-01,203,1,Office Supplies,25,1128.66,442.39,0.392,Baseline,Commercial Planning,2023,FQ1,2022,4,April
2022-04-01,203,1,Sports,3,904.24,256.8,0.284,Baseline,Regional Director,2023,FQ1,2022,4,April
2022-04-01,204,1,Beauty,12,694.9,213.58,0.3074,Baseline,Finance Ops,2023,FQ1,2022,4,April
2022-04-01,204,1,Electronics,56,50397.8,14913.86,0.2959,Baseline,Finance Ops,2023,FQ1,2022,4,April
2022-04-01,204,1,Fashion,14,1026.98,389.24,0.379,Baseline,Finance Ops,2023,FQ1,2022,4,April
2022-04-01,204,1,Furniture,16,5225.28,1764.5,0.3377,Baseline,Finance Ops,2023,FQ1,2022,4,April
2022-04-01,204,1,Grocery,18,334.16,122.26,0.3659,Baseline,Finance Ops,2023,FQ1,2022,4,April
2022-04-01,204,1,Home Appliances,13,5986.64,2223.55,0.3714,Baseline,Commercial Planning,2023,FQ1,2022,4,April
2022-04-01,204,1,Office Supplies,17,797.75,370.01,0.4638,Baseline,Regional Director,2023,FQ1,2022,4,April
2022-04-01,204,1,Sports,9,734.24,308.24,0.4198,Baseline,Commercial Planning,2023,FQ1,2022,4,April
2022-04-01,205,1,Beauty,27,1062.83,388.5,0.3655,Baseline,Commercial Planning,2023,FQ1,2022,4,April
2022-04-01,205,1,Electronics,30,31985.43,12609.19,0.3942,Baseline,Commercial Planning,2023,FQ1,2022,4,April
2022-04-01,205,1,Fashion,2,145.71,50.95,0.3497,Baseline,Commercial Planning,2023,FQ1,2022,4,April
2022-04-01,205,1,Furniture,15,9612.17,3005.86,0.3127,Baseline,Commercial Planning,2023,FQ1,2022,4,April
2022-04-01,205,1,Grocery,1,5.37,2.77,0.5158,Baseline,Finance Ops,2023,FQ1,2022,4,April
2022-04-01,205,1,Home Appliances,25,8967.13,3290.03,0.3669,Baseline,Finance Ops,2023,FQ1,2022,4,April
2022-04-01,205,1,Office Supplies,2,113.39,62.05,0.5472,Baseline,Finance Ops,2023,FQ1,2022,4,April
2022-04-01,205,1,Sports,6,1127.38,377.17,0.3346,Baseline,Regional Director,2023,FQ1,2022,4,April
2022-04-01,206,1,Beauty,7,499.7,146.98,0.2941,Baseline,Regional Director,2023,FQ1,2022,4,April
2022-04-01,206,1,Electronics,13,14755.92,6681.26,0.4528,Baseline,Regional Director,2023,FQ1,2022,4,April
2022-04-01,206,1,Fashion,21,2881.0,1253.87,0.4352,Baseline,Commercial Planning,2023,FQ1,2022,4,April
2022-04-01,206,1,Furniture,51,44346.84,14475.54,0.3264,Baseline,Commercial Planning,2023,FQ1,2022,4,April
2022-04-01,206,1,Grocery,6,72.01,26.46,0.3674,Baseline,Commercial Planning,2023,FQ1,2022,4,April
2022-04-01,206,1,Home Appliances,14,6680.06,2847.0,0.4262,Baseline,Finance Ops,2023,FQ1,2022,4,April
2022-04-01,206,1,Office Supplies,5,310.25,154.4,0.4977,Baseline,Finance Ops,2023,FQ1,2022,4,April
2022-04-01,206,1,Sports,34,4475.46,1559.89,0.3485,Baseline,Finance Ops,2023,FQ1,2022,4,April
2022-04-01,207,1,Beauty,16,967.75,442.88,0.4576,Baseline,Commercial Planning,2023,FQ1,2022,4,April
2022-04-01,207,1,Electronics,21,15004.45,6551.57,0.4366,Baseline,Finance Ops,2023,FQ1,2022,4,April
2022-04-01,207,1,Fashion,15,1408.52,597.2,0.424,Baseline,Regional Director,2023,FQ1,2022,4,April
2022-04-01,207,1,Furniture,12,8547.18,3412.66,0.3993,Baseline,Finance Ops,2023,FQ1,2022,4,April
2022-04-01,207,1,Grocery,10,193.59,73.51,0.3797,Baseline,Commercial Planning,2023,FQ1,2022,4,April
2022-04-01,207,1,Home Appliances,24,15886.95,6246.89,0.3932,Baseline,Commercial Planning,2023,FQ1,2022,4,April
2022-04-01,207,1,Office Supplies,5,346.11,155.72,0.4499,Baseline,Finance Ops,2023,FQ1,2022,4,April
2022-04-01,207,1,Sports,12,1745.7,760.93,0.4359,Baseline,Commercial Planning,2023,FQ1,2022,4,April
2022-04-01,208,1,Beauty,9,539.06,183.18,0.3398,Baseline,Finance Ops,2023,FQ1,2022,4,April
2022-04-01,208,1,Electronics,21,16638.5,4915.71,0.2954,Baseline,Finance Ops,2023,FQ1,2022,4,April
2022-04-01,208,1,Fashion,23,2799.96,1130.15,0.4036,Baseline,Commercial Planning,2023,FQ1,2022,4,April
2022-04-01,208,1,Furniture,16,13661.0,5320.17,0.3894,Baseline,Regional Director,2023,FQ1,2022,4,April
2022-04-01,208,1,Grocery,33,573.46,204.41,0.3565,Baseline,Finance Ops,2023,FQ1,2022,4,April
2022-04-01,208,1,Home Appliances,34,18444.03,7592.96,0.4117,Baseline,Regional Director,2023,FQ1,2022,4,April
2022-04-01,208,1,Office Supplies,26,1253.02,441.74,0.3525,Baseline,Commercial Planning,2023,FQ1,2022,4,April
2022-04-01,208,1,Sports,24,4151.18,1914.91,0.4613,Baseline,Commercial Planning,2023,FQ1,2022,4,April
2022-04-01,209,1,Beauty,5,300.41,115.14,0.3833,Baseline,Commercial Planning,2023,FQ1,2022,4,April
2022-04-01,209,1,Electronics,24,18906.71,7630.29,0.4036,Baseline,Regional Director,2023,FQ1,2022,4,April
2022-04-01,209,1,Fashion,7,799.41,350.69,0.4387,Baseline,Commercial Planning,2023,FQ1,2022,4,April
2022-04-01,209,1,Furniture,13,8561.44,3376.48,0.3944,Baseline,Commercial Planning,2023,FQ1,2022,4,April
2022-04-01,209,1,Grocery,33,817.88,284.73,0.3481,Baseline,Commercial Planning,2023,FQ1,2022,4,April
2022-04-01,209,1,Home Appliances,34,18332.06,5793.24,0.316,Baseline,Regional Director,2023,FQ1,2022,4,April
2022-04-01,209,1,Office Supplies,24,1286.97,554.57,0.4309,Baseline,Commercial Planning,2023,FQ1,2022,4,April
2022-04-01,209,1,Sports,3,1059.84,427.44,0.4033,Baseline,Finance Ops,2023,FQ1,2022,4,April
2022-04-01,210,1,Beauty,11,624.28,113.14,0.1812,Baseline,Finance Ops,2023,FQ1,2022,4,April
2022-04-01,210,1,Electronics,12,5211.56,2544.47,0.4882,Baseline,Finance Ops,2023,FQ1,2022,4,April
2022-04-01,210,1,Fashion,7,488.21,192.89,0.3951,Baseline,Finance Ops,2023,FQ1,2022,4,April
2022-04-01,210,1,Furniture,15,7975.38,3206.28,0.402,Baseline,Finance Ops,2023,FQ1,2022,4,April
2022-04-01,210,1,Grocery,15,352.95,142.57,0.4039,Baseline,Regional Director,2023,FQ1,2022,4,April
2022-04-01,210,1,Home Appliances,30,19494.38,7183.02,0.3685,Baseline,Commercial Planning,2023,FQ1,2022,4,April
2022-04-01,210,1,Office Supplies,33,1197.93,484.83,0.4047,Baseline,Finance Ops,2023,FQ1,2022,4,April
2022-04-01,210,1,Sports,10,1319.83,493.6,0.374,Baseline,Regional Director,2023,FQ1,2022,4,April
2022-04-01,211,1,Beauty,19,1199.44,453.25,0.3779,Baseline,Regional Director,2023,FQ1,2022,4,April
2022-04-01,211,1,Electronics,38,38192.05,16401.6,0.4295,Baseline,Regional Director,2023,FQ1,2022,4,April
2022-04-01,211,1,Fashion,11,1279.12,489.18,0.3824,Baseline,Finance Ops,2023,FQ1,2022,4,April
2022-04-01,211,1,Furniture,7,5866.7,2294.88,0.3912,Baseline,Finance Ops,2023,FQ1,2022,4,April
2022-04-01,211,1,Grocery,23,509.92,170.86,0.3351,Baseline,Finance Ops,2023,FQ1,2022,4,April
2022-04-01,211,1,Home Appliances,23,17171.29,7347.57,0.4279,Baseline,Commercial Planning,2023,FQ1,2022,4,April
2022-04-01,211,1,Office Supplies,19,1098.09,486.33,0.4429,Baseline,Finance Ops,2023,FQ1,2022,4,April
2022-04-01,211,1,Sports,16,3447.19,1672.57,0.4852,Baseline,Regional Director,2023,FQ1,2022,4,April
2022-04-01,212,1,Beauty,24,1274.2,444.57,0.3489,Baseline,Commercial Planning,2023,FQ1,2022,4,April
2022-04-01,212,1,Electronics,52,42738.08,15902.58,0.3721,Baseline,Finance Ops,2023,FQ1,2022,4,April
2022-04-01,212,1,Fashion,36,2678.99,1120.2,0.4181,Baseline,Commercial Planning,2023,FQ1,2022,4,April
2022-04-01,212,1,Furniture,29,17411.71,7016.98,0.403,Baseline,Finance Ops,2023,FQ1,2022,4,April
2022-04-01,212,1,Grocery,27,556.81,215.19,0.3865,Baseline,Finance Ops,2023,FQ1,2022,4,April
2022-04-01,212,1,Home Appliances,17,4228.61,1625.21,0.3843,Baseline,Commercial Planning,2023,FQ1,2022,4,April
2022-04-01,212,1,Office Supplies,28,1089.71,422.25,0.3875,Baseline,Finance Ops,2023,FQ1,2022,4,April
2022-04-01,212,1,Sports,24,5437.84,2517.76,0.463,Baseline,Commercial Planning,2023,FQ1,2022,4,April
2022-04-01,213,1,Beauty,22,972.52,289.86,0.2981,Baseline,Finance Ops,2023,FQ1,2022,4,April
2022-04-01,213,1,Electronics,10,5918.22,2925.53,0.4943,Baseline,Commercial Planning,2023,FQ1,2022,4,April
2022-04-01,213,1,Fashion,10,807.39,139.56,0.1729,Baseline,Commercial Planning,2023,FQ1,2022,4,April
2022-04-01,213,1,Furniture,17,10023.55,3911.15,0.3902,Baseline,Finance Ops,2023,FQ1,2022,4,April
2022-04-01,213,1,Grocery,23,572.89,213.56,0.3728,Baseline,Finance Ops,2023,FQ1,2022,4,April
2022-04-01,213,1,Home Appliances,34,16689.67,7314.17,0.4382,Baseline,Finance Ops,2023,FQ1,2022,4,April
2022-04-01,213,1,Office Supplies,11,319.68,99.54,0.3114,Baseline,Commercial Planning,2023,FQ1,2022,4,April
2022-04-01,213,1,Sports,3,426.35,253.93,0.5956,Baseline,Finance Ops,2023,FQ1,2022,4,April
2022-04-01,214,1,Beauty,13,847.84,315.53,0.3722,Baseline,Finance Ops,2023,FQ1,2022,4,April
2022-04-01,214,1,Electronics,12,8966.16,4064.63,0.4533,Baseline,Regional Director,2023,FQ1,2022,4,April
2022-04-01,214,1,Fashion,12,864.44,366.09,0.4235,Baseline,Finance Ops,2023,FQ1,2022,4,April
2022-04-01,214,1,Furniture,26,17566.36,6194.44,0.3526,Baseline,Commercial Planning,2023,FQ1,2022,4,April
2022-04-01,214,1,Grocery,23,402.9,132.45,0.3287,Baseline,Commercial Planning,2023,FQ1,2022,4,April
2022-04-01,214,1,Home Appliances,18,7200.93,2626.0,0.3647,Baseline,Commercial Planning,2023,FQ1,2022,4,April
2022-04-01,214,1,Office Supplies,29,1747.54,824.16,0.4716,Baseline,Commercial Planning,2023,FQ1,2022,4,April
2022-04-01,214,1,Sports,16,2827.34,1341.39,0.4744,Baseline,Finance Ops,2023,FQ1,2022,4,April
2022-04-01,215,2,Beauty,27,1394.18,526.74,0.3778,Baseline,Finance Ops,2023,FQ1,2022,4,April
2022-04-01,215,2,Electronics,22,22791.06,8550.37,0.3752,Baseline,Regional Director,2023,FQ1,2022,4,April
2022-04-01,215,2,Fashion,63,7422.03,2854.72,0.3846,Baseline,Finance Ops,2023,FQ1,2022,4,April
2022-04-01,215,2,Furniture,19,10861.91,2764.18,0.2545,Baseline,Commercial Planning,2023,FQ1,2022,4,April
2022-04-01,215,2,Grocery,49,1055.83,424.41,0.402,Baseline,Finance Ops,2023,FQ1,2022,4,April
2022-04-01,215,2,Home Appliances,58,27711.91,11263.3,0.4064,Baseline,Finance Ops,2023,FQ1,2022,4,April
2022-04-01,215,2,Office Supplies,66,2800.3,1192.07,0.4257,Baseline,Commercial Planning,2023,FQ1,2022,4,April
2022-04-01,215,2,Sports,21,3931.71,990.19,0.2518,Baseline,Commercial Planning,2023,FQ1,2022,4,April
2022-04-01,216,2,Beauty,50,3096.99,1113.73,0.3596,Baseline,Commercial Planning,2023,FQ1,2022,4,April
2022-04-01,216,2,Electronics,43,31182.59,10674.85,0.3423,Baseline,Regional Director,2023,FQ1,2022,4,April
2022-04-01,216,2,Fashion,51,4412.2,1635.29,0.3706,Baseline,Commercial Planning,2023,FQ1,2022,4,April
2022-04-01,216,2,Furniture,46,38832.56,12941.93,0.3333,Baseline,Finance Ops,2023,FQ1,2022,4,April
2022-04-01,216,2,Grocery,59,1428.19,568.91,0.3983,Baseline,Commercial Planning,2023,FQ1,2022,4,April
2022-04-01,216,2,Home Appliances,53,16132.73,6135.76,0.3803,Baseline,Finance Ops,2023,FQ1,2022,4,April
2022-04-01,216,2,Office Supplies,57,3033.09,1352.73,0.446,Baseline,Finance Ops,2023,FQ1,2022,4,April
2022-04-01,216,2,Sports,16,2798.92,1112.37,0.3974,Baseline,Commercial Planning,2023,FQ1,2022,4,April
2022-04-01,217,2,Beauty,23,1503.95,442.24,0.2941,Baseline,Finance Ops,2023,FQ1,2022,4,April
2022-04-01,217,2,Electronics,48,42058.95,17159.13,0.408,Baseline,Regional Director,2023,FQ1,2022,4,April
2022-04-01,217,2,Fashion,24,3574.63,1399.51,0.3915,Baseline,Regional Director,2023,FQ1,2022,4,April
2022-04-01,217,2,Furniture,20,16153.91,5321.37,0.3294,Baseline,Regional Director,2023,FQ1,2022,4,April
2022-04-01,217,2,Grocery,39,959.88,360.38,0.3754,Baseline,Commercial Planning,2023,FQ1,2022,4,April
2022-04-01,217,2,Home Appliances,32,15066.53,6788.45,0.4506,Baseline,Finance Ops,2023,FQ1,2022,4,April
2022-04-01,217,2,Office Supplies,24,1403.59,631.86,0.4502,Baseline,Regional Director,2023,FQ1,2022,4,April
2022-04-01,217,2,Sports,34,5520.29,2378.19,0.4308,Baseline,Commercial Planning,2023,FQ1,2022,4,April
2022-04-01,218,3,Beauty,215,14887.98,4578.88,0.3076,Baseline,Regional Director,2023,FQ1,2022,4,April
2022-04-01,218,3,Electronics,229,161676.09,56404.13,0.3489,Baseline,Regional Director,2023,FQ1,2022,4,April
2022-04-01,218,3,Fashion,193,15412.24,6841.8,0.4439,Baseline,Commercial Planning,2023,FQ1,2022,4,April
2022-04-01,218,3,Furniture,173,144058.25,49943.47,0.3467,Baseline,Commercial Planning,2023,FQ1,2022,4,April
2022-04-01,218,3,Grocery,361,8105.65,3324.57,0.4102,Baseline,Commercial Planning,2023,FQ1,2022,4,April
2022-04-01,218,3,Home Appliances,486,230355.83,98150.55,0.4261,Baseline,Commercial Planning,2023,FQ1,2022,4,April
2022-04-01,218,3,Office Supplies,236,9777.73,3914.79,0.4004,Baseline,Regional Director,2023,FQ1,2022,4,April
2022-04-01,218,3,Sports,124,26943.36,8912.51,0.3308,Baseline,Finance Ops,2023,FQ1,2022,4,April
2022-04-01,219,3,Beauty,191,9511.13,2776.07,0.2919,Baseline,Regional Director,2023,FQ1,2022,4,April
2022-04-01,219,3,Electronics,231,201844.56,67856.03,0.3362,Baseline,Commercial Planning,2023,FQ1,2022,4,April
2022-04-01,219,3,Fashion,335,34161.09,13680.34,0.4005,Baseline,Commercial Planning,2023,FQ1,2022,4,April
2022-04-01,219,3,Furniture,39,27587.02,10354.79,0.3754,Baseline,Finance Ops,2023,FQ1,2022,4,April
2022-04-01,219,3,Grocery,351,9375.23,3707.07,0.3954,Baseline,Regional Director,2023,FQ1,2022,4,April
2022-04-01,219,3,Home Appliances,161,49485.31,19943.82,0.403,Baseline,Commercial Planning,2023,FQ1,2022,4,April
2022-04-01,219,3,Office Supplies,194,8853.21,3062.41,0.3459,Baseline,Commercial Planning,2023,FQ1,2022,4,April
2022-04-01,219,3,Sports,201,30117.9,12312.01,0.4088,Baseline,Regional Director,2023,FQ1,2022,4,April
2022-04-01,220,4,Beauty,35,1492.82,574.05,0.3845,Baseline,Regional Director,2023,FQ1,2022,4,April
2022-04-01,220,4,Electronics,65,69440.38,28736.62,0.4138,Baseline,Commercial Planning,2023,FQ1,2022,4,April
2022-04-01,220,4,Fashion,72,8405.13,3494.6,0.4158,Baseline,Commercial Planning,2023,FQ1,2022,4,April
2022-04-01,220,4,Furniture,47,31762.98,11647.96,0.3667,Baseline,Finance Ops,2023,FQ1,2022,4,April
2022-04-01,220,4,Grocery,51,1177.67,493.03,0.4186,Baseline,Commercial Planning,2023,FQ1,2022,4,April
2022-04-01,220,4,Home Appliances,112,55623.58,21518.5,0.3869,Baseline,Regional Director,2023,FQ1,2022,4,April
2022-04-01,220,4,Office Supplies,74,3199.86,1348.3,0.4214,Baseline,Finance Ops,2023,FQ1,2022,4,April
2022-04-01,220,4,Sports,47,9939.91,4472.98,0.45,Baseline,Finance Ops,2023,FQ1,2022,4,April
2022-05-01,201,1,Beauty,12,389.61,163.41,0.4194,Baseline,Finance Ops,2023,FQ1,2022,5,May
2022-05-01,201,1,Electronics,16,9225.96,3568.47,0.3868,Baseline,Commercial Planning,2023,FQ1,2022,5,May
2022-05-01,201,1,Fashion,13,1445.94,642.41,0.4443,Baseline,Finance Ops,2023,FQ1,2022,5,May
2022-05-01,201,1,Furniture,14,5404.84,2021.79,0.3741,Baseline,Commercial Planning,2023,FQ1,2022,5,May
2022-05-01,201,1,Grocery,20,616.91,227.02,0.368,Baseline,Finance Ops,2023,FQ1,2022,5,May
2022-05-01,201,1,Home Appliances,37,15497.47,6088.21,0.3929,Baseline,Regional Director,2023,FQ1,2022,5,May
2022-05-01,201,1,Office Supplies,27,1101.18,479.54,0.4355,Baseline,Finance Ops,2023,FQ1,2022,5,May
2022-05-01,201,1,Sports,31,5029.47,1737.45,0.3455,Baseline,Commercial Planning,2023,FQ1,2022,5,May
2022-05-01,202,1,Beauty,34,1648.79,686.49,0.4164,Baseline,Commercial Planning,2023,FQ1,2022,5,May
2022-05-01,202,1,Electronics,28,34866.0,13760.88,0.3947,Baseline,Finance Ops,2023,FQ1,2022,5,May
2022-05-01,202,1,Fashion,29,2927.03,1179.22,0.4029,Baseline,Commercial Planning,2023,FQ1,2022,5,May
2022-05-01,202,1,Furniture,6,4266.49,1745.76,0.4092,Baseline,Finance Ops,2023,FQ1,2022,5,May
2022-05-01,202,1,Grocery,14,565.81,237.86,0.4204,Baseline,Regional Director,2023,FQ1,2022,5,May
2022-05-01,202,1,Home Appliances,24,8768.2,4547.51,0.5186,Baseline,Commercial Planning,2023,FQ1,2022,5,May
2022-05-01,202,1,Office Supplies,29,1235.79,529.53,0.4285,Baseline,Finance Ops,2023,FQ1,2022,5,May
2022-05-01,202,1,Sports,16,3354.35,1716.66,0.5118,Baseline,Commercial Planning,2023,FQ1,2022,5,May
2022-05-01,203,1,Beauty,11,560.16,218.77,0.3905,Baseline,Finance Ops,2023,FQ1,2022,5,May
2022-05-01,203,1,Electronics,10,9239.69,3952.11,0.4277,Baseline,Regional Director,2023,FQ1,2022,5,May
2022-05-01,203,1,Fashion,14,1218.38,508.04,0.417,Baseline,Commercial Planning,2023,FQ1,2022,5,May
2022-05-01,203,1,Furniture,6,1673.48,523.86,0.313,Baseline,Regional Director,2023,FQ1,2022,5,May
2022-05-01,203,1,Grocery,12,250.19,95.95,0.3835,Baseline,Finance Ops,2023,FQ1,2022,5,May
2022-05-01,203,1,Home Appliances,34,12702.66,4389.34,0.3455,Baseline,Finance Ops,2023,FQ1,2022,5,May
2022-05-01,203,1,Office Supplies,9,490.98,215.59,0.4391,Baseline,Regional Director,2023,FQ1,2022,5,May
2022-05-01,203,1,Sports,15,2104.28,944.64,0.4489,Baseline,Regional Director,2023,FQ1,2022,5,May
2022-05-01,204,1,Beauty,23,1181.05,445.87,0.3775,Baseline,Regional Director,2023,FQ1,2022,5,May
2022-05-01,204,1,Electronics,18,25449.9,8721.57,0.3427,Baseline,Commercial Planning,2023,FQ1,2022,5,May
2022-05-01,204,1,Fashion,6,513.51,189.73,0.3695,Baseline,Commercial Planning,2023,FQ1,2022,5,May
2022-05-01,204,1,Furniture,4,2995.82,977.44,0.3263,Baseline,Finance Ops,2023,FQ1,2022,5,May
2022-05-01,204,1,Grocery,33,1092.39,475.66,0.4354,Baseline,Finance Ops,2023,FQ1,2022,5,May
2022-05-01,204,1,Home Appliances,14,7152.56,2783.34,0.3891,Baseline,Commercial Planning,2023,FQ1,2022,5,May
2022-05-01,204,1,Office Supplies,9,399.42,152.21,0.3811,Baseline,Finance Ops,2023,FQ1,2022,5,May
2022-05-01,204,1,Sports,10,1454.36,662.85,0.4558,Baseline,Finance Ops,2023,FQ1,2022,5,May
2022-05-01,205,1,Beauty,18,1052.42,387.07,0.3678,Baseline,Finance Ops,2023,FQ1,2022,5,May
2022-05-01,205,1,Electronics,29,27575.17,11910.67,0.4319,Baseline,Commercial Planning,2023,FQ1,2022,5,May
2022-05-01,205,1,Fashion,27,2825.06,1197.01,0.4237,Baseline,Finance Ops,2023,FQ1,2022,5,May
2022-05-01,205,1,Furniture,10,5453.63,2258.76,0.4142,Baseline,Commercial Planning,2023,FQ1,2022,5,May
2022-05-01,205,1,Grocery,16,438.09,181.2,0.4136,Baseline,Finance Ops,2023,FQ1,2022,5,May
2022-05-01,205,1,Home Appliances,39,19755.32,6983.73,0.3535,Baseline,Commercial Planning,2023,FQ1,2022,5,May
2022-05-01,205,1,Office Supplies,13,666.96,257.62,0.3863,Baseline,Finance Ops,2023,FQ1,2022,5,May
2022-05-01,206,1,Beauty,14,924.62,250.81,0.2713,Baseline,Commercial Planning,2023,FQ1,2022,5,May
2022-05-01,206,1,Electronics,42,37813.14,13013.03,0.3441,Baseline,Commercial Planning,2023,FQ1,2022,5,May
2022-05-01,206,1,Fashion,33,3279.48,1341.28,0.409,Baseline,Regional Director,2023,FQ1,2022,5,May
2022-05-01,206,1,Furniture,17,6323.9,2894.68,0.4577,Baseline,Commercial Planning,2023,FQ1,2022,5,May
2022-05-01,206,1,Grocery,3,84.51,32.93,0.3897,Baseline,Finance Ops,2023,FQ1,2022,5,May
2022-05-01,206,1,Home Appliances,7,2535.68,1057.48,0.417,Baseline,Finance Ops,2023,FQ1,2022,5,May
2022-05-01,206,1,Office Supplies,39,2133.21,866.42,0.4062,Baseline,Finance Ops,2023,FQ1,2022,5,May
2022-05-01,206,1,Sports,12,2084.44,932.99,0.4476,Baseline,Regional Director,2023,FQ1,2022,5,May
2022-05-01,207,1,Beauty,22,1180.98,414.28,0.3508,Baseline,Commercial Planning,2023,FQ1,2022,5,May
2022-05-01,207,1,Electronics,23,22008.38,9862.37,0.4481,Baseline,Finance Ops,2023,FQ1,2022,5,May
2022-05-01,207,1,Fashion,2,268.34,81.32,0.303,Baseline,Finance Ops,2023,FQ1,2022,5,May
2022-05-01,207,1,Furniture,56,40647.27,12134.72,0.2985,Baseline,Regional Director,2023,FQ1,2022,5,May
2022-05-01,207,1,Grocery,7,108.61,45.13,0.4155,Baseline,Commercial Planning,2023,FQ1,2022,5,May
2022-05-01,207,1,Home Appliances,27,13988.61,5585.7,0.3993,Baseline,Finance Ops,2023,FQ1,2022,5,May
2022-05-01,207,1,Office Supplies,9,430.3,168.62,0.3919,Baseline,Regional Director,2023,FQ1,2022,5,May
2022-05-01,207,1,Sports,12,1919.5,900.97,0.4694,Baseline,Finance Ops,2023,FQ1,2022,5,May
2022-05-01,208,1,Beauty,10,612.9,216.12,0.3526,Baseline,Finance Ops,2023,FQ1,2022,5,May
2022-05-01,208,1,Electronics,25,17887.94,7482.29,0.4183,Baseline,Finance Ops,2023,FQ1,2022,5,May
2022-05-01,208,1,Fashion,20,2165.52,883.82,0.4081,Baseline,Commercial Planning,2023,FQ1,2022,5,May
2022-05-01,208,1,Furniture,7,3781.39,1324.51,0.3503,Baseline,Regional Director,2023,FQ1,2022,5,May
2022-05-01,208,1,Grocery,21,482.04,209.69,0.435,Baseline,Commercial Planning,2023,FQ1,2022,5,May
2022-05-01,208,1,Home Appliances,36,13846.52,5477.91,0.3956,Baseline,Regional Director,2023,FQ1,2022,5,May
2022-05-01,208,1,Office Supplies,30,1634.65,581.77,0.3559,Baseline,Finance Ops,2023,FQ1,2022,5,May
2022-05-01,208,1,Sports,5,767.46,383.17,0.4993,Baseline,Regional Director,2023,FQ1,2022,5,May
2022-05-01,209,1,Beauty,10,441.69,179.07,0.4054,Baseline,Regional Director,2023,FQ1,2022,5,May
2022-05-01,209,1,Electronics,23,24911.37,10102.23,0.4055,Baseline,Commercial Planning,2023,FQ1,2022,5,May
2022-05-01,209,1,Fashion,14,1876.21,893.22,0.4761,Baseline,Finance Ops,2023,FQ1,2022,5,May
2022-05-01,209,1,Furniture,15,4228.21,1996.29,0.4721,Baseline,Finance Ops,2023,FQ1,2022,5,May
2022-05-01,209,1,Grocery,7,93.03,39.93,0.4292,Baseline,Finance Ops,2023,FQ1,2022,5,May
2022-05-01,209,1,Home Appliances,16,6772.56,2136.96,0.3155,Baseline,Finance Ops,2023,FQ1,2022,5,May
2022-05-01,209,1,Office Supplies,3,268.0,128.6,0.4799,Baseline,Finance Ops,2023,FQ1,2022,5,May
2022-05-01,209,1,Sports,10,1914.78,817.12,0.4267,Baseline,Commercial Planning,2023,FQ1,2022,5,May
2022-05-01,210,1,Beauty,18,914.27,236.94,0.2592,Baseline,Finance Ops,2023,FQ1,2022,5,May
2022-05-01,210,1,Electronics,21,25190.48,9210.75,0.3656,Baseline,Finance Ops,2023,FQ1,2022,5,May
2022-05-01,210,1,Fashion,15,1586.36,734.51,0.463,Baseline,Commercial Planning,2023,FQ1,2022,5,May
2022-05-01,210,1,Furniture,22,18141.91,6669.21,0.3676,Baseline,Finance Ops,2023,FQ1,2022,5,May
2022-05-01,210,1,Grocery,7,175.5,65.59,0.3737,Baseline,Commercial Planning,2023,FQ1,2022,5,May
2022-05-01,210,1,Home Appliances,12,5855.84,2595.36,0.4432,Baseline,Commercial Planning,2023,FQ1,2022,5,May
2022-05-01,210,1,Office Supplies,14,940.19,449.95,0.4786,Baseline,Regional Director,2023,FQ1,2022,5,May
2022-05-01,210,1,Sports,33,8684.99,3541.46,0.4078,Baseline,Commercial Planning,2023,FQ1,2022,5,May
2022-05-01,211,1,Beauty,18,641.84,232.71,0.3626,Baseline,Commercial Planning,2023,FQ1,2022,5,May
2022-05-01,211,1,Electronics,37,33297.77,15507.34,0.4657,Baseline,Regional Director,2023,FQ1,2022,5,May
2022-05-01,211,1,Fashion,20,2484.42,1011.58,0.4072,Baseline,Finance Ops,2023,FQ1,2022,5,May
2022-05-01,211,1,Furniture,18,14817.77,4571.06,0.3085,Baseline,Regional Director,2023,FQ1,2022,5,May
2022-05-01,211,1,Grocery,5,222.17,108.2,0.487,Baseline,Regional Director,2023,FQ1,2022,5,May
2022-05-01,211,1,Home Appliances,27,13321.34,4981.5,0.3739,Baseline,Finance Ops,2023,FQ1,2022,5,May
2022-05-01,211,1,Office Supplies,9,502.09,224.6,0.4473,Baseline,Commercial Planning,2023,FQ1,2022,5,May
2022-05-01,211,1,Sports,25,5615.64,1687.29,0.3005,Baseline,Finance Ops,2023,FQ1,2022,5,May
2022-05-01,212,1,Beauty,10,801.07,235.08,0.2935,Baseline,Finance Ops,2023,FQ1,2022,5,May
2022-05-01,212,1,Electronics,42,45380.72,18770.14,0.4136,Baseline,Finance Ops,2023,FQ1,2022,5,May
2022-05-01,212,1,Fashion,25,2108.23,967.45,0.4589,Baseline,Commercial Planning,2023,FQ1,2022,5,May
2022-05-01,212,1,Furniture,26,22381.78,7262.76,0.3245,Baseline,Finance Ops,2023,FQ1,2022,5,May
2022-05-01,212,1,Grocery,27,597.73,210.55,0.3522,Baseline,Finance Ops,2023,FQ1,2022,5,May
2022-05-01,212,1,Home Appliances,39,13862.71,5868.63,0.4233,Baseline,Finance Ops,2023,FQ1,2022,5,May
2022-05-01,212,1,Office Supplies,12,534.1,225.74,0.4227,Baseline,Regional Director,2023,FQ1,2022,5,May
2022-05-01,212,1,Sports,18,3329.46,1396.9,0.4196,Baseline,Finance Ops,2023,FQ1,2022,5,May
2022-05-01,213,1,Beauty,37,2058.27,819.01,0.3979,Baseline,Regional Director,2023,FQ1,2022,5,May
2022-05-01,213,1,Electronics,25,26679.68,10511.64,0.394,Baseline,Commercial Planning,2023,FQ1,2022,5,May
2022-05-01,213,1,Fashion,16,1541.46,591.72,0.3839,Baseline,Commercial Planning,2023,FQ1,2022,5,May
2022-05-01,213,1,Furniture,11,9882.07,3378.68,0.3419,Baseline,Regional Director,2023,FQ1,2022,5,May
2022-05-01,213,1,Grocery,13,475.22,190.44,0.4007,Baseline,Finance Ops,2023,FQ1,2022,5,May
2022-05-01,213,1,Home Appliances,13,8986.3,3076.72,0.3424,Baseline,Finance Ops,2023,FQ1,2022,5,May
2022-05-01,213,1,Office Supplies,27,1445.15,588.28,0.4071,Baseline,Finance Ops,2023,FQ1,2022,5,May
2022-05-01,213,1,Sports,24,3117.6,1502.77,0.482,Baseline,Finance Ops,2023,FQ1,2022,5,May
2022-05-01,214,1,Beauty,40,2445.46,912.52,0.3731,Baseline,Commercial Planning,2023,FQ1,2022,5,May
2022-05-01,214,1,Electronics,16,15185.98,6409.68,0.4221,Baseline,Regional Director,2023,FQ1,2022,5,May
2022-05-01,214,1,Fashion,8,546.31,188.99,0.3459,Baseline,Regional Director,2023,FQ1,2022,5,May
2022-05-01,214,1,Furniture,13,8377.79,2769.9,0.3306,Baseline,Finance Ops,2023,FQ1,2022,5,May
2022-05-01,214,1,Grocery,35,1106.85,483.03,0.4364,Baseline,Commercial Planning,2023,FQ1,2022,5,May
2022-05-01,214,1,Home Appliances,23,12168.07,4942.8,0.4062,Baseline,Finance Ops,2023,FQ1,2022,5,May
2022-05-01,214,1,Office Supplies,8,334.77,150.76,0.4503,Baseline,Commercial Planning,2023,FQ1,2022,5,May
2022-05-01,214,1,Sports,27,5028.59,1859.39,0.3698,Baseline,Finance Ops,2023,FQ1,2022,5,May
2022-05-01,215,2,Beauty,52,2831.28,929.13,0.3282,Baseline,Finance Ops,2023,FQ1,2022,5,May
2022-05-01,215,2,Electronics,50,42524.83,19495.92,0.4585,Baseline,Finance Ops,2023,FQ1,2022,5,May
2022-05-01,215,2,Fashion,71,6878.61,2851.77,0.4146,Baseline,Finance Ops,2023,FQ1,2022,5,May
2022-05-01,215,2,Furniture,45,22429.23,8627.49,0.3847,Baseline,Finance Ops,2023,FQ1,2022,5,May
2022-05-01,215,2,Grocery,37,1018.81,336.19,0.33,Baseline,Finance Ops,2023,FQ1,2022,5,May
2022-05-01,215,2,Home Appliances,25,8446.12,3026.4,0.3583,Baseline,Regional Director,2023,FQ1,2022,5,May
2022-05-01,215,2,Office Supplies,33,1867.71,799.9,0.4283,Baseline,Finance Ops,2023,FQ1,2022,5,May
2022-05-01,215,2,Sports,51,10305.8,3945.34,0.3828,Baseline,Regional Director,2023,FQ1,2022,5,May
2022-05-01,216,2,Beauty,37,2065.99,707.82,0.3426,Baseline,Commercial Planning,2023,FQ1,2022,5,May
2022-05-01,216,2,Electronics,66,75510.52,33513.22,0.4438,Baseline,Finance Ops,2023,FQ1,2022,5,May
2022-05-01,216,2,Fashion,45,4712.5,1960.81,0.4161,Baseline,Regional Director,2023,FQ1,2022,5,May
2022-05-01,216,2,Furniture,41,26204.2,10536.91,0.4021,Baseline,Regional Director,2023,FQ1,2022,5,May
2022-05-01,216,2,Grocery,30,899.16,350.49,0.3898,Baseline,Finance Ops,2023,FQ1,2022,5,May
2022-05-01,216,2,Home Appliances,42,15670.19,6384.1,0.4074,Baseline,Finance Ops,2023,FQ1,2022,5,May
2022-05-01,216,2,Office Supplies,36,1658.53,716.57,0.4321,Baseline,Regional Director,2023,FQ1,2022,5,May
2022-05-01,216,2,Sports,17,3509.6,1432.04,0.408,Baseline,Commercial Planning,2023,FQ1,2022,5,May
2022-05-01,217,2,Beauty,49,2594.23,986.36,0.3802,Baseline,Finance Ops,2023,FQ1,2022,5,May
2022-05-01,217,2,Electronics,34,30903.47,12603.81,0.4078,Baseline,Finance Ops,2023,FQ1,2022,5,May
2022-05-01,217,2,Fashion,29,3307.23,1374.72,0.4157,Baseline,Finance Ops,2023,FQ1,2022,5,May
2022-05-01,217,2,Furniture,39,25702.16,9959.16,0.3875,Baseline,Finance Ops,2023,FQ1,2022,5,May
2022-05-01,217,2,Grocery,19,511.74,198.08,0.3871,Baseline,Commercial Planning,2023,FQ1,2022,5,May
2022-05-01,217,2,Home Appliances,27,15562.96,7746.42,0.4977,Baseline,Commercial Planning,2023,FQ1,2022,5,May
2022-05-01,217,2,Office Supplies,27,1093.52,447.39,0.4091,Baseline,Finance Ops,2023,FQ1,2022,5,May
2022-05-01,217,2,Sports,24,5196.11,1890.28,0.3638,Baseline,Commercial Planning,2023,FQ1,2022,5,May
2022-05-01,218,3,Beauty,232,12753.26,5256.0,0.4121,Baseline,Commercial Planning,2023,FQ1,2022,5,May
2022-05-01,218,3,Electronics,282,274171.6,94075.62,0.3431,Baseline,Commercial Planning,2023,FQ1,2022,5,May
2022-05-01,218,3,Fashion,272,30926.5,12414.24,0.4014,Baseline,Regional Director,2023,FQ1,2022,5,May
2022-05-01,218,3,Furniture,227,138487.87,60130.76,0.4342,Baseline,Finance Ops,2023,FQ1,2022,5,May
2022-05-01,218,3,Grocery,236,5209.49,2019.8,0.3877,Baseline,Finance Ops,2023,FQ1,2022,5,May
2022-05-01,218,3,Home Appliances,615,302556.39,125087.83,0.4134,Baseline,Finance Ops,2023,FQ1,2022,5,May
2022-05-01,218,3,Office Supplies,320,14764.03,6484.22,0.4392,Baseline,Finance Ops,2023,FQ1,2022,5,May
2022-05-01,218,3,Sports,144,23572.76,10070.01,0.4272,Baseline,Finance Ops,2023,FQ1,2022,5,May
2022-05-01,219,3,Beauty,279,14140.8,4888.68,0.3457,Baseline,Finance Ops,2023,FQ1,2022,5,May
2022-05-01,219,3,Electronics,524,612175.57,204884.77,0.3347,Baseline,Regional Director,2023,FQ1,2022,5,May
2022-05-01,219,3,Fashion,401,32179.87,11972.16,0.372,Baseline,Commercial Planning,2023,FQ1,2022,5,May
2022-05-01,219,3,Furniture,205,122742.49,40938.64,0.3335,Baseline,Finance Ops,2023,FQ1,2022,5,May
2022-05-01,219,3,Grocery,236,6536.83,2417.96,0.3699,Baseline,Commercial Planning,2023,FQ1,2022,5,May
2022-05-01,219,3,Home Appliances,473,175234.59,61356.81,0.3501,Baseline,Commercial Planning,2023,FQ1,2022,5,May
2022-05-01,219,3,Office Supplies,264,12595.43,5217.32,0.4142,Baseline,Regional Director,2023,FQ1,2022,5,May
2022-05-01,219,3,Sports,198,28412.72,10485.8,0.3691,Baseline,Finance Ops,2023,FQ1,2022,5,May
2022-05-01,220,4,Beauty,68,3919.73,1424.65,0.3635,Baseline,Finance Ops,2023,FQ1,2022,5,May
2022-05-01,220,4,Electronics,72,62220.05,27186.15,0.4369,Baseline,Finance Ops,2023,FQ1,2022,5,May
2022-05-01,220,4,Fashion,53,6047.11,2447.32,0.4047,Baseline,Finance Ops,2023,FQ1,2022,5,May
2022-05-01,220,4,Furniture,37,23249.55,9287.47,0.3995,Baseline,Finance Ops,2023,FQ1,2022,5,May
2022-05-01,220,4,Grocery,56,1521.86,630.93,0.4146,Baseline,Commercial Planning,2023,FQ1,2022,5,May
2022-05-01,220,4,Home Appliances,72,36904.1,14359.49,0.3891,Baseline,Commercial Planning,2023,FQ1,2022,5,May
2022-05-01,220,4,Office Supplies,41,2164.39,905.15,0.4182,Baseline,Finance Ops,2023,FQ1,2022,5,May
2022-05-01,220,4,Sports,46,9817.54,3941.57,0.4015,Baseline,Finance Ops,2023,FQ1,2022,5,May
2022-06-01,201,1,Beauty,21,1065.35,417.64,0.392,Baseline,Commercial Planning,2023,FQ1,2022,6,June
2022-06-01,201,1,Electronics,23,27923.22,9019.37,0.323,Baseline,Finance Ops,2023,FQ1,2022,6,June
2022-06-01,201,1,Fashion,13,1171.76,481.33,0.4108,Baseline,Finance Ops,2023,FQ1,2022,6,June
2022-06-01,201,1,Furniture,5,3333.34,1294.72,0.3884,Baseline,Commercial Planning,2023,FQ1,2022,6,June
2022-06-01,201,1,Grocery,14,352.3,147.19,0.4178,Baseline,Commercial Planning,2023,FQ1,2022,6,June
2022-06-01,201,1,Home Appliances,15,9988.07,3019.9,0.3024,Baseline,Commercial Planning,2023,FQ1,2022,6,June
2022-06-01,201,1,Office Supplies,9,395.75,190.74,0.482,Baseline,Commercial Planning,2023,FQ1,2022,6,June
2022-06-01,201,1,Sports,21,3943.42,1864.7,0.4729,Baseline,Regional Director,2023,FQ1,2022,6,June
2022-06-01,202,1,Beauty,8,396.79,144.31,0.3637,Baseline,Commercial Planning,2023,FQ1,2022,6,June
2022-06-01,202,1,Electronics,16,13853.05,3715.85,0.2682,Baseline,Commercial Planning,2023,FQ1,2022,6,June
2022-06-01,202,1,Fashion,5,636.08,266.7,0.4193,Baseline,Commercial Planning,2023,FQ1,2022,6,June
2022-06-01,202,1,Furniture,13,9449.92,3990.37,0.4223,Baseline,Commercial Planning,2023,FQ1,2022,6,June
2022-06-01,202,1,Grocery,38,832.84,308.69,0.3706,Baseline,Regional Director,2023,FQ1,2022,6,June
2022-06-01,202,1,Home Appliances,33,14967.66,5889.3,0.3935,Baseline,Commercial Planning,2023,FQ1,2022,6,June
2022-06-01,202,1,Office Supplies,20,1063.75,430.42,0.4046,Baseline,Finance Ops,2023,FQ1,2022,6,June
2022-06-01,202,1,Sports,9,1721.24,457.08,0.2656,Baseline,Commercial Planning,2023,FQ1,2022,6,June
2022-06-01,203,1,Beauty,7,312.97,95.09,0.3038,Baseline,Regional Director,2023,FQ1,2022,6,June
2022-06-01,203,1,Electronics,34,25233.47,9879.1,0.3915,Baseline,Finance Ops,2023,FQ1,2022,6,June
2022-06-01,203,1,Fashion,20,1507.17,480.04,0.3185,Baseline,Regional Director,2023,FQ1,2022,6,June
2022-06-01,203,1,Furniture,22,11795.58,4497.59,0.3813,Baseline,Finance Ops,2023,FQ1,2022,6,June
2022-06-01,203,1,Grocery,14,280.75,103.64,0.3692,Baseline,Commercial Planning,2023,FQ1,2022,6,June
2022-06-01,203,1,Home Appliances,31,13121.09,5266.39,0.4014,Baseline,Finance Ops,2023,FQ1,2022,6,June
2022-06-01,203,1,Office Supplies,5,262.38,74.43,0.2837,Baseline,Finance Ops,2023,FQ1,2022,6,June
2022-06-01,203,1,Sports,41,6559.49,2641.59,0.4027,Baseline,Commercial Planning,2023,FQ1,2022,6,June
2022-06-01,204,1,Beauty,16,806.4,311.16,0.3859,Baseline,Finance Ops,2023,FQ1,2022,6,June
2022-06-01,204,1,Electronics,22,17719.41,7014.75,0.3959,Baseline,Commercial Planning,2023,FQ1,2022,6,June
2022-06-01,204,1,Fashion,25,1841.4,578.28,0.314,Baseline,Finance Ops,2023,FQ1,2022,6,June
2022-06-01,204,1,Furniture,26,18009.77,7863.5,0.4366,Baseline,Finance Ops,2023,FQ1,2022,6,June
2022-06-01,204,1,Grocery,15,417.31,157.9,0.3784,Baseline,Commercial Planning,2023,FQ1,2022,6,June
2022-06-01,204,1,Home Appliances,25,10250.57,4188.31,0.4086,Baseline,Regional Director,2023,FQ1,2022,6,June
2022-06-01,204,1,Office Supplies,35,1777.83,766.9,0.4314,Baseline,Commercial Planning,2023,FQ1,2022,6,June
2022-06-01,204,1,Sports,15,1895.52,835.62,0.4408,Baseline,Finance Ops,2023,FQ1,2022,6,June
2022-06-01,205,1,Beauty,14,806.72,305.16,0.3783,Baseline,Commercial Planning,2023,FQ1,2022,6,June
2022-06-01,205,1,Electronics,13,14419.55,5943.8,0.4122,Baseline,Finance Ops,2023,FQ1,2022,6,June
2022-06-01,205,1,Fashion,19,2177.82,812.64,0.3731,Baseline,Commercial Planning,2023,FQ1,2022,6,June
2022-06-01,205,1,Furniture,6,4106.04,1188.54,0.2895,Baseline,Regional Director,2023,FQ1,2022,6,June
2022-06-01,205,1,Grocery,20,325.88,115.7,0.355,Baseline,Commercial Planning,2023,FQ1,2022,6,June
2022-06-01,205,1,Home Appliances,12,4827.38,1927.81,0.3993,Baseline,Finance Ops,2023,FQ1,2022,6,June
2022-06-01,205,1,Office Supplies,29,983.72,367.38,0.3735,Baseline,Finance Ops,2023,FQ1,2022,6,June
2022-06-01,205,1,Sports,20,4256.18,1625.28,0.3819,Baseline,Commercial Planning,2023,FQ1,2022,6,June
2022-06-01,206,1,Beauty,6,161.44,64.06,0.3968,Baseline,Finance Ops,2023,FQ1,2022,6,June
2022-06-01,206,1,Electronics,41,41270.58,17460.88,0.4231,Baseline,Finance Ops,2023,FQ1,2022,6,June
2022-06-01,206,1,Fashion,10,874.5,285.27,0.3262,Baseline,Commercial Planning,2023,FQ1,2022,6,June
2022-06-01,206,1,Furniture,25,12987.95,4766.64,0.367,Baseline,Commercial Planning,2023,FQ1,2022,6,June
2022-06-01,206,1,Grocery,14,412.58,142.29,0.3449,Baseline,Finance Ops,2023,FQ1,2022,6,June
2022-06-01,206,1,Home Appliances,30,10554.89,3983.48,0.3774,Baseline,Commercial Planning,2023,FQ1,2022,6,June
2022-06-01,206,1,Office Supplies,11,269.44,127.2,0.4721,Baseline,Finance Ops,2023,FQ1,2022,6,June
2022-06-01,206,1,Sports,22,4158.69,1898.63,0.4565,Baseline,Commercial Planning,2023,FQ1,2022,6,June
2022-06-01,207,1,Beauty,14,782.26,268.91,0.3438,Baseline,Finance Ops,2023,FQ1,2022,6,June
2022-06-01,207,1,Electronics,24,20529.21,8408.34,0.4096,Baseline,Finance Ops,2023,FQ1,2022,6,June
2022-06-01,207,1,Fashion,38,3929.01,1648.91,0.4197,Baseline,Commercial Planning,2023,FQ1,2022,6,June
2022-06-01,207,1,Grocery,22,545.35,223.41,0.4097,Baseline,Finance Ops,2023,FQ1,2022,6,June
2022-06-01,207,1,Home Appliances,15,8782.89,2848.15,0.3243,Baseline,Commercial Planning,2023,FQ1,2022,6,June
2022-06-01,207,1,Office Supplies,28,1185.22,509.56,0.4299,Baseline,Finance Ops,2023,FQ1,2022,6,June
2022-06-01,207,1,Sports,33,5307.11,1766.76,0.3329,Baseline,Finance Ops,2023,FQ1,2022,6,June
2022-06-01,208,1,Beauty,11,677.65,251.19,0.3707,Baseline,Finance Ops,2023,FQ1,2022,6,June
2022-06-01,208,1,Electronics,6,4294.36,1644.91,0.383,Baseline,Regional Director,2023,FQ1,2022,6,June
2022-06-01,208,1,Fashion,16,1612.1,678.25,0.4207,Baseline,Finance Ops,2023,FQ1,2022,6,June
2022-06-01,208,1,Furniture,17,13912.08,5763.13,0.4143,Baseline,Finance Ops,2023,FQ1,2022,6,June
2022-06-01,208,1,Grocery,24,658.61,254.62,0.3866,Baseline,Finance Ops,2023,FQ1,2022,6,June
2022-06-01,208,1,Home Appliances,23,11136.88,3245.93,0.2915,Baseline,Finance Ops,2023,FQ1,2022,6,June
2022-06-01,208,1,Office Supplies,9,573.23,239.02,0.417,Baseline,Finance Ops,2023,FQ1,2022,6,June
2022-06-01,208,1,Sports,11,1976.99,811.55,0.4105,Baseline,Commercial Planning,2023,FQ1,2022,6,June
2022-06-01,209,1,Beauty,3,169.31,62.87,0.3713,Baseline,Finance Ops,2023,FQ1,2022,6,June
2022-06-01,209,1,Electronics,22,14570.09,5994.0,0.4114,Baseline,Commercial Planning,2023,FQ1,2022,6,June
2022-06-01,209,1,Fashion,22,2000.3,703.06,0.3515,Baseline,Regional Director,2023,FQ1,2022,6,June
2022-06-01,209,1,Furniture,8,3125.46,1120.77,0.3586,Baseline,Commercial Planning,2023,FQ1,2022,6,June
2022-06-01,209,1,Grocery,10,224.5,91.39,0.4071,Baseline,Finance Ops,2023,FQ1,2022,6,June
2022-06-01,209,1,Home Appliances,26,11561.34,4499.64,0.3892,Baseline,Finance Ops,2023,FQ1,2022,6,June
2022-06-01,209,1,Office Supplies,17,809.44,289.91,0.3582,Baseline,Regional Director,2023,FQ1,2022,6,June
2022-06-01,209,1,Sports,24,4354.45,1582.67,0.3635,Baseline,Finance Ops,2023,FQ1,2022,6,June
2022-06-01,210,1,Beauty,12,430.48,153.16,0.3558,Baseline,Commercial Planning,2023,FQ1,2022,6,June
2022-06-01,210,1,Electronics,26,26486.51,10485.94,0.3959,Baseline,Commercial Planning,2023,FQ1,2022,6,June
2022-06-01,210,1,Fashion,25,3533.26,1527.59,0.4323,Baseline,Finance Ops,2023,FQ1,2022,6,June
2022-06-01,210,1,Furniture,16,6825.59,2479.14,0.3632,Baseline,Commercial Planning,2023,FQ1,2022,6,June
2022-06-01,210,1,Grocery,14,334.88,120.73,0.3605,Baseline,Regional Director,2023,FQ1,2022,6,June
2022-06-01,210,1,Home Appliances,46,17228.76,6401.97,0.3716,Baseline,Regional Director,2023,FQ1,2022,6,June
2022-06-01,210,1,Office Supplies,3,101.51,35.94,0.3541,Baseline,Finance Ops,2023,FQ1,2022,6,June
2022-06-01,210,1,Sports,21,2932.6,1124.84,0.3836,Baseline,Finance Ops,2023,FQ1,2022,6,June
2022-06-01,211,1,Beauty,3,132.03,49.28,0.3732,Baseline,Finance Ops,2023,FQ1,2022,6,June
2022-06-01,211,1,Electronics,31,35488.16,14025.39,0.3952,Baseline,Finance Ops,2023,FQ1,2022,6,June
2022-06-01,211,1,Fashion,19,2236.08,899.25,0.4022,Baseline,Regional Director,2023,FQ1,2022,6,June
2022-06-01,211,1,Furniture,8,2487.85,1161.41,0.4668,Baseline,Finance Ops,2023,FQ1,2022,6,June
2022-06-01,211,1,Grocery,28,734.5,280.89,0.3824,Baseline,Finance Ops,2023,FQ1,2022,6,June
2022-06-01,211,1,Home Appliances,15,6841.09,2771.71,0.4052,Baseline,Commercial Planning,2023,FQ1,2022,6,June
2022-06-01,211,1,Office Supplies,20,779.77,297.83,0.3819,Baseline,Regional Director,2023,FQ1,2022,6,June
2022-06-01,211,1,Sports,14,1536.84,528.26,0.3437,Baseline,Finance Ops,2023,FQ1,2022,6,June
2022-06-01,212,1,Beauty,23,1221.11,359.29,0.2942,Baseline,Commercial Planning,2023,FQ1,2022,6,June
2022-06-01,212,1,Electronics,5,6569.56,2578.39,0.3925,Baseline,Regional Director,2023,FQ1,2022,6,June
2022-06-01,212,1,Fashion,29,1992.13,674.23,0.3384,Baseline,Finance Ops,2023,FQ1,2022,6,June
2022-06-01,212,1,Furniture,11,3179.67,1472.37,0.4631,Baseline,Regional Director,2023,FQ1,2022,6,June
2022-06-01,212,1,Grocery,7,197.76,78.67,0.3978,Baseline,Commercial Planning,2023,FQ1,2022,6,June
2022-06-01,212,1,Home Appliances,19,5822.14,2700.12,0.4638,Baseline,Commercial Planning,2023,FQ1,2022,6,June
2022-06-01,212,1,Office Supplies,6,223.13,77.61,0.3478,Baseline,Finance Ops,2023,FQ1,2022,6,June
2022-06-01,212,1,Sports,25,4078.73,1497.2,0.3671,Baseline,Regional Director,2023,FQ1,2022,6,June
2022-06-01,213,1,Beauty,16,1068.4,430.15,0.4026,Baseline,Finance Ops,2023,FQ1,2022,6,June
2022-06-01,213,1,Electronics,16,17631.24,7350.14,0.4169,Baseline,Commercial Planning,2023,FQ1,2022,6,June
2022-06-01,213,1,Fashion,23,2575.22,1139.99,0.4427,Baseline,Finance Ops,2023,FQ1,2022,6,June
2022-06-01,213,1,Furniture,3,2018.45,724.04,0.3587,Baseline,Finance Ops,2023,FQ1,2022,6,June
2022-06-01,213,1,Grocery,20,537.43,204.68,0.3808,Baseline,Finance Ops,2023,FQ1,2022,6,June
2022-06-01,213,1,Home Appliances,22,8905.23,3234.11,0.3632,Baseline,Commercial Planning,2023,FQ1,2022,6,June
2022-06-01,213,1,Office Supplies,38,1870.75,628.66,0.336,Baseline,Regional Director,2023,FQ1,2022,6,June
2022-06-01,213,1,Sports,5,921.53,320.03,0.3473,Baseline,Finance Ops,2023,FQ1,2022,6,June
2022-06-01,214,1,Beauty,30,1642.48,622.56,0.379,Baseline,Finance Ops,2023,FQ1,2022,6,June
2022-06-01,214,1,Electronics,20,15352.52,6347.12,0.4134,Baseline,Finance Ops,2023,FQ1,2022,6,June
2022-06-01,214,1,Fashion,17,2071.7,876.76,0.4232,Baseline,Commercial Planning,2023,FQ1,2022,6,June
2022-06-01,214,1,Furniture,6,2293.08,743.33,0.3242,Baseline,Finance Ops,2023,FQ1,2022,6,June
2022-06-01,214,1,Grocery,13,422.83,171.99,0.4068,Baseline,Finance Ops,2023,FQ1,2022,6,June
2022-06-01,214,1,Home Appliances,16,7584.43,1888.03,0.2489,Baseline,Commercial Planning,2023,FQ1,2022,6,June
2022-06-01,214,1,Office Supplies,29,1287.92,453.87,0.3524,Baseline,Commercial Planning,2023,FQ1,2022,6,June
2022-06-01,214,1,Sports,9,1580.98,802.79,0.5078,Baseline,Regional Director,2023,FQ1,2022,6,June
2022-06-01,215,2,Beauty,46,2727.32,880.3,0.3228,Baseline,Regional Director,2023,FQ1,2022,6,June
2022-06-01,215,2,Electronics,77,70539.7,28685.54,0.4067,Baseline,Regional Director,2023,FQ1,2022,6,June
2022-06-01,215,2,Fashion,57,3607.5,1287.08,0.3568,Baseline,Commercial Planning,2023,FQ1,2022,6,June
2022-06-01,215,2,Furniture,15,9322.38,3405.46,0.3653,Baseline,Finance Ops,2023,FQ1,2022,6,June
2022-06-01,215,2,Grocery,13,400.92,117.13,0.2922,Baseline,Commercial Planning,2023,FQ1,2022,6,June
2022-06-01,215,2,Home Appliances,37,19354.15,8197.98,0.4236,Baseline,Commercial Planning,2023,FQ1,2022,6,June
2022-06-01,215,2,Office Supplies,47,2189.26,826.83,0.3777,Baseline,Finance Ops,2023,FQ1,2022,6,June
2022-06-01,215,2,Sports,52,9771.06,3483.2,0.3565,Baseline,Finance Ops,2023,FQ1,2022,6,June
2022-06-01,216,2,Beauty,32,1265.02,378.3,0.299,Baseline,Finance Ops,2023,FQ1,2022,6,June
2022-06-01,216,2,Electronics,66,75976.59,29177.92,0.384,Baseline,Regional Director,2023,FQ1,2022,6,June
2022-06-01,216,2,Fashion,43,3287.11,1259.76,0.3832,Baseline,Commercial Planning,2023,FQ1,2022,6,June
2022-06-01,216,2,Furniture,17,8762.78,3242.18,0.37,Baseline,Commercial Planning,2023,FQ1,2022,6,June
2022-06-01,216,2,Grocery,41,993.35,381.62,0.3842,Baseline,Commercial Planning,2023,FQ1,2022,6,June
2022-06-01,216,2,Home Appliances,65,36086.3,12364.99,0.3427,Baseline,Finance Ops,2023,FQ1,2022,6,June
2022-06-01,216,2,Office Supplies,30,1530.61,635.03,0.4149,Baseline,Finance Ops,2023,FQ1,2022,6,June
2022-06-01,216,2,Sports,12,1669.23,536.6,0.3215,Baseline,Finance Ops,2023,FQ1,2022,6,June
2022-06-01,217,2,Beauty,12,309.14,111.88,0.3619,Baseline,Finance Ops,2023,FQ1,2022,6,June
2022-06-01,217,2,Electronics,56,62629.94,22707.34,0.3626,Baseline,Finance Ops,2023,FQ1,2022,6,June
2022-06-01,217,2,Fashion,33,3243.42,1232.96,0.3801,Baseline,Regional Director,2023,FQ1,2022,6,June
2022-06-01,217,2,Furniture,13,10502.51,3612.46,0.344,Baseline,Finance Ops,2023,FQ1,2022,6,June
2022-06-01,217,2,Grocery,29,870.6,319.8,0.3673,Baseline,Finance Ops,2023,FQ1,2022,6,June
2022-06-01,217,2,Home Appliances,66,28401.88,12433.72,0.4378,Baseline,Finance Ops,2023,FQ1,2022,6,June
2022-06-01,217,2,Office Supplies,25,987.37,327.03,0.3312,Baseline,Commercial Planning,2023,FQ1,2022,6,June
2022-06-01,217,2,Sports,37,5520.99,2176.0,0.3941,Baseline,Finance Ops,2023,FQ1,2022,6,June
2022-06-01,218,3,Beauty,278,12862.15,5097.36,0.3963,Baseline,Finance Ops,2023,FQ1,2022,6,June
2022-06-01,218,3,Electronics,422,309390.6,122787.06,0.3969,Baseline,Finance Ops,2023,FQ1,2022,6,June
2022-06-01,218,3,Fashion,230,30385.01,11235.7,0.3698,Baseline,Finance Ops,2023,FQ1,2022,6,June
2022-06-01,218,3,Furniture,234,141317.76,48851.4,0.3457,Baseline,Finance Ops,2023,FQ1,2022,6,June
2022-06-01,218,3,Grocery,410,9638.35,3312.98,0.3437,Baseline,Finance Ops,2023,FQ1,2022,6,June
2022-06-01,218,3,Home Appliances,348,121231.35,51163.91,0.422,Baseline,Finance Ops,2023,FQ1,2022,6,June
2022-06-01,218,3,Office Supplies,280,10400.99,4137.86,0.3978,Baseline,Finance Ops,2023,FQ1,2022,6,June
2022-06-01,218,3,Sports,259,54697.02,19583.15,0.358,Baseline,Commercial Planning,2023,FQ1,2022,6,June
2022-06-01,219,3,Beauty,242,12679.66,3864.37,0.3048,Baseline,Regional Director,2023,FQ1,2022,6,June
2022-06-01,219,3,Electronics,219,210983.93,80668.29,0.3823,Baseline,Finance Ops,2023,FQ1,2022,6,June
2022-06-01,219,3,Fashion,310,22822.86,8593.58,0.3765,Baseline,Finance Ops,2023,FQ1,2022,6,June
2022-06-01,219,3,Furniture,325,217515.54,74126.23,0.3408,Baseline,Finance Ops,2023,FQ1,2022,6,June
2022-06-01,219,3,Grocery,286,7454.75,2818.01,0.378,Baseline,Regional Director,2023,FQ1,2022,6,June
2022-06-01,219,3,Home Appliances,559,278396.58,91919.04,0.3302,Baseline,Regional Director,2023,FQ1,2022,6,June
2022-06-01,219,3,Office Supplies,317,11343.22,4948.42,0.4362,Baseline,Finance Ops,2023,FQ1,2022,6,June
2022-06-01,219,3,Sports,249,37637.25,16491.26,0.4382,Baseline,Commercial Planning,2023,FQ1,2022,6,June
2022-06-01,220,4,Beauty,63,3622.32,1230.46,0.3397,Baseline,Finance Ops,2023,FQ1,2022,6,June
2022-06-01,220,4,Electronics,84,75993.42,28245.49,0.3717,Baseline,Commercial Planning,2023,FQ1,2022,6,June
2022-06-01,220,4,Fashion,51,4357.03,1992.19,0.4572,Baseline,Finance Ops,2023,FQ1,2022,6,June
2022-06-01,220,4,Furniture,48,21153.27,8205.73,0.3879,Baseline,Commercial Planning,2023,FQ1,2022,6,June
2022-06-01,220,4,Grocery,43,1274.19,431.23,0.3384,Baseline,Commercial Planning,2023,FQ1,2022,6,June
2022-06-01,220,4,Home Appliances,68,24410.83,9848.0,0.4034,Baseline,Regional Director,2023,FQ1,2022,6,June
2022-06-01,220,4,Office Supplies,96,4813.62,1968.57,0.409,Baseline,Finance Ops,2023,FQ1,2022,6,June
2022-06-01,220,4,Sports,51,9463.32,3835.5,0.4053,Baseline,Commercial Planning,2023,FQ1,2022,6,June
2022-07-01,201,1,Beauty,16,802.58,327.42,0.408,Baseline,Finance Ops,2023,FQ2,2022,7,July
2022-07-01,201,1,Electronics,13,11351.65,4519.81,0.3982,Baseline,Commercial Planning,2023,FQ2,2022,7,July
2022-07-01,201,1,Fashion,8,749.11,288.41,0.385,Baseline,Finance Ops,2023,FQ2,2022,7,July
2022-07-01,201,1,Furniture,11,10822.48,4632.52,0.428,Baseline,Finance Ops,2023,FQ2,2022,7,July
2022-07-01,201,1,Grocery,11,230.94,86.89,0.3762,Baseline,Finance Ops,2023,FQ2,2022,7,July
2022-07-01,201,1,Home Appliances,17,7913.11,3860.61,0.4879,Baseline,Finance Ops,2023,FQ2,2022,7,July
2022-07-01,201,1,Office Supplies,31,1685.62,710.64,0.4216,Baseline,Finance Ops,2023,FQ2,2022,7,July
2022-07-01,201,1,Sports,36,6049.77,3164.49,0.5231,Baseline,Commercial Planning,2023,FQ2,2022,7,July
2022-07-01,202,1,Beauty,12,746.51,244.32,0.3273,Baseline,Regional Director,2023,FQ2,2022,7,July
2022-07-01,202,1,Electronics,20,16161.55,5988.5,0.3705,Baseline,Commercial Planning,2023,FQ2,2022,7,July
2022-07-01,202,1,Fashion,14,1380.47,508.4,0.3683,Baseline,Regional Director,2023,FQ2,2022,7,July
2022-07-01,202,1,Furniture,22,11468.03,4977.72,0.4341,Baseline,Commercial Planning,2023,FQ2,2022,7,July
2022-07-01,202,1,Grocery,15,397.34,194.79,0.4902,Baseline,Finance Ops,2023,FQ2,2022,7,July
2022-07-01,202,1,Home Appliances,43,20825.52,7448.3,0.3577,Baseline,Finance Ops,2023,FQ2,2022,7,July
2022-07-01,202,1,Office Supplies,10,552.44,234.01,0.4236,Baseline,Finance Ops,2023,FQ2,2022,7,July
2022-07-01,202,1,Sports,39,5348.81,1862.68,0.3482,Baseline,Commercial Planning,2023,FQ2,2022,7,July
2022-07-01,203,1,Beauty,10,680.75,230.65,0.3388,Baseline,Finance Ops,2023,FQ2,2022,7,July
2022-07-01,203,1,Electronics,5,4600.5,1279.97,0.2782,Baseline,Commercial Planning,2023,FQ2,2022,7,July
2022-07-01,203,1,Fashion,12,1643.95,691.91,0.4209,Baseline,Commercial Planning,2023,FQ2,2022,7,July
2022-07-01,203,1,Furniture,24,12591.34,4115.94,0.3269,Baseline,Regional Director,2023,FQ2,2022,7,July
2022-07-01,203,1,Grocery,20,427.12,165.68,0.3879,Baseline,Regional Director,2023,FQ2,2022,7,July
2022-07-01,203,1,Home Appliances,29,13829.19,5532.36,0.4,Baseline,Regional Director,2023,FQ2,2022,7,July
2022-07-01,203,1,Office Supplies,31,1780.4,652.8,0.3667,Baseline,Finance Ops,2023,FQ2,2022,7,July
2022-07-01,203,1,Sports,45,8029.95,3600.39,0.4484,Baseline,Regional Director,2023,FQ2,2022,7,July
2022-07-01,204,1,Beauty,9,349.41,143.85,0.4117,Baseline,Regional Director,2023,FQ2,2022,7,July
2022-07-01,204,1,Electronics,21,24354.88,9116.09,0.3743,Baseline,Regional Director,2023,FQ2,2022,7,July
2022-07-01,204,1,Fashion,21,2062.73,922.86,0.4474,Baseline,Commercial Planning,2023,FQ2,2022,7,July
2022-07-01,204,1,Furniture,23,16219.02,5391.14,0.3324,Baseline,Commercial Planning,2023,FQ2,2022,7,July
2022-07-01,204,1,Home Appliances,32,16865.27,4919.25,0.2917,Baseline,Finance Ops,2023,FQ2,2022,7,July
2022-07-01,204,1,Office Supplies,8,173.49,86.11,0.4963,Baseline,Commercial Planning,2023,FQ2,2022,7,July
2022-07-01,204,1,Sports,33,3702.65,1308.56,0.3534,Baseline,Regional Director,2023,FQ2,2022,7,July
2022-07-01,205,1,Beauty,11,607.89,218.2,0.3589,Baseline,Regional Director,2023,FQ2,2022,7,July
2022-07-01,205,1,Electronics,34,23424.57,9197.81,0.3927,Baseline,Finance Ops,2023,FQ2,2022,7,July
2022-07-01,205,1,Fashion,21,1572.87,653.54,0.4155,Baseline,Commercial Planning,2023,FQ2,2022,7,July
2022-07-01,205,1,Furniture,32,17591.9,6323.21,0.3594,Baseline,Commercial Planning,2023,FQ2,2022,7,July
2022-07-01,205,1,Grocery,3,122.47,50.85,0.4152,Baseline,Finance Ops,2023,FQ2,2022,7,July
2022-07-01,205,1,Home Appliances,36,15300.86,6478.06,0.4234,Baseline,Finance Ops,2023,FQ2,2022,7,July
2022-07-01,205,1,Office Supplies,27,1212.42,509.65,0.4204,Baseline,Commercial Planning,2023,FQ2,2022,7,July
2022-07-01,205,1,Sports,5,1113.09,442.32,0.3974,Baseline,Finance Ops,2023,FQ2,2022,7,July
2022-07-01,206,1,Beauty,26,1605.45,515.57,0.3211,Baseline,Finance Ops,2023,FQ2,2022,7,July
2022-07-01,206,1,Electronics,39,38870.51,16948.26,0.436,Baseline,Finance Ops,2023,FQ2,2022,7,July
2022-07-01,206,1,Fashion,34,3445.27,1448.72,0.4205,Baseline,Finance Ops,2023,FQ2,2022,7,July
2022-07-01,206,1,Furniture,16,6766.87,2762.72,0.4083,Baseline,Regional Director,2023,FQ2,2022,7,July
2022-07-01,206,1,Grocery,12,499.09,201.13,0.403,Baseline,Finance Ops,2023,FQ2,2022,7,July
2022-07-01,206,1,Home Appliances,28,17687.9,6324.3,0.3575,Baseline,Finance Ops,2023,FQ2,2022,7,July
2022-07-01,206,1,Office Supplies,5,198.0,81.57,0.412,Baseline,Commercial Planning,2023,FQ2,2022,7,July
2022-07-01,206,1,Sports,7,1221.81,588.12,0.4814,Baseline,Regional Director,2023,FQ2,2022,7,July
2022-07-01,207,1,Beauty,53,2366.63,729.14,0.3081,Baseline,Finance Ops,2023,FQ2,2022,7,July
2022-07-01,207,1,Electronics,34,26378.2,10259.7,0.3889,Baseline,Finance Ops,2023,FQ2,2022,7,July
2022-07-01,207,1,Fashion,19,2369.21,880.68,0.3717,Baseline,Finance Ops,2023,FQ2,2022,7,July
2022-07-01,207,1,Furniture,13,6697.18,3274.18,0.4889,Baseline,Commercial Planning,2023,FQ2,2022,7,July
2022-07-01,207,1,Grocery,12,347.91,134.98,0.388,Baseline,Regional Director,2023,FQ2,2022,7,July
2022-07-01,207,1,Home Appliances,24,7216.87,3330.48,0.4615,Baseline,Finance Ops,2023,FQ2,2022,7,July
2022-07-01,207,1,Office Supplies,21,1200.91,494.23,0.4115,Baseline,Finance Ops,2023,FQ2,2022,7,July
2022-07-01,207,1,Sports,26,5058.71,2448.79,0.4841,Baseline,Commercial Planning,2023,FQ2,2022,7,July
2022-07-01,208,1,Beauty,23,1524.75,627.78,0.4117,Baseline,Regional Director,2023,FQ2,2022,7,July
2022-07-01,208,1,Electronics,27,38182.01,18310.05,0.4795,Baseline,Finance Ops,2023,FQ2,2022,7,July
2022-07-01,208,1,Fashion,3,158.04,44.39,0.2809,Baseline,Regional Director,2023,FQ2,2022,7,July
2022-07-01,208,1,Furniture,27,19365.52,7464.82,0.3855,Baseline,Regional Director,2023,FQ2,2022,7,July
2022-07-01,208,1,Grocery,13,263.42,83.03,0.3152,Baseline,Commercial Planning,2023,FQ2,2022,7,July
2022-07-01,208,1,Home Appliances,57,24732.42,10116.78,0.409,Baseline,Regional Director,2023,FQ2,2022,7,July
2022-07-01,208,1,Office Supplies,24,1037.54,353.39,0.3406,Baseline,Commercial Planning,2023,FQ2,2022,7,July
2022-07-01,208,1,Sports,30,4167.42,1931.46,0.4635,Baseline,Finance Ops,2023,FQ2,2022,7,July
2022-07-01,209,1,Beauty,13,685.36,244.55,0.3568,Baseline,Regional Director,2023,FQ2,2022,7,July
2022-07-01,209,1,Electronics,17,11655.36,4645.12,0.3985,Baseline,Regional Director,2023,FQ2,2022,7,July
2022-07-01,209,1,Furniture,13,6521.51,2804.75,0.4301,Baseline,Commercial Planning,2023,FQ2,2022,7,July
2022-07-01,209,1,Grocery,24,822.95,313.17,0.3805,Baseline,Commercial Planning,2023,FQ2,2022,7,July
2022-07-01,209,1,Home Appliances,15,2902.93,1312.73,0.4522,Baseline,Finance Ops,2023,FQ2,2022,7,July
2022-07-01,209,1,Office Supplies,37,1761.22,642.0,0.3645,Baseline,Finance Ops,2023,FQ2,2022,7,July
2022-07-01,209,1,Sports,23,3471.91,1393.51,0.4014,Baseline,Commercial Planning,2023,FQ2,2022,7,July
2022-07-01,210,1,Beauty,11,519.3,177.78,0.3423,Baseline,Commercial Planning,2023,FQ2,2022,7,July
2022-07-01,210,1,Electronics,25,18141.92,6237.88,0.3438,Baseline,Finance Ops,2023,FQ2,2022,7,July
2022-07-01,210,1,Fashion,21,1563.63,550.07,0.3518,Baseline,Finance Ops,2023,FQ2,2022,7,July
2022-07-01,210,1,Furniture,15,8571.98,2600.21,0.3033,Baseline,Regional Director,2023,FQ2,2022,7,July
2022-07-01,210,1,Grocery,11,229.03,76.07,0.3321,Baseline,Regional Director,2023,FQ2,2022,7,July
2022-07-01,210,1,Home Appliances,13,4057.41,1733.16,0.4272,Baseline,Regional Director,2023,FQ2,2022,7,July
2022-07-01,210,1,Office Supplies,27,770.94,265.45,0.3443,Baseline,Regional Director,2023,FQ2,2022,7,July
2022-07-01,210,1,Sports,38,8636.74,3012.83,0.3488,Baseline,Regional Director,2023,FQ2,2022,7,July
2022-07-01,211,1,Beauty,1,65.5,25.59,0.3907,Baseline,Commercial Planning,2023,FQ2,2022,7,July
2022-07-01,211,1,Electronics,29,35126.62,13493.29,0.3841,Baseline,Commercial Planning,2023,FQ2,2022,7,July
2022-07-01,211,1,Fashion,13,807.05,228.9,0.2836,Baseline,Commercial Planning,2023,FQ2,2022,7,July
2022-07-01,211,1,Furniture,18,14764.71,5761.56,0.3902,Baseline,Finance Ops,2023,FQ2,2022,7,July
2022-07-01,211,1,Grocery,28,536.54,231.79,0.432,Baseline,Finance Ops,2023,FQ2,2022,7,July
2022-07-01,211,1,Home Appliances,50,22898.21,9217.93,0.4026,Baseline,Finance Ops,2023,FQ2,2022,7,July
2022-07-01,211,1,Office Supplies,18,1034.18,406.62,0.3932,Baseline,Finance Ops,2023,FQ2,2022,7,July
2022-07-01,211,1,Sports,20,3079.48,1291.52,0.4194,Baseline,Commercial Planning,2023,FQ2,2022,7,July
2022-07-01,212,1,Beauty,20,1353.15,359.45,0.2656,Baseline,Commercial Planning,2023,FQ2,2022,7,July
2022-07-01,212,1,Electronics,30,27760.65,10610.76,0.3822,Baseline,Commercial Planning,2023,FQ2,2022,7,July
2022-07-01,212,1,Fashion,44,2552.2,884.97,0.3467,Baseline,Finance Ops,2023,FQ2,2022,7,July
2022-07-01,212,1,Furniture,12,8654.15,2899.47,0.335,Baseline,Regional Director,2023,FQ2,2022,7,July
2022-07-01,212,1,Grocery,31,734.29,199.82,0.2721,Baseline,Regional Director,2023,FQ2,2022,7,July
2022-07-01,212,1,Home Appliances,26,10220.5,3887.87,0.3804,Baseline,Commercial Planning,2023,FQ2,2022,7,July
2022-07-01,212,1,Office Supplies,11,847.26,386.38,0.456,Baseline,Regional Director,2023,FQ2,2022,7,July
2022-07-01,212,1,Sports,23,5269.99,1933.92,0.367,Baseline,Regional Director,2023,FQ2,2022,7,July
2022-07-01,213,1,Beauty,30,1644.37,502.43,0.3055,Baseline,Finance Ops,2023,FQ2,2022,7,July
2022-07-01,213,1,Electronics,56,53880.3,19183.28,0.356,Baseline,Finance Ops,2023,FQ2,2022,7,July
2022-07-01,213,1,Fashion,23,2106.86,911.08,0.4324,Baseline,Commercial Planning,2023,FQ2,2022,7,July
2022-07-01,213,1,Furniture,11,8286.59,2628.14,0.3172,Baseline,Finance Ops,2023,FQ2,2022,7,July
2022-07-01,213,1,Grocery,24,547.43,215.43,0.3935,Baseline,Commercial Planning,2023,FQ2,2022,7,July
2022-07-01,213,1,Home Appliances,8,2763.42,804.76,0.2912,Baseline,Commercial Planning,2023,FQ2,2022,7,July
2022-07-01,213,1,Office Supplies,12,463.11,155.05,0.3348,Baseline,Finance Ops,2023,FQ2,2022,7,July
2022-07-01,213,1,Sports,8,1377.19,450.46,0.3271,Baseline,Regional Director,2023,FQ2,2022,7,July
2022-07-01,214,1,Beauty,9,429.16,85.04,0.1982,Baseline,Regional Director,2023,FQ2,2022,7,July
2022-07-01,214,1,Electronics,6,4606.95,378.3,0.0821,Baseline,Finance Ops,2023,FQ2,2022,7,July
2022-07-01,214,1,Fashion,14,1272.52,523.71,0.4116,Baseline,Commercial Planning,2023,FQ2,2022,7,July
2022-07-01,214,1,Furniture,15,6931.08,1375.83,0.1985,Baseline,Finance Ops,2023,FQ2,2022,7,July
2022-07-01,214,1,Grocery,15,490.63,206.48,0.4208,Baseline,Regional Director,2023,FQ2,2022,7,July
2022-07-01,214,1,Home Appliances,25,15340.46,5437.42,0.3544,Baseline,Regional Director,2023,FQ2,2022,7,July
2022-07-01,214,1,Office Supplies,13,763.6,292.9,0.3836,Baseline,Finance Ops,2023,FQ2,2022,7,July
2022-07-01,214,1,Sports,19,4244.12,1801.25,0.4244,Baseline,Regional Director,2023,FQ2,2022,7,July
2022-07-01,215,2,Beauty,32,1852.92,571.51,0.3084,Baseline,Finance Ops,2023,FQ2,2022,7,July
2022-07-01,215,2,Electronics,71,63821.73,24195.25,0.3791,Baseline,Finance Ops,2023,FQ2,2022,7,July
2022-07-01,215,2,Fashion,36,3327.81,1258.32,0.3781,Baseline,Commercial Planning,2023,FQ2,2022,7,July
2022-07-01,215,2,Furniture,22,15279.69,4692.66,0.3071,Baseline,Commercial Planning,2023,FQ2,2022,7,July
2022-07-01,215,2,Grocery,18,439.73,188.13,0.4278,Baseline,Finance Ops,2023,FQ2,2022,7,July
2022-07-01,215,2,Home Appliances,67,33999.96,11590.53,0.3409,Baseline,Commercial Planning,2023,FQ2,2022,7,July
2022-07-01,215,2,Office Supplies,34,1955.76,792.36,0.4051,Baseline,Finance Ops,2023,FQ2,2022,7,July
2022-07-01,215,2,Sports,38,7898.77,2942.75,0.3726,Baseline,Finance Ops,2023,FQ2,2022,7,July
2022-07-01,216,2,Beauty,50,2457.17,972.52,0.3958,Baseline,Finance Ops,2023,FQ2,2022,7,July
2022-07-01,216,2,Electronics,46,40932.79,14719.22,0.3596,Baseline,Commercial Planning,2023,FQ2,2022,7,July
2022-07-01,216,2,Fashion,43,4595.23,1656.81,0.3605,Baseline,Regional Director,2023,FQ2,2022,7,July
2022-07-01,216,2,Furniture,17,10300.73,4407.54,0.4279,Baseline,Finance Ops,2023,FQ2,2022,7,July
2022-07-01,216,2,Grocery,56,1334.84,460.64,0.3451,Baseline,Commercial Planning,2023,FQ2,2022,7,July
2022-07-01,216,2,Home Appliances,41,15369.0,6321.89,0.4113,Baseline,Commercial Planning,2023,FQ2,2022,7,July
2022-07-01,216,2,Office Supplies,51,2524.94,969.73,0.3841,Baseline,Finance Ops,2023,FQ2,2022,7,July
2022-07-01,216,2,Sports,23,3311.94,1291.19,0.3899,Baseline,Finance Ops,2023,FQ2,2022,7,July
2022-07-01,217,2,Beauty,20,741.88,302.33,0.4075,Baseline,Regional Director,2023,FQ2,2022,7,July
2022-07-01,217,2,Electronics,53,39919.79,15352.47,0.3846,Baseline,Commercial Planning,2023,FQ2,2022,7,July
2022-07-01,217,2,Fashion,52,5823.91,2215.94,0.3805,Baseline,Commercial Planning,2023,FQ2,2022,7,July
2022-07-01,217,2,Furniture,52,27194.03,8140.25,0.2993,Baseline,Regional Director,2023,FQ2,2022,7,July
2022-07-01,217,2,Grocery,39,1196.06,468.16,0.3914,Baseline,Commercial Planning,2023,FQ2,2022,7,July
2022-07-01,217,2,Home Appliances,71,26455.49,9927.83,0.3753,Baseline,Regional Director,2023,FQ2,2022,7,July
2022-07-01,217,2,Office Supplies,25,716.34,303.92,0.4243,Baseline,Finance Ops,2023,FQ2,2022,7,July
2022-07-01,217,2,Sports,20,4242.12,1509.45,0.3558,Baseline,Finance Ops,2023,FQ2,2022,7,July
2022-07-01,218,3,Beauty,281,12384.75,4247.71,0.343,Baseline,Regional Director,2023,FQ2,2022,7,July
2022-07-01,218,3,Electronics,371,335872.91,139077.62,0.4141,Baseline,Finance Ops,2023,FQ2,2022,7,July
2022-07-01,218,3,Fashion,165,16932.94,5880.94,0.3473,Baseline,Commercial Planning,2023,FQ2,2022,7,July
2022-07-01,218,3,Furniture,347,238456.85,80987.32,0.3396,Baseline,Finance Ops,2023,FQ2,2022,7,July
2022-07-01,218,3,Grocery,191,4826.07,1915.34,0.3969,Baseline,Regional Director,2023,FQ2,2022,7,July
2022-07-01,218,3,Home Appliances,392,172221.72,65055.17,0.3777,Baseline,Finance Ops,2023,FQ2,2022,7,July
2022-07-01,218,3,Office Supplies,321,13706.35,5044.68,0.3681,Baseline,Finance Ops,2023,FQ2,2022,7,July
2022-07-01,218,3,Sports,340,49009.3,20009.46,0.4083,Baseline,Finance Ops,2023,FQ2,2022,7,July
2022-07-01,219,3,Beauty,144,7181.48,1945.25,0.2709,Baseline,Commercial Planning,2023,FQ2,2022,7,July
2022-07-01,219,3,Electronics,472,365013.65,147395.97,0.4038,Baseline,Regional Director,2023,FQ2,2022,7,July
2022-07-01,219,3,Fashion,323,31978.75,12109.16,0.3787,Baseline,Finance Ops,2023,FQ2,2022,7,July
2022-07-01,219,3,Furniture,281,195631.79,67118.4,0.3431,Baseline,Regional Director,2023,FQ2,2022,7,July
2022-07-01,219,3,Grocery,375,9442.22,3039.99,0.322,Baseline,Commercial Planning,2023,FQ2,2022,7,July
2022-07-01,219,3,Home Appliances,533,265543.58,94409.44,0.3555,Baseline,Regional Director,2023,FQ2,2022,7,July
2022-07-01,219,3,Office Supplies,394,17210.86,6850.12,0.398,Baseline,Finance Ops,2023,FQ2,2022,7,July
2022-07-01,219,3,Sports,195,37539.1,15772.49,0.4202,Baseline,Finance Ops,2023,FQ2,2022,7,July
2022-07-01,220,4,Beauty,58,3198.73,1118.83,0.3498,Baseline,Finance Ops,2023,FQ2,2022,7,July
2022-07-01,220,4,Electronics,106,112084.21,42581.07,0.3799,Baseline,Finance Ops,2023,FQ2,2022,7,July
2022-07-01,220,4,Fashion,105,12541.19,5822.73,0.4643,Baseline,Finance Ops,2023,FQ2,2022,7,July
2022-07-01,220,4,Furniture,88,68797.77,25599.91,0.3721,Baseline,Commercial Planning,2023,FQ2,2022,7,July
2022-07-01,220,4,Grocery,71,1284.3,453.13,0.3528,Baseline,Finance Ops,2023,FQ2,2022,7,July
2022-07-01,220,4,Home Appliances,77,34431.58,16043.54,0.466,Baseline,Regional Director,2023,FQ2,2022,7,July
2022-07-01,220,4,Office Supplies,88,3201.29,1357.77,0.4241,Baseline,Finance Ops,2023,FQ2,2022,7,July
2022-07-01,220,4,Sports,57,8803.39,3307.31,0.3757,Baseline,Commercial Planning,2023,FQ2,2022,7,July
2022-08-01,201,1,Beauty,11,797.34,246.25,0.3088,Baseline,Finance Ops,2023,FQ2,2022,8,August
2022-08-01,201,1,Electronics,38,36123.83,16341.22,0.4524,Baseline,Regional Director,2023,FQ2,2022,8,August
2022-08-01,201,1,Fashion,13,1326.28,531.37,0.4006,Baseline,Regional Director,2023,FQ2,2022,8,August
2022-08-01,201,1,Furniture,34,22397.1,8793.21,0.3926,Baseline,Commercial Planning,2023,FQ2,2022,8,August
2022-08-01,201,1,Grocery,19,609.06,239.69,0.3935,Baseline,Finance Ops,2023,FQ2,2022,8,August
2022-08-01,201,1,Home Appliances,23,10958.45,4535.63,0.4139,Baseline,Regional Director,2023,FQ2,2022,8,August
2022-08-01,201,1,Office Supplies,47,2315.77,889.03,0.3839,Baseline,Finance Ops,2023,FQ2,2022,8,August
2022-08-01,201,1,Sports,4,1220.94,589.92,0.4832,Baseline,Regional Director,2023,FQ2,2022,8,August
2022-08-01,202,1,Beauty,3,153.82,43.16,0.2806,Baseline,Commercial Planning,2023,FQ2,2022,8,August
2022-08-01,202,1,Electronics,19,28502.77,11307.11,0.3967,Baseline,Finance Ops,2023,FQ2,2022,8,August
2022-08-01,202,1,Fashion,38,2447.94,983.11,0.4016,Baseline,Finance Ops,2023,FQ2,2022,8,August
2022-08-01,202,1,Furniture,25,9163.79,4026.47,0.4394,Baseline,Commercial Planning,2023,FQ2,2022,8,August
2022-08-01,202,1,Grocery,17,289.82,118.92,0.4103,Baseline,Finance Ops,2023,FQ2,2022,8,August
2022-08-01,202,1,Home Appliances,33,17668.21,6556.36,0.3711,Baseline,Finance Ops,2023,FQ2,2022,8,August
2022-08-01,202,1,Office Supplies,28,1575.51,720.82,0.4575,Baseline,Finance Ops,2023,FQ2,2022,8,August
2022-08-01,202,1,Sports,2,401.87,121.4,0.3021,Baseline,Commercial Planning,2023,FQ2,2022,8,August
2022-08-01,203,1,Beauty,13,855.06,233.26,0.2728,Baseline,Commercial Planning,2023,FQ2,2022,8,August
2022-08-01,203,1,Electronics,33,26925.17,8037.22,0.2985,Baseline,Finance Ops,2023,FQ2,2022,8,August
2022-08-01,203,1,Fashion,10,1051.58,354.78,0.3374,Baseline,Regional Director,2023,FQ2,2022,8,August
2022-08-01,203,1,Furniture,31,26638.08,10634.61,0.3992,Baseline,Finance Ops,2023,FQ2,2022,8,August
2022-08-01,203,1,Grocery,22,522.73,196.04,0.375,Baseline,Commercial Planning,2023,FQ2,2022,8,August
2022-08-01,203,1,Home Appliances,24,10867.72,5064.48,0.466,Baseline,Commercial Planning,2023,FQ2,2022,8,August
2022-08-01,203,1,Office Supplies,25,884.67,355.08,0.4014,Baseline,Commercial Planning,2023,FQ2,2022,8,August
2022-08-01,203,1,Sports,20,3439.67,1510.67,0.4392,Baseline,Finance Ops,2023,FQ2,2022,8,August
2022-08-01,204,1,Beauty,15,891.19,301.84,0.3387,Baseline,Regional Director,2023,FQ2,2022,8,August
2022-08-01,204,1,Electronics,21,19200.71,7494.29,0.3903,Baseline,Commercial Planning,2023,FQ2,2022,8,August
2022-08-01,204,1,Fashion,13,1376.68,605.36,0.4397,Baseline,Finance Ops,2023,FQ2,2022,8,August
2022-08-01,204,1,Furniture,23,14548.26,6433.09,0.4422,Baseline,Regional Director,2023,FQ2,2022,8,August
2022-08-01,204,1,Grocery,26,558.77,202.53,0.3625,Baseline,Regional Director,2023,FQ2,2022,8,August
2022-08-01,204,1,Home Appliances,30,13786.26,4977.78,0.3611,Baseline,Finance Ops,2023,FQ2,2022,8,August
2022-08-01,204,1,Office Supplies,26,1145.97,426.5,0.3722,Baseline,Regional Director,2023,FQ2,2022,8,August
2022-08-01,204,1,Sports,24,4164.86,1698.37,0.4078,Baseline,Commercial Planning,2023,FQ2,2022,8,August
2022-08-01,205,1,Beauty,41,2172.08,781.62,0.3598,Baseline,Finance Ops,2023,FQ2,2022,8,August
2022-08-01,205,1,Electronics,38,37074.87,12676.55,0.3419,Baseline,Finance Ops,2023,FQ2,2022,8,August
2022-08-01,205,1,Fashion,31,2115.96,841.52,0.3977,Baseline,Commercial Planning,2023,FQ2,2022,8,August
2022-08-01,205,1,Furniture,18,12082.21,4618.19,0.3822,Baseline,Commercial Planning,2023,FQ2,2022,8,August
2022-08-01,205,1,Grocery,25,611.78,256.21,0.4188,Baseline,Regional Director,2023,FQ2,2022,8,August
2022-08-01,205,1,Home Appliances,12,5644.27,2587.41,0.4584,Baseline,Regional Director,2023,FQ2,2022,8,August
2022-08-01,205,1,Office Supplies,26,1082.09,439.45,0.4061,Baseline,Regional Director,2023,FQ2,2022,8,August
2022-08-01,205,1,Sports,13,2165.57,753.96,0.3482,Baseline,Commercial Planning,2023,FQ2,2022,8,August
2022-08-01,206,1,Beauty,10,361.67,147.12,0.4068,Baseline,Finance Ops,2023,FQ2,2022,8,August
2022-08-01,206,1,Electronics,18,18072.07,8236.43,0.4558,Baseline,Commercial Planning,2023,FQ2,2022,8,August
2022-08-01,206,1,Fashion,39,3620.07,1716.69,0.4742,Baseline,Finance Ops,2023,FQ2,2022,8,August
2022-08-01,206,1,Furniture,36,22433.42,8615.98,0.3841,Baseline,Commercial Planning,2023,FQ2,2022,8,August
2022-08-01,206,1,Grocery,19,306.56,112.56,0.3672,Baseline,Finance Ops,2023,FQ2,2022,8,August
2022-08-01,206,1,Home Appliances,41,21404.53,9487.97,0.4433,Baseline,Finance Ops,2023,FQ2,2022,8,August
2022-08-01,206,1,Office Supplies,9,379.95,132.18,0.3479,Baseline,Finance Ops,2023,FQ2,2022,8,August
2022-08-01,206,1,Sports,10,1021.34,455.02,0.4455,Baseline,Commercial Planning,2023,FQ2,2022,8,August
2022-08-01,207,1,Beauty,2,123.18,52.06,0.4226,Baseline,Commercial Planning,2023,FQ2,2022,8,August
2022-08-01,207,1,Electronics,25,25750.27,11272.03,0.4377,Baseline,Commercial Planning,2023,FQ2,2022,8,August
2022-08-01,207,1,Fashion,3,470.97,219.52,0.4661,Baseline,Commercial Planning,2023,FQ2,2022,8,August
2022-08-01,207,1,Furniture,11,3468.88,1612.17,0.4648,Baseline,Finance Ops,2023,FQ2,2022,8,August
2022-08-01,207,1,Grocery,5,151.32,53.37,0.3527,Baseline,Finance Ops,2023,FQ2,2022,8,August
2022-08-01,207,1,Home Appliances,11,3509.62,1571.49,0.4478,Baseline,Regional Director,2023,FQ2,2022,8,August
2022-08-01,207,1,Office Supplies,13,728.64,310.58,0.4262,Baseline,Commercial Planning,2023,FQ2,2022,8,August
2022-08-01,207,1,Sports,31,5037.08,2224.7,0.4417,Baseline,Finance Ops,2023,FQ2,2022,8,August
2022-08-01,208,1,Beauty,10,457.22,169.68,0.3711,Baseline,Finance Ops,2023,FQ2,2022,8,August
2022-08-01,208,1,Electronics,9,8543.6,3644.94,0.4266,Baseline,Commercial Planning,2023,FQ2,2022,8,August
2022-08-01,208,1,Fashion,35,3333.67,1164.07,0.3492,Baseline,Commercial Planning,2023,FQ2,2022,8,August
2022-08-01,208,1,Furniture,24,9759.7,4111.5,0.4213,Baseline,Finance Ops,2023,FQ2,2022,8,August
2022-08-01,208,1,Grocery,31,532.86,231.06,0.4336,Baseline,Commercial Planning,2023,FQ2,2022,8,August
2022-08-01,208,1,Home Appliances,31,8298.26,3318.08,0.3999,Baseline,Commercial Planning,2023,FQ2,2022,8,August
2022-08-01,208,1,Office Supplies,23,1285.55,521.3,0.4055,Baseline,Commercial Planning,2023,FQ2,2022,8,August
2022-08-01,208,1,Sports,29,6099.93,2084.68,0.3418,Baseline,Regional Director,2023,FQ2,2022,8,August
2022-08-01,209,1,Beauty,12,387.91,144.17,0.3717,Baseline,Finance Ops,2023,FQ2,2022,8,August
2022-08-01,209,1,Electronics,38,29160.52,10832.29,0.3715,Baseline,Finance Ops,2023,FQ2,2022,8,August
2022-08-01,209,1,Fashion,12,1113.96,392.3,0.3522,Baseline,Finance Ops,2023,FQ2,2022,8,August
2022-08-01,209,1,Furniture,18,15713.42,6515.61,0.4147,Baseline,Commercial Planning,2023,FQ2,2022,8,August
2022-08-01,209,1,Grocery,21,561.44,163.53,0.2913,Baseline,Finance Ops,2023,FQ2,2022,8,August
2022-08-01,209,1,Home Appliances,13,4404.64,2054.01,0.4663,Baseline,Regional Director,2023,FQ2,2022,8,August
2022-08-01,209,1,Office Supplies,23,1149.45,449.3,0.3909,Baseline,Regional Director,2023,FQ2,2022,8,August
2022-08-01,209,1,Sports,32,6193.64,2845.76,0.4595,Baseline,Regional Director,2023,FQ2,2022,8,August
2022-08-01,210,1,Beauty,2,118.22,58.93,0.4985,Baseline,Commercial Planning,2023,FQ2,2022,8,August
2022-08-01,210,1,Electronics,11,7835.07,3251.11,0.4149,Baseline,Finance Ops,2023,FQ2,2022,8,August
2022-08-01,210,1,Fashion,16,1576.28,634.29,0.4024,Baseline,Commercial Planning,2023,FQ2,2022,8,August
2022-08-01,210,1,Furniture,10,2925.34,1225.79,0.419,Baseline,Finance Ops,2023,FQ2,2022,8,August
2022-08-01,210,1,Grocery,46,735.12,318.3,0.433,Baseline,Finance Ops,2023,FQ2,2022,8,August
2022-08-01,210,1,Home Appliances,26,14280.23,6039.62,0.4229,Baseline,Commercial Planning,2023,FQ2,2022,8,August
2022-08-01,210,1,Office Supplies,6,236.21,83.21,0.3523,Baseline,Finance Ops,2023,FQ2,2022,8,August
2022-08-01,210,1,Sports,13,2868.22,1134.31,0.3955,Baseline,Finance Ops,2023,FQ2,2022,8,August
2022-08-01,211,1,Beauty,19,1012.79,350.14,0.3457,Baseline,Commercial Planning,2023,FQ2,2022,8,August
2022-08-01,211,1,Electronics,38,39677.39,13802.22,0.3479,Baseline,Finance Ops,2023,FQ2,2022,8,August
2022-08-01,211,1,Fashion,24,2017.21,773.41,0.3834,Baseline,Commercial Planning,2023,FQ2,2022,8,August
2022-08-01,211,1,Furniture,30,17565.77,7769.31,0.4423,Baseline,Commercial Planning,2023,FQ2,2022,8,August
2022-08-01,211,1,Grocery,38,878.96,336.22,0.3825,Baseline,Finance Ops,2023,FQ2,2022,8,August
2022-08-01,211,1,Home Appliances,29,13713.67,5264.87,0.3839,Baseline,Commercial Planning,2023,FQ2,2022,8,August
2022-08-01,211,1,Office Supplies,40,1617.86,687.78,0.4251,Baseline,Finance Ops,2023,FQ2,2022,8,August
2022-08-01,211,1,Sports,10,2389.18,718.1,0.3006,Baseline,Commercial Planning,2023,FQ2,2022,8,August
2022-08-01,212,1,Beauty,16,848.89,350.45,0.4128,Baseline,Finance Ops,2023,FQ2,2022,8,August
2022-08-01,212,1,Electronics,29,25657.46,12158.97,0.4739,Baseline,Commercial Planning,2023,FQ2,2022,8,August
2022-08-01,212,1,Fashion,20,1862.44,853.63,0.4583,Baseline,Finance Ops,2023,FQ2,2022,8,August
2022-08-01,212,1,Furniture,10,6050.04,2391.48,0.3953,Baseline,Commercial Planning,2023,FQ2,2022,8,August
2022-08-01,212,1,Grocery,13,421.88,160.77,0.3811,Baseline,Commercial Planning,2023,FQ2,2022,8,August
2022-08-01,212,1,Home Appliances,6,2380.29,929.31,0.3904,Baseline,Finance Ops,2023,FQ2,2022,8,August
2022-08-01,212,1,Office Supplies,21,868.69,386.79,0.4453,Baseline,Finance Ops,2023,FQ2,2022,8,August
2022-08-01,212,1,Sports,23,4016.07,1501.12,0.3738,Baseline,Finance Ops,2023,FQ2,2022,8,August
2022-08-01,213,1,Beauty,29,1411.48,452.47,0.3206,Baseline,Regional Director,2023,FQ2,2022,8,August
2022-08-01,213,1,Electronics,15,13820.26,5873.29,0.425,Baseline,Finance Ops,2023,FQ2,2022,8,August
2022-08-01,213,1,Fashion,18,1401.52,567.04,0.4046,Baseline,Finance Ops,2023,FQ2,2022,8,August
2022-08-01,213,1,Furniture,21,13798.89,6146.28,0.4454,Baseline,Finance Ops,2023,FQ2,2022,8,August
2022-08-01,213,1,Grocery,30,852.53,328.5,0.3853,Baseline,Finance Ops,2023,FQ2,2022,8,August
2022-08-01,213,1,Home Appliances,15,7505.41,2407.7,0.3208,Baseline,Commercial Planning,2023,FQ2,2022,8,August
2022-08-01,213,1,Office Supplies,21,1036.1,454.3,0.4385,Baseline,Regional Director,2023,FQ2,2022,8,August
2022-08-01,213,1,Sports,21,4549.67,1827.09,0.4016,Baseline,Finance Ops,2023,FQ2,2022,8,August
2022-08-01,214,1,Beauty,23,1206.68,415.8,0.3446,Baseline,Regional Director,2023,FQ2,2022,8,August
2022-08-01,214,1,Electronics,29,25926.45,11173.35,0.431,Baseline,Finance Ops,2023,FQ2,2022,8,August
2022-08-01,214,1,Fashion,8,410.74,174.94,0.4259,Baseline,Finance Ops,2023,FQ2,2022,8,August
2022-08-01,214,1,Furniture,5,2857.73,1191.73,0.417,Baseline,Commercial Planning,2023,FQ2,2022,8,August
2022-08-01,214,1,Grocery,9,256.73,96.65,0.3765,Baseline,Commercial Planning,2023,FQ2,2022,8,August
2022-08-01,214,1,Home Appliances,21,6738.59,2762.53,0.41,Baseline,Commercial Planning,2023,FQ2,2022,8,August
2022-08-01,214,1,Office Supplies,18,1156.69,426.08,0.3684,Baseline,Commercial Planning,2023,FQ2,2022,8,August
2022-08-01,214,1,Sports,17,2649.05,1052.18,0.3972,Baseline,Regional Director,2023,FQ2,2022,8,August
2022-08-01,215,2,Beauty,65,2949.79,1032.6,0.3501,Baseline,Regional Director,2023,FQ2,2022,8,August
2022-08-01,215,2,Electronics,70,68086.44,26595.36,0.3906,Baseline,Commercial Planning,2023,FQ2,2022,8,August
2022-08-01,215,2,Fashion,46,4782.56,1972.76,0.4125,Baseline,Commercial Planning,2023,FQ2,2022,8,August
2022-08-01,215,2,Furniture,34,27720.74,11056.25,0.3988,Baseline,Finance Ops,2023,FQ2,2022,8,August
2022-08-01,215,2,Grocery,30,607.59,270.45,0.4451,Baseline,Regional Director,2023,FQ2,2022,8,August
2022-08-01,215,2,Home Appliances,62,19970.59,7909.14,0.396,Baseline,Commercial Planning,2023,FQ2,2022,8,August
2022-08-01,215,2,Office Supplies,38,1734.69,650.44,0.375,Baseline,Regional Director,2023,FQ2,2022,8,August
2022-08-01,215,2,Sports,29,5954.37,2559.18,0.4298,Baseline,Commercial Planning,2023,FQ2,2022,8,August
2022-08-01,216,2,Beauty,21,1156.28,421.1,0.3642,Baseline,Regional Director,2023,FQ2,2022,8,August
2022-08-01,216,2,Electronics,69,74864.25,27791.06,0.3712,Baseline,Regional Director,2023,FQ2,2022,8,August
2022-08-01,216,2,Fashion,42,5069.82,2007.65,0.396,Baseline,Commercial Planning,2023,FQ2,2022,8,August
2022-08-01,216,2,Furniture,39,22065.45,7262.33,0.3291,Baseline,Finance Ops,2023,FQ2,2022,8,August
2022-08-01,216,2,Grocery,35,1021.57,462.91,0.4531,Baseline,Finance Ops,2023,FQ2,2022,8,August
2022-08-01,216,2,Home Appliances,28,12852.92,5049.97,0.3929,Baseline,Finance Ops,2023,FQ2,2022,8,August
2022-08-01,216,2,Office Supplies,60,2383.71,940.98,0.3948,Baseline,Finance Ops,2023,FQ2,2022,8,August
2022-08-01,216,2,Sports,28,4344.4,1909.56,0.4395,Baseline,Regional Director,2023,FQ2,2022,8,August
2022-08-01,217,2,Beauty,49,2967.86,1033.01,0.3481,Baseline,Regional Director,2023,FQ2,2022,8,August
2022-08-01,217,2,Electronics,58,53761.81,19790.85,0.3681,Baseline,Finance Ops,2023,FQ2,2022,8,August
2022-08-01,217,2,Fashion,53,4473.17,1728.92,0.3865,Baseline,Commercial Planning,2023,FQ2,2022,8,August
2022-08-01,217,2,Furniture,27,16926.01,5977.25,0.3531,Baseline,Finance Ops,2023,FQ2,2022,8,August
2022-08-01,217,2,Grocery,16,494.07,228.81,0.4631,Baseline,Finance Ops,2023,FQ2,2022,8,August
2022-08-01,217,2,Home Appliances,37,18733.48,7861.22,0.4196,Baseline,Finance Ops,2023,FQ2,2022,8,August
2022-08-01,217,2,Office Supplies,42,1933.6,733.48,0.3793,Baseline,Regional Director,2023,FQ2,2022,8,August
2022-08-01,217,2,Sports,54,12416.42,4792.03,0.3859,Baseline,Finance Ops,2023,FQ2,2022,8,August
2022-08-01,218,3,Beauty,123,4630.07,1067.74,0.2306,Baseline,Commercial Planning,2023,FQ2,2022,8,August
2022-08-01,218,3,Electronics,224,266851.49,89400.92,0.335,Baseline,Finance Ops,2023,FQ2,2022,8,August
2022-08-01,218,3,Fashion,353,32207.47,11718.02,0.3638,Baseline,Commercial Planning,2023,FQ2,2022,8,August
2022-08-01,218,3,Furniture,213,107824.49,39304.87,0.3645,Baseline,Finance Ops,2023,FQ2,2022,8,August
2022-08-01,218,3,Grocery,228,6926.54,2420.68,0.3495,Baseline,Finance Ops,2023,FQ2,2022,8,August
2022-08-01,218,3,Home Appliances,712,333079.78,125251.46,0.376,Baseline,Commercial Planning,2023,FQ2,2022,8,August
2022-08-01,218,3,Office Supplies,499,20905.19,7743.71,0.3704,Baseline,Finance Ops,2023,FQ2,2022,8,August
2022-08-01,218,3,Sports,235,36733.1,13779.17,0.3751,Baseline,Finance Ops,2023,FQ2,2022,8,August
2022-08-01,219,3,Beauty,143,7355.11,2423.8,0.3295,Baseline,Commercial Planning,2023,FQ2,2022,8,August
2022-08-01,219,3,Electronics,194,137970.05,50360.07,0.365,Baseline,Commercial Planning,2023,FQ2,2022,8,August
2022-08-01,219,3,Fashion,254,16413.3,5814.31,0.3542,Baseline,Finance Ops,2023,FQ2,2022,8,August
2022-08-01,219,3,Furniture,262,193253.82,51979.23,0.269,Baseline,Regional Director,2023,FQ2,2022,8,August
2022-08-01,219,3,Grocery,371,8978.01,3293.11,0.3668,Baseline,Regional Director,2023,FQ2,2022,8,August
2022-08-01,219,3,Home Appliances,469,179697.57,68409.18,0.3807,Baseline,Finance Ops,2023,FQ2,2022,8,August
2022-08-01,219,3,Office Supplies,261,11622.59,3758.99,0.3234,Baseline,Finance Ops,2023,FQ2,2022,8,August
2022-08-01,219,3,Sports,318,44918.64,18827.22,0.4191,Baseline,Commercial Planning,2023,FQ2,2022,8,August
2022-08-01,220,4,Beauty,74,4009.83,1307.02,0.326,Baseline,Regional Director,2023,FQ2,2022,8,August
2022-08-01,220,4,Electronics,92,84219.14,32841.57,0.39,Baseline,Commercial Planning,2023,FQ2,2022,8,August
2022-08-01,220,4,Fashion,79,7672.36,2872.63,0.3744,Baseline,Commercial Planning,2023,FQ2,2022,8,August
2022-08-01,220,4,Furniture,76,45251.71,15956.27,0.3526,Baseline,Commercial Planning,2023,FQ2,2022,8,August
2022-08-01,220,4,Grocery,83,2706.77,1043.43,0.3855,Baseline,Finance Ops,2023,FQ2,2022,8,August
2022-08-01,220,4,Home Appliances,113,52935.42,18767.39,0.3545,Baseline,Commercial Planning,2023,FQ2,2022,8,August
2022-08-01,220,4,Office Supplies,80,3780.38,1511.55,0.3998,Baseline,Regional Director,2023,FQ2,2022,8,August
2022-08-01,220,4,Sports,42,9098.29,3712.05,0.408,Baseline,Finance Ops,2023,FQ2,2022,8,August
2022-09-01,201,1,Electronics,23,28955.32,12473.84,0.4308,Baseline,Regional Director,2023,FQ2,2022,9,September
2022-09-01,201,1,Fashion,14,1284.09,518.23,0.4036,Baseline,Finance Ops,2023,FQ2,2022,9,September
2022-09-01,201,1,Furniture,24,18788.55,7670.01,0.4082,Baseline,Finance Ops,2023,FQ2,2022,9,September
2022-09-01,201,1,Grocery,7,141.64,39.42,0.2783,Baseline,Finance Ops,2023,FQ2,2022,9,September
2022-09-01,201,1,Home Appliances,21,11084.0,4854.01,0.4379,Baseline,Commercial Planning,2023,FQ2,2022,9,September
2022-09-01,201,1,Office Supplies,12,633.02,264.85,0.4184,Baseline,Finance Ops,2023,FQ2,2022,9,September
2022-09-01,201,1,Sports,6,1277.07,500.78,0.3921,Baseline,Commercial Planning,2023,FQ2,2022,9,September
2022-09-01,202,1,Beauty,31,1322.58,476.89,0.3606,Baseline,Finance Ops,2023,FQ2,2022,9,September
2022-09-01,202,1,Electronics,21,18420.57,7399.76,0.4017,Baseline,Finance Ops,2023,FQ2,2022,9,September
2022-09-01,202,1,Fashion,2,153.48,73.47,0.4787,Baseline,Finance Ops,2023,FQ2,2022,9,September
2022-09-01,202,1,Furniture,30,16486.6,6779.33,0.4112,Baseline,Finance Ops,2023,FQ2,2022,9,September
2022-09-01,202,1,Grocery,6,162.0,61.29,0.3783,Baseline,Commercial Planning,2023,FQ2,2022,9,September
2022-09-01,202,1,Home Appliances,14,9040.2,3502.42,0.3874,Baseline,Commercial Planning,2023,FQ2,2022,9,September
2022-09-01,202,1,Office Supplies,11,618.42,232.02,0.3752,Baseline,Commercial Planning,2023,FQ2,2022,9,September
2022-09-01,202,1,Sports,15,2456.62,927.44,0.3775,Baseline,Finance Ops,2023,FQ2,2022,9,September
2022-09-01,203,1,Beauty,13,901.09,301.67,0.3348,Baseline,Commercial Planning,2023,FQ2,2022,9,September
2022-09-01,203,1,Furniture,5,4182.08,1140.67,0.2728,Baseline,Finance Ops,2023,FQ2,2022,9,September
2022-09-01,203,1,Grocery,20,211.63,102.28,0.4833,Baseline,Finance Ops,2023,FQ2,2022,9,September
2022-09-01,203,1,Home Appliances,7,5248.06,2258.74,0.4304,Baseline,Finance Ops,2023,FQ2,2022,9,September
2022-09-01,203,1,Office Supplies,11,571.27,256.16,0.4484,Baseline,Regional Director,2023,FQ2,2022,9,September
2022-09-01,203,1,Sports,23,3115.04,1623.34,0.5211,Baseline,Finance Ops,2023,FQ2,2022,9,September
2022-09-01,204,1,Beauty,15,934.57,330.62,0.3538,Baseline,Commercial Planning,2023,FQ2,2022,9,September
2022-09-01,204,1,Electronics,27,13437.7,5395.89,0.4015,Baseline,Commercial Planning,2023,FQ2,2022,9,September
2022-09-01,204,1,Fashion,34,4459.69,1734.59,0.3889,Baseline,Regional Director,2023,FQ2,2022,9,September
2022-09-01,204,1,Furniture,23,19102.85,7983.82,0.4179,Baseline,Finance Ops,2023,FQ2,2022,9,September
2022-09-01,204,1,Grocery,11,206.3,72.21,0.35,Baseline,Commercial Planning,2023,FQ2,2022,9,September
2022-09-01,204,1,Home Appliances,1,580.65,266.43,0.4588,Baseline,Finance Ops,2023,FQ2,2022,9,September
2022-09-01,204,1,Office Supplies,42,1903.93,711.42,0.3737,Baseline,Commercial Planning,2023,FQ2,2022,9,September
2022-09-01,204,1,Sports,13,1876.92,797.22,0.4247,Baseline,Commercial Planning,2023,FQ2,2022,9,September
2022-09-01,205,1,Beauty,9,516.96,213.27,0.4125,Baseline,Commercial Planning,2023,FQ2,2022,9,September
2022-09-01,205,1,Electronics,2,1184.71,300.69,0.2538,Baseline,Finance Ops,2023,FQ2,2022,9,September
2022-09-01,205,1,Fashion,13,1503.69,616.7,0.4101,Baseline,Finance Ops,2023,FQ2,2022,9,September
2022-09-01,205,1,Furniture,15,10428.96,3508.4,0.3364,Baseline,Finance Ops,2023,FQ2,2022,9,September
2022-09-01,205,1,Grocery,12,340.3,112.4,0.3303,Baseline,Commercial Planning,2023,FQ2,2022,9,September
2022-09-01,205,1,Home Appliances,16,12420.6,4349.76,0.3502,Baseline,Finance Ops,2023,FQ2,2022,9,September
2022-09-01,205,1,Office Supplies,23,1074.85,407.35,0.379,Baseline,Commercial Planning,2023,FQ2,2022,9,September
2022-09-01,205,1,Sports,22,2283.14,1020.12,0.4468,Baseline,Commercial Planning,2023,FQ2,2022,9,September
2022-09-01,206,1,Beauty,13,461.63,184.47,0.3996,Baseline,Finance Ops,2023,FQ2,2022,9,September
2022-09-01,206,1,Electronics,22,18088.0,7198.79,0.398,Baseline,Finance Ops,2023,FQ2,2022,9,September
2022-09-01,206,1,Fashion,10,1145.54,469.91,0.4102,Baseline,Commercial Planning,2023,FQ2,2022,9,September
2022-09-01,206,1,Furniture,33,29271.9,10047.04,0.3432,Baseline,Finance Ops,2023,FQ2,2022,9,September
2022-09-01,206,1,Grocery,8,220.22,71.92,0.3266,Baseline,Finance Ops,2023,FQ2,2022,9,September
2022-09-01,206,1,Home Appliances,12,5854.95,2293.69,0.3918,Baseline,Finance Ops,2023,FQ2,2022,9,September
2022-09-01,206,1,Office Supplies,12,686.38,312.0,0.4546,Baseline,Finance Ops,2023,FQ2,2022,9,September
2022-09-01,206,1,Sports,24,5105.4,2131.97,0.4176,Baseline,Commercial Planning,2023,FQ2,2022,9,September
2022-09-01,207,1,Beauty,22,1174.98,395.33,0.3365,Baseline,Commercial Planning,2023,FQ2,2022,9,September
2022-09-01,207,1,Electronics,14,9266.99,3156.2,0.3406,Baseline,Finance Ops,2023,FQ2,2022,9,September
2022-09-01,207,1,Fashion,21,2054.95,724.59,0.3526,Baseline,Commercial Planning,2023,FQ2,2022,9,September
2022-09-01,207,1,Furniture,17,6294.09,2747.92,0.4366,Baseline,Regional Director,2023,FQ2,2022,9,September
2022-09-01,207,1,Grocery,7,247.11,96.54,0.3907,Baseline,Finance Ops,2023,FQ2,2022,9,September
2022-09-01,207,1,Home Appliances,22,9620.7,3610.6,0.3753,Baseline,Regional Director,2023,FQ2,2022,9,September
2022-09-01,207,1,Office Supplies,6,339.51,139.94,0.4122,Baseline,Finance Ops,2023,FQ2,2022,9,September
2022-09-01,207,1,Sports,14,3126.81,1026.34,0.3282,Baseline,Finance Ops,2023,FQ2,2022,9,September
2022-09-01,208,1,Beauty,15,907.42,378.89,0.4175,Baseline,Finance Ops,2023,FQ2,2022,9,September
2022-09-01,208,1,Electronics,12,10431.06,4874.23,0.4673,Baseline,Finance Ops,2023,FQ2,2022,9,September
2022-09-01,208,1,Fashion,29,3405.79,1504.51,0.4418,Baseline,Finance Ops,2023,FQ2,2022,9,September
2022-09-01,208,1,Furniture,18,8496.14,2831.51,0.3333,Baseline,Regional Director,2023,FQ2,2022,9,September
2022-09-01,208,1,Grocery,12,273.27,100.56,0.368,Baseline,Commercial Planning,2023,FQ2,2022,9,September
2022-09-01,208,1,Home Appliances,4,2010.68,810.02,0.4029,Baseline,Finance Ops,2023,FQ2,2022,9,September
2022-09-01,208,1,Office Supplies,6,315.71,129.74,0.4109,Baseline,Finance Ops,2023,FQ2,2022,9,September
2022-09-01,208,1,Sports,18,2416.17,945.0,0.3911,Baseline,Commercial Planning,2023,FQ2,2022,9,September
2022-09-01,209,1,Beauty,17,911.25,299.67,0.3289,Baseline,Commercial Planning,2023,FQ2,2022,9,September
2022-09-01,209,1,Electronics,22,14219.01,4788.02,0.3367,Baseline,Regional Director,2023,FQ2,2022,9,September
2022-09-01,209,1,Fashion,14,1494.12,672.14,0.4499,Baseline,Commercial Planning,2023,FQ2,2022,9,September
2022-09-01,209,1,Furniture,11,6264.46,2419.99,0.3863,Baseline,Finance Ops,2023,FQ2,2022,9,September
2022-09-01,209,1,Grocery,8,230.17,97.61,0.4241,Baseline,Commercial Planning,2023,FQ2,2022,9,September
2022-09-01,209,1,Home Appliances,27,13851.17,6387.15,0.4611,Baseline,Finance Ops,2023,FQ2,2022,9,September
2022-09-01,209,1,Office Supplies,10,516.62,228.52,0.4423,Baseline,Commercial Planning,2023,FQ2,2022,9,September
2022-09-01,209,1,Sports,7,1664.88,605.71,0.3638,Baseline,Commercial Planning,2023,FQ2,2022,9,September
2022-09-01,210,1,Beauty,17,1003.24,357.46,0.3563,Baseline,Finance Ops,2023,FQ2,2022,9,September
2022-09-01,210,1,Electronics,25,24373.16,9980.14,0.4095,Baseline,Finance Ops,2023,FQ2,2022,9,September
2022-09-01,210,1,Fashion,19,2470.08,1140.22,0.4616,Baseline,Finance Ops,2023,FQ2,2022,9,September
2022-09-01,210,1,Furniture,16,9557.92,3675.18,0.3845,Baseline,Finance Ops,2023,FQ2,2022,9,September
2022-09-01,210,1,Home Appliances,11,676.63,251.64,0.3719,Baseline,Regional Director,2023,FQ2,2022,9,September
2022-09-01,210,1,Office Supplies,28,1107.09,511.33,0.4619,Baseline,Finance Ops,2023,FQ2,2022,9,September
2022-09-01,210,1,Sports,12,2148.61,735.21,0.3422,Baseline,Commercial Planning,2023,FQ2,2022,9,September
2022-09-01,211,1,Beauty,15,969.54,316.99,0.3269,Baseline,Regional Director,2023,FQ2,2022,9,September
2022-09-01,211,1,Electronics,26,11910.58,5461.79,0.4586,Baseline,Finance Ops,2023,FQ2,2022,9,September
2022-09-01,211,1,Fashion,7,666.53,224.01,0.3361,Baseline,Finance Ops,2023,FQ2,2022,9,September
2022-09-01,211,1,Furniture,11,6942.09,2387.21,0.3439,Baseline,Commercial Planning,2023,FQ2,2022,9,September
2022-09-01,211,1,Grocery,2,61.15,20.74,0.3392,Baseline,Finance Ops,2023,FQ2,2022,9,September
2022-09-01,211,1,Home Appliances,36,18083.44,7652.69,0.4232,Baseline,Finance Ops,2023,FQ2,2022,9,September
2022-09-01,211,1,Office Supplies,21,919.22,321.04,0.3493,Baseline,Finance Ops,2023,FQ2,2022,9,September
2022-09-01,211,1,Sports,19,2767.27,1277.2,0.4615,Baseline,Finance Ops,2023,FQ2,2022,9,September
2022-09-01,212,1,Beauty,18,1012.74,422.21,0.4169,Baseline,Regional Director,2023,FQ2,2022,9,September
2022-09-01,212,1,Electronics,37,39452.35,13954.54,0.3537,Baseline,Finance Ops,2023,FQ2,2022,9,September
2022-09-01,212,1,Fashion,16,1787.54,677.81,0.3792,Baseline,Finance Ops,2023,FQ2,2022,9,September
2022-09-01,212,1,Furniture,18,13884.25,5332.97,0.3841,Baseline,Regional Director,2023,FQ2,2022,9,September
2022-09-01,212,1,Grocery,22,474.94,191.3,0.4028,Baseline,Commercial Planning,2023,FQ2,2022,9,September
2022-09-01,212,1,Home Appliances,25,15012.77,5956.08,0.3967,Baseline,Commercial Planning,2023,FQ2,2022,9,September
2022-09-01,212,1,Office Supplies,11,312.41,129.78,0.4154,Baseline,Regional Director,2023,FQ2,2022,9,September
2022-09-01,212,1,Sports,16,2732.4,1297.56,0.4749,Baseline,Regional Director,2023,FQ2,2022,9,September
2022-09-01,213,1,Beauty,19,1193.81,304.7,0.2552,Baseline,Finance Ops,2023,FQ2,2022,9,September
2022-09-01,213,1,Electronics,20,16550.36,7266.02,0.439,Baseline,Commercial Planning,2023,FQ2,2022,9,September
2022-09-01,213,1,Fashion,12,2001.87,848.06,0.4236,Baseline,Finance Ops,2023,FQ2,2022,9,September
2022-09-01,213,1,Furniture,39,22253.89,10181.31,0.4575,Baseline,Regional Director,2023,FQ2,2022,9,September
2022-09-01,213,1,Grocery,8,324.98,134.58,0.4141,Baseline,Commercial Planning,2023,FQ2,2022,9,September
2022-09-01,213,1,Home Appliances,16,8989.53,4052.48,0.4508,Baseline,Finance Ops,2023,FQ2,2022,9,September
2022-09-01,213,1,Office Supplies,10,557.93,253.67,0.4547,Baseline,Commercial Planning,2023,FQ2,2022,9,September
2022-09-01,213,1,Sports,14,2304.5,1007.05,0.437,Baseline,Commercial Planning,2023,FQ2,2022,9,September
2022-09-01,214,1,Beauty,6,297.17,120.72,0.4062,Baseline,Commercial Planning,2023,FQ2,2022,9,September
2022-09-01,214,1,Electronics,15,11335.86,6065.99,0.5351,Baseline,Commercial Planning,2023,FQ2,2022,9,September
2022-09-01,214,1,Fashion,11,1084.57,434.01,0.4002,Baseline,Commercial Planning,2023,FQ2,2022,9,September
2022-09-01,214,1,Furniture,8,4359.51,1834.76,0.4209,Baseline,Commercial Planning,2023,FQ2,2022,9,September
2022-09-01,214,1,Grocery,22,573.23,221.81,0.3869,Baseline,Regional Director,2023,FQ2,2022,9,September
2022-09-01,214,1,Home Appliances,19,10058.28,4450.96,0.4425,Baseline,Regional Director,2023,FQ2,2022,9,September
2022-09-01,214,1,Office Supplies,21,890.65,385.09,0.4324,Baseline,Commercial Planning,2023,FQ2,2022,9,September
2022-09-01,214,1,Sports,36,6356.73,2888.49,0.4544,Baseline,Commercial Planning,2023,FQ2,2022,9,September
2022-09-01,215,2,Beauty,62,3422.55,1327.38,0.3878,Baseline,Regional Director,2023,FQ2,2022,9,September
2022-09-01,215,2,Electronics,42,39905.86,15846.84,0.3971,Baseline,Commercial Planning,2023,FQ2,2022,9,September
2022-09-01,215,2,Fashion,17,2078.83,857.52,0.4125,Baseline,Finance Ops,2023,FQ2,2022,9,September
2022-09-01,215,2,Furniture,38,27955.73,10650.66,0.381,Baseline,Finance Ops,2023,FQ2,2022,9,September
2022-09-01,215,2,Grocery,37,917.66,365.7,0.3985,Baseline,Finance Ops,2023,FQ2,2022,9,September
2022-09-01,215,2,Home Appliances,26,7037.9,2831.55,0.4023,Baseline,Finance Ops,2023,FQ2,2022,9,September
2022-09-01,215,2,Office Supplies,39,1530.65,625.58,0.4087,Baseline,Commercial Planning,2023,FQ2,2022,9,September
2022-09-01,215,2,Sports,13,2300.99,1050.47,0.4565,Baseline,Commercial Planning,2023,FQ2,2022,9,September
2022-09-01,216,2,Beauty,28,1537.6,490.17,0.3188,Baseline,Commercial Planning,2023,FQ2,2022,9,September
2022-09-01,216,2,Electronics,32,32665.81,14700.96,0.45,Baseline,Finance Ops,2023,FQ2,2022,9,September
2022-09-01,216,2,Fashion,28,3140.53,1152.17,0.3669,Baseline,Finance Ops,2023,FQ2,2022,9,September
2022-09-01,216,2,Furniture,47,46222.37,16864.44,0.3649,Baseline,Regional Director,2023,FQ2,2022,9,September
2022-09-01,216,2,Grocery,26,736.35,304.88,0.414,Baseline,Finance Ops,2023,FQ2,2022,9,September
2022-09-01,216,2,Home Appliances,37,15886.15,5436.37,0.3422,Baseline,Finance Ops,2023,FQ2,2022,9,September
2022-09-01,216,2,Office Supplies,40,1985.35,804.48,0.4052,Baseline,Commercial Planning,2023,FQ2,2022,9,September
2022-09-01,216,2,Sports,34,7041.85,2954.19,0.4195,Baseline,Commercial Planning,2023,FQ2,2022,9,September
2022-09-01,217,2,Beauty,17,742.15,304.78,0.4107,Baseline,Finance Ops,2023,FQ2,2022,9,September
2022-09-01,217,2,Electronics,59,54479.62,22652.73,0.4158,Baseline,Commercial Planning,2023,FQ2,2022,9,September
2022-09-01,217,2,Fashion,32,2306.51,883.34,0.383,Baseline,Commercial Planning,2023,FQ2,2022,9,September
2022-09-01,217,2,Furniture,35,22014.36,8054.76,0.3659,Baseline,Finance Ops,2023,FQ2,2022,9,September
2022-09-01,217,2,Grocery,32,952.03,356.24,0.3742,Baseline,Finance Ops,2023,FQ2,2022,9,September
2022-09-01,217,2,Home Appliances,16,7177.31,2964.2,0.413,Baseline,Commercial Planning,2023,FQ2,2022,9,September
2022-09-01,217,2,Office Supplies,16,930.53,353.72,0.3801,Baseline,Finance Ops,2023,FQ2,2022,9,September
2022-09-01,217,2,Sports,41,7840.76,3252.38,0.4148,Baseline,Finance Ops,2023,FQ2,2022,9,September
2022-09-01,218,3,Beauty,138,6105.7,1952.3,0.3198,Baseline,Finance Ops,2023,FQ2,2022,9,September
2022-09-01,218,3,Electronics,300,268135.42,104806.36,0.3909,Baseline,Finance Ops,2023,FQ2,2022,9,September
2022-09-01,218,3,Fashion,171,23649.65,9784.25,0.4137,Baseline,Regional Director,2023,FQ2,2022,9,September
2022-09-01,218,3,Furniture,212,128482.62,46235.64,0.3599,Baseline,Commercial Planning,2023,FQ2,2022,9,September
2022-09-01,218,3,Grocery,237,6308.97,2622.33,0.4157,Baseline,Commercial Planning,2023,FQ2,2022,9,September
2022-09-01,218,3,Home Appliances,340,145676.84,60736.33,0.4169,Baseline,Finance Ops,2023,FQ2,2022,9,September
2022-09-01,218,3,Office Supplies,346,15058.69,6285.77,0.4174,Baseline,Regional Director,2023,FQ2,2022,9,September
2022-09-01,218,3,Sports,128,25435.73,9066.14,0.3564,Baseline,Finance Ops,2023,FQ2,2022,9,September
2022-09-01,219,3,Beauty,352,16085.03,6296.12,0.3914,Baseline,Commercial Planning,2023,FQ2,2022,9,September
2022-09-01,219,3,Electronics,218,233131.04,84662.37,0.3632,Baseline,Regional Director,2023,FQ2,2022,9,September
2022-09-01,219,3,Fashion,247,25374.14,10716.76,0.4223,Baseline,Finance Ops,2023,FQ2,2022,9,September
2022-09-01,219,3,Furniture,268,144064.35,53825.09,0.3736,Baseline,Commercial Planning,2023,FQ2,2022,9,September
2022-09-01,219,3,Grocery,246,6894.06,2088.33,0.3029,Baseline,Finance Ops,2023,FQ2,2022,9,September
2022-09-01,219,3,Home Appliances,390,214839.07,79710.75,0.371,Baseline,Finance Ops,2023,FQ2,2022,9,September
2022-09-01,219,3,Office Supplies,383,17456.99,6893.1,0.3949,Baseline,Regional Director,2023,FQ2,2022,9,September
2022-09-01,219,3,Sports,208,33630.28,14433.33,0.4292,Baseline,Finance Ops,2023,FQ2,2022,9,September
2022-09-01,220,4,Beauty,88,5152.04,1691.99,0.3284,Baseline,Finance Ops,2023,FQ2,2022,9,September
2022-09-01,220,4,Electronics,52,37858.68,15161.38,0.4005,Baseline,Commercial Planning,2023,FQ2,2022,9,September
2022-09-01,220,4,Fashion,71,6916.11,2812.87,0.4067,Baseline,Finance Ops,2023,FQ2,2022,9,September
2022-09-01,220,4,Furniture,58,38968.9,12219.79,0.3136,Baseline,Finance Ops,2023,FQ2,2022,9,September
2022-09-01,220,4,Grocery,57,1839.42,816.25,0.4438,Baseline,Regional Director,2023,FQ2,2022,9,September
2022-09-01,220,4,Home Appliances,64,28680.7,12387.74,0.4319,Baseline,Regional Director,2023,FQ2,2022,9,September
2022-09-01,220,4,Office Supplies,71,3011.67,1225.76,0.407,Baseline,Finance Ops,2023,FQ2,2022,9,September
2022-09-01,220,4,Sports,62,13996.48,5030.08,0.3594,Baseline,Regional Director,2023,FQ2,2022,9,September
2022-10-01,201,1,Beauty,25,1237.35,309.84,0.2504,Baseline,Commercial Planning,2023,FQ3,2022,10,October
2022-10-01,201,1,Electronics,45,39842.09,14049.11,0.3526,Baseline,Regional Director,2023,FQ3,2022,10,October
2022-10-01,201,1,Fashion,16,1924.04,739.43,0.3843,Baseline,Finance Ops,2023,FQ3,2022,10,October
2022-10-01,201,1,Furniture,22,11163.03,3651.49,0.3271,Baseline,Finance Ops,2023,FQ3,2022,10,October
2022-10-01,201,1,Grocery,20,397.92,144.16,0.3623,Baseline,Commercial Planning,2023,FQ3,2022,10,October
2022-10-01,201,1,Home Appliances,17,7817.06,2695.47,0.3448,Baseline,Finance Ops,2023,FQ3,2022,10,October
2022-10-01,201,1,Office Supplies,23,1036.51,250.81,0.242,Baseline,Commercial Planning,2023,FQ3,2022,10,October
2022-10-01,201,1,Sports,10,1460.27,607.98,0.4163,Baseline,Commercial Planning,2023,FQ3,2022,10,October
2022-10-01,202,1,Beauty,25,1201.08,302.54,0.2519,Baseline,Commercial Planning,2023,FQ3,2022,10,October
2022-10-01,202,1,Electronics,27,18566.39,6038.47,0.3252,Baseline,Finance Ops,2023,FQ3,2022,10,October
2022-10-01,202,1,Fashion,13,998.1,342.19,0.3428,Baseline,Regional Director,2023,FQ3,2022,10,October
2022-10-01,202,1,Furniture,17,10893.37,3617.66,0.3321,Baseline,Finance Ops,2023,FQ3,2022,10,October
2022-10-01,202,1,Grocery,35,774.59,303.33,0.3916,Baseline,Finance Ops,2023,FQ3,2022,10,October
2022-10-01,202,1,Home Appliances,16,5138.37,2154.8,0.4194,Baseline,Finance Ops,2023,FQ3,2022,10,October
2022-10-01,202,1,Office Supplies,18,630.86,251.17,0.3981,Baseline,Commercial Planning,2023,FQ3,2022,10,October
2022-10-01,202,1,Sports,37,5330.33,2395.72,0.4495,Baseline,Finance Ops,2023,FQ3,2022,10,October
2022-10-01,203,1,Beauty,27,1446.47,451.49,0.3121,Baseline,Regional Director,2023,FQ3,2022,10,October
2022-10-01,203,1,Electronics,27,16331.07,6081.68,0.3724,Baseline,Finance Ops,2023,FQ3,2022,10,October
2022-10-01,203,1,Fashion,35,3390.5,1569.52,0.4629,Baseline,Finance Ops,2023,FQ3,2022,10,October
2022-10-01,203,1,Furniture,16,9477.22,3466.04,0.3657,Baseline,Commercial Planning,2023,FQ3,2022,10,October
2022-10-01,203,1,Grocery,10,224.15,91.29,0.4073,Baseline,Regional Director,2023,FQ3,2022,10,October
2022-10-01,203,1,Home Appliances,9,3232.97,1290.87,0.3993,Baseline,Finance Ops,2023,FQ3,2022,10,October
2022-10-01,203,1,Office Supplies,20,735.11,271.84,0.3698,Baseline,Commercial Planning,2023,FQ3,2022,10,October
2022-10-01,203,1,Sports,14,1615.94,631.82,0.391,Baseline,Finance Ops,2023,FQ3,2022,10,October
2022-10-01,204,1,Beauty,14,607.2,232.23,0.3825,Baseline,Finance Ops,2023,FQ3,2022,10,October
2022-10-01,204,1,Electronics,25,25292.78,9017.85,0.3565,Baseline,Commercial Planning,2023,FQ3,2022,10,October
2022-10-01,204,1,Fashion,28,3282.24,1096.58,0.3341,Baseline,Finance Ops,2023,FQ3,2022,10,October
2022-10-01,204,1,Furniture,10,2094.11,655.4,0.313,Baseline,Commercial Planning,2023,FQ3,2022,10,October
2022-10-01,204,1,Grocery,23,587.44,224.46,0.3821,Baseline,Commercial Planning,2023,FQ3,2022,10,October
2022-10-01,204,1,Home Appliances,33,15290.64,5117.95,0.3347,Baseline,Finance Ops,2023,FQ3,2022,10,October
2022-10-01,204,1,Office Supplies,17,749.44,257.65,0.3438,Baseline,Commercial Planning,2023,FQ3,2022,10,October
2022-10-01,204,1,Sports,27,5455.63,2094.96,0.384,Baseline,Regional Director,2023,FQ3,2022,10,October
2022-10-01,205,1,Beauty,30,1494.37,642.99,0.4303,Baseline,Finance Ops,2023,FQ3,2022,10,October
2022-10-01,205,1,Electronics,12,5646.73,1983.12,0.3512,Baseline,Commercial Planning,2023,FQ3,2022,10,October
2022-10-01,205,1,Fashion,6,797.47,328.07,0.4114,Baseline,Regional Director,2023,FQ3,2022,10,October
2022-10-01,205,1,Furniture,14,5268.58,1532.33,0.2908,Baseline,Finance Ops,2023,FQ3,2022,10,October
2022-10-01,205,1,Grocery,20,411.26,112.94,0.2746,Baseline,Finance Ops,2023,FQ3,2022,10,October
2022-10-01,205,1,Home Appliances,19,8132.86,2312.34,0.2843,Baseline,Commercial Planning,2023,FQ3,2022,10,October
2022-10-01,205,1,Office Supplies,7,294.06,90.97,0.3094,Baseline,Commercial Planning,2023,FQ3,2022,10,October
2022-10-01,205,1,Sports,16,2388.44,902.78,0.378,Baseline,Commercial Planning,2023,FQ3,2022,10,October
2022-10-01,206,1,Beauty,24,1410.73,396.49,0.2811,Baseline,Finance Ops,2023,FQ3,2022,10,October
2022-10-01,206,1,Electronics,32,27205.65,9084.7,0.3339,Baseline,Commercial Planning,2023,FQ3,2022,10,October
2022-10-01,206,1,Fashion,13,1875.93,856.69,0.4567,Baseline,Finance Ops,2023,FQ3,2022,10,October
2022-10-01,206,1,Furniture,9,1899.51,953.09,0.5018,Baseline,Finance Ops,2023,FQ3,2022,10,October
2022-10-01,206,1,Grocery,14,339.71,114.78,0.3379,Baseline,Regional Director,2023,FQ3,2022,10,October
2022-10-01,206,1,Home Appliances,30,11614.23,4811.89,0.4143,Baseline,Finance Ops,2023,FQ3,2022,10,October
2022-10-01,206,1,Office Supplies,10,357.59,152.93,0.4277,Baseline,Finance Ops,2023,FQ3,2022,10,October
2022-10-01,206,1,Sports,24,3520.0,1132.95,0.3219,Baseline,Finance Ops,2023,FQ3,2022,10,October
2022-10-01,207,1,Beauty,21,592.46,131.41,0.2218,Baseline,Finance Ops,2023,FQ3,2022,10,October
2022-10-01,207,1,Electronics,45,38380.86,12754.96,0.3323,Baseline,Commercial Planning,2023,FQ3,2022,10,October
2022-10-01,207,1,Fashion,8,985.71,414.77,0.4208,Baseline,Commercial Planning,2023,FQ3,2022,10,October
2022-10-01,207,1,Furniture,39,22546.04,7006.32,0.3108,Baseline,Commercial Planning,2023,FQ3,2022,10,October
2022-10-01,207,1,Grocery,14,190.94,59.44,0.3113,Baseline,Finance Ops,2023,FQ3,2022,10,October
2022-10-01,207,1,Home Appliances,34,16706.13,6002.09,0.3593,Baseline,Commercial Planning,2023,FQ3,2022,10,October
2022-10-01,207,1,Office Supplies,12,507.93,161.36,0.3177,Baseline,Finance Ops,2023,FQ3,2022,10,October
2022-10-01,207,1,Sports,27,3698.56,1420.81,0.3842,Baseline,Regional Director,2023,FQ3,2022,10,October
2022-10-01,208,1,Beauty,18,690.77,224.8,0.3254,Baseline,Commercial Planning,2023,FQ3,2022,10,October
2022-10-01,208,1,Electronics,34,47830.3,20055.18,0.4193,Baseline,Regional Director,2023,FQ3,2022,10,October
2022-10-01,208,1,Fashion,10,1077.58,358.32,0.3325,Baseline,Finance Ops,2023,FQ3,2022,10,October
2022-10-01,208,1,Furniture,25,13829.96,4621.85,0.3342,Baseline,Commercial Planning,2023,FQ3,2022,10,October
2022-10-01,208,1,Grocery,22,637.47,276.05,0.433,Baseline,Finance Ops,2023,FQ3,2022,10,October
2022-10-01,208,1,Home Appliances,13,4915.95,1964.02,0.3995,Baseline,Commercial Planning,2023,FQ3,2022,10,October
2022-10-01,208,1,Office Supplies,23,1147.44,392.54,0.3421,Baseline,Commercial Planning,2023,FQ3,2022,10,October
2022-10-01,208,1,Sports,4,680.66,340.84,0.5007,Baseline,Finance Ops,2023,FQ3,2022,10,October
2022-10-01,209,1,Beauty,11,816.35,264.52,0.324,Baseline,Commercial Planning,2023,FQ3,2022,10,October
2022-10-01,209,1,Electronics,19,13173.49,3260.8,0.2475,Baseline,Finance Ops,2023,FQ3,2022,10,October
2022-10-01,209,1,Fashion,41,4398.95,1889.95,0.4296,Baseline,Commercial Planning,2023,FQ3,2022,10,October
2022-10-01,209,1,Furniture,27,16531.1,4489.19,0.2716,Baseline,Regional Director,2023,FQ3,2022,10,October
2022-10-01,209,1,Grocery,15,334.37,124.11,0.3712,Baseline,Commercial Planning,2023,FQ3,2022,10,October
2022-10-01,209,1,Home Appliances,28,12625.22,4017.85,0.3182,Baseline,Finance Ops,2023,FQ3,2022,10,October
2022-10-01,209,1,Office Supplies,19,866.76,296.31,0.3419,Baseline,Commercial Planning,2023,FQ3,2022,10,October
2022-10-01,209,1,Sports,32,5055.03,1987.9,0.3933,Baseline,Regional Director,2023,FQ3,2022,10,October
2022-10-01,210,1,Beauty,35,1682.21,571.97,0.34,Baseline,Commercial Planning,2023,FQ3,2022,10,October
2022-10-01,210,1,Electronics,19,12580.99,4180.32,0.3323,Baseline,Commercial Planning,2023,FQ3,2022,10,October
2022-10-01,210,1,Fashion,5,366.14,46.92,0.1281,Baseline,Regional Director,2023,FQ3,2022,10,October
2022-10-01,210,1,Furniture,16,11237.62,3259.69,0.2901,Baseline,Finance Ops,2023,FQ3,2022,10,October
2022-10-01,210,1,Grocery,15,336.11,102.18,0.304,Baseline,Regional Director,2023,FQ3,2022,10,October
2022-10-01,210,1,Home Appliances,21,9535.99,3842.88,0.403,Baseline,Regional Director,2023,FQ3,2022,10,October
2022-10-01,210,1,Office Supplies,17,756.07,367.17,0.4856,Baseline,Commercial Planning,2023,FQ3,2022,10,October
2022-10-01,210,1,Sports,22,4417.47,1823.9,0.4129,Baseline,Regional Director,2023,FQ3,2022,10,October
2022-10-01,211,1,Beauty,14,883.59,217.44,0.2461,Baseline,Commercial Planning,2023,FQ3,2022,10,October
2022-10-01,211,1,Electronics,19,18998.84,6663.45,0.3507,Baseline,Regional Director,2023,FQ3,2022,10,October
2022-10-01,211,1,Fashion,17,1536.79,587.04,0.382,Baseline,Finance Ops,2023,FQ3,2022,10,October
2022-10-01,211,1,Furniture,22,12996.19,4364.91,0.3359,Baseline,Finance Ops,2023,FQ3,2022,10,October
2022-10-01,211,1,Grocery,5,146.18,41.81,0.286,Baseline,Commercial Planning,2023,FQ3,2022,10,October
2022-10-01,211,1,Home Appliances,17,6603.35,2152.35,0.3259,Baseline,Finance Ops,2023,FQ3,2022,10,October
2022-10-01,211,1,Office Supplies,15,634.25,215.32,0.3395,Baseline,Finance Ops,2023,FQ3,2022,10,October
2022-10-01,211,1,Sports,34,4745.99,1611.82,0.3396,Baseline,Regional Director,2023,FQ3,2022,10,October
2022-10-01,212,1,Beauty,9,556.26,60.69,0.1091,Baseline,Commercial Planning,2023,FQ3,2022,10,October
2022-10-01,212,1,Electronics,18,19802.7,8565.21,0.4325,Baseline,Regional Director,2023,FQ3,2022,10,October
2022-10-01,212,1,Fashion,18,1619.89,677.12,0.418,Baseline,Finance Ops,2023,FQ3,2022,10,October
2022-10-01,212,1,Furniture,16,14745.31,3790.51,0.2571,Baseline,Finance Ops,2023,FQ3,2022,10,October
2022-10-01,212,1,Grocery,11,296.67,85.83,0.2893,Baseline,Finance Ops,2023,FQ3,2022,10,October
2022-10-01,212,1,Home Appliances,41,15107.24,3954.53,0.2618,Baseline,Finance Ops,2023,FQ3,2022,10,October
2022-10-01,212,1,Office Supplies,8,358.13,139.51,0.3896,Baseline,Regional Director,2023,FQ3,2022,10,October
2022-10-01,212,1,Sports,21,5044.62,1873.81,0.3714,Baseline,Regional Director,2023,FQ3,2022,10,October
2022-10-01,213,1,Beauty,24,988.65,306.35,0.3099,Baseline,Finance Ops,2023,FQ3,2022,10,October
2022-10-01,213,1,Electronics,24,20111.01,8075.56,0.4015,Baseline,Finance Ops,2023,FQ3,2022,10,October
2022-10-01,213,1,Fashion,22,2182.55,896.76,0.4109,Baseline,Finance Ops,2023,FQ3,2022,10,October
2022-10-01,213,1,Furniture,56,36805.61,14649.16,0.398,Baseline,Finance Ops,2023,FQ3,2022,10,October
2022-10-01,213,1,Grocery,37,724.62,269.19,0.3715,Baseline,Finance Ops,2023,FQ3,2022,10,October
2022-10-01,213,1,Home Appliances,14,5432.95,1573.37,0.2896,Baseline,Regional Director,2023,FQ3,2022,10,October
2022-10-01,213,1,Office Supplies,25,812.2,238.96,0.2942,Baseline,Finance Ops,2023,FQ3,2022,10,October
2022-10-01,213,1,Sports,9,2098.1,561.51,0.2676,Baseline,Commercial Planning,2023,FQ3,2022,10,October
2022-10-01,214,1,Beauty,10,596.85,180.35,0.3022,Baseline,Commercial Planning,2023,FQ3,2022,10,October
2022-10-01,214,1,Electronics,13,11959.36,4686.63,0.3919,Baseline,Regional Director,2023,FQ3,2022,10,October
2022-10-01,214,1,Fashion,33,3370.03,1386.62,0.4115,Baseline,Regional Director,2023,FQ3,2022,10,October
2022-10-01,214,1,Furniture,11,5276.54,1740.37,0.3298,Baseline,Commercial Planning,2023,FQ3,2022,10,October
2022-10-01,214,1,Grocery,6,80.6,30.51,0.3785,Baseline,Regional Director,2023,FQ3,2022,10,October
2022-10-01,214,1,Home Appliances,31,15754.61,7307.31,0.4638,Baseline,Commercial Planning,2023,FQ3,2022,10,October
2022-10-01,214,1,Office Supplies,28,928.87,306.78,0.3303,Baseline,Finance Ops,2023,FQ3,2022,10,October
2022-10-01,214,1,Sports,15,1985.61,829.33,0.4177,Baseline,Regional Director,2023,FQ3,2022,10,October
2022-10-01,215,2,Beauty,29,1548.75,503.04,0.3248,Baseline,Regional Director,2023,FQ3,2022,10,October
2022-10-01,215,2,Electronics,34,35564.26,13009.19,0.3658,Baseline,Commercial Planning,2023,FQ3,2022,10,October
2022-10-01,215,2,Fashion,29,2304.13,962.69,0.4178,Baseline,Commercial Planning,2023,FQ3,2022,10,October
2022-10-01,215,2,Furniture,40,17578.73,6801.6,0.3869,Baseline,Finance Ops,2023,FQ3,2022,10,October
2022-10-01,215,2,Grocery,29,742.56,263.0,0.3542,Baseline,Commercial Planning,2023,FQ3,2022,10,October
2022-10-01,215,2,Home Appliances,49,23858.22,7346.43,0.3079,Baseline,Finance Ops,2023,FQ3,2022,10,October
2022-10-01,215,2,Office Supplies,41,1809.83,683.33,0.3776,Baseline,Finance Ops,2023,FQ3,2022,10,October
2022-10-01,215,2,Sports,44,6310.5,2297.06,0.364,Baseline,Finance Ops,2023,FQ3,2022,10,October
2022-10-01,216,2,Beauty,70,3746.61,1121.16,0.2992,Baseline,Regional Director,2023,FQ3,2022,10,October
2022-10-01,216,2,Electronics,44,39181.4,14009.17,0.3575,Baseline,Finance Ops,2023,FQ3,2022,10,October
2022-10-01,216,2,Fashion,55,5428.15,1598.59,0.2945,Baseline,Regional Director,2023,FQ3,2022,10,October
2022-10-01,216,2,Furniture,31,14894.92,5300.5,0.3559,Baseline,Finance Ops,2023,FQ3,2022,10,October
2022-10-01,216,2,Grocery,37,1162.55,498.71,0.429,Baseline,Commercial Planning,2023,FQ3,2022,10,October
2022-10-01,216,2,Home Appliances,42,17264.01,5760.35,0.3337,Baseline,Finance Ops,2023,FQ3,2022,10,October
2022-10-01,216,2,Office Supplies,37,1957.97,806.61,0.412,Baseline,Finance Ops,2023,FQ3,2022,10,October
2022-10-01,216,2,Sports,36,6462.71,2506.45,0.3878,Baseline,Regional Director,2023,FQ3,2022,10,October
2022-10-01,217,2,Beauty,33,1361.08,447.49,0.3288,Baseline,Finance Ops,2023,FQ3,2022,10,October
2022-10-01,217,2,Electronics,71,77589.86,24962.28,0.3217,Baseline,Finance Ops,2023,FQ3,2022,10,October
2022-10-01,217,2,Fashion,62,6767.97,3025.51,0.447,Baseline,Commercial Planning,2023,FQ3,2022,10,October
2022-10-01,217,2,Furniture,46,33303.08,11253.47,0.3379,Baseline,Finance Ops,2023,FQ3,2022,10,October
2022-10-01,217,2,Grocery,38,1155.24,448.66,0.3884,Baseline,Regional Director,2023,FQ3,2022,10,October
2022-10-01,217,2,Home Appliances,45,23482.25,7207.55,0.3069,Baseline,Commercial Planning,2023,FQ3,2022,10,October
2022-10-01,217,2,Office Supplies,97,4879.18,1869.84,0.3832,Baseline,Finance Ops,2023,FQ3,2022,10,October
2022-10-01,217,2,Sports,11,2105.41,585.55,0.2781,Baseline,Finance Ops,2023,FQ3,2022,10,October
2022-10-01,218,3,Beauty,194,9134.75,2771.63,0.3034,Baseline,Finance Ops,2023,FQ3,2022,10,October
2022-10-01,218,3,Electronics,281,273724.85,108004.58,0.3946,Baseline,Finance Ops,2023,FQ3,2022,10,October
2022-10-01,218,3,Fashion,303,33485.94,15129.64,0.4518,Baseline,Commercial Planning,2023,FQ3,2022,10,October
2022-10-01,218,3,Furniture,394,223087.82,91870.69,0.4118,Baseline,Finance Ops,2023,FQ3,2022,10,October
2022-10-01,218,3,Grocery,337,6846.68,2661.1,0.3887,Baseline,Finance Ops,2023,FQ3,2022,10,October
2022-10-01,218,3,Home Appliances,497,214883.72,74748.2,0.3479,Baseline,Regional Director,2023,FQ3,2022,10,October
2022-10-01,218,3,Office Supplies,646,27192.0,11023.44,0.4054,Baseline,Regional Director,2023,FQ3,2022,10,October
2022-10-01,218,3,Sports,302,56955.61,18442.31,0.3238,Baseline,Finance Ops,2023,FQ3,2022,10,October
2022-10-01,219,3,Beauty,243,13045.03,4129.64,0.3166,Baseline,Finance Ops,2023,FQ3,2022,10,October
2022-10-01,219,3,Electronics,342,312332.72,117234.08,0.3753,Baseline,Finance Ops,2023,FQ3,2022,10,October
2022-10-01,219,3,Fashion,324,25573.89,9573.79,0.3744,Baseline,Finance Ops,2023,FQ3,2022,10,October
2022-10-01,219,3,Furniture,116,51454.22,14908.25,0.2897,Baseline,Regional Director,2023,FQ3,2022,10,October
2022-10-01,219,3,Grocery,375,8008.16,2851.03,0.356,Baseline,Commercial Planning,2023,FQ3,2022,10,October
2022-10-01,219,3,Home Appliances,439,179603.1,55486.04,0.3089,Baseline,Regional Director,2023,FQ3,2022,10,October
2022-10-01,219,3,Office Supplies,208,6717.55,2500.04,0.3722,Baseline,Commercial Planning,2023,FQ3,2022,10,October
2022-10-01,219,3,Sports,236,43128.11,16605.86,0.385,Baseline,Finance Ops,2023,FQ3,2022,10,October
2022-10-01,220,4,Beauty,59,2602.15,893.49,0.3434,Baseline,Regional Director,2023,FQ3,2022,10,October
2022-10-01,220,4,Electronics,99,72117.05,26575.05,0.3685,Baseline,Commercial Planning,2023,FQ3,2022,10,October
2022-10-01,220,4,Fashion,71,6126.02,2294.23,0.3745,Baseline,Commercial Planning,2023,FQ3,2022,10,October
2022-10-01,220,4,Furniture,70,34971.58,11923.61,0.341,Baseline,Finance Ops,2023,FQ3,2022,10,October
2022-10-01,220,4,Grocery,85,2236.38,829.85,0.3711,Baseline,Finance Ops,2023,FQ3,2022,10,October
2022-10-01,220,4,Home Appliances,91,39984.5,14030.31,0.3509,Baseline,Commercial Planning,2023,FQ3,2022,10,October
2022-10-01,220,4,Office Supplies,68,2587.52,966.48,0.3735,Baseline,Finance Ops,2023,FQ3,2022,10,October
2022-10-01,220,4,Sports,75,11914.6,4547.82,0.3817,Baseline,Regional Director,2023,FQ3,2022,10,October
2022-11-01,201,1,Beauty,33,1784.56,628.89,0.3524,Baseline,Finance Ops,2023,FQ3,2022,11,November
2022-11-01,201,1,Electronics,35,35360.01,13432.68,0.3799,Baseline,Commercial Planning,2023,FQ3,2022,11,November
2022-11-01,201,1,Fashion,12,1143.24,450.88,0.3944,Baseline,Finance Ops,2023,FQ3,2022,11,November
2022-11-01,201,1,Furniture,16,7375.23,2897.59,0.3929,Baseline,Finance Ops,2023,FQ3,2022,11,November
2022-11-01,201,1,Grocery,28,858.87,322.99,0.3761,Baseline,Finance Ops,2023,FQ3,2022,11,November
2022-11-01,201,1,Home Appliances,8,4923.06,2605.94,0.5293,Baseline,Finance Ops,2023,FQ3,2022,11,November
2022-11-01,201,1,Office Supplies,25,798.33,214.72,0.269,Baseline,Finance Ops,2023,FQ3,2022,11,November
2022-11-01,201,1,Sports,17,2638.71,951.61,0.3606,Baseline,Commercial Planning,2023,FQ3,2022,11,November
2022-11-01,202,1,Beauty,25,1434.43,441.14,0.3075,Baseline,Regional Director,2023,FQ3,2022,11,November
2022-11-01,202,1,Electronics,57,57289.5,22310.94,0.3894,Baseline,Finance Ops,2023,FQ3,2022,11,November
2022-11-01,202,1,Fashion,14,1302.84,579.56,0.4448,Baseline,Finance Ops,2023,FQ3,2022,11,November
2022-11-01,202,1,Furniture,6,1324.37,348.42,0.2631,Baseline,Commercial Planning,2023,FQ3,2022,11,November
2022-11-01,202,1,Grocery,21,460.34,154.99,0.3367,Baseline,Regional Director,2023,FQ3,2022,11,November
2022-11-01,202,1,Home Appliances,21,9180.83,3752.18,0.4087,Baseline,Commercial Planning,2023,FQ3,2022,11,November
2022-11-01,202,1,Office Supplies,33,1283.26,534.61,0.4166,Baseline,Commercial Planning,2023,FQ3,2022,11,November
2022-11-01,202,1,Sports,19,2785.45,793.81,0.285,Baseline,Finance Ops,2023,FQ3,2022,11,November
2022-11-01,203,1,Beauty,1,59.4,29.69,0.4998,Baseline,Commercial Planning,2023,FQ3,2022,11,November
2022-11-01,203,1,Electronics,36,29345.51,11861.53,0.4042,Baseline,Finance Ops,2023,FQ3,2022,11,November
2022-11-01,203,1,Fashion,15,1400.2,514.68,0.3676,Baseline,Commercial Planning,2023,FQ3,2022,11,November
2022-11-01,203,1,Furniture,8,4336.64,1163.14,0.2682,Baseline,Commercial Planning,2023,FQ3,2022,11,November
2022-11-01,203,1,Grocery,22,523.77,213.07,0.4068,Baseline,Commercial Planning,2023,FQ3,2022,11,November
2022-11-01,203,1,Home Appliances,22,8303.1,3282.36,0.3953,Baseline,Finance Ops,2023,FQ3,2022,11,November
2022-11-01,203,1,Office Supplies,23,1228.55,399.37,0.3251,Baseline,Finance Ops,2023,FQ3,2022,11,November
2022-11-01,203,1,Sports,12,1229.09,417.35,0.3396,Baseline,Regional Director,2023,FQ3,2022,11,November
2022-11-01,204,1,Beauty,18,547.77,182.76,0.3336,Baseline,Finance Ops,2023,FQ3,2022,11,November
2022-11-01,204,1,Electronics,31,34789.01,13630.18,0.3918,Baseline,Commercial Planning,2023,FQ3,2022,11,November
2022-11-01,204,1,Fashion,18,1675.25,428.47,0.2558,Baseline,Finance Ops,2023,FQ3,2022,11,November
2022-11-01,204,1,Furniture,23,15407.91,6417.22,0.4165,Baseline,Commercial Planning,2023,FQ3,2022,11,November
2022-11-01,204,1,Grocery,13,211.14,66.84,0.3166,Baseline,Finance Ops,2023,FQ3,2022,11,November
2022-11-01,204,1,Home Appliances,18,9549.85,4127.01,0.4322,Baseline,Regional Director,2023,FQ3,2022,11,November
2022-11-01,204,1,Office Supplies,12,490.56,168.59,0.3437,Baseline,Finance Ops,2023,FQ3,2022,11,November
2022-11-01,204,1,Sports,10,1888.36,760.67,0.4028,Baseline,Commercial Planning,2023,FQ3,2022,11,November
2022-11-01,205,1,Beauty,25,833.86,238.71,0.2863,Baseline,Finance Ops,2023,FQ3,2022,11,November
2022-11-01,205,1,Electronics,55,49493.39,20448.92,0.4132,Baseline,Commercial Planning,2023,FQ3,2022,11,November
2022-11-01,205,1,Fashion,24,1978.81,839.3,0.4241,Baseline,Finance Ops,2023,FQ3,2022,11,November
2022-11-01,205,1,Furniture,6,5445.83,1631.76,0.2996,Baseline,Regional Director,2023,FQ3,2022,11,November
2022-11-01,205,1,Grocery,17,272.67,110.2,0.4042,Baseline,Finance Ops,2023,FQ3,2022,11,November
2022-11-01,205,1,Home Appliances,27,6462.44,2802.85,0.4337,Baseline,Finance Ops,2023,FQ3,2022,11,November
2022-11-01,205,1,Office Supplies,15,930.65,368.92,0.3964,Baseline,Regional Director,2023,FQ3,2022,11,November
2022-11-01,205,1,Sports,19,2855.04,1076.79,0.3772,Baseline,Regional Director,2023,FQ3,2022,11,November
2022-11-01,206,1,Beauty,9,410.55,155.84,0.3796,Baseline,Regional Director,2023,FQ3,2022,11,November
2022-11-01,206,1,Electronics,59,42294.73,13720.8,0.3244,Baseline,Commercial Planning,2023,FQ3,2022,11,November
2022-11-01,206,1,Fashion,19,1852.3,589.38,0.3182,Baseline,Regional Director,2023,FQ3,2022,11,November
2022-11-01,206,1,Furniture,23,14649.29,6756.98,0.4612,Baseline,Finance Ops,2023,FQ3,2022,11,November
2022-11-01,206,1,Grocery,34,833.46,295.26,0.3543,Baseline,Finance Ops,2023,FQ3,2022,11,November
2022-11-01,206,1,Home Appliances,15,10464.39,3558.76,0.3401,Baseline,Commercial Planning,2023,FQ3,2022,11,November
2022-11-01,206,1,Office Supplies,7,250.15,65.24,0.2608,Baseline,Regional Director,2023,FQ3,2022,11,November
2022-11-01,206,1,Sports,11,1711.45,817.15,0.4775,Baseline,Commercial Planning,2023,FQ3,2022,11,November
2022-11-01,207,1,Beauty,19,1291.51,459.95,0.3561,Baseline,Finance Ops,2023,FQ3,2022,11,November
2022-11-01,207,1,Electronics,26,24823.08,7440.31,0.2997,Baseline,Finance Ops,2023,FQ3,2022,11,November
2022-11-01,207,1,Fashion,21,1910.51,676.13,0.3539,Baseline,Finance Ops,2023,FQ3,2022,11,November
2022-11-01,207,1,Furniture,15,12068.59,3143.8,0.2605,Baseline,Finance Ops,2023,FQ3,2022,11,November
2022-11-01,207,1,Grocery,24,440.49,150.23,0.3411,Baseline,Commercial Planning,2023,FQ3,2022,11,November
2022-11-01,207,1,Home Appliances,36,12466.58,4313.71,0.346,Baseline,Finance Ops,2023,FQ3,2022,11,November
2022-11-01,207,1,Office Supplies,14,799.09,250.51,0.3135,Baseline,Commercial Planning,2023,FQ3,2022,11,November
2022-11-01,207,1,Sports,8,1008.03,303.07,0.3007,Baseline,Finance Ops,2023,FQ3,2022,11,November
2022-11-01,208,1,Beauty,24,1040.05,319.09,0.3068,Baseline,Commercial Planning,2023,FQ3,2022,11,November
2022-11-01,208,1,Electronics,32,29225.27,14226.69,0.4868,Baseline,Finance Ops,2023,FQ3,2022,11,November
2022-11-01,208,1,Fashion,30,2892.42,942.88,0.326,Baseline,Finance Ops,2023,FQ3,2022,11,November
2022-11-01,208,1,Furniture,4,2611.14,906.92,0.3473,Baseline,Regional Director,2023,FQ3,2022,11,November
2022-11-01,208,1,Grocery,36,788.54,271.84,0.3447,Baseline,Finance Ops,2023,FQ3,2022,11,November
2022-11-01,208,1,Home Appliances,37,20687.38,8205.61,0.3966,Baseline,Regional Director,2023,FQ3,2022,11,November
2022-11-01,208,1,Office Supplies,33,1720.3,662.79,0.3853,Baseline,Finance Ops,2023,FQ3,2022,11,November
2022-11-01,208,1,Sports,22,5694.44,1950.99,0.3426,Baseline,Commercial Planning,2023,FQ3,2022,11,November
2022-11-01,209,1,Beauty,14,892.7,372.92,0.4177,Baseline,Commercial Planning,2023,FQ3,2022,11,November
2022-11-01,209,1,Electronics,47,38364.31,10374.9,0.2704,Baseline,Regional Director,2023,FQ3,2022,11,November
2022-11-01,209,1,Fashion,16,992.23,250.46,0.2524,Baseline,Finance Ops,2023,FQ3,2022,11,November
2022-11-01,209,1,Furniture,21,16770.88,6480.58,0.3864,Baseline,Finance Ops,2023,FQ3,2022,11,November
2022-11-01,209,1,Grocery,25,379.91,136.44,0.3591,Baseline,Commercial Planning,2023,FQ3,2022,11,November
2022-11-01,209,1,Home Appliances,10,5781.88,2730.85,0.4723,Baseline,Regional Director,2023,FQ3,2022,11,November
2022-11-01,209,1,Office Supplies,24,871.08,306.23,0.3516,Baseline,Commercial Planning,2023,FQ3,2022,11,November
2022-11-01,209,1,Sports,22,3562.52,1212.55,0.3404,Baseline,Commercial Planning,2023,FQ3,2022,11,November
2022-11-01,210,1,Beauty,26,953.36,361.59,0.3793,Baseline,Finance Ops,2023,FQ3,2022,11,November
2022-11-01,210,1,Electronics,35,35549.75,11512.63,0.3238,Baseline,Regional Director,2023,FQ3,2022,11,November
2022-11-01,210,1,Fashion,21,1855.62,537.82,0.2898,Baseline,Commercial Planning,2023,FQ3,2022,11,November
2022-11-01,210,1,Furniture,12,8089.77,2601.94,0.3216,Baseline,Finance Ops,2023,FQ3,2022,11,November
2022-11-01,210,1,Grocery,24,540.83,177.9,0.3289,Baseline,Finance Ops,2023,FQ3,2022,11,November
2022-11-01,210,1,Home Appliances,16,8089.08,3487.12,0.4311,Baseline,Regional Director,2023,FQ3,2022,11,November
2022-11-01,210,1,Office Supplies,29,1080.2,348.65,0.3228,Baseline,Commercial Planning,2023,FQ3,2022,11,November
2022-11-01,210,1,Sports,15,2906.6,1367.27,0.4704,Baseline,Finance Ops,2023,FQ3,2022,11,November
2022-11-01,211,1,Beauty,5,219.72,71.76,0.3266,Baseline,Commercial Planning,2023,FQ3,2022,11,November
2022-11-01,211,1,Electronics,36,25167.46,10524.13,0.4182,Baseline,Commercial Planning,2023,FQ3,2022,11,November
2022-11-01,211,1,Fashion,12,1188.18,453.99,0.3821,Baseline,Finance Ops,2023,FQ3,2022,11,November
2022-11-01,211,1,Furniture,11,8615.84,3727.56,0.4326,Baseline,Commercial Planning,2023,FQ3,2022,11,November
2022-11-01,211,1,Grocery,29,630.77,257.01,0.4075,Baseline,Finance Ops,2023,FQ3,2022,11,November
2022-11-01,211,1,Home Appliances,71,35738.18,13600.26,0.3806,Baseline,Finance Ops,2023,FQ3,2022,11,November
2022-11-01,211,1,Office Supplies,19,726.22,243.9,0.3358,Baseline,Finance Ops,2023,FQ3,2022,11,November
2022-11-01,211,1,Sports,26,6352.03,1961.19,0.3088,Baseline,Finance Ops,2023,FQ3,2022,11,November
2022-11-01,212,1,Beauty,9,339.34,156.04,0.4598,Baseline,Commercial Planning,2023,FQ3,2022,11,November
2022-11-01,212,1,Electronics,48,57697.73,21881.97,0.3793,Baseline,Finance Ops,2023,FQ3,2022,11,November
2022-11-01,212,1,Fashion,38,3823.5,1078.03,0.2819,Baseline,Commercial Planning,2023,FQ3,2022,11,November
2022-11-01,212,1,Furniture,37,22818.38,7396.97,0.3242,Baseline,Regional Director,2023,FQ3,2022,11,November
2022-11-01,212,1,Grocery,19,336.12,157.68,0.4691,Baseline,Regional Director,2023,FQ3,2022,11,November
2022-11-01,212,1,Home Appliances,14,4026.65,1740.26,0.4322,Baseline,Regional Director,2023,FQ3,2022,11,November
2022-11-01,212,1,Office Supplies,22,1121.89,400.99,0.3574,Baseline,Regional Director,2023,FQ3,2022,11,November
2022-11-01,212,1,Sports,7,913.32,383.07,0.4194,Baseline,Regional Director,2023,FQ3,2022,11,November
2022-11-01,213,1,Beauty,6,290.84,42.33,0.1455,Baseline,Finance Ops,2023,FQ3,2022,11,November
2022-11-01,213,1,Electronics,23,23373.72,7935.59,0.3395,Baseline,Finance Ops,2023,FQ3,2022,11,November
2022-11-01,213,1,Fashion,16,1416.2,594.18,0.4196,Baseline,Commercial Planning,2023,FQ3,2022,11,November
2022-11-01,213,1,Furniture,31,23167.17,6547.99,0.2826,Baseline,Commercial Planning,2023,FQ3,2022,11,November
2022-11-01,213,1,Grocery,25,550.92,195.63,0.3551,Baseline,Finance Ops,2023,FQ3,2022,11,November
2022-11-01,213,1,Home Appliances,3,1478.14,554.65,0.3752,Baseline,Finance Ops,2023,FQ3,2022,11,November
2022-11-01,213,1,Office Supplies,10,311.77,128.37,0.4117,Baseline,Finance Ops,2023,FQ3,2022,11,November
2022-11-01,213,1,Sports,33,5780.67,2478.32,0.4287,Baseline,Finance Ops,2023,FQ3,2022,11,November
2022-11-01,214,1,Beauty,26,1249.71,385.64,0.3086,Baseline,Regional Director,2023,FQ3,2022,11,November
2022-11-01,214,1,Electronics,37,37617.86,12860.96,0.3419,Baseline,Finance Ops,2023,FQ3,2022,11,November
2022-11-01,214,1,Fashion,27,2866.28,932.71,0.3254,Baseline,Commercial Planning,2023,FQ3,2022,11,November
2022-11-01,214,1,Furniture,31,22367.01,6229.84,0.2785,Baseline,Finance Ops,2023,FQ3,2022,11,November
2022-11-01,214,1,Grocery,16,350.51,127.98,0.3651,Baseline,Finance Ops,2023,FQ3,2022,11,November
2022-11-01,214,1,Home Appliances,35,16827.0,6812.07,0.4048,Baseline,Regional Director,2023,FQ3,2022,11,November
2022-11-01,214,1,Office Supplies,25,863.41,310.47,0.3596,Baseline,Finance Ops,2023,FQ3,2022,11,November
2022-11-01,214,1,Sports,15,2621.38,946.78,0.3612,Baseline,Regional Director,2023,FQ3,2022,11,November
2022-11-01,215,2,Beauty,66,3056.52,921.01,0.3013,Baseline,Finance Ops,2023,FQ3,2022,11,November
2022-11-01,215,2,Electronics,119,98747.98,37788.3,0.3827,Baseline,Finance Ops,2023,FQ3,2022,11,November
2022-11-01,215,2,Fashion,56,5067.51,1867.36,0.3685,Baseline,Finance Ops,2023,FQ3,2022,11,November
2022-11-01,215,2,Furniture,40,16663.69,6659.72,0.3997,Baseline,Finance Ops,2023,FQ3,2022,11,November
2022-11-01,215,2,Grocery,15,368.72,127.57,0.346,Baseline,Finance Ops,2023,FQ3,2022,11,November
2022-11-01,215,2,Home Appliances,51,15756.0,6292.54,0.3994,Baseline,Regional Director,2023,FQ3,2022,11,November
2022-11-01,215,2,Office Supplies,51,2385.78,1003.71,0.4207,Baseline,Regional Director,2023,FQ3,2022,11,November
2022-11-01,215,2,Sports,44,8774.35,2966.41,0.3381,Baseline,Finance Ops,2023,FQ3,2022,11,November
2022-11-01,216,2,Beauty,34,2088.19,713.76,0.3418,Baseline,Commercial Planning,2023,FQ3,2022,11,November
2022-11-01,216,2,Electronics,99,69203.22,24906.57,0.3599,Baseline,Commercial Planning,2023,FQ3,2022,11,November
2022-11-01,216,2,Fashion,92,7609.47,2863.94,0.3764,Baseline,Finance Ops,2023,FQ3,2022,11,November
2022-11-01,216,2,Furniture,42,17773.92,6216.9,0.3498,Baseline,Finance Ops,2023,FQ3,2022,11,November
2022-11-01,216,2,Grocery,45,1094.43,386.87,0.3535,Baseline,Regional Director,2023,FQ3,2022,11,November
2022-11-01,216,2,Home Appliances,72,22213.92,8201.05,0.3692,Baseline,Regional Director,2023,FQ3,2022,11,November
2022-11-01,216,2,Office Supplies,45,1549.35,535.01,0.3453,Baseline,Commercial Planning,2023,FQ3,2022,11,November
2022-11-01,216,2,Sports,22,5129.49,1765.42,0.3442,Baseline,Commercial Planning,2023,FQ3,2022,11,November
2022-11-01,217,2,Beauty,106,5918.21,2008.71,0.3394,Baseline,Commercial Planning,2023,FQ3,2022,11,November
2022-11-01,217,2,Electronics,135,143030.17,49421.17,0.3455,Baseline,Commercial Planning,2023,FQ3,2022,11,November
2022-11-01,217,2,Fashion,46,4904.49,1777.98,0.3625,Baseline,Commercial Planning,2023,FQ3,2022,11,November
2022-11-01,217,2,Furniture,23,14208.91,4077.37,0.287,Baseline,Finance Ops,2023,FQ3,2022,11,November
2022-11-01,217,2,Grocery,42,1075.26,416.08,0.387,Baseline,Finance Ops,2023,FQ3,2022,11,November
2022-11-01,217,2,Home Appliances,74,29492.3,9475.71,0.3213,Baseline,Finance Ops,2023,FQ3,2022,11,November
2022-11-01,217,2,Office Supplies,25,988.18,395.22,0.3999,Baseline,Commercial Planning,2023,FQ3,2022,11,November
2022-11-01,217,2,Sports,47,8315.89,3408.32,0.4099,Baseline,Finance Ops,2023,FQ3,2022,11,November
2022-11-01,218,3,Beauty,335,21117.82,6832.03,0.3235,Baseline,Finance Ops,2023,FQ3,2022,11,November
2022-11-01,218,3,Electronics,748,754447.1,249936.92,0.3313,Baseline,Finance Ops,2023,FQ3,2022,11,November
2022-11-01,218,3,Fashion,176,19669.74,7510.28,0.3818,Baseline,Finance Ops,2023,FQ3,2022,11,November
2022-11-01,218,3,Furniture,154,63734.01,17882.41,0.2806,Baseline,Finance Ops,2023,FQ3,2022,11,November
2022-11-01,218,3,Grocery,397,9243.75,3475.74,0.376,Baseline,Finance Ops,2023,FQ3,2022,11,November
2022-11-01,218,3,Home Appliances,905,402316.51,137513.69,0.3418,Baseline,Finance Ops,2023,FQ3,2022,11,November
2022-11-01,218,3,Office Supplies,273,12501.96,4699.46,0.3759,Baseline,Finance Ops,2023,FQ3,2022,11,November
2022-11-01,218,3,Sports,174,35132.67,11406.69,0.3247,Baseline,Finance Ops,2023,FQ3,2022,11,November
2022-11-01,219,3,Beauty,564,26158.05,8301.48,0.3174,Baseline,Finance Ops,2023,FQ3,2022,11,November
2022-11-01,219,3,Electronics,625,580828.06,197841.8,0.3406,Baseline,Commercial Planning,2023,FQ3,2022,11,November
2022-11-01,219,3,Fashion,233,25466.73,9255.29,0.3634,Baseline,Regional Director,2023,FQ3,2022,11,November
2022-11-01,219,3,Furniture,282,187183.35,59185.04,0.3162,Baseline,Finance Ops,2023,FQ3,2022,11,November
2022-11-01,219,3,Grocery,457,10219.62,3909.44,0.3825,Baseline,Regional Director,2023,FQ3,2022,11,November
2022-11-01,219,3,Home Appliances,540,229681.99,86193.85,0.3753,Baseline,Finance Ops,2023,FQ3,2022,11,November
2022-11-01,219,3,Office Supplies,419,17349.22,6608.77,0.3809,Baseline,Finance Ops,2023,FQ3,2022,11,November
2022-11-01,219,3,Sports,201,35341.31,11862.18,0.3356,Baseline,Finance Ops,2023,FQ3,2022,11,November
2022-11-01,220,4,Beauty,67,3357.04,1005.91,0.2996,Baseline,Finance Ops,2023,FQ3,2022,11,November
2022-11-01,220,4,Electronics,60,71558.49,25635.52,0.3582,Baseline,Regional Director,2023,FQ3,2022,11,November
2022-11-01,220,4,Fashion,101,9811.32,3435.99,0.3502,Baseline,Regional Director,2023,FQ3,2022,11,November
2022-11-01,220,4,Furniture,71,30449.13,8767.37,0.2879,Baseline,Finance Ops,2023,FQ3,2022,11,November
2022-11-01,220,4,Grocery,95,2108.37,755.19,0.3582,Baseline,Finance Ops,2023,FQ3,2022,11,November
2022-11-01,220,4,Home Appliances,122,45304.22,20301.72,0.4481,Baseline,Finance Ops,2023,FQ3,2022,11,November
2022-11-01,220,4,Office Supplies,79,3619.59,1360.98,0.376,Baseline,Commercial Planning,2023,FQ3,2022,11,November
2022-11-01,220,4,Sports,87,14208.49,5175.9,0.3643,Baseline,Commercial Planning,2023,FQ3,2022,11,November
2022-12-01,201,1,Beauty,36,1956.1,726.74,0.3715,Baseline,Finance Ops,2023,FQ3,2022,12,December
2022-12-01,201,1,Electronics,23,11585.02,4899.16,0.4229,Baseline,Commercial Planning,2023,FQ3,2022,12,December
2022-12-01,201,1,Fashion,17,1477.22,475.31,0.3218,Baseline,Finance Ops,2023,FQ3,2022,12,December
2022-12-01,201,1,Furniture,21,12951.49,4348.04,0.3357,Baseline,Regional Director,2023,FQ3,2022,12,December
2022-12-01,201,1,Grocery,25,360.2,123.77,0.3436,Baseline,Finance Ops,2023,FQ3,2022,12,December
2022-12-01,201,1,Home Appliances,8,2213.93,764.0,0.3451,Baseline,Commercial Planning,2023,FQ3,2022,12,December
2022-12-01,201,1,Office Supplies,44,1947.67,716.26,0.3678,Baseline,Commercial Planning,2023,FQ3,2022,12,December
2022-12-01,201,1,Sports,21,4339.71,1542.12,0.3554,Baseline,Regional Director,2023,FQ3,2022,12,December
2022-12-01,202,1,Beauty,31,1794.41,610.05,0.34,Baseline,Regional Director,2023,FQ3,2022,12,December
2022-12-01,202,1,Electronics,44,37839.06,15409.01,0.4072,Baseline,Finance Ops,2023,FQ3,2022,12,December
2022-12-01,202,1,Fashion,35,3032.8,1241.43,0.4093,Baseline,Finance Ops,2023,FQ3,2022,12,December
2022-12-01,202,1,Furniture,34,16189.91,4975.65,0.3073,Baseline,Commercial Planning,2023,FQ3,2022,12,December
2022-12-01,202,1,Grocery,4,165.76,64.33,0.3881,Baseline,Finance Ops,2023,FQ3,2022,12,December
2022-12-01,202,1,Home Appliances,23,9379.13,2763.02,0.2946,Baseline,Finance Ops,2023,FQ3,2022,12,December
2022-12-01,202,1,Office Supplies,16,547.61,207.52,0.379,Baseline,Regional Director,2023,FQ3,2022,12,December
2022-12-01,202,1,Sports,24,2645.75,663.28,0.2507,Baseline,Commercial Planning,2023,FQ3,2022,12,December
2022-12-01,203,1,Beauty,14,569.75,138.04,0.2423,Baseline,Commercial Planning,2023,FQ3,2022,12,December
2022-12-01,203,1,Electronics,55,47399.53,20516.02,0.4328,Baseline,Regional Director,2023,FQ3,2022,12,December
2022-12-01,203,1,Fashion,24,2081.71,789.87,0.3794,Baseline,Regional Director,2023,FQ3,2022,12,December
2022-12-01,203,1,Furniture,21,9984.63,3357.3,0.3362,Baseline,Commercial Planning,2023,FQ3,2022,12,December
2022-12-01,203,1,Grocery,33,692.91,226.49,0.3269,Baseline,Finance Ops,2023,FQ3,2022,12,December
2022-12-01,203,1,Home Appliances,17,6680.3,2904.18,0.4347,Baseline,Finance Ops,2023,FQ3,2022,12,December
2022-12-01,203,1,Office Supplies,26,1224.63,512.19,0.4182,Baseline,Finance Ops,2023,FQ3,2022,12,December
2022-12-01,203,1,Sports,23,3566.77,1304.49,0.3657,Baseline,Finance Ops,2023,FQ3,2022,12,December
2022-12-01,204,1,Beauty,51,2545.12,840.91,0.3304,Baseline,Commercial Planning,2023,FQ3,2022,12,December
2022-12-01,204,1,Electronics,34,26647.11,9667.54,0.3628,Baseline,Finance Ops,2023,FQ3,2022,12,December
2022-12-01,204,1,Fashion,21,1976.91,549.18,0.2778,Baseline,Finance Ops,2023,FQ3,2022,12,December
2022-12-01,204,1,Furniture,15,11692.58,3384.92,0.2895,Baseline,Finance Ops,2023,FQ3,2022,12,December
2022-12-01,204,1,Grocery,19,441.46,139.85,0.3168,Baseline,Regional Director,2023,FQ3,2022,12,December
2022-12-01,204,1,Home Appliances,21,6361.5,2442.8,0.384,Baseline,Commercial Planning,2023,FQ3,2022,12,December
2022-12-01,204,1,Office Supplies,28,961.71,298.25,0.3101,Baseline,Regional Director,2023,FQ3,2022,12,December
2022-12-01,204,1,Sports,26,4109.43,1476.31,0.3592,Baseline,Finance Ops,2023,FQ3,2022,12,December
2022-12-01,205,1,Beauty,26,1284.29,475.64,0.3704,Baseline,Regional Director,2023,FQ3,2022,12,December
2022-12-01,205,1,Electronics,36,35976.23,14445.52,0.4015,Baseline,Finance Ops,2023,FQ3,2022,12,December
2022-12-01,205,1,Fashion,27,2104.54,695.82,0.3306,Baseline,Commercial Planning,2023,FQ3,2022,12,December
2022-12-01,205,1,Furniture,17,8472.89,2589.54,0.3056,Baseline,Commercial Planning,2023,FQ3,2022,12,December
2022-12-01,205,1,Grocery,33,729.74,283.31,0.3882,Baseline,Commercial Planning,2023,FQ3,2022,12,December
2022-12-01,205,1,Home Appliances,45,17603.26,6571.9,0.3733,Baseline,Finance Ops,2023,FQ3,2022,12,December
2022-12-01,205,1,Office Supplies,11,662.84,248.95,0.3756,Baseline,Finance Ops,2023,FQ3,2022,12,December
2022-12-01,205,1,Sports,42,6406.71,1982.96,0.3095,Baseline,Finance Ops,2023,FQ3,2022,12,December
2022-12-01,206,1,Beauty,31,1625.57,608.58,0.3744,Baseline,Commercial Planning,2023,FQ3,2022,12,December
2022-12-01,206,1,Electronics,36,41504.71,15836.24,0.3816,Baseline,Finance Ops,2023,FQ3,2022,12,December
2022-12-01,206,1,Fashion,45,5079.47,1754.98,0.3455,Baseline,Finance Ops,2023,FQ3,2022,12,December
2022-12-01,206,1,Furniture,15,5988.76,1934.69,0.3231,Baseline,Finance Ops,2023,FQ3,2022,12,December
2022-12-01,206,1,Grocery,19,227.64,86.03,0.3779,Baseline,Commercial Planning,2023,FQ3,2022,12,December
2022-12-01,206,1,Home Appliances,27,11946.92,4744.92,0.3972,Baseline,Commercial Planning,2023,FQ3,2022,12,December
2022-12-01,206,1,Office Supplies,23,842.49,359.14,0.4263,Baseline,Commercial Planning,2023,FQ3,2022,12,December
2022-12-01,206,1,Sports,17,2577.42,1166.08,0.4524,Baseline,Regional Director,2023,FQ3,2022,12,December
2022-12-01,207,1,Beauty,43,2334.86,671.7,0.2877,Baseline,Commercial Planning,2023,FQ3,2022,12,December
2022-12-01,207,1,Electronics,40,35366.25,11142.8,0.3151,Baseline,Finance Ops,2023,FQ3,2022,12,December
2022-12-01,207,1,Fashion,11,899.14,296.63,0.3299,Baseline,Commercial Planning,2023,FQ3,2022,12,December
2022-12-01,207,1,Furniture,30,17329.34,6238.79,0.36,Baseline,Finance Ops,2023,FQ3,2022,12,December
2022-12-01,207,1,Grocery,19,423.95,141.74,0.3343,Baseline,Commercial Planning,2023,FQ3,2022,12,December
2022-12-01,207,1,Home Appliances,45,23128.83,6388.88,0.2762,Baseline,Finance Ops,2023,FQ3,2022,12,December
2022-12-01,207,1,Office Supplies,3,177.58,69.13,0.3893,Baseline,Regional Director,2023,FQ3,2022,12,December
2022-12-01,207,1,Sports,15,2301.31,811.5,0.3526,Baseline,Finance Ops,2023,FQ3,2022,12,December
2022-12-01,208,1,Beauty,14,787.38,259.96,0.3302,Baseline,Finance Ops,2023,FQ3,2022,12,December
2022-12-01,208,1,Electronics,34,29134.79,10776.13,0.3699,Baseline,Finance Ops,2023,FQ3,2022,12,December
2022-12-01,208,1,Fashion,23,1794.08,589.68,0.3287,Baseline,Commercial Planning,2023,FQ3,2022,12,December
2022-12-01,208,1,Furniture,2,2031.95,865.93,0.4262,Baseline,Commercial Planning,2023,FQ3,2022,12,December
2022-12-01,208,1,Grocery,22,521.88,205.41,0.3936,Baseline,Commercial Planning,2023,FQ3,2022,12,December
2022-12-01,208,1,Home Appliances,53,17408.69,7099.1,0.4078,Baseline,Finance Ops,2023,FQ3,2022,12,December
2022-12-01,208,1,Office Supplies,21,1200.94,483.16,0.4023,Baseline,Regional Director,2023,FQ3,2022,12,December
2022-12-01,208,1,Sports,15,2609.29,1171.82,0.4491,Baseline,Finance Ops,2023,FQ3,2022,12,December
2022-12-01,209,1,Beauty,22,1022.29,343.55,0.3361,Baseline,Commercial Planning,2023,FQ3,2022,12,December
2022-12-01,209,1,Electronics,37,27242.97,9831.61,0.3609,Baseline,Commercial Planning,2023,FQ3,2022,12,December
2022-12-01,209,1,Fashion,28,2780.73,1121.26,0.4032,Baseline,Commercial Planning,2023,FQ3,2022,12,December
2022-12-01,209,1,Furniture,43,17610.39,6343.56,0.3602,Baseline,Finance Ops,2023,FQ3,2022,12,December
2022-12-01,209,1,Grocery,15,263.58,91.29,0.3463,Baseline,Finance Ops,2023,FQ3,2022,12,December
2022-12-01,209,1,Home Appliances,20,11122.27,4662.63,0.4192,Baseline,Regional Director,2023,FQ3,2022,12,December
2022-12-01,209,1,Office Supplies,43,1979.54,782.54,0.3953,Baseline,Regional Director,2023,FQ3,2022,12,December
2022-12-01,209,1,Sports,20,3794.94,894.02,0.2356,Baseline,Finance Ops,2023,FQ3,2022,12,December
2022-12-01,210,1,Beauty,28,2042.91,654.04,0.3202,Baseline,Finance Ops,2023,FQ3,2022,12,December
2022-12-01,210,1,Electronics,52,45779.34,16593.01,0.3625,Baseline,Commercial Planning,2023,FQ3,2022,12,December
2022-12-01,210,1,Fashion,28,1815.79,811.88,0.4471,Baseline,Regional Director,2023,FQ3,2022,12,December
2022-12-01,210,1,Furniture,26,19455.86,7091.26,0.3645,Baseline,Commercial Planning,2023,FQ3,2022,12,December
2022-12-01,210,1,Grocery,28,764.52,313.11,0.4096,Baseline,Finance Ops,2023,FQ3,2022,12,December
2022-12-01,210,1,Home Appliances,20,8461.29,3569.31,0.4218,Baseline,Finance Ops,2023,FQ3,2022,12,December
2022-12-01,210,1,Office Supplies,14,628.18,243.5,0.3876,Baseline,Regional Director,2023,FQ3,2022,12,December
2022-12-01,210,1,Sports,19,2732.95,977.46,0.3577,Baseline,Finance Ops,2023,FQ3,2022,12,December
2022-12-01,211,1,Beauty,38,1983.19,685.52,0.3457,Baseline,Regional Director,2023,FQ3,2022,12,December
2022-12-01,211,1,Electronics,27,26962.72,8678.81,0.3219,Baseline,Regional Director,2023,FQ3,2022,12,December
2022-12-01,211,1,Fashion,43,4292.86,1720.1,0.4007,Baseline,Commercial Planning,2023,FQ3,2022,12,December
2022-12-01,211,1,Furniture,34,19777.53,5311.23,0.2685,Baseline,Commercial Planning,2023,FQ3,2022,12,December
2022-12-01,211,1,Grocery,22,696.53,230.96,0.3316,Baseline,Finance Ops,2023,FQ3,2022,12,December
2022-12-01,211,1,Home Appliances,24,13660.75,5728.97,0.4194,Baseline,Commercial Planning,2023,FQ3,2022,12,December
2022-12-01,211,1,Office Supplies,33,1542.96,480.38,0.3113,Baseline,Finance Ops,2023,FQ3,2022,12,December
2022-12-01,211,1,Sports,14,3159.59,879.16,0.2783,Baseline,Finance Ops,2023,FQ3,2022,12,December
2022-12-01,212,1,Beauty,37,2467.97,895.29,0.3628,Baseline,Finance Ops,2023,FQ3,2022,12,December
2022-12-01,212,1,Electronics,38,37547.75,14170.67,0.3774,Baseline,Regional Director,2023,FQ3,2022,12,December
2022-12-01,212,1,Fashion,22,1482.0,458.8,0.3096,Baseline,Commercial Planning,2023,FQ3,2022,12,December
2022-12-01,212,1,Furniture,20,11643.95,4783.47,0.4108,Baseline,Finance Ops,2023,FQ3,2022,12,December
2022-12-01,212,1,Grocery,41,711.66,136.21,0.1914,Baseline,Commercial Planning,2023,FQ3,2022,12,December
2022-12-01,212,1,Home Appliances,49,17945.91,7646.56,0.4261,Baseline,Finance Ops,2023,FQ3,2022,12,December
2022-12-01,212,1,Office Supplies,36,1604.27,653.49,0.4073,Baseline,Finance Ops,2023,FQ3,2022,12,December
2022-12-01,212,1,Sports,8,813.66,266.89,0.328,Baseline,Regional Director,2023,FQ3,2022,12,December
2022-12-01,213,1,Beauty,34,1996.57,641.24,0.3212,Baseline,Commercial Planning,2023,FQ3,2022,12,December
2022-12-01,213,1,Electronics,19,23301.99,8113.67,0.3482,Baseline,Commercial Planning,2023,FQ3,2022,12,December
2022-12-01,213,1,Fashion,21,2168.61,563.94,0.26,Baseline,Commercial Planning,2023,FQ3,2022,12,December
2022-12-01,213,1,Furniture,10,4878.91,1121.83,0.2299,Baseline,Commercial Planning,2023,FQ3,2022,12,December
2022-12-01,213,1,Grocery,28,534.92,173.53,0.3244,Baseline,Commercial Planning,2023,FQ3,2022,12,December
2022-12-01,213,1,Home Appliances,47,19886.33,7780.04,0.3912,Baseline,Finance Ops,2023,FQ3,2022,12,December
2022-12-01,213,1,Office Supplies,13,492.94,219.74,0.4458,Baseline,Regional Director,2023,FQ3,2022,12,December
2022-12-01,213,1,Sports,10,1545.73,710.24,0.4595,Baseline,Commercial Planning,2023,FQ3,2022,12,December
2022-12-01,214,1,Beauty,23,1375.89,408.26,0.2967,Baseline,Regional Director,2023,FQ3,2022,12,December
2022-12-01,214,1,Electronics,22,26476.46,9248.48,0.3493,Baseline,Finance Ops,2023,FQ3,2022,12,December
2022-12-01,214,1,Fashion,23,2254.12,802.16,0.3559,Baseline,Regional Director,2023,FQ3,2022,12,December
2022-12-01,214,1,Furniture,24,14895.67,6887.37,0.4624,Baseline,Finance Ops,2023,FQ3,2022,12,December
2022-12-01,214,1,Grocery,24,752.25,269.12,0.3578,Baseline,Commercial Planning,2023,FQ3,2022,12,December
2022-12-01,214,1,Home Appliances,41,19484.6,7116.47,0.3652,Baseline,Regional Director,2023,FQ3,2022,12,December
2022-12-01,214,1,Office Supplies,9,420.83,140.65,0.3342,Baseline,Finance Ops,2023,FQ3,2022,12,December
2022-12-01,214,1,Sports,20,2871.38,1255.03,0.4371,Baseline,Commercial Planning,2023,FQ3,2022,12,December
2022-12-01,215,2,Beauty,45,1938.53,517.56,0.267,Baseline,Finance Ops,2023,FQ3,2022,12,December
2022-12-01,215,2,Electronics,101,81026.26,32745.12,0.4041,Baseline,Finance Ops,2023,FQ3,2022,12,December
2022-12-01,215,2,Fashion,55,5911.1,2219.03,0.3754,Baseline,Commercial Planning,2023,FQ3,2022,12,December
2022-12-01,215,2,Furniture,43,27471.63,8202.78,0.2986,Baseline,Commercial Planning,2023,FQ3,2022,12,December
2022-12-01,215,2,Grocery,61,1638.95,695.96,0.4246,Baseline,Regional Director,2023,FQ3,2022,12,December
2022-12-01,215,2,Home Appliances,73,27539.62,9400.39,0.3413,Baseline,Commercial Planning,2023,FQ3,2022,12,December
2022-12-01,215,2,Office Supplies,50,2815.06,1078.98,0.3833,Baseline,Finance Ops,2023,FQ3,2022,12,December
2022-12-01,215,2,Sports,25,5706.91,2066.64,0.3621,Baseline,Commercial Planning,2023,FQ3,2022,12,December
2022-12-01,216,2,Beauty,87,4118.46,1311.49,0.3184,Baseline,Commercial Planning,2023,FQ3,2022,12,December
2022-12-01,216,2,Electronics,97,88611.75,33575.03,0.3789,Baseline,Commercial Planning,2023,FQ3,2022,12,December
2022-12-01,216,2,Fashion,100,10107.23,3885.96,0.3845,Baseline,Regional Director,2023,FQ3,2022,12,December
2022-12-01,216,2,Furniture,19,9279.75,3164.5,0.341,Baseline,Regional Director,2023,FQ3,2022,12,December
2022-12-01,216,2,Grocery,80,2252.21,740.25,0.3287,Baseline,Finance Ops,2023,FQ3,2022,12,December
2022-12-01,216,2,Home Appliances,61,25769.42,10135.97,0.3933,Baseline,Commercial Planning,2023,FQ3,2022,12,December
2022-12-01,216,2,Office Supplies,75,3479.34,1187.88,0.3414,Baseline,Commercial Planning,2023,FQ3,2022,12,December
2022-12-01,216,2,Sports,26,5152.2,2044.06,0.3967,Baseline,Finance Ops,2023,FQ3,2022,12,December
2022-12-01,217,2,Beauty,56,2329.14,781.12,0.3354,Baseline,Finance Ops,2023,FQ3,2022,12,December
2022-12-01,217,2,Electronics,109,94589.82,30912.69,0.3268,Baseline,Commercial Planning,2023,FQ3,2022,12,December
2022-12-01,217,2,Fashion,50,4100.76,1445.1,0.3524,Baseline,Commercial Planning,2023,FQ3,2022,12,December
2022-12-01,217,2,Furniture,24,18306.08,6171.23,0.3371,Baseline,Commercial Planning,2023,FQ3,2022,12,December
2022-12-01,217,2,Grocery,59,1606.73,568.74,0.354,Baseline,Finance Ops,2023,FQ3,2022,12,December
2022-12-01,217,2,Home Appliances,60,23964.75,7887.85,0.3291,Baseline,Finance Ops,2023,FQ3,2022,12,December
2022-12-01,217,2,Office Supplies,44,1621.73,678.91,0.4186,Baseline,Commercial Planning,2023,FQ3,2022,12,December
2022-12-01,217,2,Sports,66,10752.87,3787.3,0.3522,Baseline,Finance Ops,2023,FQ3,2022,12,December
2022-12-01,218,3,Beauty,363,18037.97,5892.02,0.3266,Baseline,Regional Director,2023,FQ3,2022,12,December
2022-12-01,218,3,Electronics,720,709897.23,262956.32,0.3704,Baseline,Regional Director,2023,FQ3,2022,12,December
2022-12-01,218,3,Fashion,410,37571.27,12519.58,0.3332,Baseline,Regional Director,2023,FQ3,2022,12,December
2022-12-01,218,3,Furniture,303,168001.22,59303.68,0.353,Baseline,Finance Ops,2023,FQ3,2022,12,December
2022-12-01,218,3,Grocery,677,14964.9,5123.66,0.3424,Baseline,Finance Ops,2023,FQ3,2022,12,December
2022-12-01,218,3,Home Appliances,725,241659.78,80535.18,0.3333,Baseline,Regional Director,2023,FQ3,2022,12,December
2022-12-01,218,3,Office Supplies,296,9601.99,3701.09,0.3855,Baseline,Regional Director,2023,FQ3,2022,12,December
2022-12-01,218,3,Sports,279,48903.41,16416.17,0.3357,Baseline,Finance Ops,2023,FQ3,2022,12,December
2022-12-01,219,3,Beauty,255,14062.31,4671.04,0.3322,Baseline,Finance Ops,2023,FQ3,2022,12,December
2022-12-01,219,3,Electronics,544,460780.99,175098.59,0.38,Baseline,Commercial Planning,2023,FQ3,2022,12,December
2022-12-01,219,3,Fashion,265,28227.06,11178.42,0.396,Baseline,Finance Ops,2023,FQ3,2022,12,December
2022-12-01,219,3,Furniture,304,197149.34,74827.91,0.3795,Baseline,Regional Director,2023,FQ3,2022,12,December
2022-12-01,219,3,Grocery,557,12109.83,4434.44,0.3662,Baseline,Commercial Planning,2023,FQ3,2022,12,December
2022-12-01,219,3,Home Appliances,560,165374.06,54112.94,0.3272,Baseline,Finance Ops,2023,FQ3,2022,12,December
2022-12-01,219,3,Office Supplies,472,17524.4,7578.68,0.4325,Baseline,Finance Ops,2023,FQ3,2022,12,December
2022-12-01,219,3,Sports,294,39510.61,14085.53,0.3565,Baseline,Finance Ops,2023,FQ3,2022,12,December
2022-12-01,220,4,Beauty,96,5067.04,1604.15,0.3166,Baseline,Finance Ops,2023,FQ3,2022,12,December
2022-12-01,220,4,Electronics,129,116800.26,40907.76,0.3502,Baseline,Regional Director,2023,FQ3,2022,12,December
2022-12-01,220,4,Fashion,138,13260.45,5570.24,0.4201,Baseline,Finance Ops,2023,FQ3,2022,12,December
2022-12-01,220,4,Furniture,132,68121.03,26053.81,0.3825,Baseline,Regional Director,2023,FQ3,2022,12,December
2022-12-01,220,4,Grocery,70,1590.38,566.67,0.3563,Baseline,Commercial Planning,2023,FQ3,2022,12,December
2022-12-01,220,4,Home Appliances,128,55084.72,21128.41,0.3836,Baseline,Finance Ops,2023,FQ3,2022,12,December
2022-12-01,220,4,Office Supplies,72,3134.36,1202.73,0.3837,Baseline,Finance Ops,2023,FQ3,2022,12,December
2022-12-01,220,4,Sports,148,25026.44,9096.88,0.3635,Baseline,Commercial Planning,2023,FQ3,2022,12,December
2023-01-01,201,1,Beauty,16,991.27,318.13,0.3209,Baseline,Regional Director,2023,FQ4,2023,1,January
2023-01-01,201,1,Electronics,20,19713.4,7635.57,0.3873,Baseline,Finance Ops,2023,FQ4,2023,1,January
2023-01-01,201,1,Fashion,15,1558.81,482.15,0.3093,Baseline,Finance Ops,2023,FQ4,2023,1,January
2023-01-01,201,1,Furniture,7,2286.32,962.65,0.421,Baseline,Commercial Planning,2023,FQ4,2023,1,January
2023-01-01,201,1,Grocery,20,445.31,208.48,0.4682,Baseline,Commercial Planning,2023,FQ4,2023,1,January
2023-01-01,201,1,Home Appliances,25,10877.52,4248.69,0.3906,Baseline,Commercial Planning,2023,FQ4,2023,1,January
2023-01-01,201,1,Office Supplies,11,437.99,154.03,0.3517,Baseline,Finance Ops,2023,FQ4,2023,1,January
2023-01-01,201,1,Sports,10,2064.24,864.42,0.4188,Baseline,Commercial Planning,2023,FQ4,2023,1,January
2023-01-01,202,1,Beauty,4,97.35,29.05,0.2984,Baseline,Finance Ops,2023,FQ4,2023,1,January
2023-01-01,202,1,Electronics,25,15705.12,6260.13,0.3986,Baseline,Finance Ops,2023,FQ4,2023,1,January
2023-01-01,202,1,Fashion,11,1273.0,473.93,0.3723,Baseline,Commercial Planning,2023,FQ4,2023,1,January
2023-01-01,202,1,Furniture,17,12224.46,3921.86,0.3208,Baseline,Commercial Planning,2023,FQ4,2023,1,January
2023-01-01,202,1,Grocery,26,507.43,175.93,0.3467,Baseline,Finance Ops,2023,FQ4,2023,1,January
2023-01-01,202,1,Home Appliances,6,2271.28,828.43,0.3647,Baseline,Finance Ops,2023,FQ4,2023,1,January
2023-01-01,202,1,Office Supplies,3,186.12,65.64,0.3527,Baseline,Regional Director,2023,FQ4,2023,1,January
2023-01-01,202,1,Sports,23,3930.02,1512.89,0.385,Baseline,Commercial Planning,2023,FQ4,2023,1,January
2023-01-01,203,1,Beauty,16,735.6,273.69,0.3721,Baseline,Finance Ops,2023,FQ4,2023,1,January
2023-01-01,203,1,Electronics,6,3667.16,1603.35,0.4372,Baseline,Commercial Planning,2023,FQ4,2023,1,January
2023-01-01,203,1,Fashion,1,53.63,22.02,0.4106,Baseline,Finance Ops,2023,FQ4,2023,1,January
2023-01-01,203,1,Furniture,4,1567.08,616.59,0.3935,Baseline,Finance Ops,2023,FQ4,2023,1,January
2023-01-01,203,1,Grocery,18,653.99,264.78,0.4049,Baseline,Finance Ops,2023,FQ4,2023,1,January
2023-01-01,203,1,Home Appliances,5,1942.4,722.97,0.3722,Baseline,Regional Director,2023,FQ4,2023,1,January
2023-01-01,203,1,Office Supplies,23,1039.61,346.5,0.3333,Baseline,Finance Ops,2023,FQ4,2023,1,January
2023-01-01,203,1,Sports,18,3221.3,1547.25,0.4803,Baseline,Finance Ops,2023,FQ4,2023,1,January
2023-01-01,204,1,Beauty,11,362.0,171.55,0.4739,Baseline,Finance Ops,2023,FQ4,2023,1,January
2023-01-01,204,1,Electronics,10,12799.72,6206.89,0.4849,Baseline,Commercial Planning,2023,FQ4,2023,1,January
2023-01-01,204,1,Fashion,9,830.23,342.47,0.4125,Baseline,Commercial Planning,2023,FQ4,2023,1,January
2023-01-01,204,1,Furniture,7,6868.64,2407.7,0.3505,Baseline,Commercial Planning,2023,FQ4,2023,1,January
2023-01-01,204,1,Grocery,22,447.76,156.87,0.3503,Baseline,Commercial Planning,2023,FQ4,2023,1,January
2023-01-01,204,1,Home Appliances,27,10318.05,3772.35,0.3656,Baseline,Commercial Planning,2023,FQ4,2023,1,January
2023-01-01,204,1,Office Supplies,15,790.13,321.53,0.4069,Baseline,Commercial Planning,2023,FQ4,2023,1,January
2023-01-01,204,1,Sports,17,2551.73,1185.7,0.4647,Baseline,Finance Ops,2023,FQ4,2023,1,January
2023-01-01,205,1,Beauty,22,1132.37,449.91,0.3973,Baseline,Finance Ops,2023,FQ4,2023,1,January
2023-01-01,205,1,Electronics,33,33133.21,11852.78,0.3577,Baseline,Commercial Planning,2023,FQ4,2023,1,January
2023-01-01,205,1,Fashion,11,1083.23,439.16,0.4054,Baseline,Finance Ops,2023,FQ4,2023,1,January
2023-01-01,205,1,Furniture,17,13611.4,5140.07,0.3776,Baseline,Finance Ops,2023,FQ4,2023,1,January
2023-01-01,205,1,Grocery,53,1513.76,638.8,0.422,Baseline,Finance Ops,2023,FQ4,2023,1,January
2023-01-01,205,1,Home Appliances,20,8840.15,3344.5,0.3783,Baseline,Finance Ops,2023,FQ4,2023,1,January
2023-01-01,205,1,Office Supplies,7,218.0,99.82,0.4579,Baseline,Finance Ops,2023,FQ4,2023,1,January
2023-01-01,205,1,Sports,37,7040.16,2807.68,0.3988,Baseline,Commercial Planning,2023,FQ4,2023,1,January
2023-01-01,206,1,Beauty,32,1976.16,747.27,0.3781,Baseline,Commercial Planning,2023,FQ4,2023,1,January
2023-01-01,206,1,Electronics,23,29659.89,11828.26,0.3988,Baseline,Finance Ops,2023,FQ4,2023,1,January
2023-01-01,206,1,Fashion,3,304.98,134.89,0.4423,Baseline,Commercial Planning,2023,FQ4,2023,1,January
2023-01-01,206,1,Furniture,12,4892.47,1686.36,0.3447,Baseline,Regional Director,2023,FQ4,2023,1,January
2023-01-01,206,1,Grocery,4,73.95,27.54,0.3724,Baseline,Finance Ops,2023,FQ4,2023,1,January
2023-01-01,206,1,Home Appliances,15,5509.11,2205.51,0.4003,Baseline,Commercial Planning,2023,FQ4,2023,1,January
2023-01-01,206,1,Office Supplies,12,549.73,187.65,0.3413,Baseline,Commercial Planning,2023,FQ4,2023,1,January
2023-01-01,206,1,Sports,23,3485.66,1332.26,0.3822,Baseline,Finance Ops,2023,FQ4,2023,1,January
2023-01-01,207,1,Beauty,17,1012.22,321.39,0.3175,Baseline,Regional Director,2023,FQ4,2023,1,January
2023-01-01,207,1,Electronics,35,22269.49,9591.73,0.4307,Baseline,Regional Director,2023,FQ4,2023,1,January
2023-01-01,207,1,Fashion,19,2477.94,946.05,0.3818,Baseline,Finance Ops,2023,FQ4,2023,1,January
2023-01-01,207,1,Furniture,6,3520.05,1105.82,0.3141,Baseline,Commercial Planning,2023,FQ4,2023,1,January
2023-01-01,207,1,Grocery,23,877.05,386.91,0.4411,Baseline,Finance Ops,2023,FQ4,2023,1,January
2023-01-01,207,1,Home Appliances,31,16104.0,5395.45,0.335,Baseline,Commercial Planning,2023,FQ4,2023,1,January
2023-01-01,207,1,Office Supplies,3,242.13,104.08,0.4299,Baseline,Commercial Planning,2023,FQ4,2023,1,January
2023-01-01,207,1,Sports,13,1725.6,839.77,0.4867,Baseline,Finance Ops,2023,FQ4,2023,1,January
2023-01-01,208,1,Beauty,11,563.41,186.56,0.3311,Baseline,Commercial Planning,2023,FQ4,2023,1,January
2023-01-01,208,1,Electronics,32,29242.26,11137.01,0.3809,Baseline,Finance Ops,2023,FQ4,2023,1,January
2023-01-01,208,1,Fashion,15,1016.07,359.6,0.3539,Baseline,Regional Director,2023,FQ4,2023,1,January
2023-01-01,208,1,Furniture,6,5114.15,1880.04,0.3676,Baseline,Finance Ops,2023,FQ4,2023,1,January
2023-01-01,208,1,Grocery,5,93.8,44.48,0.4742,Baseline,Finance Ops,2023,FQ4,2023,1,January
2023-01-01,208,1,Home Appliances,25,14589.79,7230.68,0.4956,Baseline,Finance Ops,2023,FQ4,2023,1,January
2023-01-01,208,1,Office Supplies,11,323.49,131.59,0.4068,Baseline,Finance Ops,2023,FQ4,2023,1,January
2023-01-01,208,1,Sports,43,8904.65,3568.58,0.4008,Baseline,Regional Director,2023,FQ4,2023,1,January
2023-01-01,209,1,Beauty,26,1453.27,444.55,0.3059,Baseline,Finance Ops,2023,FQ4,2023,1,January
2023-01-01,209,1,Electronics,16,15368.16,7357.81,0.4788,Baseline,Regional Director,2023,FQ4,2023,1,January
2023-01-01,209,1,Fashion,18,1975.84,886.98,0.4489,Baseline,Commercial Planning,2023,FQ4,2023,1,January
2023-01-01,209,1,Furniture,6,2423.74,856.31,0.3533,Baseline,Finance Ops,2023,FQ4,2023,1,January
2023-01-01,209,1,Grocery,11,103.19,49.0,0.4749,Baseline,Finance Ops,2023,FQ4,2023,1,January
2023-01-01,209,1,Home Appliances,18,6198.36,2398.88,0.387,Baseline,Finance Ops,2023,FQ4,2023,1,January
2023-01-01,209,1,Office Supplies,12,758.94,309.81,0.4082,Baseline,Commercial Planning,2023,FQ4,2023,1,January
2023-01-01,209,1,Sports,14,2829.35,1460.68,0.5163,Baseline,Finance Ops,2023,FQ4,2023,1,January
2023-01-01,210,1,Beauty,4,134.32,55.55,0.4136,Baseline,Regional Director,2023,FQ4,2023,1,January
2023-01-01,210,1,Electronics,18,14779.72,5958.71,0.4032,Baseline,Finance Ops,2023,FQ4,2023,1,January
2023-01-01,210,1,Fashion,40,4422.91,1729.96,0.3911,Baseline,Regional Director,2023,FQ4,2023,1,January
2023-01-01,210,1,Furniture,10,8372.15,3093.46,0.3695,Baseline,Commercial Planning,2023,FQ4,2023,1,January
2023-01-01,210,1,Grocery,7,262.11,102.85,0.3924,Baseline,Finance Ops,2023,FQ4,2023,1,January
2023-01-01,210,1,Home Appliances,19,8902.43,4117.37,0.4625,Baseline,Finance Ops,2023,FQ4,2023,1,January
2023-01-01,210,1,Office Supplies,8,409.43,187.01,0.4568,Baseline,Commercial Planning,2023,FQ4,2023,1,January
2023-01-01,210,1,Sports,18,2205.48,922.3,0.4182,Baseline,Finance Ops,2023,FQ4,2023,1,January
2023-01-01,211,1,Beauty,1,60.12,27.38,0.4554,Baseline,Commercial Planning,2023,FQ4,2023,1,January
2023-01-01,211,1,Electronics,30,16999.27,6747.8,0.3969,Baseline,Commercial Planning,2023,FQ4,2023,1,January
2023-01-01,211,1,Fashion,15,1533.08,459.65,0.2998,Baseline,Commercial Planning,2023,FQ4,2023,1,January
2023-01-01,211,1,Furniture,11,7072.81,2232.29,0.3156,Baseline,Commercial Planning,2023,FQ4,2023,1,January
2023-01-01,211,1,Grocery,4,89.47,25.24,0.2821,Baseline,Regional Director,2023,FQ4,2023,1,January
2023-01-01,211,1,Home Appliances,17,7496.54,3113.48,0.4153,Baseline,Finance Ops,2023,FQ4,2023,1,January
2023-01-01,211,1,Office Supplies,17,632.11,209.43,0.3313,Baseline,Commercial Planning,2023,FQ4,2023,1,January
2023-01-01,211,1,Sports,8,1773.01,865.39,0.4881,Baseline,Finance Ops,2023,FQ4,2023,1,January
2023-01-01,212,1,Beauty,8,411.97,180.33,0.4377,Baseline,Regional Director,2023,FQ4,2023,1,January
2023-01-01,212,1,Electronics,10,9987.83,3611.66,0.3616,Baseline,Commercial Planning,2023,FQ4,2023,1,January
2023-01-01,212,1,Fashion,28,2964.26,1156.31,0.3901,Baseline,Finance Ops,2023,FQ4,2023,1,January
2023-01-01,212,1,Furniture,16,9801.33,4430.82,0.4521,Baseline,Regional Director,2023,FQ4,2023,1,January
2023-01-01,212,1,Grocery,23,696.02,254.0,0.3649,Baseline,Commercial Planning,2023,FQ4,2023,1,January
2023-01-01,212,1,Home Appliances,24,11590.39,5127.98,0.4424,Baseline,Commercial Planning,2023,FQ4,2023,1,January
2023-01-01,212,1,Office Supplies,15,773.23,297.91,0.3853,Baseline,Commercial Planning,2023,FQ4,2023,1,January
2023-01-01,212,1,Sports,6,898.21,380.99,0.4242,Baseline,Regional Director,2023,FQ4,2023,1,January
2023-01-01,213,1,Beauty,21,1356.98,450.88,0.3323,Baseline,Finance Ops,2023,FQ4,2023,1,January
2023-01-01,213,1,Electronics,47,36294.18,13336.84,0.3675,Baseline,Commercial Planning,2023,FQ4,2023,1,January
2023-01-01,213,1,Fashion,20,1532.13,516.45,0.3371,Baseline,Finance Ops,2023,FQ4,2023,1,January
2023-01-01,213,1,Furniture,3,1611.22,557.5,0.346,Baseline,Commercial Planning,2023,FQ4,2023,1,January
2023-01-01,213,1,Grocery,17,464.23,184.09,0.3965,Baseline,Regional Director,2023,FQ4,2023,1,January
2023-01-01,213,1,Home Appliances,7,3584.58,1473.42,0.411,Baseline,Finance Ops,2023,FQ4,2023,1,January
2023-01-01,213,1,Office Supplies,14,545.59,226.21,0.4146,Baseline,Regional Director,2023,FQ4,2023,1,January
2023-01-01,213,1,Sports,15,2394.9,1177.05,0.4915,Baseline,Finance Ops,2023,FQ4,2023,1,January
2023-01-01,214,1,Beauty,3,209.12,65.16,0.3116,Baseline,Finance Ops,2023,FQ4,2023,1,January
2023-01-01,214,1,Electronics,22,31461.86,14189.17,0.451,Baseline,Regional Director,2023,FQ4,2023,1,January
2023-01-01,214,1,Fashion,6,407.57,135.09,0.3315,Baseline,Regional Director,2023,FQ4,2023,1,January
2023-01-01,214,1,Furniture,16,10126.87,3334.22,0.3292,Baseline,Finance Ops,2023,FQ4,2023,1,January
2023-01-01,214,1,Grocery,19,616.37,203.62,0.3304,Baseline,Finance Ops,2023,FQ4,2023,1,January
2023-01-01,214,1,Home Appliances,21,8730.06,3820.49,0.4376,Baseline,Finance Ops,2023,FQ4,2023,1,January
2023-01-01,214,1,Office Supplies,13,788.76,365.24,0.4631,Baseline,Commercial Planning,2023,FQ4,2023,1,January
2023-01-01,214,1,Sports,36,7486.9,3117.98,0.4165,Baseline,Commercial Planning,2023,FQ4,2023,1,January
2023-01-01,215,2,Beauty,71,3663.15,1463.95,0.3996,Baseline,Finance Ops,2023,FQ4,2023,1,January
2023-01-01,215,2,Electronics,53,46751.04,20353.64,0.4354,Baseline,Finance Ops,2023,FQ4,2023,1,January
2023-01-01,215,2,Fashion,36,3804.11,1884.47,0.4954,Baseline,Finance Ops,2023,FQ4,2023,1,January
2023-01-01,215,2,Furniture,48,33891.01,11539.45,0.3405,Baseline,Finance Ops,2023,FQ4,2023,1,January
2023-01-01,215,2,Grocery,37,933.21,396.87,0.4253,Baseline,Regional Director,2023,FQ4,2023,1,January
2023-01-01,215,2,Home Appliances,35,11398.76,4700.17,0.4123,Baseline,Finance Ops,2023,FQ4,2023,1,January
2023-01-01,215,2,Office Supplies,42,1905.04,816.12,0.4284,Baseline,Commercial Planning,2023,FQ4,2023,1,January
2023-01-01,215,2,Sports,77,12865.83,5636.18,0.4381,Baseline,Commercial Planning,2023,FQ4,2023,1,January
2023-01-01,216,2,Beauty,48,2545.46,864.81,0.3397,Baseline,Regional Director,2023,FQ4,2023,1,January
2023-01-01,216,2,Electronics,94,72470.14,28244.94,0.3897,Baseline,Regional Director,2023,FQ4,2023,1,January
2023-01-01,216,2,Fashion,32,3548.84,1587.97,0.4475,Baseline,Finance Ops,2023,FQ4,2023,1,January
2023-01-01,216,2,Furniture,19,13527.96,4910.36,0.363,Baseline,Regional Director,2023,FQ4,2023,1,January
2023-01-01,216,2,Grocery,52,1433.46,529.27,0.3692,Baseline,Regional Director,2023,FQ4,2023,1,January
2023-01-01,216,2,Home Appliances,40,20970.13,9146.37,0.4362,Baseline,Finance Ops,2023,FQ4,2023,1,January
2023-01-01,216,2,Office Supplies,41,2028.22,805.4,0.3971,Baseline,Finance Ops,2023,FQ4,2023,1,January
2023-01-01,216,2,Sports,24,4305.65,1626.95,0.3779,Baseline,Regional Director,2023,FQ4,2023,1,January
2023-01-01,217,2,Beauty,61,2505.6,919.38,0.3669,Baseline,Commercial Planning,2023,FQ4,2023,1,January
2023-01-01,217,2,Electronics,47,45870.49,18686.84,0.4074,Baseline,Commercial Planning,2023,FQ4,2023,1,January
2023-01-01,217,2,Fashion,40,3238.24,1219.44,0.3766,Baseline,Commercial Planning,2023,FQ4,2023,1,January
2023-01-01,217,2,Furniture,39,24825.73,9058.43,0.3649,Baseline,Finance Ops,2023,FQ4,2023,1,January
2023-01-01,217,2,Grocery,31,848.94,303.39,0.3574,Baseline,Finance Ops,2023,FQ4,2023,1,January
2023-01-01,217,2,Home Appliances,78,31477.15,11672.62,0.3708,Baseline,Finance Ops,2023,FQ4,2023,1,January
2023-01-01,217,2,Office Supplies,25,1484.59,645.72,0.4349,Baseline,Commercial Planning,2023,FQ4,2023,1,January
2023-01-01,217,2,Sports,41,5668.15,2654.77,0.4684,Baseline,Finance Ops,2023,FQ4,2023,1,January
2023-01-01,218,3,Beauty,378,19989.78,6603.62,0.3303,Baseline,Finance Ops,2023,FQ4,2023,1,January
2023-01-01,218,3,Electronics,352,343452.59,136245.61,0.3967,Baseline,Regional Director,2023,FQ4,2023,1,January
2023-01-01,218,3,Fashion,279,19786.31,5524.59,0.2792,Baseline,Finance Ops,2023,FQ4,2023,1,January
2023-01-01,218,3,Furniture,258,147951.4,54041.66,0.3653,Baseline,Commercial Planning,2023,FQ4,2023,1,January
2023-01-01,218,3,Grocery,161,3655.97,1240.27,0.3392,Baseline,Regional Director,2023,FQ4,2023,1,January
2023-01-01,218,3,Home Appliances,339,150796.91,59827.21,0.3967,Baseline,Finance Ops,2023,FQ4,2023,1,January
2023-01-01,218,3,Office Supplies,213,9563.79,4146.71,0.4336,Baseline,Regional Director,2023,FQ4,2023,1,January
2023-01-01,218,3,Sports,330,54791.38,23299.15,0.4252,Baseline,Finance Ops,2023,FQ4,2023,1,January
2023-01-01,219,3,Beauty,209,13052.77,4446.9,0.3407,Baseline,Regional Director,2023,FQ4,2023,1,January
2023-01-01,219,3,Electronics,482,417555.49,162762.59,0.3898,Baseline,Commercial Planning,2023,FQ4,2023,1,January
2023-01-01,219,3,Fashion,147,16159.81,5412.54,0.3349,Baseline,Finance Ops,2023,FQ4,2023,1,January
2023-01-01,219,3,Furniture,388,265483.36,89333.81,0.3365,Baseline,Finance Ops,2023,FQ4,2023,1,January
2023-01-01,219,3,Grocery,301,6740.88,2592.15,0.3845,Baseline,Finance Ops,2023,FQ4,2023,1,January
2023-01-01,219,3,Home Appliances,344,192707.09,77487.59,0.4021,Baseline,Commercial Planning,2023,FQ4,2023,1,January
2023-01-01,219,3,Office Supplies,342,14292.28,5605.23,0.3922,Baseline,Commercial Planning,2023,FQ4,2023,1,January
2023-01-01,219,3,Sports,201,37506.15,14058.24,0.3748,Baseline,Commercial Planning,2023,FQ4,2023,1,January
2023-01-01,220,4,Beauty,61,3062.58,1098.33,0.3586,Baseline,Commercial Planning,2023,FQ4,2023,1,January
2023-01-01,220,4,Electronics,94,96325.28,39767.3,0.4128,Baseline,Finance Ops,2023,FQ4,2023,1,January
2023-01-01,220,4,Fashion,97,10258.39,4430.44,0.4319,Baseline,Regional Director,2023,FQ4,2023,1,January
2023-01-01,220,4,Furniture,67,28955.79,11686.66,0.4036,Baseline,Finance Ops,2023,FQ4,2023,1,January
2023-01-01,220,4,Grocery,99,2957.61,1107.3,0.3744,Baseline,Regional Director,2023,FQ4,2023,1,January
2023-01-01,220,4,Home Appliances,126,53598.08,20448.01,0.3815,Baseline,Regional Director,2023,FQ4,2023,1,January
2023-01-01,220,4,Office Supplies,48,2348.96,920.47,0.3919,Baseline,Regional Director,2023,FQ4,2023,1,January
2023-01-01,220,4,Sports,64,11549.34,4771.21,0.4131,Baseline,Commercial Planning,2023,FQ4,2023,1,January
2023-02-01,201,1,Beauty,31,1407.78,383.08,0.2721,Baseline,Commercial Planning,2023,FQ4,2023,2,February
2023-02-01,201,1,Electronics,35,33742.61,12079.94,0.358,Baseline,Regional Director,2023,FQ4,2023,2,February
2023-02-01,201,1,Fashion,8,1214.45,547.69,0.451,Baseline,Commercial Planning,2023,FQ4,2023,2,February
2023-02-01,201,1,Furniture,14,13397.74,4143.89,0.3093,Baseline,Finance Ops,2023,FQ4,2023,2,February
2023-02-01,201,1,Grocery,36,914.48,405.47,0.4434,Baseline,Finance Ops,2023,FQ4,2023,2,February
2023-02-01,201,1,Home Appliances,22,9465.91,4809.87,0.5081,Baseline,Commercial Planning,2023,FQ4,2023,2,February
2023-02-01,201,1,Office Supplies,6,183.64,67.02,0.365,Baseline,Regional Director,2023,FQ4,2023,2,February
2023-02-01,201,1,Sports,8,1469.19,587.6,0.3999,Baseline,Finance Ops,2023,FQ4,2023,2,February
2023-02-01,202,1,Beauty,8,86.79,38.24,0.4406,Baseline,Commercial Planning,2023,FQ4,2023,2,February
2023-02-01,202,1,Electronics,16,5995.51,2609.32,0.4352,Baseline,Commercial Planning,2023,FQ4,2023,2,February
2023-02-01,202,1,Fashion,10,1441.55,726.49,0.504,Baseline,Commercial Planning,2023,FQ4,2023,2,February
2023-02-01,202,1,Furniture,5,4042.61,1804.5,0.4464,Baseline,Finance Ops,2023,FQ4,2023,2,February
2023-02-01,202,1,Grocery,26,526.93,230.71,0.4378,Baseline,Commercial Planning,2023,FQ4,2023,2,February
2023-02-01,202,1,Home Appliances,7,3175.65,1404.46,0.4423,Baseline,Commercial Planning,2023,FQ4,2023,2,February
2023-02-01,202,1,Office Supplies,17,754.91,380.42,0.5039,Baseline,Regional Director,2023,FQ4,2023,2,February
2023-02-01,202,1,Sports,14,1520.28,607.0,0.3993,Baseline,Commercial Planning,2023,FQ4,2023,2,February
2023-02-01,203,1,Beauty,31,1352.31,492.05,0.3639,Baseline,Finance Ops,2023,FQ4,2023,2,February
2023-02-01,203,1,Electronics,20,18498.4,9037.28,0.4885,Baseline,Commercial Planning,2023,FQ4,2023,2,February
2023-02-01,203,1,Fashion,17,2899.19,1102.63,0.3803,Baseline,Commercial Planning,2023,FQ4,2023,2,February
2023-02-01,203,1,Furniture,7,3165.77,1579.89,0.4991,Baseline,Finance Ops,2023,FQ4,2023,2,February
2023-02-01,203,1,Grocery,16,561.95,158.34,0.2818,Baseline,Regional Director,2023,FQ4,2023,2,February
2023-02-01,203,1,Home Appliances,14,7805.09,3236.36,0.4146,Baseline,Finance Ops,2023,FQ4,2023,2,February
2023-02-01,203,1,Office Supplies,26,990.79,473.36,0.4778,Baseline,Finance Ops,2023,FQ4,2023,2,February
2023-02-01,203,1,Sports,14,1943.54,964.46,0.4962,Baseline,Commercial Planning,2023,FQ4,2023,2,February
2023-02-01,204,1,Beauty,15,850.83,319.45,0.3755,Baseline,Commercial Planning,2023,FQ4,2023,2,February
2023-02-01,204,1,Electronics,13,10210.95,5116.09,0.501,Baseline,Commercial Planning,2023,FQ4,2023,2,February
2023-02-01,204,1,Fashion,30,2889.47,1131.14,0.3915,Baseline,Commercial Planning,2023,FQ4,2023,2,February
2023-02-01,204,1,Furniture,7,1893.1,646.99,0.3418,Baseline,Regional Director,2023,FQ4,2023,2,February
2023-02-01,204,1,Grocery,9,73.81,31.21,0.4228,Baseline,Regional Director,2023,FQ4,2023,2,February
2023-02-01,204,1,Home Appliances,16,7890.96,2353.23,0.2982,Baseline,Finance Ops,2023,FQ4,2023,2,February
2023-02-01,204,1,Office Supplies,20,718.3,312.86,0.4356,Baseline,Regional Director,2023,FQ4,2023,2,February
2023-02-01,204,1,Sports,28,3981.86,1814.0,0.4556,Baseline,Commercial Planning,2023,FQ4,2023,2,February
2023-02-01,205,1,Beauty,9,455.07,130.47,0.2867,Baseline,Commercial Planning,2023,FQ4,2023,2,February
2023-02-01,205,1,Electronics,17,8777.63,3645.32,0.4153,Baseline,Commercial Planning,2023,FQ4,2023,2,February
2023-02-01,205,1,Fashion,11,828.79,331.98,0.4006,Baseline,Finance Ops,2023,FQ4,2023,2,February
2023-02-01,205,1,Furniture,19,10845.01,5390.74,0.4971,Baseline,Regional Director,2023,FQ4,2023,2,February
2023-02-01,205,1,Grocery,51,1899.01,732.16,0.3855,Baseline,Commercial Planning,2023,FQ4,2023,2,February
2023-02-01,205,1,Home Appliances,9,6100.2,2198.3,0.3604,Baseline,Regional Director,2023,FQ4,2023,2,February
2023-02-01,205,1,Office Supplies,8,479.87,194.17,0.4046,Baseline,Commercial Planning,2023,FQ4,2023,2,February
2023-02-01,205,1,Sports,2,177.04,63.69,0.3597,Baseline,Finance Ops,2023,FQ4,2023,2,February
2023-02-01,206,1,Beauty,15,949.76,129.01,0.1358,Baseline,Commercial Planning,2023,FQ4,2023,2,February
2023-02-01,206,1,Electronics,20,20664.39,8889.19,0.4302,Baseline,Finance Ops,2023,FQ4,2023,2,February
2023-02-01,206,1,Fashion,23,2966.93,1143.54,0.3854,Baseline,Regional Director,2023,FQ4,2023,2,February
2023-02-01,206,1,Furniture,17,17445.39,7992.86,0.4582,Baseline,Regional Director,2023,FQ4,2023,2,February
2023-02-01,206,1,Grocery,22,447.14,190.82,0.4268,Baseline,Finance Ops,2023,FQ4,2023,2,February
2023-02-01,206,1,Home Appliances,18,9592.15,3544.51,0.3695,Baseline,Commercial Planning,2023,FQ4,2023,2,February
2023-02-01,206,1,Office Supplies,2,147.23,75.54,0.5131,Baseline,Regional Director,2023,FQ4,2023,2,February
2023-02-01,206,1,Sports,11,1063.33,324.57,0.3052,Baseline,Finance Ops,2023,FQ4,2023,2,February
2023-02-01,207,1,Beauty,16,929.67,316.01,0.3399,Baseline,Finance Ops,2023,FQ4,2023,2,February
2023-02-01,207,1,Electronics,18,20211.21,7878.02,0.3898,Baseline,Finance Ops,2023,FQ4,2023,2,February
2023-02-01,207,1,Fashion,12,1175.65,449.42,0.3823,Baseline,Finance Ops,2023,FQ4,2023,2,February
2023-02-01,207,1,Furniture,9,8088.45,2473.23,0.3058,Baseline,Regional Director,2023,FQ4,2023,2,February
2023-02-01,207,1,Grocery,9,183.2,76.06,0.4152,Baseline,Commercial Planning,2023,FQ4,2023,2,February
2023-02-01,207,1,Home Appliances,22,11136.28,4297.84,0.3859,Baseline,Finance Ops,2023,FQ4,2023,2,February
2023-02-01,207,1,Office Supplies,21,926.87,363.01,0.3917,Baseline,Regional Director,2023,FQ4,2023,2,February
2023-02-01,207,1,Sports,32,4258.42,1905.06,0.4474,Baseline,Finance Ops,2023,FQ4,2023,2,February
2023-02-01,208,1,Beauty,14,830.58,318.76,0.3838,Baseline,Finance Ops,2023,FQ4,2023,2,February
2023-02-01,208,1,Electronics,15,6701.33,3542.03,0.5286,Baseline,Finance Ops,2023,FQ4,2023,2,February
2023-02-01,208,1,Fashion,8,476.38,170.28,0.3574,Baseline,Regional Director,2023,FQ4,2023,2,February
2023-02-01,208,1,Furniture,7,5585.11,2338.83,0.4188,Baseline,Finance Ops,2023,FQ4,2023,2,February
2023-02-01,208,1,Grocery,10,349.39,138.29,0.3958,Baseline,Finance Ops,2023,FQ4,2023,2,February
2023-02-01,208,1,Home Appliances,14,4519.29,1942.21,0.4298,Baseline,Commercial Planning,2023,FQ4,2023,2,February
2023-02-01,208,1,Office Supplies,9,378.21,146.51,0.3874,Baseline,Regional Director,2023,FQ4,2023,2,February
2023-02-01,208,1,Sports,5,875.38,393.44,0.4495,Baseline,Finance Ops,2023,FQ4,2023,2,February
2023-02-01,209,1,Beauty,2,83.26,22.67,0.2723,Baseline,Finance Ops,2023,FQ4,2023,2,February
2023-02-01,209,1,Electronics,15,18342.96,7374.16,0.402,Baseline,Finance Ops,2023,FQ4,2023,2,February
2023-02-01,209,1,Fashion,7,471.83,156.6,0.3319,Baseline,Commercial Planning,2023,FQ4,2023,2,February
2023-02-01,209,1,Furniture,17,14230.34,5808.52,0.4082,Baseline,Finance Ops,2023,FQ4,2023,2,February
2023-02-01,209,1,Grocery,12,272.92,113.46,0.4157,Baseline,Regional Director,2023,FQ4,2023,2,February
2023-02-01,209,1,Home Appliances,21,10536.76,4172.47,0.396,Baseline,Regional Director,2023,FQ4,2023,2,February
2023-02-01,209,1,Office Supplies,13,681.27,280.61,0.4119,Baseline,Regional Director,2023,FQ4,2023,2,February
2023-02-01,209,1,Sports,7,1133.07,503.3,0.4442,Baseline,Finance Ops,2023,FQ4,2023,2,February
2023-02-01,210,1,Beauty,6,238.75,106.32,0.4453,Baseline,Regional Director,2023,FQ4,2023,2,February
2023-02-01,210,1,Electronics,25,34083.81,13327.45,0.391,Baseline,Finance Ops,2023,FQ4,2023,2,February
2023-02-01,210,1,Fashion,26,2852.02,1299.41,0.4556,Baseline,Finance Ops,2023,FQ4,2023,2,February
2023-02-01,210,1,Furniture,10,7293.7,2111.13,0.2894,Baseline,Finance Ops,2023,FQ4,2023,2,February
2023-02-01,210,1,Home Appliances,18,7630.16,2308.27,0.3025,Baseline,Finance Ops,2023,FQ4,2023,2,February
2023-02-01,210,1,Office Supplies,13,488.56,186.94,0.3826,Baseline,Commercial Planning,2023,FQ4,2023,2,February
2023-02-01,210,1,Sports,23,3809.37,1411.72,0.3706,Baseline,Finance Ops,2023,FQ4,2023,2,February
2023-02-01,211,1,Beauty,33,1621.12,568.29,0.3506,Baseline,Regional Director,2023,FQ4,2023,2,February
2023-02-01,211,1,Electronics,13,12335.8,4262.68,0.3456,Baseline,Commercial Planning,2023,FQ4,2023,2,February
2023-02-01,211,1,Furniture,18,18664.06,6157.66,0.3299,Baseline,Finance Ops,2023,FQ4,2023,2,February
2023-02-01,211,1,Grocery,15,396.4,170.48,0.4301,Baseline,Regional Director,2023,FQ4,2023,2,February
2023-02-01,211,1,Home Appliances,11,6765.1,2428.44,0.359,Baseline,Finance Ops,2023,FQ4,2023,2,February
2023-02-01,211,1,Office Supplies,24,912.62,370.35,0.4058,Baseline,Finance Ops,2023,FQ4,2023,2,February
2023-02-01,211,1,Sports,41,7821.19,3519.04,0.4499,Baseline,Commercial Planning,2023,FQ4,2023,2,February
2023-02-01,212,1,Beauty,3,202.86,72.24,0.3561,Baseline,Regional Director,2023,FQ4,2023,2,February
2023-02-01,212,1,Electronics,18,18895.64,6623.39,0.3505,Baseline,Commercial Planning,2023,FQ4,2023,2,February
2023-02-01,212,1,Fashion,11,1163.0,450.08,0.387,Baseline,Regional Director,2023,FQ4,2023,2,February
2023-02-01,212,1,Furniture,16,12216.25,4355.87,0.3566,Baseline,Finance Ops,2023,FQ4,2023,2,February
2023-02-01,212,1,Grocery,8,142.69,61.8,0.4331,Baseline,Finance Ops,2023,FQ4,2023,2,February
2023-02-01,212,1,Home Appliances,30,17910.03,7053.43,0.3938,Baseline,Regional Director,2023,FQ4,2023,2,February
2023-02-01,212,1,Office Supplies,27,2001.77,825.82,0.4125,Baseline,Commercial Planning,2023,FQ4,2023,2,February
2023-02-01,212,1,Sports,8,1508.67,771.88,0.5116,Baseline,Commercial Planning,2023,FQ4,2023,2,February
2023-02-01,213,1,Beauty,19,704.88,261.64,0.3712,Baseline,Finance Ops,2023,FQ4,2023,2,February
2023-02-01,213,1,Electronics,25,34006.06,13832.28,0.4068,Baseline,Regional Director,2023,FQ4,2023,2,February
2023-02-01,213,1,Fashion,40,5138.88,2018.81,0.3929,Baseline,Commercial Planning,2023,FQ4,2023,2,February
2023-02-01,213,1,Furniture,12,7336.52,2933.64,0.3999,Baseline,Commercial Planning,2023,FQ4,2023,2,February
2023-02-01,213,1,Grocery,34,912.82,361.17,0.3957,Baseline,Finance Ops,2023,FQ4,2023,2,February
2023-02-01,213,1,Home Appliances,27,14397.39,5473.69,0.3802,Baseline,Commercial Planning,2023,FQ4,2023,2,February
2023-02-01,213,1,Office Supplies,3,160.64,55.8,0.3474,Baseline,Finance Ops,2023,FQ4,2023,2,February
2023-02-01,213,1,Sports,19,3216.3,1267.58,0.3941,Baseline,Regional Director,2023,FQ4,2023,2,February
2023-02-01,214,1,Beauty,9,619.21,191.57,0.3094,Baseline,Commercial Planning,2023,FQ4,2023,2,February
2023-02-01,214,1,Electronics,28,28965.21,13507.71,0.4663,Baseline,Commercial Planning,2023,FQ4,2023,2,February
2023-02-01,214,1,Fashion,5,649.35,262.4,0.4041,Baseline,Commercial Planning,2023,FQ4,2023,2,February
2023-02-01,214,1,Furniture,8,3139.79,1322.06,0.4211,Baseline,Finance Ops,2023,FQ4,2023,2,February
2023-02-01,214,1,Grocery,13,216.83,73.58,0.3393,Baseline,Finance Ops,2023,FQ4,2023,2,February
2023-02-01,214,1,Home Appliances,20,11038.47,5379.27,0.4873,Baseline,Finance Ops,2023,FQ4,2023,2,February
2023-02-01,214,1,Office Supplies,22,1095.76,406.28,0.3708,Baseline,Finance Ops,2023,FQ4,2023,2,February
2023-02-01,214,1,Sports,17,2377.56,847.31,0.3564,Baseline,Finance Ops,2023,FQ4,2023,2,February
2023-02-01,215,2,Beauty,30,1625.75,633.85,0.3899,Baseline,Finance Ops,2023,FQ4,2023,2,February
2023-02-01,215,2,Electronics,46,50130.47,23523.05,0.4692,Baseline,Commercial Planning,2023,FQ4,2023,2,February
2023-02-01,215,2,Fashion,32,2468.22,985.12,0.3991,Baseline,Finance Ops,2023,FQ4,2023,2,February
2023-02-01,215,2,Furniture,43,28817.84,11044.43,0.3832,Baseline,Regional Director,2023,FQ4,2023,2,February
2023-02-01,215,2,Grocery,31,592.33,212.87,0.3594,Baseline,Commercial Planning,2023,FQ4,2023,2,February
2023-02-01,215,2,Home Appliances,67,33823.99,14683.78,0.4341,Baseline,Commercial Planning,2023,FQ4,2023,2,February
2023-02-01,215,2,Office Supplies,41,2143.19,901.65,0.4207,Baseline,Finance Ops,2023,FQ4,2023,2,February
2023-02-01,215,2,Sports,51,9003.7,3708.26,0.4119,Baseline,Finance Ops,2023,FQ4,2023,2,February
2023-02-01,216,2,Beauty,68,3480.67,1182.05,0.3396,Baseline,Finance Ops,2023,FQ4,2023,2,February
2023-02-01,216,2,Electronics,53,59996.22,26796.07,0.4466,Baseline,Finance Ops,2023,FQ4,2023,2,February
2023-02-01,216,2,Fashion,44,5146.21,2340.43,0.4548,Baseline,Finance Ops,2023,FQ4,2023,2,February
2023-02-01,216,2,Furniture,33,16103.06,6263.59,0.389,Baseline,Regional Director,2023,FQ4,2023,2,February
2023-02-01,216,2,Grocery,47,1624.35,671.45,0.4134,Baseline,Regional Director,2023,FQ4,2023,2,February
2023-02-01,216,2,Home Appliances,41,19585.64,7525.17,0.3842,Baseline,Finance Ops,2023,FQ4,2023,2,February
2023-02-01,216,2,Office Supplies,23,1155.75,477.35,0.413,Baseline,Finance Ops,2023,FQ4,2023,2,February
2023-02-01,216,2,Sports,36,7582.29,2671.52,0.3523,Baseline,Finance Ops,2023,FQ4,2023,2,February
2023-02-01,217,2,Beauty,55,2942.11,1189.16,0.4042,Baseline,Commercial Planning,2023,FQ4,2023,2,February
2023-02-01,217,2,Electronics,39,40619.47,16999.56,0.4185,Baseline,Finance Ops,2023,FQ4,2023,2,February
2023-02-01,217,2,Fashion,53,6208.51,2641.05,0.4254,Baseline,Finance Ops,2023,FQ4,2023,2,February
2023-02-01,217,2,Furniture,37,22555.17,8476.89,0.3758,Baseline,Finance Ops,2023,FQ4,2023,2,February
2023-02-01,217,2,Grocery,21,520.59,189.16,0.3634,Baseline,Finance Ops,2023,FQ4,2023,2,February
2023-02-01,217,2,Home Appliances,26,9149.49,3797.12,0.415,Baseline,Commercial Planning,2023,FQ4,2023,2,February
2023-02-01,217,2,Office Supplies,38,1984.56,924.52,0.4659,Baseline,Finance Ops,2023,FQ4,2023,2,February
2023-02-01,217,2,Sports,21,2740.36,1107.08,0.404,Baseline,Finance Ops,2023,FQ4,2023,2,February
2023-02-01,218,3,Beauty,135,6332.73,2190.9,0.346,Baseline,Commercial Planning,2023,FQ4,2023,2,February
2023-02-01,218,3,Electronics,514,555896.18,209126.17,0.3762,Baseline,Commercial Planning,2023,FQ4,2023,2,February
2023-02-01,218,3,Fashion,243,22365.6,9221.71,0.4123,Baseline,Finance Ops,2023,FQ4,2023,2,February
2023-02-01,218,3,Furniture,224,137307.29,47393.87,0.3452,Baseline,Finance Ops,2023,FQ4,2023,2,February
2023-02-01,218,3,Grocery,335,6228.81,2502.31,0.4017,Baseline,Finance Ops,2023,FQ4,2023,2,February
2023-02-01,218,3,Home Appliances,336,178233.18,69696.08,0.391,Baseline,Finance Ops,2023,FQ4,2023,2,February
2023-02-01,218,3,Office Supplies,172,9033.8,3603.33,0.3989,Baseline,Commercial Planning,2023,FQ4,2023,2,February
2023-02-01,218,3,Sports,243,42170.95,17200.44,0.4079,Baseline,Finance Ops,2023,FQ4,2023,2,February
2023-02-01,219,3,Beauty,147,7294.36,2516.77,0.345,Baseline,Finance Ops,2023,FQ4,2023,2,February
2023-02-01,219,3,Electronics,491,447121.58,187698.26,0.4198,Baseline,Regional Director,2023,FQ4,2023,2,February
2023-02-01,219,3,Fashion,167,12073.42,3773.2,0.3125,Baseline,Regional Director,2023,FQ4,2023,2,February
2023-02-01,219,3,Furniture,388,208229.9,74014.25,0.3554,Baseline,Commercial Planning,2023,FQ4,2023,2,February
2023-02-01,219,3,Grocery,323,8128.55,2646.83,0.3256,Baseline,Finance Ops,2023,FQ4,2023,2,February
2023-02-01,219,3,Home Appliances,264,114338.04,40133.61,0.351,Baseline,Finance Ops,2023,FQ4,2023,2,February
2023-02-01,219,3,Office Supplies,531,23990.27,9880.51,0.4119,Baseline,Regional Director,2023,FQ4,2023,2,February
2023-02-01,219,3,Sports,173,31042.27,11957.06,0.3852,Baseline,Commercial Planning,2023,FQ4,2023,2,February
2023-02-01,220,4,Beauty,75,3494.88,1452.61,0.4156,Baseline,Finance Ops,2023,FQ4,2023,2,February
2023-02-01,220,4,Electronics,73,63637.61,23052.73,0.3623,Baseline,Finance Ops,2023,FQ4,2023,2,February
2023-02-01,220,4,Fashion,111,11877.18,4694.9,0.3953,Baseline,Finance Ops,2023,FQ4,2023,2,February
2023-02-01,220,4,Furniture,48,28183.65,11423.12,0.4053,Baseline,Commercial Planning,2023,FQ4,2023,2,February
2023-02-01,220,4,Grocery,59,1444.61,572.12,0.396,Baseline,Finance Ops,2023,FQ4,2023,2,February
2023-02-01,220,4,Home Appliances,75,35783.65,14237.99,0.3979,Baseline,Finance Ops,2023,FQ4,2023,2,February
2023-02-01,220,4,Office Supplies,67,3354.81,1376.01,0.4102,Baseline,Commercial Planning,2023,FQ4,2023,2,February
2023-02-01,220,4,Sports,55,7455.31,3069.88,0.4118,Baseline,Finance Ops,2023,FQ4,2023,2,February
2023-03-01,201,1,Beauty,48,2150.56,820.28,0.3814,Baseline,Commercial Planning,2023,FQ4,2023,3,March
2023-03-01,201,1,Electronics,17,17987.39,7301.6,0.4059,Baseline,Finance Ops,2023,FQ4,2023,3,March
2023-03-01,201,1,Fashion,17,1840.72,680.93,0.3699,Baseline,Finance Ops,2023,FQ4,2023,3,March
2023-03-01,201,1,Furniture,14,6151.28,1842.75,0.2996,Baseline,Finance Ops,2023,FQ4,2023,3,March
2023-03-01,201,1,Grocery,29,631.17,225.0,0.3565,Baseline,Finance Ops,2023,FQ4,2023,3,March
2023-03-01,201,1,Home Appliances,13,5495.52,2177.27,0.3962,Baseline,Commercial Planning,2023,FQ4,2023,3,March
2023-03-01,201,1,Sports,15,2168.13,755.01,0.3482,Baseline,Commercial Planning,2023,FQ4,2023,3,March
2023-03-01,202,1,Beauty,27,1665.24,653.03,0.3922,Baseline,Finance Ops,2023,FQ4,2023,3,March
2023-03-01,202,1,Electronics,5,8132.52,3084.21,0.3792,Baseline,Regional Director,2023,FQ4,2023,3,March
2023-03-01,202,1,Fashion,28,1603.89,493.26,0.3075,Baseline,Commercial Planning,2023,FQ4,2023,3,March
2023-03-01,202,1,Furniture,18,11039.2,4393.43,0.398,Baseline,Regional Director,2023,FQ4,2023,3,March
2023-03-01,202,1,Grocery,26,876.14,366.38,0.4182,Baseline,Finance Ops,2023,FQ4,2023,3,March
2023-03-01,202,1,Home Appliances,10,2069.59,842.25,0.407,Baseline,Regional Director,2023,FQ4,2023,3,March
2023-03-01,202,1,Office Supplies,23,848.09,366.44,0.4321,Baseline,Commercial Planning,2023,FQ4,2023,3,March
2023-03-01,202,1,Sports,10,1691.95,674.81,0.3988,Baseline,Commercial Planning,2023,FQ4,2023,3,March
2023-03-01,203,1,Beauty,12,334.09,127.07,0.3803,Baseline,Finance Ops,2023,FQ4,2023,3,March
2023-03-01,203,1,Electronics,10,7890.92,3151.68,0.3994,Baseline,Regional Director,2023,FQ4,2023,3,March
2023-03-01,203,1,Fashion,24,2230.15,847.49,0.38,Baseline,Regional Director,2023,FQ4,2023,3,March
2023-03-01,203,1,Furniture,32,23345.77,9227.08,0.3952,Baseline,Commercial Planning,2023,FQ4,2023,3,March
2023-03-01,203,1,Grocery,9,225.72,92.71,0.4107,Baseline,Finance Ops,2023,FQ4,2023,3,March
2023-03-01,203,1,Home Appliances,46,18026.08,6292.54,0.3491,Baseline,Commercial Planning,2023,FQ4,2023,3,March
2023-03-01,203,1,Office Supplies,8,379.59,158.27,0.4169,Baseline,Commercial Planning,2023,FQ4,2023,3,March
2023-03-01,203,1,Sports,18,2973.95,1231.87,0.4142,Baseline,Commercial Planning,2023,FQ4,2023,3,March
2023-03-01,204,1,Beauty,14,740.42,269.83,0.3644,Baseline,Regional Director,2023,FQ4,2023,3,March
2023-03-01,204,1,Electronics,35,35838.49,13548.95,0.3781,Baseline,Regional Director,2023,FQ4,2023,3,March
2023-03-01,204,1,Fashion,11,1174.29,413.7,0.3523,Baseline,Finance Ops,2023,FQ4,2023,3,March
2023-03-01,204,1,Furniture,11,10453.1,3002.66,0.2873,Baseline,Finance Ops,2023,FQ4,2023,3,March
2023-03-01,204,1,Grocery,3,90.79,30.73,0.3385,Baseline,Regional Director,2023,FQ4,2023,3,March
2023-03-01,204,1,Home Appliances,16,7088.88,2650.17,0.3738,Baseline,Commercial Planning,2023,FQ4,2023,3,March
2023-03-01,204,1,Office Supplies,29,1289.18,596.2,0.4625,Baseline,Finance Ops,2023,FQ4,2023,3,March
2023-03-01,204,1,Sports,6,1490.72,589.12,0.3952,Baseline,Regional Director,2023,FQ4,2023,3,March
2023-03-01,205,1,Beauty,39,1948.99,747.69,0.3836,Baseline,Commercial Planning,2023,FQ4,2023,3,March
2023-03-01,205,1,Electronics,20,16755.01,5403.34,0.3225,Baseline,Regional Director,2023,FQ4,2023,3,March
2023-03-01,205,1,Fashion,18,1230.65,494.39,0.4017,Baseline,Commercial Planning,2023,FQ4,2023,3,March
2023-03-01,205,1,Furniture,19,14907.22,4224.28,0.2834,Baseline,Regional Director,2023,FQ4,2023,3,March
2023-03-01,205,1,Grocery,23,465.92,154.68,0.332,Baseline,Regional Director,2023,FQ4,2023,3,March
2023-03-01,205,1,Home Appliances,26,13606.63,5983.32,0.4397,Baseline,Commercial Planning,2023,FQ4,2023,3,March
2023-03-01,205,1,Office Supplies,24,909.5,417.64,0.4592,Baseline,Commercial Planning,2023,FQ4,2023,3,March
2023-03-01,205,1,Sports,26,4493.81,2002.6,0.4456,Baseline,Regional Director,2023,FQ4,2023,3,March
2023-03-01,206,1,Beauty,18,901.18,284.3,0.3155,Baseline,Finance Ops,2023,FQ4,2023,3,March
2023-03-01,206,1,Electronics,16,15325.78,7143.08,0.4661,Baseline,Finance Ops,2023,FQ4,2023,3,March
2023-03-01,206,1,Fashion,20,1402.6,558.82,0.3984,Baseline,Regional Director,2023,FQ4,2023,3,March
2023-03-01,206,1,Furniture,14,6577.52,2138.2,0.3251,Baseline,Finance Ops,2023,FQ4,2023,3,March
2023-03-01,206,1,Grocery,10,342.38,154.86,0.4523,Baseline,Finance Ops,2023,FQ4,2023,3,March
2023-03-01,206,1,Home Appliances,22,10677.44,3039.92,0.2847,Baseline,Finance Ops,2023,FQ4,2023,3,March
2023-03-01,206,1,Office Supplies,25,890.07,335.72,0.3772,Baseline,Regional Director,2023,FQ4,2023,3,March
2023-03-01,206,1,Sports,35,6381.77,2609.59,0.4089,Baseline,Commercial Planning,2023,FQ4,2023,3,March
2023-03-01,207,1,Beauty,18,1162.0,355.41,0.3059,Baseline,Finance Ops,2023,FQ4,2023,3,March
2023-03-01,207,1,Electronics,37,43041.14,20981.42,0.4875,Baseline,Finance Ops,2023,FQ4,2023,3,March
2023-03-01,207,1,Fashion,22,3087.43,1219.06,0.3948,Baseline,Finance Ops,2023,FQ4,2023,3,March
2023-03-01,207,1,Furniture,23,18285.94,5482.57,0.2998,Baseline,Regional Director,2023,FQ4,2023,3,March
2023-03-01,207,1,Grocery,24,630.72,263.82,0.4183,Baseline,Finance Ops,2023,FQ4,2023,3,March
2023-03-01,207,1,Home Appliances,35,16693.52,5087.02,0.3047,Baseline,Commercial Planning,2023,FQ4,2023,3,March
2023-03-01,207,1,Office Supplies,17,970.01,375.42,0.387,Baseline,Commercial Planning,2023,FQ4,2023,3,March
2023-03-01,207,1,Sports,10,1861.29,494.78,0.2658,Baseline,Finance Ops,2023,FQ4,2023,3,March
2023-03-01,208,1,Beauty,29,1039.55,383.32,0.3687,Baseline,Commercial Planning,2023,FQ4,2023,3,March
2023-03-01,208,1,Electronics,34,31330.01,12937.95,0.413,Baseline,Finance Ops,2023,FQ4,2023,3,March
2023-03-01,208,1,Fashion,32,2472.93,1009.22,0.4081,Baseline,Finance Ops,2023,FQ4,2023,3,March
2023-03-01,208,1,Furniture,4,1493.25,577.38,0.3867,Baseline,Commercial Planning,2023,FQ4,2023,3,March
2023-03-01,208,1,Grocery,18,441.15,162.34,0.368,Baseline,Commercial Planning,2023,FQ4,2023,3,March
2023-03-01,208,1,Home Appliances,40,15930.76,6043.8,0.3794,Baseline,Finance Ops,2023,FQ4,2023,3,March
2023-03-01,208,1,Office Supplies,8,262.04,116.97,0.4464,Baseline,Commercial Planning,2023,FQ4,2023,3,March
2023-03-01,208,1,Sports,8,1214.81,347.7,0.2862,Baseline,Finance Ops,2023,FQ4,2023,3,March
2023-03-01,209,1,Beauty,26,1324.19,490.03,0.3701,Baseline,Commercial Planning,2023,FQ4,2023,3,March
2023-03-01,209,1,Electronics,10,9440.28,2938.49,0.3113,Baseline,Regional Director,2023,FQ4,2023,3,March
2023-03-01,209,1,Fashion,6,519.35,185.8,0.3578,Baseline,Finance Ops,2023,FQ4,2023,3,March
2023-03-01,209,1,Furniture,16,9795.12,2457.19,0.2509,Baseline,Regional Director,2023,FQ4,2023,3,March
2023-03-01,209,1,Grocery,10,245.83,93.89,0.3819,Baseline,Finance Ops,2023,FQ4,2023,3,March
2023-03-01,209,1,Home Appliances,6,1419.35,699.34,0.4927,Baseline,Commercial Planning,2023,FQ4,2023,3,March
2023-03-01,209,1,Office Supplies,12,436.5,164.8,0.3775,Baseline,Finance Ops,2023,FQ4,2023,3,March
2023-03-01,209,1,Sports,8,1166.91,584.33,0.5007,Baseline,Commercial Planning,2023,FQ4,2023,3,March
2023-03-01,210,1,Beauty,8,277.01,102.38,0.3696,Baseline,Commercial Planning,2023,FQ4,2023,3,March
2023-03-01,210,1,Electronics,30,26567.71,10412.23,0.3919,Baseline,Finance Ops,2023,FQ4,2023,3,March
2023-03-01,210,1,Fashion,22,1752.13,664.44,0.3792,Baseline,Regional Director,2023,FQ4,2023,3,March
2023-03-01,210,1,Furniture,9,6989.34,2289.94,0.3276,Baseline,Commercial Planning,2023,FQ4,2023,3,March
2023-03-01,210,1,Grocery,8,290.63,127.87,0.44,Baseline,Commercial Planning,2023,FQ4,2023,3,March
2023-03-01,210,1,Home Appliances,32,14198.16,6153.78,0.4334,Baseline,Finance Ops,2023,FQ4,2023,3,March
2023-03-01,210,1,Office Supplies,15,807.02,341.96,0.4237,Baseline,Finance Ops,2023,FQ4,2023,3,March
2023-03-01,210,1,Sports,22,4228.93,1754.78,0.4149,Baseline,Regional Director,2023,FQ4,2023,3,March
2023-03-01,211,1,Beauty,20,1177.31,368.08,0.3126,Baseline,Regional Director,2023,FQ4,2023,3,March
2023-03-01,211,1,Electronics,20,25590.2,11258.73,0.44,Baseline,Commercial Planning,2023,FQ4,2023,3,March
2023-03-01,211,1,Fashion,12,1298.87,507.89,0.391,Baseline,Finance Ops,2023,FQ4,2023,3,March
2023-03-01,211,1,Furniture,16,7439.72,3188.0,0.4285,Baseline,Finance Ops,2023,FQ4,2023,3,March
2023-03-01,211,1,Grocery,22,605.81,256.08,0.4227,Baseline,Commercial Planning,2023,FQ4,2023,3,March
2023-03-01,211,1,Home Appliances,31,16045.46,5543.29,0.3455,Baseline,Commercial Planning,2023,FQ4,2023,3,March
2023-03-01,211,1,Office Supplies,16,637.94,355.03,0.5565,Baseline,Commercial Planning,2023,FQ4,2023,3,March
2023-03-01,211,1,Sports,8,1222.31,448.9,0.3673,Baseline,Finance Ops,2023,FQ4,2023,3,March
2023-03-01,212,1,Beauty,16,930.04,247.52,0.2661,Baseline,Commercial Planning,2023,FQ4,2023,3,March
2023-03-01,212,1,Electronics,29,16006.95,4792.68,0.2994,Baseline,Finance Ops,2023,FQ4,2023,3,March
2023-03-01,212,1,Fashion,48,4642.38,1851.8,0.3989,Baseline,Commercial Planning,2023,FQ4,2023,3,March
2023-03-01,212,1,Furniture,8,4749.21,1518.45,0.3197,Baseline,Commercial Planning,2023,FQ4,2023,3,March
2023-03-01,212,1,Grocery,21,576.69,223.25,0.3871,Baseline,Commercial Planning,2023,FQ4,2023,3,March
2023-03-01,212,1,Home Appliances,8,4113.82,977.5,0.2376,Baseline,Regional Director,2023,FQ4,2023,3,March
2023-03-01,212,1,Office Supplies,13,637.84,301.47,0.4726,Baseline,Finance Ops,2023,FQ4,2023,3,March
2023-03-01,212,1,Sports,21,3758.15,1494.3,0.3976,Baseline,Commercial Planning,2023,FQ4,2023,3,March
2023-03-01,213,1,Beauty,20,1173.36,513.69,0.4378,Baseline,Finance Ops,2023,FQ4,2023,3,March
2023-03-01,213,1,Electronics,29,33626.83,13927.65,0.4142,Baseline,Finance Ops,2023,FQ4,2023,3,March
2023-03-01,213,1,Fashion,30,2121.77,809.19,0.3814,Baseline,Finance Ops,2023,FQ4,2023,3,March
2023-03-01,213,1,Furniture,16,5909.15,1822.79,0.3085,Baseline,Commercial Planning,2023,FQ4,2023,3,March
2023-03-01,213,1,Grocery,27,687.82,224.43,0.3263,Baseline,Finance Ops,2023,FQ4,2023,3,March
2023-03-01,213,1,Home Appliances,22,9935.49,4581.41,0.4611,Baseline,Finance Ops,2023,FQ4,2023,3,March
2023-03-01,213,1,Office Supplies,8,386.94,187.04,0.4834,Baseline,Finance Ops,2023,FQ4,2023,3,March
2023-03-01,213,1,Sports,13,2218.91,792.02,0.3569,Baseline,Regional Director,2023,FQ4,2023,3,March
2023-03-01,214,1,Beauty,9,329.68,92.09,0.2793,Baseline,Commercial Planning,2023,FQ4,2023,3,March
2023-03-01,214,1,Electronics,15,13970.9,4718.72,0.3378,Baseline,Finance Ops,2023,FQ4,2023,3,March
2023-03-01,214,1,Fashion,16,1435.56,417.75,0.291,Baseline,Commercial Planning,2023,FQ4,2023,3,March
2023-03-01,214,1,Furniture,3,1677.96,574.5,0.3424,Baseline,Commercial Planning,2023,FQ4,2023,3,March
2023-03-01,214,1,Grocery,13,313.48,124.61,0.3975,Baseline,Regional Director,2023,FQ4,2023,3,March
2023-03-01,214,1,Home Appliances,21,7838.27,3398.35,0.4336,Baseline,Regional Director,2023,FQ4,2023,3,March
2023-03-01,214,1,Office Supplies,19,1037.19,441.07,0.4253,Baseline,Regional Director,2023,FQ4,2023,3,March
2023-03-01,214,1,Sports,23,5165.6,1975.81,0.3825,Baseline,Finance Ops,2023,FQ4,2023,3,March
2023-03-01,215,2,Beauty,48,2311.16,937.06,0.4055,Baseline,Finance Ops,2023,FQ4,2023,3,March
2023-03-01,215,2,Electronics,66,58304.75,23378.92,0.401,Baseline,Commercial Planning,2023,FQ4,2023,3,March
2023-03-01,215,2,Fashion,47,5590.37,2115.5,0.3784,Baseline,Finance Ops,2023,FQ4,2023,3,March
2023-03-01,215,2,Furniture,42,21052.94,7191.64,0.3416,Baseline,Finance Ops,2023,FQ4,2023,3,March
2023-03-01,215,2,Grocery,34,844.24,313.58,0.3714,Baseline,Finance Ops,2023,FQ4,2023,3,March
2023-03-01,215,2,Home Appliances,40,20569.17,8287.98,0.4029,Baseline,Commercial Planning,2023,FQ4,2023,3,March
2023-03-01,215,2,Office Supplies,59,2942.16,1159.86,0.3942,Baseline,Finance Ops,2023,FQ4,2023,3,March
2023-03-01,215,2,Sports,57,8970.91,3676.57,0.4098,Baseline,Finance Ops,2023,FQ4,2023,3,March
2023-03-01,216,2,Beauty,57,3179.66,1119.85,0.3522,Baseline,Commercial Planning,2023,FQ4,2023,3,March
2023-03-01,216,2,Electronics,38,38306.46,14198.28,0.3706,Baseline,Regional Director,2023,FQ4,2023,3,March
2023-03-01,216,2,Fashion,84,7904.04,3359.99,0.4251,Baseline,Regional Director,2023,FQ4,2023,3,March
2023-03-01,216,2,Furniture,35,18785.03,7382.15,0.393,Baseline,Finance Ops,2023,FQ4,2023,3,March
2023-03-01,216,2,Grocery,26,618.79,220.01,0.3555,Baseline,Finance Ops,2023,FQ4,2023,3,March
2023-03-01,216,2,Home Appliances,75,39896.57,15733.38,0.3944,Baseline,Finance Ops,2023,FQ4,2023,3,March
2023-03-01,216,2,Office Supplies,66,3049.84,1091.28,0.3578,Baseline,Finance Ops,2023,FQ4,2023,3,March
2023-03-01,216,2,Sports,27,5245.27,1895.98,0.3615,Baseline,Finance Ops,2023,FQ4,2023,3,March
2023-03-01,217,2,Beauty,66,3754.47,1448.28,0.3857,Baseline,Finance Ops,2023,FQ4,2023,3,March
2023-03-01,217,2,Electronics,73,75986.44,31357.97,0.4127,Baseline,Commercial Planning,2023,FQ4,2023,3,March
2023-03-01,217,2,Fashion,55,4762.36,2014.14,0.4229,Baseline,Finance Ops,2023,FQ4,2023,3,March
2023-03-01,217,2,Furniture,48,33058.86,13540.96,0.4096,Baseline,Regional Director,2023,FQ4,2023,3,March
2023-03-01,217,2,Grocery,26,680.38,223.83,0.329,Baseline,Finance Ops,2023,FQ4,2023,3,March
2023-03-01,217,2,Home Appliances,52,18746.62,6989.77,0.3729,Baseline,Finance Ops,2023,FQ4,2023,3,March
2023-03-01,217,2,Office Supplies,42,1903.65,840.29,0.4414,Baseline,Finance Ops,2023,FQ4,2023,3,March
2023-03-01,217,2,Sports,35,6802.81,2901.35,0.4265,Baseline,Regional Director,2023,FQ4,2023,3,March
2023-03-01,218,3,Beauty,291,15535.42,5438.77,0.3501,Baseline,Commercial Planning,2023,FQ4,2023,3,March
2023-03-01,218,3,Electronics,265,326824.87,113133.67,0.3462,Baseline,Commercial Planning,2023,FQ4,2023,3,March
2023-03-01,218,3,Fashion,183,14879.62,6738.29,0.4529,Baseline,Finance Ops,2023,FQ4,2023,3,March
2023-03-01,218,3,Furniture,244,109844.0,35919.98,0.327,Baseline,Commercial Planning,2023,FQ4,2023,3,March
2023-03-01,218,3,Grocery,259,4606.51,1421.83,0.3087,Baseline,Finance Ops,2023,FQ4,2023,3,March
2023-03-01,218,3,Home Appliances,530,236009.85,91452.93,0.3875,Baseline,Finance Ops,2023,FQ4,2023,3,March
2023-03-01,218,3,Office Supplies,308,12129.15,4857.11,0.4004,Baseline,Finance Ops,2023,FQ4,2023,3,March
2023-03-01,218,3,Sports,203,37907.56,16182.67,0.4269,Baseline,Commercial Planning,2023,FQ4,2023,3,March
2023-03-01,219,3,Beauty,205,11597.18,3470.41,0.2992,Baseline,Regional Director,2023,FQ4,2023,3,March
2023-03-01,219,3,Electronics,291,281729.33,96961.71,0.3442,Baseline,Commercial Planning,2023,FQ4,2023,3,March
2023-03-01,219,3,Fashion,195,21087.97,8100.62,0.3841,Baseline,Finance Ops,2023,FQ4,2023,3,March
2023-03-01,219,3,Furniture,335,203503.36,70276.18,0.3453,Baseline,Finance Ops,2023,FQ4,2023,3,March
2023-03-01,219,3,Grocery,317,8226.43,3123.34,0.3797,Baseline,Finance Ops,2023,FQ4,2023,3,March
2023-03-01,219,3,Home Appliances,561,227132.04,89424.98,0.3937,Baseline,Regional Director,2023,FQ4,2023,3,March
2023-03-01,219,3,Office Supplies,409,20857.05,7441.12,0.3568,Baseline,Commercial Planning,2023,FQ4,2023,3,March
2023-03-01,219,3,Sports,224,40378.98,16908.81,0.4188,Baseline,Commercial Planning,2023,FQ4,2023,3,March
2023-03-01,220,4,Beauty,101,4905.08,1618.49,0.33,Baseline,Finance Ops,2023,FQ4,2023,3,March
2023-03-01,220,4,Electronics,98,106011.25,42869.52,0.4044,Baseline,Commercial Planning,2023,FQ4,2023,3,March
2023-03-01,220,4,Fashion,59,7029.76,2409.39,0.3427,Baseline,Commercial Planning,2023,FQ4,2023,3,March
2023-03-01,220,4,Furniture,69,34785.04,13390.64,0.385,Baseline,Finance Ops,2023,FQ4,2023,3,March
2023-03-01,220,4,Grocery,65,1728.52,667.63,0.3862,Baseline,Finance Ops,2023,FQ4,2023,3,March
2023-03-01,220,4,Home Appliances,79,33066.07,12552.25,0.3796,Baseline,Finance Ops,2023,FQ4,2023,3,March
2023-03-01,220,4,Office Supplies,63,2975.81,1260.19,0.4235,Baseline,Finance Ops,2023,FQ4,2023,3,March
2023-03-01,220,4,Sports,110,19484.97,8340.98,0.4281,Baseline,Finance Ops,2023,FQ4,2023,3,March
2023-04-01,201,1,Beauty,29,1718.04,526.18,0.3063,Baseline,Commercial Planning,2024,FQ1,2023,4,April
2023-04-01,201,1,Electronics,16,15210.36,5922.31,0.3894,Baseline,Finance Ops,2024,FQ1,2023,4,April
2023-04-01,201,1,Fashion,9,1113.46,441.54,0.3965,Baseline,Finance Ops,2024,FQ1,2023,4,April
2023-04-01,201,1,Furniture,15,10599.68,3933.45,0.3711,Baseline,Finance Ops,2024,FQ1,2023,4,April
2023-04-01,201,1,Grocery,37,497.57,176.12,0.354,Baseline,Commercial Planning,2024,FQ1,2023,4,April
2023-04-01,201,1,Home Appliances,22,9640.97,3973.04,0.4121,Baseline,Regional Director,2024,FQ1,2023,4,April
2023-04-01,201,1,Office Supplies,36,1221.12,545.05,0.4464,Baseline,Commercial Planning,2024,FQ1,2023,4,April
2023-04-01,201,1,Sports,12,3010.09,1103.16,0.3665,Baseline,Finance Ops,2024,FQ1,2023,4,April
2023-04-01,202,1,Beauty,26,1596.57,571.29,0.3578,Baseline,Commercial Planning,2024,FQ1,2023,4,April
2023-04-01,202,1,Electronics,3,2847.32,788.25,0.2768,Baseline,Finance Ops,2024,FQ1,2023,4,April
2023-04-01,202,1,Fashion,13,1374.26,554.26,0.4033,Baseline,Finance Ops,2024,FQ1,2023,4,April
2023-04-01,202,1,Furniture,30,23721.71,8817.76,0.3717,Baseline,Finance Ops,2024,FQ1,2023,4,April
2023-04-01,202,1,Grocery,17,372.78,142.38,0.3819,Baseline,Commercial Planning,2024,FQ1,2023,4,April
2023-04-01,202,1,Home Appliances,31,21668.1,7461.09,0.3443,Baseline,Finance Ops,2024,FQ1,2023,4,April
2023-04-01,202,1,Office Supplies,18,1051.56,438.86,0.4173,Baseline,Finance Ops,2024,FQ1,2023,4,April
2023-04-01,202,1,Sports,23,2324.13,802.15,0.3451,Baseline,Finance Ops,2024,FQ1,2023,4,April
2023-04-01,203,1,Beauty,17,611.75,200.28,0.3274,Baseline,Finance Ops,2024,FQ1,2023,4,April
2023-04-01,203,1,Electronics,22,21187.63,9044.96,0.4269,Baseline,Regional Director,2024,FQ1,2023,4,April
2023-04-01,203,1,Fashion,14,1041.46,419.68,0.403,Baseline,Commercial Planning,2024,FQ1,2023,4,April
2023-04-01,203,1,Furniture,30,18350.97,6578.04,0.3585,Baseline,Finance Ops,2024,FQ1,2023,4,April
2023-04-01,203,1,Grocery,16,458.13,199.33,0.4351,Baseline,Commercial Planning,2024,FQ1,2023,4,April
2023-04-01,203,1,Home Appliances,25,11173.54,3854.94,0.345,Baseline,Commercial Planning,2024,FQ1,2023,4,April
2023-04-01,203,1,Office Supplies,27,1091.21,441.05,0.4042,Baseline,Commercial Planning,2024,FQ1,2023,4,April
2023-04-01,203,1,Sports,6,666.86,264.04,0.3959,Baseline,Finance Ops,2024,FQ1,2023,4,April
2023-04-01,204,1,Beauty,10,529.0,147.94,0.2797,Baseline,Commercial Planning,2024,FQ1,2023,4,April
2023-04-01,204,1,Electronics,16,14431.65,5803.71,0.4022,Baseline,Commercial Planning,2024,FQ1,2023,4,April
2023-04-01,204,1,Fashion,50,4766.21,1894.53,0.3975,Baseline,Commercial Planning,2024,FQ1,2023,4,April
2023-04-01,204,1,Furniture,13,3889.74,1731.92,0.4453,Baseline,Finance Ops,2024,FQ1,2023,4,April
2023-04-01,204,1,Grocery,22,729.8,258.62,0.3544,Baseline,Finance Ops,2024,FQ1,2023,4,April
2023-04-01,204,1,Home Appliances,43,18581.51,7238.15,0.3895,Baseline,Regional Director,2024,FQ1,2023,4,April
2023-04-01,204,1,Office Supplies,30,1189.24,534.17,0.4492,Baseline,Commercial Planning,2024,FQ1,2023,4,April
2023-04-01,204,1,Sports,22,3879.3,1850.87,0.4771,Baseline,Finance Ops,2024,FQ1,2023,4,April
2023-04-01,205,1,Beauty,3,190.87,67.14,0.3518,Baseline,Commercial Planning,2024,FQ1,2023,4,April
2023-04-01,205,1,Electronics,18,24931.71,8658.31,0.3473,Baseline,Commercial Planning,2024,FQ1,2023,4,April
2023-04-01,205,1,Fashion,17,1750.96,739.19,0.4222,Baseline,Finance Ops,2024,FQ1,2023,4,April
2023-04-01,205,1,Furniture,30,24266.36,10629.09,0.438,Baseline,Commercial Planning,2024,FQ1,2023,4,April
2023-04-01,205,1,Grocery,12,311.2,121.84,0.3915,Baseline,Commercial Planning,2024,FQ1,2023,4,April
2023-04-01,205,1,Home Appliances,29,9715.4,4592.04,0.4727,Baseline,Commercial Planning,2024,FQ1,2023,4,April
2023-04-01,205,1,Office Supplies,39,1240.42,540.83,0.436,Baseline,Finance Ops,2024,FQ1,2023,4,April
2023-04-01,205,1,Sports,12,2747.24,1158.8,0.4218,Baseline,Regional Director,2024,FQ1,2023,4,April
2023-04-01,206,1,Beauty,11,377.4,129.94,0.3443,Baseline,Commercial Planning,2024,FQ1,2023,4,April
2023-04-01,206,1,Electronics,46,57946.16,16270.07,0.2808,Baseline,Commercial Planning,2024,FQ1,2023,4,April
2023-04-01,206,1,Fashion,22,2063.56,914.14,0.443,Baseline,Regional Director,2024,FQ1,2023,4,April
2023-04-01,206,1,Furniture,19,12987.81,4925.28,0.3792,Baseline,Commercial Planning,2024,FQ1,2023,4,April
2023-04-01,206,1,Grocery,21,519.58,182.73,0.3517,Baseline,Finance Ops,2024,FQ1,2023,4,April
2023-04-01,206,1,Home Appliances,28,15239.99,6141.12,0.403,Baseline,Finance Ops,2024,FQ1,2023,4,April
2023-04-01,206,1,Office Supplies,13,648.19,298.26,0.4601,Baseline,Commercial Planning,2024,FQ1,2023,4,April
2023-04-01,206,1,Sports,17,3164.6,1226.13,0.3875,Baseline,Finance Ops,2024,FQ1,2023,4,April
2023-04-01,207,1,Beauty,18,896.52,297.76,0.3321,Baseline,Regional Director,2024,FQ1,2023,4,April
2023-04-01,207,1,Electronics,14,14435.16,5327.84,0.3691,Baseline,Finance Ops,2024,FQ1,2023,4,April
2023-04-01,207,1,Fashion,7,1052.62,289.68,0.2752,Baseline,Commercial Planning,2024,FQ1,2023,4,April
2023-04-01,207,1,Furniture,14,11751.6,3303.02,0.2811,Baseline,Finance Ops,2024,FQ1,2023,4,April
2023-04-01,207,1,Grocery,5,38.4,15.55,0.4049,Baseline,Commercial Planning,2024,FQ1,2023,4,April
2023-04-01,207,1,Home Appliances,1,775.87,223.11,0.2876,Baseline,Commercial Planning,2024,FQ1,2023,4,April
2023-04-01,207,1,Office Supplies,9,597.54,249.19,0.417,Baseline,Regional Director,2024,FQ1,2023,4,April
2023-04-01,207,1,Sports,13,1747.62,729.71,0.4175,Baseline,Finance Ops,2024,FQ1,2023,4,April
2023-04-01,208,1,Beauty,47,2428.83,851.32,0.3505,Baseline,Regional Director,2024,FQ1,2023,4,April
2023-04-01,208,1,Electronics,8,4136.58,1611.63,0.3896,Baseline,Commercial Planning,2024,FQ1,2023,4,April
2023-04-01,208,1,Fashion,16,2166.12,884.36,0.4083,Baseline,Regional Director,2024,FQ1,2023,4,April
2023-04-01,208,1,Furniture,23,14063.74,5534.28,0.3935,Baseline,Regional Director,2024,FQ1,2023,4,April
2023-04-01,208,1,Grocery,14,417.05,167.25,0.401,Baseline,Finance Ops,2024,FQ1,2023,4,April
2023-04-01,208,1,Home Appliances,18,6904.54,1746.26,0.2529,Baseline,Regional Director,2024,FQ1,2023,4,April
2023-04-01,208,1,Office Supplies,28,940.76,454.67,0.4833,Baseline,Regional Director,2024,FQ1,2023,4,April
2023-04-01,208,1,Sports,20,4109.74,1363.38,0.3317,Baseline,Regional Director,2024,FQ1,2023,4,April
2023-04-01,209,1,Beauty,4,277.55,124.07,0.447,Baseline,Finance Ops,2024,FQ1,2023,4,April
2023-04-01,209,1,Electronics,22,14815.83,5889.26,0.3975,Baseline,Regional Director,2024,FQ1,2023,4,April
2023-04-01,209,1,Fashion,16,1995.06,753.67,0.3778,Baseline,Finance Ops,2024,FQ1,2023,4,April
2023-04-01,209,1,Furniture,19,13845.23,5850.44,0.4226,Baseline,Finance Ops,2024,FQ1,2023,4,April
2023-04-01,209,1,Home Appliances,10,5518.88,2932.77,0.5314,Baseline,Finance Ops,2024,FQ1,2023,4,April
2023-04-01,209,1,Office Supplies,14,986.34,387.46,0.3928,Baseline,Finance Ops,2024,FQ1,2023,4,April
2023-04-01,209,1,Sports,31,5649.09,2491.52,0.441,Baseline,Regional Director,2024,FQ1,2023,4,April
2023-04-01,210,1,Beauty,14,768.35,283.77,0.3693,Baseline,Commercial Planning,2024,FQ1,2023,4,April
2023-04-01,210,1,Electronics,49,46360.98,15698.46,0.3386,Baseline,Finance Ops,2024,FQ1,2023,4,April
2023-04-01,210,1,Fashion,33,3200.07,1072.96,0.3353,Baseline,Finance Ops,2024,FQ1,2023,4,April
2023-04-01,210,1,Furniture,11,8943.84,2905.02,0.3248,Baseline,Finance Ops,2024,FQ1,2023,4,April
2023-04-01,210,1,Grocery,29,1016.9,340.8,0.3351,Baseline,Finance Ops,2024,FQ1,2023,4,April
2023-04-01,210,1,Home Appliances,34,16094.29,7466.37,0.4639,Baseline,Finance Ops,2024,FQ1,2023,4,April
2023-04-01,210,1,Office Supplies,12,522.56,187.96,0.3597,Baseline,Finance Ops,2024,FQ1,2023,4,April
2023-04-01,210,1,Sports,44,8256.56,3126.22,0.3786,Baseline,Finance Ops,2024,FQ1,2023,4,April
2023-04-01,211,1,Beauty,13,633.58,221.66,0.3499,Baseline,Finance Ops,2024,FQ1,2023,4,April
2023-04-01,211,1,Electronics,38,34008.83,14727.82,0.4331,Baseline,Regional Director,2024,FQ1,2023,4,April
2023-04-01,211,1,Fashion,9,1048.65,484.24,0.4618,Baseline,Commercial Planning,2024,FQ1,2023,4,April
2023-04-01,211,1,Furniture,5,1555.08,747.51,0.4807,Baseline,Finance Ops,2024,FQ1,2023,4,April
2023-04-01,211,1,Grocery,21,355.86,109.25,0.307,Baseline,Commercial Planning,2024,FQ1,2023,4,April
2023-04-01,211,1,Home Appliances,57,30955.55,12073.24,0.39,Baseline,Finance Ops,2024,FQ1,2023,4,April
2023-04-01,211,1,Office Supplies,17,815.89,315.85,0.3871,Baseline,Commercial Planning,2024,FQ1,2023,4,April
2023-04-01,211,1,Sports,11,2525.04,1107.35,0.4385,Baseline,Regional Director,2024,FQ1,2023,4,April
2023-04-01,212,1,Beauty,17,1050.74,442.12,0.4208,Baseline,Regional Director,2024,FQ1,2023,4,April
2023-04-01,212,1,Electronics,27,21453.06,6587.7,0.3071,Baseline,Commercial Planning,2024,FQ1,2023,4,April
2023-04-01,212,1,Fashion,25,1959.64,542.09,0.2766,Baseline,Finance Ops,2024,FQ1,2023,4,April
2023-04-01,212,1,Furniture,24,20592.37,7764.37,0.3771,Baseline,Finance Ops,2024,FQ1,2023,4,April
2023-04-01,212,1,Grocery,10,321.51,118.09,0.3673,Baseline,Commercial Planning,2024,FQ1,2023,4,April
2023-04-01,212,1,Home Appliances,16,6873.96,2864.79,0.4168,Baseline,Commercial Planning,2024,FQ1,2023,4,April
2023-04-01,212,1,Office Supplies,12,510.12,261.05,0.5117,Baseline,Regional Director,2024,FQ1,2023,4,April
2023-04-01,212,1,Sports,22,4389.19,1645.4,0.3749,Baseline,Finance Ops,2024,FQ1,2023,4,April
2023-04-01,213,1,Beauty,36,1531.5,597.29,0.39,Baseline,Commercial Planning,2024,FQ1,2023,4,April
2023-04-01,213,1,Electronics,22,21693.81,9223.47,0.4252,Baseline,Regional Director,2024,FQ1,2023,4,April
2023-04-01,213,1,Fashion,11,1135.81,416.95,0.3671,Baseline,Commercial Planning,2024,FQ1,2023,4,April
2023-04-01,213,1,Furniture,4,3385.52,1552.04,0.4584,Baseline,Regional Director,2024,FQ1,2023,4,April
2023-04-01,213,1,Grocery,28,861.98,317.22,0.368,Baseline,Finance Ops,2024,FQ1,2023,4,April
2023-04-01,213,1,Home Appliances,22,12618.71,4845.32,0.384,Baseline,Commercial Planning,2024,FQ1,2023,4,April
2023-04-01,213,1,Office Supplies,28,944.88,380.42,0.4026,Baseline,Commercial Planning,2024,FQ1,2023,4,April
2023-04-01,213,1,Sports,17,1573.26,774.08,0.492,Baseline,Commercial Planning,2024,FQ1,2023,4,April
2023-04-01,214,1,Beauty,24,1245.39,513.57,0.4124,Baseline,Finance Ops,2024,FQ1,2023,4,April
2023-04-01,214,1,Electronics,13,4805.84,2512.07,0.5227,Baseline,Finance Ops,2024,FQ1,2023,4,April
2023-04-01,214,1,Fashion,31,3572.79,1363.33,0.3816,Baseline,Finance Ops,2024,FQ1,2023,4,April
2023-04-01,214,1,Furniture,16,9654.97,3538.15,0.3665,Baseline,Finance Ops,2024,FQ1,2023,4,April
2023-04-01,214,1,Grocery,21,650.01,223.32,0.3436,Baseline,Regional Director,2024,FQ1,2023,4,April
2023-04-01,214,1,Home Appliances,34,19144.67,9433.61,0.4928,Baseline,Finance Ops,2024,FQ1,2023,4,April
2023-04-01,214,1,Office Supplies,44,2561.17,1203.77,0.47,Baseline,Commercial Planning,2024,FQ1,2023,4,April
2023-04-01,214,1,Sports,25,4809.45,1930.85,0.4015,Baseline,Regional Director,2024,FQ1,2023,4,April
2023-04-01,215,2,Beauty,54,3127.61,1049.13,0.3354,Baseline,Commercial Planning,2024,FQ1,2023,4,April
2023-04-01,215,2,Electronics,57,65622.46,25542.23,0.3892,Baseline,Commercial Planning,2024,FQ1,2023,4,April
2023-04-01,215,2,Fashion,27,2090.17,855.27,0.4092,Baseline,Commercial Planning,2024,FQ1,2023,4,April
2023-04-01,215,2,Furniture,67,34604.79,13091.41,0.3783,Baseline,Finance Ops,2024,FQ1,2023,4,April
2023-04-01,215,2,Grocery,32,786.7,283.32,0.3601,Baseline,Finance Ops,2024,FQ1,2023,4,April
2023-04-01,215,2,Home Appliances,72,27194.22,11249.35,0.4137,Baseline,Finance Ops,2024,FQ1,2023,4,April
2023-04-01,215,2,Office Supplies,31,1393.88,551.71,0.3958,Baseline,Finance Ops,2024,FQ1,2023,4,April
2023-04-01,215,2,Sports,35,4682.24,1665.99,0.3558,Baseline,Finance Ops,2024,FQ1,2023,4,April
2023-04-01,216,2,Beauty,82,4015.48,1507.2,0.3753,Baseline,Finance Ops,2024,FQ1,2023,4,April
2023-04-01,216,2,Electronics,69,45451.48,16445.49,0.3618,Baseline,Commercial Planning,2024,FQ1,2023,4,April
2023-04-01,216,2,Fashion,64,7462.72,3220.34,0.4315,Baseline,Commercial Planning,2024,FQ1,2023,4,April
2023-04-01,216,2,Furniture,48,31000.32,10893.32,0.3514,Baseline,Commercial Planning,2024,FQ1,2023,4,April
2023-04-01,216,2,Grocery,47,982.41,360.05,0.3665,Baseline,Regional Director,2024,FQ1,2023,4,April
2023-04-01,216,2,Home Appliances,83,27526.05,10407.99,0.3781,Baseline,Finance Ops,2024,FQ1,2023,4,April
2023-04-01,216,2,Office Supplies,36,1356.8,407.65,0.3004,Baseline,Finance Ops,2024,FQ1,2023,4,April
2023-04-01,216,2,Sports,58,12821.03,5195.1,0.4052,Baseline,Commercial Planning,2024,FQ1,2023,4,April
2023-04-01,217,2,Beauty,70,2823.49,945.49,0.3349,Baseline,Finance Ops,2024,FQ1,2023,4,April
2023-04-01,217,2,Electronics,107,91271.72,36598.99,0.401,Baseline,Commercial Planning,2024,FQ1,2023,4,April
2023-04-01,217,2,Fashion,58,5224.06,2278.84,0.4362,Baseline,Regional Director,2024,FQ1,2023,4,April
2023-04-01,217,2,Furniture,51,34645.48,13707.16,0.3956,Baseline,Regional Director,2024,FQ1,2023,4,April
2023-04-01,217,2,Grocery,47,1204.52,459.61,0.3816,Baseline,Commercial Planning,2024,FQ1,2023,4,April
2023-04-01,217,2,Home Appliances,54,20548.48,7352.45,0.3578,Baseline,Finance Ops,2024,FQ1,2023,4,April
2023-04-01,217,2,Office Supplies,78,4232.19,1781.38,0.4209,Baseline,Commercial Planning,2024,FQ1,2023,4,April
2023-04-01,217,2,Sports,24,3961.41,1829.35,0.4618,Baseline,Regional Director,2024,FQ1,2023,4,April
2023-04-01,218,3,Beauty,303,15666.29,5326.29,0.34,Baseline,Finance Ops,2024,FQ1,2023,4,April
2023-04-01,218,3,Electronics,298,198629.48,71900.77,0.362,Baseline,Commercial Planning,2024,FQ1,2023,4,April
2023-04-01,218,3,Fashion,222,21570.9,9095.3,0.4216,Baseline,Commercial Planning,2024,FQ1,2023,4,April
2023-04-01,218,3,Furniture,138,72697.98,27576.03,0.3793,Baseline,Commercial Planning,2024,FQ1,2023,4,April
2023-04-01,218,3,Grocery,481,11112.27,4568.96,0.4112,Baseline,Regional Director,2024,FQ1,2023,4,April
2023-04-01,218,3,Home Appliances,440,202943.85,72881.24,0.3591,Baseline,Regional Director,2024,FQ1,2023,4,April
2023-04-01,218,3,Office Supplies,159,6267.79,2363.46,0.3771,Baseline,Regional Director,2024,FQ1,2023,4,April
2023-04-01,218,3,Sports,228,34552.55,10003.52,0.2895,Baseline,Regional Director,2024,FQ1,2023,4,April
2023-04-01,219,3,Beauty,183,9015.07,3322.35,0.3685,Baseline,Finance Ops,2024,FQ1,2023,4,April
2023-04-01,219,3,Electronics,278,281201.57,96149.67,0.3419,Baseline,Finance Ops,2024,FQ1,2023,4,April
2023-04-01,219,3,Fashion,346,31149.39,10220.64,0.3281,Baseline,Finance Ops,2024,FQ1,2023,4,April
2023-04-01,219,3,Furniture,320,244792.22,94286.2,0.3852,Baseline,Regional Director,2024,FQ1,2023,4,April
2023-04-01,219,3,Grocery,215,5520.37,2297.72,0.4162,Baseline,Commercial Planning,2024,FQ1,2023,4,April
2023-04-01,219,3,Home Appliances,414,172776.05,64798.86,0.375,Baseline,Regional Director,2024,FQ1,2023,4,April
2023-04-01,219,3,Office Supplies,378,20024.93,8263.4,0.4127,Baseline,Commercial Planning,2024,FQ1,2023,4,April
2023-04-01,219,3,Sports,320,50964.59,16907.39,0.3317,Baseline,Finance Ops,2024,FQ1,2023,4,April
2023-04-01,220,4,Beauty,69,3534.85,1196.19,0.3384,Baseline,Regional Director,2024,FQ1,2023,4,April
2023-04-01,220,4,Electronics,94,86590.07,33489.63,0.3868,Baseline,Finance Ops,2024,FQ1,2023,4,April
2023-04-01,220,4,Fashion,63,4794.73,1647.85,0.3437,Baseline,Regional Director,2024,FQ1,2023,4,April
2023-04-01,220,4,Furniture,79,52691.72,21263.91,0.4036,Baseline,Finance Ops,2024,FQ1,2023,4,April
2023-04-01,220,4,Grocery,67,1694.44,670.48,0.3957,Baseline,Commercial Planning,2024,FQ1,2023,4,April
2023-04-01,220,4,Home Appliances,107,56116.32,23714.38,0.4226,Baseline,Finance Ops,2024,FQ1,2023,4,April
2023-04-01,220,4,Office Supplies,82,4787.71,2035.13,0.4251,Baseline,Regional Director,2024,FQ1,2023,4,April
2023-04-01,220,4,Sports,85,13988.28,4606.08,0.3293,Baseline,Finance Ops,2024,FQ1,2023,4,April
2023-05-01,201,1,Beauty,36,1599.71,680.06,0.4251,Baseline,Regional Director,2024,FQ1,2023,5,May
2023-05-01,201,1,Electronics,8,5312.67,2259.72,0.4253,Baseline,Regional Director,2024,FQ1,2023,5,May
2023-05-01,201,1,Fashion,21,2122.94,824.24,0.3883,Baseline,Finance Ops,2024,FQ1,2023,5,May
2023-05-01,201,1,Furniture,15,8743.46,2718.39,0.3109,Baseline,Finance Ops,2024,FQ1,2023,5,May
2023-05-01,201,1,Grocery,33,874.9,349.29,0.3992,Baseline,Commercial Planning,2024,FQ1,2023,5,May
2023-05-01,201,1,Home Appliances,15,6029.59,2613.57,0.4335,Baseline,Finance Ops,2024,FQ1,2023,5,May
2023-05-01,201,1,Office Supplies,30,1522.62,721.82,0.4741,Baseline,Regional Director,2024,FQ1,2023,5,May
2023-05-01,201,1,Sports,23,4855.86,2113.01,0.4351,Baseline,Finance Ops,2024,FQ1,2023,5,May
2023-05-01,202,1,Beauty,11,677.94,184.9,0.2727,Baseline,Commercial Planning,2024,FQ1,2023,5,May
2023-05-01,202,1,Electronics,47,49428.53,20628.56,0.4173,Baseline,Commercial Planning,2024,FQ1,2023,5,May
2023-05-01,202,1,Fashion,16,1451.06,572.23,0.3944,Baseline,Commercial Planning,2024,FQ1,2023,5,May
2023-05-01,202,1,Furniture,25,20437.97,7319.53,0.3581,Baseline,Finance Ops,2024,FQ1,2023,5,May
2023-05-01,202,1,Grocery,5,134.02,37.4,0.2791,Baseline,Commercial Planning,2024,FQ1,2023,5,May
2023-05-01,202,1,Home Appliances,36,18085.09,6547.96,0.3621,Baseline,Finance Ops,2024,FQ1,2023,5,May
2023-05-01,202,1,Office Supplies,21,1003.53,442.48,0.4409,Baseline,Finance Ops,2024,FQ1,2023,5,May
2023-05-01,202,1,Sports,35,5896.8,2793.38,0.4737,Baseline,Commercial Planning,2024,FQ1,2023,5,May
2023-05-01,203,1,Beauty,10,545.41,188.2,0.3451,Baseline,Commercial Planning,2024,FQ1,2023,5,May
2023-05-01,203,1,Electronics,28,18410.07,8555.95,0.4647,Baseline,Regional Director,2024,FQ1,2023,5,May
2023-05-01,203,1,Fashion,10,604.93,237.45,0.3925,Baseline,Regional Director,2024,FQ1,2023,5,May
2023-05-01,203,1,Furniture,20,8378.12,3594.43,0.429,Baseline,Commercial Planning,2024,FQ1,2023,5,May
2023-05-01,203,1,Grocery,9,160.17,54.9,0.3428,Baseline,Commercial Planning,2024,FQ1,2023,5,May
2023-05-01,203,1,Home Appliances,39,19677.84,7362.76,0.3742,Baseline,Finance Ops,2024,FQ1,2023,5,May
2023-05-01,203,1,Office Supplies,24,1231.34,504.02,0.4093,Baseline,Commercial Planning,2024,FQ1,2023,5,May
2023-05-01,203,1,Sports,5,706.95,328.99,0.4654,Baseline,Commercial Planning,2024,FQ1,2023,5,May
2023-05-01,204,1,Beauty,1,78.66,41.07,0.5221,Baseline,Finance Ops,2024,FQ1,2023,5,May
2023-05-01,204,1,Electronics,64,81746.39,30919.04,0.3782,Baseline,Commercial Planning,2024,FQ1,2023,5,May
2023-05-01,204,1,Fashion,19,1510.11,514.16,0.3405,Baseline,Regional Director,2024,FQ1,2023,5,May
2023-05-01,204,1,Furniture,22,16183.44,6143.1,0.3796,Baseline,Regional Director,2024,FQ1,2023,5,May
2023-05-01,204,1,Grocery,32,856.88,321.51,0.3752,Baseline,Regional Director,2024,FQ1,2023,5,May
2023-05-01,204,1,Home Appliances,19,9856.87,3952.78,0.401,Baseline,Regional Director,2024,FQ1,2023,5,May
2023-05-01,204,1,Office Supplies,37,1755.99,724.92,0.4128,Baseline,Finance Ops,2024,FQ1,2023,5,May
2023-05-01,204,1,Sports,19,4042.29,1500.16,0.3711,Baseline,Commercial Planning,2024,FQ1,2023,5,May
2023-05-01,205,1,Beauty,29,1192.84,461.24,0.3867,Baseline,Finance Ops,2024,FQ1,2023,5,May
2023-05-01,205,1,Electronics,41,59743.3,29228.1,0.4892,Baseline,Regional Director,2024,FQ1,2023,5,May
2023-05-01,205,1,Fashion,32,2494.81,1018.49,0.4082,Baseline,Finance Ops,2024,FQ1,2023,5,May
2023-05-01,205,1,Furniture,18,10944.14,3859.06,0.3526,Baseline,Commercial Planning,2024,FQ1,2023,5,May
2023-05-01,205,1,Grocery,18,492.33,213.85,0.4344,Baseline,Commercial Planning,2024,FQ1,2023,5,May
2023-05-01,205,1,Home Appliances,15,7822.33,2491.36,0.3185,Baseline,Regional Director,2024,FQ1,2023,5,May
2023-05-01,205,1,Office Supplies,22,1044.12,392.43,0.3758,Baseline,Finance Ops,2024,FQ1,2023,5,May
2023-05-01,205,1,Sports,6,1081.44,304.29,0.2814,Baseline,Finance Ops,2024,FQ1,2023,5,May
2023-05-01,206,1,Beauty,19,1127.55,428.74,0.3802,Baseline,Finance Ops,2024,FQ1,2023,5,May
2023-05-01,206,1,Electronics,26,19930.56,7812.93,0.392,Baseline,Finance Ops,2024,FQ1,2023,5,May
2023-05-01,206,1,Fashion,16,1590.51,618.22,0.3887,Baseline,Commercial Planning,2024,FQ1,2023,5,May
2023-05-01,206,1,Furniture,33,21379.96,8219.39,0.3844,Baseline,Commercial Planning,2024,FQ1,2023,5,May
2023-05-01,206,1,Grocery,29,789.89,301.59,0.3818,Baseline,Regional Director,2024,FQ1,2023,5,May
2023-05-01,206,1,Home Appliances,22,11961.97,4917.47,0.4111,Baseline,Commercial Planning,2024,FQ1,2023,5,May
2023-05-01,206,1,Office Supplies,29,1338.44,606.62,0.4532,Baseline,Commercial Planning,2024,FQ1,2023,5,May
2023-05-01,206,1,Sports,33,6478.85,2757.93,0.4257,Baseline,Finance Ops,2024,FQ1,2023,5,May
2023-05-01,207,1,Beauty,21,1200.06,439.9,0.3666,Baseline,Finance Ops,2024,FQ1,2023,5,May
2023-05-01,207,1,Electronics,27,23655.16,8774.87,0.3709,Baseline,Commercial Planning,2024,FQ1,2023,5,May
2023-05-01,207,1,Fashion,15,2085.05,923.39,0.4429,Baseline,Regional Director,2024,FQ1,2023,5,May
2023-05-01,207,1,Furniture,5,2850.03,889.95,0.3123,Baseline,Regional Director,2024,FQ1,2023,5,May
2023-05-01,207,1,Grocery,7,259.83,111.85,0.4305,Baseline,Finance Ops,2024,FQ1,2023,5,May
2023-05-01,207,1,Home Appliances,26,11580.17,4397.47,0.3797,Baseline,Finance Ops,2024,FQ1,2023,5,May
2023-05-01,207,1,Office Supplies,12,756.95,281.91,0.3724,Baseline,Regional Director,2024,FQ1,2023,5,May
2023-05-01,207,1,Sports,22,4000.39,1626.26,0.4065,Baseline,Commercial Planning,2024,FQ1,2023,5,May
2023-05-01,208,1,Beauty,9,552.34,158.4,0.2868,Baseline,Commercial Planning,2024,FQ1,2023,5,May
2023-05-01,208,1,Electronics,39,23731.31,9273.95,0.3908,Baseline,Finance Ops,2024,FQ1,2023,5,May
2023-05-01,208,1,Fashion,4,378.53,148.01,0.391,Baseline,Commercial Planning,2024,FQ1,2023,5,May
2023-05-01,208,1,Furniture,9,4089.12,1655.13,0.4048,Baseline,Finance Ops,2024,FQ1,2023,5,May
2023-05-01,208,1,Home Appliances,23,17363.8,7085.61,0.4081,Baseline,Regional Director,2024,FQ1,2023,5,May
2023-05-01,208,1,Office Supplies,27,1339.99,517.61,0.3863,Baseline,Finance Ops,2024,FQ1,2023,5,May
2023-05-01,208,1,Sports,10,1604.91,770.35,0.48,Baseline,Regional Director,2024,FQ1,2023,5,May
2023-05-01,209,1,Beauty,24,746.38,273.21,0.366,Baseline,Commercial Planning,2024,FQ1,2023,5,May
2023-05-01,209,1,Electronics,25,26182.89,13034.99,0.4978,Baseline,Commercial Planning,2024,FQ1,2023,5,May
2023-05-01,209,1,Fashion,13,1164.91,435.92,0.3742,Baseline,Commercial Planning,2024,FQ1,2023,5,May
2023-05-01,209,1,Furniture,29,26979.43,10767.38,0.3991,Baseline,Finance Ops,2024,FQ1,2023,5,May
2023-05-01,209,1,Grocery,18,552.18,234.84,0.4253,Baseline,Commercial Planning,2024,FQ1,2023,5,May
2023-05-01,209,1,Home Appliances,40,14498.8,6232.4,0.4299,Baseline,Regional Director,2024,FQ1,2023,5,May
2023-05-01,209,1,Office Supplies,13,394.59,168.45,0.4269,Baseline,Commercial Planning,2024,FQ1,2023,5,May
2023-05-01,209,1,Sports,9,2651.33,901.91,0.3402,Baseline,Commercial Planning,2024,FQ1,2023,5,May
2023-05-01,210,1,Beauty,9,463.35,164.84,0.3558,Baseline,Finance Ops,2024,FQ1,2023,5,May
2023-05-01,210,1,Electronics,11,8337.62,3214.26,0.3855,Baseline,Commercial Planning,2024,FQ1,2023,5,May
2023-05-01,210,1,Fashion,25,3634.77,1509.96,0.4154,Baseline,Finance Ops,2024,FQ1,2023,5,May
2023-05-01,210,1,Furniture,7,6791.81,2604.78,0.3835,Baseline,Commercial Planning,2024,FQ1,2023,5,May
2023-05-01,210,1,Grocery,20,331.09,130.89,0.3953,Baseline,Finance Ops,2024,FQ1,2023,5,May
2023-05-01,210,1,Home Appliances,34,16518.14,6289.86,0.3808,Baseline,Finance Ops,2024,FQ1,2023,5,May
2023-05-01,210,1,Office Supplies,12,402.39,203.02,0.5045,Baseline,Finance Ops,2024,FQ1,2023,5,May
2023-05-01,210,1,Sports,25,3359.3,1492.64,0.4443,Baseline,Regional Director,2024,FQ1,2023,5,May
2023-05-01,211,1,Beauty,19,1404.37,443.66,0.3159,Baseline,Finance Ops,2024,FQ1,2023,5,May
2023-05-01,211,1,Electronics,27,26736.76,10224.13,0.3824,Baseline,Finance Ops,2024,FQ1,2023,5,May
2023-05-01,211,1,Fashion,29,3499.73,1507.4,0.4307,Baseline,Finance Ops,2024,FQ1,2023,5,May
2023-05-01,211,1,Furniture,22,11973.56,4383.39,0.3661,Baseline,Regional Director,2024,FQ1,2023,5,May
2023-05-01,211,1,Grocery,12,324.28,103.74,0.3199,Baseline,Regional Director,2024,FQ1,2023,5,May
2023-05-01,211,1,Home Appliances,11,4299.3,1797.12,0.418,Baseline,Finance Ops,2024,FQ1,2023,5,May
2023-05-01,211,1,Office Supplies,21,1238.38,500.53,0.4042,Baseline,Commercial Planning,2024,FQ1,2023,5,May
2023-05-01,211,1,Sports,8,814.47,390.67,0.4797,Baseline,Regional Director,2024,FQ1,2023,5,May
2023-05-01,212,1,Beauty,13,592.38,177.53,0.2997,Baseline,Finance Ops,2024,FQ1,2023,5,May
2023-05-01,212,1,Electronics,25,25259.16,9606.72,0.3803,Baseline,Finance Ops,2024,FQ1,2023,5,May
2023-05-01,212,1,Fashion,31,3810.9,1375.93,0.3611,Baseline,Finance Ops,2024,FQ1,2023,5,May
2023-05-01,212,1,Furniture,33,25580.41,8510.85,0.3327,Baseline,Regional Director,2024,FQ1,2023,5,May
2023-05-01,212,1,Grocery,29,875.83,367.46,0.4196,Baseline,Finance Ops,2024,FQ1,2023,5,May
2023-05-01,212,1,Home Appliances,64,37401.65,14104.62,0.3771,Baseline,Finance Ops,2024,FQ1,2023,5,May
2023-05-01,212,1,Office Supplies,12,649.74,289.22,0.4451,Baseline,Regional Director,2024,FQ1,2023,5,May
2023-05-01,212,1,Sports,11,2185.37,947.13,0.4334,Baseline,Finance Ops,2024,FQ1,2023,5,May
2023-05-01,213,1,Beauty,18,845.66,324.3,0.3835,Baseline,Commercial Planning,2024,FQ1,2023,5,May
2023-05-01,213,1,Electronics,20,19610.46,6821.92,0.3479,Baseline,Commercial Planning,2024,FQ1,2023,5,May
2023-05-01,213,1,Fashion,13,1163.15,507.64,0.4364,Baseline,Commercial Planning,2024,FQ1,2023,5,May
2023-05-01,213,1,Furniture,2,1313.53,496.1,0.3777,Baseline,Regional Director,2024,FQ1,2023,5,May
2023-05-01,213,1,Grocery,33,1047.81,409.5,0.3908,Baseline,Commercial Planning,2024,FQ1,2023,5,May
2023-05-01,213,1,Home Appliances,42,18020.49,5920.89,0.3286,Baseline,Finance Ops,2024,FQ1,2023,5,May
2023-05-01,213,1,Office Supplies,19,912.92,415.69,0.4553,Baseline,Commercial Planning,2024,FQ1,2023,5,May
2023-05-01,213,1,Sports,7,1245.09,444.54,0.357,Baseline,Regional Director,2024,FQ1,2023,5,May
2023-05-01,214,1,Beauty,24,1108.1,500.05,0.4513,Baseline,Commercial Planning,2024,FQ1,2023,5,May
2023-05-01,214,1,Electronics,29,31108.63,13743.31,0.4418,Baseline,Commercial Planning,2024,FQ1,2023,5,May
2023-05-01,214,1,Fashion,28,2665.49,1154.37,0.4331,Baseline,Finance Ops,2024,FQ1,2023,5,May
2023-05-01,214,1,Furniture,21,10755.86,4215.94,0.392,Baseline,Finance Ops,2024,FQ1,2023,5,May
2023-05-01,214,1,Grocery,8,168.7,45.94,0.2723,Baseline,Finance Ops,2024,FQ1,2023,5,May
2023-05-01,214,1,Home Appliances,32,17227.1,8608.13,0.4997,Baseline,Finance Ops,2024,FQ1,2023,5,May
2023-05-01,214,1,Office Supplies,7,418.6,191.25,0.4569,Baseline,Commercial Planning,2024,FQ1,2023,5,May
2023-05-01,214,1,Sports,20,5326.82,2099.54,0.3941,Baseline,Finance Ops,2024,FQ1,2023,5,May
2023-05-01,215,2,Beauty,49,2857.7,1052.62,0.3683,Baseline,Finance Ops,2024,FQ1,2023,5,May
2023-05-01,215,2,Electronics,62,62277.27,26426.05,0.4243,Baseline,Finance Ops,2024,FQ1,2023,5,May
2023-05-01,215,2,Fashion,66,6237.92,2835.88,0.4546,Baseline,Regional Director,2024,FQ1,2023,5,May
2023-05-01,215,2,Furniture,48,29131.12,9947.34,0.3415,Baseline,Regional Director,2024,FQ1,2023,5,May
2023-05-01,215,2,Grocery,56,1361.28,515.42,0.3786,Baseline,Finance Ops,2024,FQ1,2023,5,May
2023-05-01,215,2,Home Appliances,49,23215.76,9905.96,0.4267,Baseline,Regional Director,2024,FQ1,2023,5,May
2023-05-01,215,2,Office Supplies,27,1383.84,515.11,0.3722,Baseline,Finance Ops,2024,FQ1,2023,5,May
2023-05-01,215,2,Sports,45,6884.35,2676.5,0.3888,Baseline,Regional Director,2024,FQ1,2023,5,May
2023-05-01,216,2,Beauty,68,3851.49,1645.14,0.4271,Baseline,Finance Ops,2024,FQ1,2023,5,May
2023-05-01,216,2,Electronics,60,56523.3,23220.98,0.4108,Baseline,Finance Ops,2024,FQ1,2023,5,May
2023-05-01,216,2,Fashion,65,5387.51,2011.99,0.3735,Baseline,Finance Ops,2024,FQ1,2023,5,May
2023-05-01,216,2,Furniture,38,16764.53,6914.24,0.4124,Baseline,Regional Director,2024,FQ1,2023,5,May
2023-05-01,216,2,Grocery,45,750.7,323.03,0.4303,Baseline,Commercial Planning,2024,FQ1,2023,5,May
2023-05-01,216,2,Home Appliances,84,44980.04,17689.29,0.3933,Baseline,Finance Ops,2024,FQ1,2023,5,May
2023-05-01,216,2,Office Supplies,45,2363.42,1014.08,0.4291,Baseline,Finance Ops,2024,FQ1,2023,5,May
2023-05-01,216,2,Sports,50,7996.48,3326.17,0.416,Baseline,Commercial Planning,2024,FQ1,2023,5,May
2023-05-01,217,2,Beauty,47,2301.9,725.2,0.315,Baseline,Finance Ops,2024,FQ1,2023,5,May
2023-05-01,217,2,Electronics,92,104162.53,40816.77,0.3919,Baseline,Finance Ops,2024,FQ1,2023,5,May
2023-05-01,217,2,Fashion,39,4657.11,2052.65,0.4408,Baseline,Finance Ops,2024,FQ1,2023,5,May
2023-05-01,217,2,Furniture,70,46947.7,16988.11,0.3619,Baseline,Commercial Planning,2024,FQ1,2023,5,May
2023-05-01,217,2,Grocery,25,614.46,233.05,0.3793,Baseline,Regional Director,2024,FQ1,2023,5,May
2023-05-01,217,2,Home Appliances,56,25262.96,10092.27,0.3995,Baseline,Finance Ops,2024,FQ1,2023,5,May
2023-05-01,217,2,Office Supplies,59,2723.34,1166.79,0.4284,Baseline,Commercial Planning,2024,FQ1,2023,5,May
2023-05-01,217,2,Sports,60,11233.9,4659.93,0.4148,Baseline,Regional Director,2024,FQ1,2023,5,May
2023-05-01,218,3,Beauty,252,14592.5,4837.99,0.3315,Baseline,Commercial Planning,2024,FQ1,2023,5,May
2023-05-01,218,3,Electronics,239,302005.37,113299.24,0.3752,Baseline,Commercial Planning,2024,FQ1,2023,5,May
2023-05-01,218,3,Fashion,208,19361.36,7748.33,0.4002,Baseline,Finance Ops,2024,FQ1,2023,5,May
2023-05-01,218,3,Furniture,311,169429.0,60437.17,0.3567,Baseline,Finance Ops,2024,FQ1,2023,5,May
2023-05-01,218,3,Grocery,295,6177.01,2615.81,0.4235,Baseline,Finance Ops,2024,FQ1,2023,5,May
2023-05-01,218,3,Home Appliances,443,244467.93,93474.93,0.3824,Baseline,Regional Director,2024,FQ1,2023,5,May
2023-05-01,218,3,Office Supplies,434,24450.2,10668.94,0.4364,Baseline,Finance Ops,2024,FQ1,2023,5,May
2023-05-01,218,3,Sports,302,52839.24,16135.15,0.3054,Baseline,Commercial Planning,2024,FQ1,2023,5,May
2023-05-01,219,3,Beauty,239,13038.9,3865.03,0.2964,Baseline,Commercial Planning,2024,FQ1,2023,5,May
2023-05-01,219,3,Electronics,312,313855.8,118591.28,0.3779,Baseline,Commercial Planning,2024,FQ1,2023,5,May
2023-05-01,219,3,Fashion,187,14032.31,5298.21,0.3776,Baseline,Finance Ops,2024,FQ1,2023,5,May
2023-05-01,219,3,Furniture,275,164809.88,61386.95,0.3725,Baseline,Finance Ops,2024,FQ1,2023,5,May
2023-05-01,219,3,Grocery,357,8791.05,3255.61,0.3703,Baseline,Finance Ops,2024,FQ1,2023,5,May
2023-05-01,219,3,Home Appliances,536,233914.52,90620.16,0.3874,Baseline,Finance Ops,2024,FQ1,2023,5,May
2023-05-01,219,3,Office Supplies,343,17735.83,6561.34,0.3699,Baseline,Commercial Planning,2024,FQ1,2023,5,May
2023-05-01,219,3,Sports,131,20071.17,7329.49,0.3652,Baseline,Regional Director,2024,FQ1,2023,5,May
2023-05-01,220,4,Beauty,57,2930.91,1090.11,0.3719,Baseline,Finance Ops,2024,FQ1,2023,5,May
2023-05-01,220,4,Electronics,44,37826.16,16768.52,0.4433,Baseline,Finance Ops,2024,FQ1,2023,5,May
2023-05-01,220,4,Fashion,117,14620.75,5529.28,0.3782,Baseline,Commercial Planning,2024,FQ1,2023,5,May
2023-05-01,220,4,Furniture,63,28128.25,11641.35,0.4139,Baseline,Finance Ops,2024,FQ1,2023,5,May
2023-05-01,220,4,Grocery,50,1108.31,390.81,0.3526,Baseline,Finance Ops,2024,FQ1,2023,5,May
2023-05-01,220,4,Home Appliances,97,33328.28,14320.82,0.4297,Baseline,Commercial Planning,2024,FQ1,2023,5,May
2023-05-01,220,4,Office Supplies,72,3422.75,1424.68,0.4162,Baseline,Finance Ops,2024,FQ1,2023,5,May
2023-05-01,220,4,Sports,98,16450.5,6000.71,0.3648,Baseline,Commercial Planning,2024,FQ1,2023,5,May
2023-06-01,201,1,Beauty,45,2129.6,672.21,0.3157,Baseline,Regional Director,2024,FQ1,2023,6,June
2023-06-01,201,1,Electronics,3,2841.83,1113.81,0.3919,Baseline,Finance Ops,2024,FQ1,2023,6,June
2023-06-01,201,1,Fashion,17,1455.32,661.99,0.4549,Baseline,Regional Director,2024,FQ1,2023,6,June
2023-06-01,201,1,Furniture,25,13687.12,4533.93,0.3313,Baseline,Commercial Planning,2024,FQ1,2023,6,June
2023-06-01,201,1,Grocery,23,801.43,293.62,0.3664,Baseline,Commercial Planning,2024,FQ1,2023,6,June
2023-06-01,201,1,Home Appliances,22,8529.6,2340.97,0.2745,Baseline,Regional Director,2024,FQ1,2023,6,June
2023-06-01,201,1,Office Supplies,15,575.84,214.15,0.3719,Baseline,Finance Ops,2024,FQ1,2023,6,June
2023-06-01,201,1,Sports,25,4713.11,1635.11,0.3469,Baseline,Finance Ops,2024,FQ1,2023,6,June
2023-06-01,202,1,Beauty,37,1892.17,708.24,0.3743,Baseline,Finance Ops,2024,FQ1,2023,6,June
2023-06-01,202,1,Electronics,15,18909.97,6908.75,0.3653,Baseline,Finance Ops,2024,FQ1,2023,6,June
2023-06-01,202,1,Fashion,17,1095.26,435.6,0.3977,Baseline,Commercial Planning,2024,FQ1,2023,6,June
2023-06-01,202,1,Furniture,31,18464.81,6645.76,0.3599,Baseline,Commercial Planning,2024,FQ1,2023,6,June
2023-06-01,202,1,Grocery,22,713.33,308.27,0.4322,Baseline,Commercial Planning,2024,FQ1,2023,6,June
2023-06-01,202,1,Home Appliances,11,2425.52,717.42,0.2958,Baseline,Finance Ops,2024,FQ1,2023,6,June
2023-06-01,202,1,Office Supplies,13,508.82,186.02,0.3656,Baseline,Regional Director,2024,FQ1,2023,6,June
2023-06-01,202,1,Sports,27,5257.79,2217.85,0.4218,Baseline,Finance Ops,2024,FQ1,2023,6,June
2023-06-01,203,1,Beauty,17,918.13,482.43,0.5254,Baseline,Regional Director,2024,FQ1,2023,6,June
2023-06-01,203,1,Electronics,40,38125.35,17405.19,0.4565,Baseline,Finance Ops,2024,FQ1,2023,6,June
2023-06-01,203,1,Fashion,14,1671.47,581.79,0.3481,Baseline,Regional Director,2024,FQ1,2023,6,June
2023-06-01,203,1,Furniture,18,10671.09,4326.14,0.4054,Baseline,Commercial Planning,2024,FQ1,2023,6,June
2023-06-01,203,1,Grocery,9,255.08,86.9,0.3407,Baseline,Commercial Planning,2024,FQ1,2023,6,June
2023-06-01,203,1,Home Appliances,13,6823.59,2878.48,0.4218,Baseline,Regional Director,2024,FQ1,2023,6,June
2023-06-01,203,1,Office Supplies,27,1602.92,586.02,0.3656,Baseline,Finance Ops,2024,FQ1,2023,6,June
2023-06-01,203,1,Sports,47,10451.67,4793.0,0.4586,Baseline,Finance Ops,2024,FQ1,2023,6,June
2023-06-01,204,1,Beauty,14,604.78,173.09,0.2862,Baseline,Commercial Planning,2024,FQ1,2023,6,June
2023-06-01,204,1,Electronics,25,23532.07,10820.63,0.4598,Baseline,Regional Director,2024,FQ1,2023,6,June
2023-06-01,204,1,Fashion,21,2539.22,1125.46,0.4432,Baseline,Regional Director,2024,FQ1,2023,6,June
2023-06-01,204,1,Furniture,6,4546.85,1654.76,0.3639,Baseline,Commercial Planning,2024,FQ1,2023,6,June
2023-06-01,204,1,Grocery,11,249.87,98.44,0.394,Baseline,Finance Ops,2024,FQ1,2023,6,June
2023-06-01,204,1,Home Appliances,30,9028.05,3906.62,0.4327,Baseline,Finance Ops,2024,FQ1,2023,6,June
2023-06-01,204,1,Office Supplies,21,987.93,435.08,0.4404,Baseline,Commercial Planning,2024,FQ1,2023,6,June
2023-06-01,204,1,Sports,32,6135.35,2280.15,0.3716,Baseline,Finance Ops,2024,FQ1,2023,6,June
2023-06-01,205,1,Beauty,20,1107.3,292.03,0.2637,Baseline,Regional Director,2024,FQ1,2023,6,June
2023-06-01,205,1,Electronics,13,13803.71,6785.57,0.4916,Baseline,Finance Ops,2024,FQ1,2023,6,June
2023-06-01,205,1,Fashion,3,87.19,32.41,0.3717,Baseline,Regional Director,2024,FQ1,2023,6,June
2023-06-01,205,1,Furniture,21,14899.0,5973.59,0.4009,Baseline,Commercial Planning,2024,FQ1,2023,6,June
2023-06-01,205,1,Grocery,18,377.46,115.81,0.3068,Baseline,Finance Ops,2024,FQ1,2023,6,June
2023-06-01,205,1,Home Appliances,32,14191.92,5741.76,0.4046,Baseline,Finance Ops,2024,FQ1,2023,6,June
2023-06-01,205,1,Office Supplies,21,952.26,419.4,0.4404,Baseline,Finance Ops,2024,FQ1,2023,6,June
2023-06-01,205,1,Sports,23,3720.4,1422.08,0.3822,Baseline,Finance Ops,2024,FQ1,2023,6,June
2023-06-01,206,1,Beauty,7,387.36,125.09,0.3229,Baseline,Regional Director,2024,FQ1,2023,6,June
2023-06-01,206,1,Electronics,21,20792.73,9388.65,0.4515,Baseline,Commercial Planning,2024,FQ1,2023,6,June
2023-06-01,206,1,Fashion,12,1185.76,368.49,0.3108,Baseline,Finance Ops,2024,FQ1,2023,6,June
2023-06-01,206,1,Furniture,14,6699.08,2906.29,0.4338,Baseline,Finance Ops,2024,FQ1,2023,6,June
2023-06-01,206,1,Grocery,22,688.76,257.82,0.3743,Baseline,Regional Director,2024,FQ1,2023,6,June
2023-06-01,206,1,Home Appliances,16,9919.52,3927.82,0.396,Baseline,Commercial Planning,2024,FQ1,2023,6,June
2023-06-01,206,1,Office Supplies,45,2396.55,956.69,0.3992,Baseline,Commercial Planning,2024,FQ1,2023,6,June
2023-06-01,206,1,Sports,10,2381.98,1255.44,0.5271,Baseline,Finance Ops,2024,FQ1,2023,6,June
2023-06-01,207,1,Beauty,9,646.92,177.77,0.2748,Baseline,Commercial Planning,2024,FQ1,2023,6,June
2023-06-01,207,1,Electronics,21,16556.63,7090.45,0.4283,Baseline,Commercial Planning,2024,FQ1,2023,6,June
2023-06-01,207,1,Fashion,24,2764.98,927.32,0.3354,Baseline,Finance Ops,2024,FQ1,2023,6,June
2023-06-01,207,1,Furniture,32,17414.87,6903.63,0.3964,Baseline,Finance Ops,2024,FQ1,2023,6,June
2023-06-01,207,1,Grocery,30,536.25,213.08,0.3974,Baseline,Finance Ops,2024,FQ1,2023,6,June
2023-06-01,207,1,Home Appliances,35,8487.39,3644.57,0.4294,Baseline,Regional Director,2024,FQ1,2023,6,June
2023-06-01,207,1,Office Supplies,25,1334.51,547.93,0.4106,Baseline,Regional Director,2024,FQ1,2023,6,June
2023-06-01,207,1,Sports,15,1864.74,934.65,0.5012,Baseline,Commercial Planning,2024,FQ1,2023,6,June
2023-06-01,208,1,Beauty,17,1167.98,281.36,0.2409,Baseline,Commercial Planning,2024,FQ1,2023,6,June
2023-06-01,208,1,Electronics,34,43600.9,19127.67,0.4387,Baseline,Finance Ops,2024,FQ1,2023,6,June
2023-06-01,208,1,Fashion,25,2358.44,984.55,0.4175,Baseline,Finance Ops,2024,FQ1,2023,6,June
2023-06-01,208,1,Furniture,21,6736.18,2070.3,0.3073,Baseline,Finance Ops,2024,FQ1,2023,6,June
2023-06-01,208,1,Grocery,28,567.77,182.16,0.3208,Baseline,Commercial Planning,2024,FQ1,2023,6,June
2023-06-01,208,1,Home Appliances,54,24708.76,7925.11,0.3207,Baseline,Finance Ops,2024,FQ1,2023,6,June
2023-06-01,208,1,Office Supplies,24,914.6,364.99,0.3991,Baseline,Commercial Planning,2024,FQ1,2023,6,June
2023-06-01,208,1,Sports,21,3025.1,1258.11,0.4159,Baseline,Finance Ops,2024,FQ1,2023,6,June
2023-06-01,209,1,Beauty,23,1078.04,422.69,0.3921,Baseline,Finance Ops,2024,FQ1,2023,6,June
2023-06-01,209,1,Electronics,40,42103.42,16456.72,0.3909,Baseline,Finance Ops,2024,FQ1,2023,6,June
2023-06-01,209,1,Fashion,16,1659.23,677.68,0.4084,Baseline,Finance Ops,2024,FQ1,2023,6,June
2023-06-01,209,1,Furniture,20,15488.26,5054.13,0.3263,Baseline,Finance Ops,2024,FQ1,2023,6,June
2023-06-01,209,1,Grocery,21,455.37,115.04,0.2526,Baseline,Commercial Planning,2024,FQ1,2023,6,June
2023-06-01,209,1,Home Appliances,33,9252.17,3689.18,0.3987,Baseline,Finance Ops,2024,FQ1,2023,6,June
2023-06-01,209,1,Office Supplies,10,433.61,191.36,0.4413,Baseline,Finance Ops,2024,FQ1,2023,6,June
2023-06-01,209,1,Sports,18,3125.39,1216.71,0.3893,Baseline,Finance Ops,2024,FQ1,2023,6,June
2023-06-01,210,1,Beauty,11,535.59,166.37,0.3106,Baseline,Finance Ops,2024,FQ1,2023,6,June
2023-06-01,210,1,Electronics,34,31963.31,11002.68,0.3442,Baseline,Regional Director,2024,FQ1,2023,6,June
2023-06-01,210,1,Fashion,13,1556.93,646.74,0.4154,Baseline,Commercial Planning,2024,FQ1,2023,6,June
2023-06-01,210,1,Furniture,34,18049.03,6031.75,0.3342,Baseline,Commercial Planning,2024,FQ1,2023,6,June
2023-06-01,210,1,Grocery,22,651.63,238.9,0.3666,Baseline,Regional Director,2024,FQ1,2023,6,June
2023-06-01,210,1,Home Appliances,11,7059.38,2377.04,0.3367,Baseline,Finance Ops,2024,FQ1,2023,6,June
2023-06-01,210,1,Office Supplies,15,658.19,255.57,0.3883,Baseline,Commercial Planning,2024,FQ1,2023,6,June
2023-06-01,210,1,Sports,17,3390.1,1246.92,0.3678,Baseline,Regional Director,2024,FQ1,2023,6,June
2023-06-01,211,1,Beauty,23,1347.12,440.97,0.3273,Baseline,Finance Ops,2024,FQ1,2023,6,June
2023-06-01,211,1,Electronics,25,21410.73,8528.12,0.3983,Baseline,Commercial Planning,2024,FQ1,2023,6,June
2023-06-01,211,1,Fashion,16,1435.48,615.8,0.429,Baseline,Finance Ops,2024,FQ1,2023,6,June
2023-06-01,211,1,Furniture,33,21580.65,6074.72,0.2815,Baseline,Finance Ops,2024,FQ1,2023,6,June
2023-06-01,211,1,Grocery,24,600.93,219.95,0.366,Baseline,Finance Ops,2024,FQ1,2023,6,June
2023-06-01,211,1,Home Appliances,19,12949.49,4399.94,0.3398,Baseline,Regional Director,2024,FQ1,2023,6,June
2023-06-01,211,1,Office Supplies,24,1325.42,606.72,0.4578,Baseline,Finance Ops,2024,FQ1,2023,6,June
2023-06-01,211,1,Sports,31,6090.0,2375.17,0.39,Baseline,Finance Ops,2024,FQ1,2023,6,June
2023-06-01,212,1,Beauty,13,624.09,222.54,0.3566,Baseline,Commercial Planning,2024,FQ1,2023,6,June
2023-06-01,212,1,Electronics,26,23442.5,9444.32,0.4029,Baseline,Regional Director,2024,FQ1,2023,6,June
2023-06-01,212,1,Fashion,10,1098.46,400.84,0.3649,Baseline,Finance Ops,2024,FQ1,2023,6,June
2023-06-01,212,1,Furniture,8,3394.22,1198.16,0.353,Baseline,Finance Ops,2024,FQ1,2023,6,June
2023-06-01,212,1,Grocery,14,314.65,119.78,0.3807,Baseline,Finance Ops,2024,FQ1,2023,6,June
2023-06-01,212,1,Home Appliances,25,13650.31,4808.7,0.3523,Baseline,Finance Ops,2024,FQ1,2023,6,June
2023-06-01,212,1,Office Supplies,37,1891.67,745.13,0.3939,Baseline,Finance Ops,2024,FQ1,2023,6,June
2023-06-01,212,1,Sports,18,3762.87,1562.58,0.4153,Baseline,Regional Director,2024,FQ1,2023,6,June
2023-06-01,213,1,Beauty,25,1141.55,497.13,0.4355,Baseline,Finance Ops,2024,FQ1,2023,6,June
2023-06-01,213,1,Electronics,16,11829.9,4360.05,0.3686,Baseline,Commercial Planning,2024,FQ1,2023,6,June
2023-06-01,213,1,Fashion,16,1268.72,473.81,0.3735,Baseline,Commercial Planning,2024,FQ1,2023,6,June
2023-06-01,213,1,Furniture,1,1358.65,491.05,0.3614,Baseline,Commercial Planning,2024,FQ1,2023,6,June
2023-06-01,213,1,Grocery,11,158.82,74.94,0.4719,Baseline,Commercial Planning,2024,FQ1,2023,6,June
2023-06-01,213,1,Home Appliances,25,11100.75,4495.03,0.4049,Baseline,Regional Director,2024,FQ1,2023,6,June
2023-06-01,213,1,Office Supplies,39,1792.94,735.98,0.4105,Baseline,Regional Director,2024,FQ1,2023,6,June
2023-06-01,213,1,Sports,15,2491.4,959.18,0.385,Baseline,Finance Ops,2024,FQ1,2023,6,June
2023-06-01,214,1,Beauty,29,1511.45,440.25,0.2913,Baseline,Commercial Planning,2024,FQ1,2023,6,June
2023-06-01,214,1,Electronics,49,45431.99,16996.46,0.3741,Baseline,Finance Ops,2024,FQ1,2023,6,June
2023-06-01,214,1,Fashion,18,2475.14,1029.11,0.4158,Baseline,Finance Ops,2024,FQ1,2023,6,June
2023-06-01,214,1,Furniture,21,12084.45,3877.36,0.3209,Baseline,Regional Director,2024,FQ1,2023,6,June
2023-06-01,214,1,Grocery,25,717.61,328.8,0.4582,Baseline,Regional Director,2024,FQ1,2023,6,June
2023-06-01,214,1,Home Appliances,27,12914.38,6127.3,0.4745,Baseline,Commercial Planning,2024,FQ1,2023,6,June
2023-06-01,214,1,Office Supplies,22,1458.33,550.27,0.3773,Baseline,Finance Ops,2024,FQ1,2023,6,June
2023-06-01,214,1,Sports,20,4072.18,1600.08,0.3929,Baseline,Finance Ops,2024,FQ1,2023,6,June
2023-06-01,215,2,Beauty,50,2581.08,831.77,0.3223,Baseline,Finance Ops,2024,FQ1,2023,6,June
2023-06-01,215,2,Electronics,95,102565.75,39683.42,0.3869,Baseline,Commercial Planning,2024,FQ1,2023,6,June
2023-06-01,215,2,Fashion,44,4514.17,1765.12,0.391,Baseline,Finance Ops,2024,FQ1,2023,6,June
2023-06-01,215,2,Furniture,38,23339.64,8525.29,0.3653,Baseline,Finance Ops,2024,FQ1,2023,6,June
2023-06-01,215,2,Grocery,44,1226.06,405.35,0.3306,Baseline,Commercial Planning,2024,FQ1,2023,6,June
2023-06-01,215,2,Home Appliances,57,23534.74,9816.39,0.4171,Baseline,Finance Ops,2024,FQ1,2023,6,June
2023-06-01,215,2,Office Supplies,48,2621.82,1001.1,0.3818,Baseline,Finance Ops,2024,FQ1,2023,6,June
2023-06-01,215,2,Sports,28,3967.29,1642.14,0.4139,Baseline,Finance Ops,2024,FQ1,2023,6,June
2023-06-01,216,2,Beauty,38,1783.96,562.16,0.3151,Baseline,Finance Ops,2024,FQ1,2023,6,June
2023-06-01,216,2,Electronics,64,60688.18,26449.75,0.4358,Baseline,Regional Director,2024,FQ1,2023,6,June
2023-06-01,216,2,Fashion,50,5910.96,2480.08,0.4196,Baseline,Regional Director,2024,FQ1,2023,6,June
2023-06-01,216,2,Furniture,34,21095.99,7548.93,0.3578,Baseline,Commercial Planning,2024,FQ1,2023,6,June
2023-06-01,216,2,Grocery,49,1401.53,618.34,0.4412,Baseline,Finance Ops,2024,FQ1,2023,6,June
2023-06-01,216,2,Home Appliances,50,21206.67,8598.5,0.4055,Baseline,Commercial Planning,2024,FQ1,2023,6,June
2023-06-01,216,2,Office Supplies,55,2266.21,854.27,0.377,Baseline,Regional Director,2024,FQ1,2023,6,June
2023-06-01,216,2,Sports,19,3689.96,1309.68,0.3549,Baseline,Regional Director,2024,FQ1,2023,6,June
2023-06-01,217,2,Beauty,65,3382.5,1340.94,0.3964,Baseline,Commercial Planning,2024,FQ1,2023,6,June
2023-06-01,217,2,Electronics,66,59753.42,23727.25,0.3971,Baseline,Finance Ops,2024,FQ1,2023,6,June
2023-06-01,217,2,Fashion,46,4599.31,1605.43,0.3491,Baseline,Commercial Planning,2024,FQ1,2023,6,June
2023-06-01,217,2,Furniture,46,29163.61,10250.84,0.3515,Baseline,Regional Director,2024,FQ1,2023,6,June
2023-06-01,217,2,Grocery,53,1335.76,509.2,0.3812,Baseline,Commercial Planning,2024,FQ1,2023,6,June
2023-06-01,217,2,Home Appliances,52,19061.8,7365.13,0.3864,Baseline,Finance Ops,2024,FQ1,2023,6,June
2023-06-01,217,2,Office Supplies,63,3356.47,1407.21,0.4193,Baseline,Finance Ops,2024,FQ1,2023,6,June
2023-06-01,217,2,Sports,43,8349.8,3398.95,0.4071,Baseline,Finance Ops,2024,FQ1,2023,6,June
2023-06-01,218,3,Beauty,190,8095.12,2871.86,0.3548,Baseline,Regional Director,2024,FQ1,2023,6,June
2023-06-01,218,3,Electronics,341,312531.73,115945.7,0.371,Baseline,Regional Director,2024,FQ1,2023,6,June
2023-06-01,218,3,Fashion,263,28101.99,10413.18,0.3705,Baseline,Finance Ops,2024,FQ1,2023,6,June
2023-06-01,218,3,Furniture,112,62847.44,21171.2,0.3369,Baseline,Finance Ops,2024,FQ1,2023,6,June
2023-06-01,218,3,Grocery,200,6318.19,2599.24,0.4114,Baseline,Finance Ops,2024,FQ1,2023,6,June
2023-06-01,218,3,Home Appliances,344,194603.72,72120.36,0.3706,Baseline,Commercial Planning,2024,FQ1,2023,6,June
2023-06-01,218,3,Office Supplies,352,18325.32,7371.06,0.4022,Baseline,Regional Director,2024,FQ1,2023,6,June
2023-06-01,218,3,Sports,223,30746.79,13873.11,0.4512,Baseline,Finance Ops,2024,FQ1,2023,6,June
2023-06-01,219,3,Beauty,190,7577.09,3053.2,0.403,Baseline,Regional Director,2024,FQ1,2023,6,June
2023-06-01,219,3,Electronics,411,381737.74,136217.99,0.3568,Baseline,Finance Ops,2024,FQ1,2023,6,June
2023-06-01,219,3,Fashion,213,28201.23,12351.18,0.438,Baseline,Finance Ops,2024,FQ1,2023,6,June
2023-06-01,219,3,Furniture,225,119459.4,43827.37,0.3669,Baseline,Finance Ops,2024,FQ1,2023,6,June
2023-06-01,219,3,Grocery,309,6313.36,2235.59,0.3541,Baseline,Finance Ops,2024,FQ1,2023,6,June
2023-06-01,219,3,Home Appliances,483,221910.45,74254.64,0.3346,Baseline,Finance Ops,2024,FQ1,2023,6,June
2023-06-01,219,3,Office Supplies,284,13342.8,4851.12,0.3636,Baseline,Finance Ops,2024,FQ1,2023,6,June
2023-06-01,219,3,Sports,271,36539.67,14988.82,0.4102,Baseline,Finance Ops,2024,FQ1,2023,6,June
2023-06-01,220,4,Beauty,80,4297.56,1379.25,0.3209,Baseline,Regional Director,2024,FQ1,2023,6,June
2023-06-01,220,4,Electronics,69,72230.58,29695.66,0.4111,Baseline,Commercial Planning,2024,FQ1,2023,6,June
2023-06-01,220,4,Fashion,91,7563.96,2800.65,0.3703,Baseline,Commercial Planning,2024,FQ1,2023,6,June
2023-06-01,220,4,Furniture,61,29913.29,9833.82,0.3287,Baseline,Finance Ops,2024,FQ1,2023,6,June
2023-06-01,220,4,Grocery,56,1349.48,485.95,0.3601,Baseline,Finance Ops,2024,FQ1,2023,6,June
2023-06-01,220,4,Home Appliances,41,21093.07,7700.26,0.3651,Baseline,Commercial Planning,2024,FQ1,2023,6,June
2023-06-01,220,4,Office Supplies,80,3344.04,1531.06,0.4578,Baseline,Commercial Planning,2024,FQ1,2023,6,June
2023-06-01,220,4,Sports,81,12816.03,4898.9,0.3822,Baseline,Finance Ops,2024,FQ1,2023,6,June
2023-07-01,201,1,Beauty,32,1505.92,421.94,0.2802,Baseline,Finance Ops,2024,FQ2,2023,7,July
2023-07-01,201,1,Electronics,23,27893.22,11504.87,0.4125,Baseline,Finance Ops,2024,FQ2,2023,7,July
2023-07-01,201,1,Fashion,23,2524.4,972.38,0.3852,Baseline,Finance Ops,2024,FQ2,2023,7,July
2023-07-01,201,1,Furniture,18,12618.68,4590.76,0.3638,Baseline,Finance Ops,2024,FQ2,2023,7,July
2023-07-01,201,1,Grocery,16,305.73,102.93,0.3367,Baseline,Finance Ops,2024,FQ2,2023,7,July
2023-07-01,201,1,Home Appliances,20,6214.3,2551.6,0.4106,Baseline,Commercial Planning,2024,FQ2,2023,7,July
2023-07-01,201,1,Office Supplies,14,570.01,227.62,0.3993,Baseline,Finance Ops,2024,FQ2,2023,7,July
2023-07-01,201,1,Sports,22,4700.71,2279.62,0.485,Baseline,Commercial Planning,2024,FQ2,2023,7,July
2023-07-01,202,1,Beauty,23,1370.62,431.21,0.3146,Baseline,Finance Ops,2024,FQ2,2023,7,July
2023-07-01,202,1,Electronics,17,11128.62,4390.81,0.3946,Baseline,Finance Ops,2024,FQ2,2023,7,July
2023-07-01,202,1,Fashion,29,2098.54,759.56,0.3619,Baseline,Finance Ops,2024,FQ2,2023,7,July
2023-07-01,202,1,Furniture,19,14436.4,5161.92,0.3576,Baseline,Finance Ops,2024,FQ2,2023,7,July
2023-07-01,202,1,Grocery,30,622.05,194.5,0.3127,Baseline,Finance Ops,2024,FQ2,2023,7,July
2023-07-01,202,1,Home Appliances,21,7599.47,2537.57,0.3339,Baseline,Commercial Planning,2024,FQ2,2023,7,July
2023-07-01,202,1,Office Supplies,13,536.76,199.54,0.3717,Baseline,Finance Ops,2024,FQ2,2023,7,July
2023-07-01,202,1,Sports,6,576.35,244.16,0.4236,Baseline,Commercial Planning,2024,FQ2,2023,7,July
2023-07-01,203,1,Beauty,42,2656.2,757.03,0.285,Baseline,Regional Director,2024,FQ2,2023,7,July
2023-07-01,203,1,Electronics,26,30174.95,13234.51,0.4386,Baseline,Finance Ops,2024,FQ2,2023,7,July
2023-07-01,203,1,Fashion,8,1125.16,562.83,0.5002,Baseline,Finance Ops,2024,FQ2,2023,7,July
2023-07-01,203,1,Furniture,17,13558.7,4981.56,0.3674,Baseline,Commercial Planning,2024,FQ2,2023,7,July
2023-07-01,203,1,Grocery,9,177.69,63.13,0.3553,Baseline,Regional Director,2024,FQ2,2023,7,July
2023-07-01,203,1,Home Appliances,25,14035.27,4367.99,0.3112,Baseline,Commercial Planning,2024,FQ2,2023,7,July
2023-07-01,203,1,Office Supplies,20,1043.33,417.82,0.4005,Baseline,Finance Ops,2024,FQ2,2023,7,July
2023-07-01,203,1,Sports,17,1684.57,655.99,0.3894,Baseline,Commercial Planning,2024,FQ2,2023,7,July
2023-07-01,204,1,Beauty,31,1105.91,374.76,0.3389,Baseline,Regional Director,2024,FQ2,2023,7,July
2023-07-01,204,1,Electronics,38,39672.96,14881.43,0.3751,Baseline,Commercial Planning,2024,FQ2,2023,7,July
2023-07-01,204,1,Fashion,46,4495.4,1619.06,0.3602,Baseline,Commercial Planning,2024,FQ2,2023,7,July
2023-07-01,204,1,Furniture,25,11402.89,4099.17,0.3595,Baseline,Finance Ops,2024,FQ2,2023,7,July
2023-07-01,204,1,Grocery,14,479.27,206.13,0.4301,Baseline,Commercial Planning,2024,FQ2,2023,7,July
2023-07-01,204,1,Home Appliances,46,14649.03,5044.62,0.3444,Baseline,Regional Director,2024,FQ2,2023,7,July
2023-07-01,204,1,Office Supplies,22,1039.04,413.98,0.3984,Baseline,Commercial Planning,2024,FQ2,2023,7,July
2023-07-01,204,1,Sports,26,4165.41,1975.28,0.4742,Baseline,Commercial Planning,2024,FQ2,2023,7,July
2023-07-01,205,1,Beauty,13,558.25,147.61,0.2644,Baseline,Finance Ops,2024,FQ2,2023,7,July
2023-07-01,205,1,Electronics,17,22145.41,7842.14,0.3541,Baseline,Finance Ops,2024,FQ2,2023,7,July
2023-07-01,205,1,Fashion,30,3061.98,1455.88,0.4755,Baseline,Finance Ops,2024,FQ2,2023,7,July
2023-07-01,205,1,Furniture,29,17060.47,7273.27,0.4263,Baseline,Finance Ops,2024,FQ2,2023,7,July
2023-07-01,205,1,Grocery,7,261.95,110.56,0.4221,Baseline,Finance Ops,2024,FQ2,2023,7,July
2023-07-01,205,1,Home Appliances,36,16390.88,5255.01,0.3206,Baseline,Commercial Planning,2024,FQ2,2023,7,July
2023-07-01,205,1,Office Supplies,19,772.61,321.23,0.4158,Baseline,Commercial Planning,2024,FQ2,2023,7,July
2023-07-01,205,1,Sports,48,9577.16,3916.65,0.409,Baseline,Commercial Planning,2024,FQ2,2023,7,July
2023-07-01,206,1,Beauty,30,1245.7,425.56,0.3416,Baseline,Finance Ops,2024,FQ2,2023,7,July
2023-07-01,206,1,Electronics,26,28696.93,10419.12,0.3631,Baseline,Commercial Planning,2024,FQ2,2023,7,July
2023-07-01,206,1,Fashion,22,2608.71,1040.65,0.3989,Baseline,Commercial Planning,2024,FQ2,2023,7,July
2023-07-01,206,1,Furniture,29,18470.74,6660.28,0.3606,Baseline,Commercial Planning,2024,FQ2,2023,7,July
2023-07-01,206,1,Grocery,13,388.89,123.2,0.3168,Baseline,Finance Ops,2024,FQ2,2023,7,July
2023-07-01,206,1,Home Appliances,8,4141.45,2168.47,0.5236,Baseline,Commercial Planning,2024,FQ2,2023,7,July
2023-07-01,206,1,Office Supplies,12,546.63,206.8,0.3783,Baseline,Regional Director,2024,FQ2,2023,7,July
2023-07-01,206,1,Sports,52,8929.05,3205.31,0.359,Baseline,Finance Ops,2024,FQ2,2023,7,July
2023-07-01,207,1,Beauty,22,1233.6,438.94,0.3558,Baseline,Commercial Planning,2024,FQ2,2023,7,July
2023-07-01,207,1,Electronics,15,17690.87,6276.81,0.3548,Baseline,Commercial Planning,2024,FQ2,2023,7,July
2023-07-01,207,1,Fashion,32,2848.29,1178.89,0.4139,Baseline,Commercial Planning,2024,FQ2,2023,7,July
2023-07-01,207,1,Furniture,20,12641.25,5039.31,0.3986,Baseline,Finance Ops,2024,FQ2,2023,7,July
2023-07-01,207,1,Grocery,24,561.91,222.4,0.3958,Baseline,Commercial Planning,2024,FQ2,2023,7,July
2023-07-01,207,1,Home Appliances,14,2531.23,947.65,0.3744,Baseline,Commercial Planning,2024,FQ2,2023,7,July
2023-07-01,207,1,Office Supplies,17,870.67,379.34,0.4357,Baseline,Finance Ops,2024,FQ2,2023,7,July
2023-07-01,207,1,Sports,14,1787.81,841.01,0.4704,Baseline,Regional Director,2024,FQ2,2023,7,July
2023-07-01,208,1,Beauty,27,1677.2,520.82,0.3105,Baseline,Finance Ops,2024,FQ2,2023,7,July
2023-07-01,208,1,Electronics,28,24764.9,10625.63,0.4291,Baseline,Finance Ops,2024,FQ2,2023,7,July
2023-07-01,208,1,Fashion,13,728.36,291.57,0.4003,Baseline,Finance Ops,2024,FQ2,2023,7,July
2023-07-01,208,1,Furniture,15,11152.77,3774.42,0.3384,Baseline,Finance Ops,2024,FQ2,2023,7,July
2023-07-01,208,1,Grocery,21,630.95,250.34,0.3968,Baseline,Commercial Planning,2024,FQ2,2023,7,July
2023-07-01,208,1,Home Appliances,41,22781.79,8232.3,0.3614,Baseline,Regional Director,2024,FQ2,2023,7,July
2023-07-01,208,1,Office Supplies,12,456.64,176.96,0.3875,Baseline,Commercial Planning,2024,FQ2,2023,7,July
2023-07-01,208,1,Sports,27,4241.51,1724.5,0.4066,Baseline,Regional Director,2024,FQ2,2023,7,July
2023-07-01,209,1,Beauty,16,697.56,224.25,0.3215,Baseline,Finance Ops,2024,FQ2,2023,7,July
2023-07-01,209,1,Electronics,19,16001.37,6220.46,0.3887,Baseline,Commercial Planning,2024,FQ2,2023,7,July
2023-07-01,209,1,Fashion,32,2066.26,685.79,0.3319,Baseline,Finance Ops,2024,FQ2,2023,7,July
2023-07-01,209,1,Furniture,14,8433.88,2831.05,0.3357,Baseline,Regional Director,2024,FQ2,2023,7,July
2023-07-01,209,1,Grocery,18,297.79,102.16,0.3431,Baseline,Finance Ops,2024,FQ2,2023,7,July
2023-07-01,209,1,Home Appliances,27,11138.9,4124.34,0.3703,Baseline,Regional Director,2024,FQ2,2023,7,July
2023-07-01,209,1,Office Supplies,15,752.0,270.75,0.36,Baseline,Commercial Planning,2024,FQ2,2023,7,July
2023-07-01,209,1,Sports,33,5358.58,2420.32,0.4517,Baseline,Commercial Planning,2024,FQ2,2023,7,July
2023-07-01,210,1,Beauty,26,1206.28,480.47,0.3983,Baseline,Finance Ops,2024,FQ2,2023,7,July
2023-07-01,210,1,Electronics,33,36755.96,13041.05,0.3548,Baseline,Finance Ops,2024,FQ2,2023,7,July
2023-07-01,210,1,Fashion,18,1913.23,877.68,0.4587,Baseline,Finance Ops,2024,FQ2,2023,7,July
2023-07-01,210,1,Furniture,12,3538.8,1659.91,0.4691,Baseline,Commercial Planning,2024,FQ2,2023,7,July
2023-07-01,210,1,Grocery,48,1468.96,502.74,0.3422,Baseline,Finance Ops,2024,FQ2,2023,7,July
2023-07-01,210,1,Home Appliances,42,19787.17,7407.67,0.3744,Baseline,Finance Ops,2024,FQ2,2023,7,July
2023-07-01,210,1,Office Supplies,36,1703.35,712.52,0.4183,Baseline,Finance Ops,2024,FQ2,2023,7,July
2023-07-01,210,1,Sports,52,11187.25,3476.91,0.3108,Baseline,Regional Director,2024,FQ2,2023,7,July
2023-07-01,211,1,Beauty,1,83.54,21.1,0.2526,Baseline,Finance Ops,2024,FQ2,2023,7,July
2023-07-01,211,1,Electronics,18,15896.28,5969.57,0.3755,Baseline,Commercial Planning,2024,FQ2,2023,7,July
2023-07-01,211,1,Fashion,12,1726.94,669.45,0.3877,Baseline,Commercial Planning,2024,FQ2,2023,7,July
2023-07-01,211,1,Furniture,7,4024.35,1933.23,0.4804,Baseline,Finance Ops,2024,FQ2,2023,7,July
2023-07-01,211,1,Grocery,9,115.21,44.6,0.3871,Baseline,Commercial Planning,2024,FQ2,2023,7,July
2023-07-01,211,1,Home Appliances,30,15243.15,5955.15,0.3907,Baseline,Regional Director,2024,FQ2,2023,7,July
2023-07-01,211,1,Office Supplies,22,737.55,295.5,0.4007,Baseline,Finance Ops,2024,FQ2,2023,7,July
2023-07-01,211,1,Sports,21,5285.3,1776.08,0.336,Baseline,Finance Ops,2024,FQ2,2023,7,July
2023-07-01,212,1,Beauty,24,1123.08,412.27,0.3671,Baseline,Finance Ops,2024,FQ2,2023,7,July
2023-07-01,212,1,Electronics,45,37957.23,14239.86,0.3752,Baseline,Finance Ops,2024,FQ2,2023,7,July
2023-07-01,212,1,Fashion,21,1970.69,911.31,0.4624,Baseline,Commercial Planning,2024,FQ2,2023,7,July
2023-07-01,212,1,Furniture,16,5220.86,1683.7,0.3225,Baseline,Regional Director,2024,FQ2,2023,7,July
2023-07-01,212,1,Grocery,15,408.19,144.31,0.3535,Baseline,Commercial Planning,2024,FQ2,2023,7,July
2023-07-01,212,1,Home Appliances,22,5741.49,2526.81,0.4401,Baseline,Commercial Planning,2024,FQ2,2023,7,July
2023-07-01,212,1,Office Supplies,9,571.35,247.54,0.4333,Baseline,Finance Ops,2024,FQ2,2023,7,July
2023-07-01,212,1,Sports,13,1645.92,608.66,0.3698,Baseline,Finance Ops,2024,FQ2,2023,7,July
2023-07-01,213,1,Beauty,21,1178.83,412.6,0.35,Baseline,Commercial Planning,2024,FQ2,2023,7,July
2023-07-01,213,1,Electronics,33,23281.61,9056.02,0.389,Baseline,Finance Ops,2024,FQ2,2023,7,July
2023-07-01,213,1,Fashion,22,2479.9,987.77,0.3983,Baseline,Commercial Planning,2024,FQ2,2023,7,July
2023-07-01,213,1,Furniture,17,15217.56,5816.28,0.3822,Baseline,Finance Ops,2024,FQ2,2023,7,July
2023-07-01,213,1,Grocery,21,467.37,149.72,0.3203,Baseline,Finance Ops,2024,FQ2,2023,7,July
2023-07-01,213,1,Home Appliances,34,9250.08,3776.71,0.4083,Baseline,Finance Ops,2024,FQ2,2023,7,July
2023-07-01,213,1,Office Supplies,19,972.97,390.71,0.4016,Baseline,Regional Director,2024,FQ2,2023,7,July
2023-07-01,213,1,Sports,29,5895.27,2864.85,0.486,Baseline,Finance Ops,2024,FQ2,2023,7,July
2023-07-01,214,1,Beauty,37,2028.09,643.38,0.3172,Baseline,Commercial Planning,2024,FQ2,2023,7,July
2023-07-01,214,1,Electronics,51,61466.04,23129.62,0.3763,Baseline,Finance Ops,2024,FQ2,2023,7,July
2023-07-01,214,1,Fashion,12,1068.57,490.1,0.4587,Baseline,Finance Ops,2024,FQ2,2023,7,July
2023-07-01,214,1,Furniture,15,7324.43,3348.86,0.4572,Baseline,Finance Ops,2024,FQ2,2023,7,July
2023-07-01,214,1,Grocery,14,634.73,263.57,0.4152,Baseline,Commercial Planning,2024,FQ2,2023,7,July
2023-07-01,214,1,Home Appliances,14,6451.68,3146.17,0.4877,Baseline,Regional Director,2024,FQ2,2023,7,July
2023-07-01,214,1,Office Supplies,7,188.24,83.38,0.4429,Baseline,Finance Ops,2024,FQ2,2023,7,July
2023-07-01,214,1,Sports,24,4243.65,1625.06,0.3829,Baseline,Commercial Planning,2024,FQ2,2023,7,July
2023-07-01,215,2,Beauty,48,2610.55,855.33,0.3276,Baseline,Regional Director,2024,FQ2,2023,7,July
2023-07-01,215,2,Electronics,76,74768.04,30853.41,0.4127,Baseline,Finance Ops,2024,FQ2,2023,7,July
2023-07-01,215,2,Fashion,46,6607.06,2762.56,0.4181,Baseline,Finance Ops,2024,FQ2,2023,7,July
2023-07-01,215,2,Furniture,67,29311.55,10991.65,0.375,Baseline,Regional Director,2024,FQ2,2023,7,July
2023-07-01,215,2,Grocery,50,979.22,363.69,0.3714,Baseline,Regional Director,2024,FQ2,2023,7,July
2023-07-01,215,2,Home Appliances,58,22084.42,9455.71,0.4282,Baseline,Finance Ops,2024,FQ2,2023,7,July
2023-07-01,215,2,Office Supplies,40,1946.85,748.8,0.3846,Baseline,Commercial Planning,2024,FQ2,2023,7,July
2023-07-01,215,2,Sports,59,11626.11,3912.89,0.3366,Baseline,Commercial Planning,2024,FQ2,2023,7,July
2023-07-01,216,2,Beauty,73,3492.74,1076.1,0.3081,Baseline,Commercial Planning,2024,FQ2,2023,7,July
2023-07-01,216,2,Electronics,84,73432.53,29309.02,0.3991,Baseline,Finance Ops,2024,FQ2,2023,7,July
2023-07-01,216,2,Fashion,58,5838.51,2417.22,0.414,Baseline,Finance Ops,2024,FQ2,2023,7,July
2023-07-01,216,2,Furniture,59,31128.32,11048.71,0.3549,Baseline,Finance Ops,2024,FQ2,2023,7,July
2023-07-01,216,2,Grocery,20,413.24,148.46,0.3593,Baseline,Commercial Planning,2024,FQ2,2023,7,July
2023-07-01,216,2,Home Appliances,70,32777.07,12059.15,0.3679,Baseline,Finance Ops,2024,FQ2,2023,7,July
2023-07-01,216,2,Office Supplies,61,2759.09,1144.78,0.4149,Baseline,Finance Ops,2024,FQ2,2023,7,July
2023-07-01,216,2,Sports,63,12740.58,4243.66,0.3331,Baseline,Regional Director,2024,FQ2,2023,7,July
2023-07-01,217,2,Beauty,50,2518.67,1052.58,0.4179,Baseline,Finance Ops,2024,FQ2,2023,7,July
2023-07-01,217,2,Electronics,93,107312.15,42835.18,0.3992,Baseline,Finance Ops,2024,FQ2,2023,7,July
2023-07-01,217,2,Fashion,57,6330.73,2642.53,0.4174,Baseline,Finance Ops,2024,FQ2,2023,7,July
2023-07-01,217,2,Furniture,52,41409.66,15401.94,0.3719,Baseline,Finance Ops,2024,FQ2,2023,7,July
2023-07-01,217,2,Grocery,56,1508.65,653.21,0.433,Baseline,Finance Ops,2024,FQ2,2023,7,July
2023-07-01,217,2,Home Appliances,56,22867.32,7620.59,0.3333,Baseline,Finance Ops,2024,FQ2,2023,7,July
2023-07-01,217,2,Office Supplies,47,2250.32,872.84,0.3879,Baseline,Regional Director,2024,FQ2,2023,7,July
2023-07-01,217,2,Sports,50,10265.0,3978.89,0.3876,Baseline,Regional Director,2024,FQ2,2023,7,July
2023-07-01,218,3,Beauty,196,7861.12,2843.84,0.3618,Baseline,Regional Director,2024,FQ2,2023,7,July
2023-07-01,218,3,Electronics,462,492916.88,196847.47,0.3994,Baseline,Commercial Planning,2024,FQ2,2023,7,July
2023-07-01,218,3,Fashion,255,22438.03,8679.63,0.3868,Baseline,Finance Ops,2024,FQ2,2023,7,July
2023-07-01,218,3,Furniture,205,157912.96,48758.09,0.3088,Baseline,Regional Director,2024,FQ2,2023,7,July
2023-07-01,218,3,Grocery,553,14970.98,5443.45,0.3636,Baseline,Commercial Planning,2024,FQ2,2023,7,July
2023-07-01,218,3,Home Appliances,409,193411.97,73486.57,0.3799,Baseline,Commercial Planning,2024,FQ2,2023,7,July
2023-07-01,218,3,Office Supplies,426,19919.91,7667.12,0.3849,Baseline,Finance Ops,2024,FQ2,2023,7,July
2023-07-01,218,3,Sports,248,43830.15,14425.92,0.3291,Baseline,Finance Ops,2024,FQ2,2023,7,July
2023-07-01,219,3,Beauty,294,13062.99,5061.62,0.3875,Baseline,Regional Director,2024,FQ2,2023,7,July
2023-07-01,219,3,Electronics,291,289739.62,110176.64,0.3803,Baseline,Finance Ops,2024,FQ2,2023,7,July
2023-07-01,219,3,Fashion,319,41654.76,15841.38,0.3803,Baseline,Commercial Planning,2024,FQ2,2023,7,July
2023-07-01,219,3,Furniture,414,264486.38,94743.74,0.3582,Baseline,Commercial Planning,2024,FQ2,2023,7,July
2023-07-01,219,3,Grocery,393,10481.56,4653.53,0.444,Baseline,Commercial Planning,2024,FQ2,2023,7,July
2023-07-01,219,3,Home Appliances,552,288959.51,108916.87,0.3769,Baseline,Finance Ops,2024,FQ2,2023,7,July
2023-07-01,219,3,Office Supplies,325,14137.21,5176.7,0.3662,Baseline,Commercial Planning,2024,FQ2,2023,7,July
2023-07-01,219,3,Sports,329,56160.33,21845.71,0.389,Baseline,Finance Ops,2024,FQ2,2023,7,July
2023-07-01,220,4,Beauty,90,4417.12,1562.76,0.3538,Baseline,Finance Ops,2024,FQ2,2023,7,July
2023-07-01,220,4,Electronics,99,79649.8,27842.8,0.3496,Baseline,Finance Ops,2024,FQ2,2023,7,July
2023-07-01,220,4,Fashion,73,7683.1,3142.3,0.409,Baseline,Commercial Planning,2024,FQ2,2023,7,July
2023-07-01,220,4,Furniture,63,45719.05,16523.3,0.3614,Baseline,Finance Ops,2024,FQ2,2023,7,July
2023-07-01,220,4,Grocery,97,1968.69,751.7,0.3818,Baseline,Regional Director,2024,FQ2,2023,7,July
2023-07-01,220,4,Home Appliances,96,39134.89,16249.31,0.4152,Baseline,Finance Ops,2024,FQ2,2023,7,July
2023-07-01,220,4,Office Supplies,74,3242.96,1310.61,0.4041,Baseline,Finance Ops,2024,FQ2,2023,7,July
2023-07-01,220,4,Sports,82,15690.49,6041.79,0.3851,Baseline,Regional Director,2024,FQ2,2023,7,July
2023-08-01,201,1,Beauty,18,1102.15,448.77,0.4072,Baseline,Finance Ops,2024,FQ2,2023,8,August
2023-08-01,201,1,Electronics,18,22573.44,8467.0,0.3751,Baseline,Finance Ops,2024,FQ2,2023,8,August
2023-08-01,201,1,Fashion,35,4051.67,1634.99,0.4035,Baseline,Regional Director,2024,FQ2,2023,8,August
2023-08-01,201,1,Furniture,27,15800.26,6393.93,0.4047,Baseline,Commercial Planning,2024,FQ2,2023,8,August
2023-08-01,201,1,Grocery,15,420.76,171.82,0.4084,Baseline,Finance Ops,2024,FQ2,2023,8,August
2023-08-01,201,1,Home Appliances,29,8194.47,3222.17,0.3932,Baseline,Commercial Planning,2024,FQ2,2023,8,August
2023-08-01,201,1,Office Supplies,28,1059.78,493.97,0.4661,Baseline,Commercial Planning,2024,FQ2,2023,8,August
2023-08-01,201,1,Sports,32,6087.45,2379.39,0.3909,Baseline,Regional Director,2024,FQ2,2023,8,August
2023-08-01,202,1,Beauty,34,1407.9,477.69,0.3393,Baseline,Finance Ops,2024,FQ2,2023,8,August
2023-08-01,202,1,Electronics,25,24912.6,10907.45,0.4378,Baseline,Finance Ops,2024,FQ2,2023,8,August
2023-08-01,202,1,Fashion,18,1651.5,720.73,0.4364,Baseline,Finance Ops,2024,FQ2,2023,8,August
2023-08-01,202,1,Furniture,24,16426.59,6686.47,0.4071,Baseline,Regional Director,2024,FQ2,2023,8,August
2023-08-01,202,1,Grocery,27,904.93,354.8,0.3921,Baseline,Commercial Planning,2024,FQ2,2023,8,August
2023-08-01,202,1,Home Appliances,21,11096.51,3247.0,0.2926,Baseline,Finance Ops,2024,FQ2,2023,8,August
2023-08-01,202,1,Office Supplies,34,1624.15,669.47,0.4122,Baseline,Finance Ops,2024,FQ2,2023,8,August
2023-08-01,202,1,Sports,20,3890.79,1371.84,0.3526,Baseline,Finance Ops,2024,FQ2,2023,8,August
2023-08-01,203,1,Beauty,21,1452.6,446.12,0.3071,Baseline,Commercial Planning,2024,FQ2,2023,8,August
2023-08-01,203,1,Electronics,25,28043.88,11979.8,0.4272,Baseline,Finance Ops,2024,FQ2,2023,8,August
2023-08-01,203,1,Fashion,15,1711.98,540.76,0.3159,Baseline,Commercial Planning,2024,FQ2,2023,8,August
2023-08-01,203,1,Furniture,23,14312.08,5069.74,0.3542,Baseline,Commercial Planning,2024,FQ2,2023,8,August
2023-08-01,203,1,Grocery,18,503.56,191.78,0.3808,Baseline,Finance Ops,2024,FQ2,2023,8,August
2023-08-01,203,1,Home Appliances,13,3943.54,1700.09,0.4311,Baseline,Regional Director,2024,FQ2,2023,8,August
2023-08-01,203,1,Office Supplies,25,1278.3,500.38,0.3914,Baseline,Regional Director,2024,FQ2,2023,8,August
2023-08-01,203,1,Sports,16,2994.88,1133.26,0.3784,Baseline,Finance Ops,2024,FQ2,2023,8,August
2023-08-01,204,1,Beauty,10,517.21,219.38,0.4242,Baseline,Commercial Planning,2024,FQ2,2023,8,August
2023-08-01,204,1,Electronics,27,29358.92,12495.96,0.4256,Baseline,Finance Ops,2024,FQ2,2023,8,August
2023-08-01,204,1,Fashion,20,1614.91,653.55,0.4047,Baseline,Regional Director,2024,FQ2,2023,8,August
2023-08-01,204,1,Furniture,19,7030.01,2654.17,0.3775,Baseline,Commercial Planning,2024,FQ2,2023,8,August
2023-08-01,204,1,Grocery,19,505.84,190.11,0.3758,Baseline,Regional Director,2024,FQ2,2023,8,August
2023-08-01,204,1,Home Appliances,27,17629.2,6158.09,0.3493,Baseline,Finance Ops,2024,FQ2,2023,8,August
2023-08-01,204,1,Office Supplies,21,1213.52,508.84,0.4193,Baseline,Commercial Planning,2024,FQ2,2023,8,August
2023-08-01,204,1,Sports,22,3817.43,1632.08,0.4275,Baseline,Finance Ops,2024,FQ2,2023,8,August
2023-08-01,205,1,Beauty,24,1133.48,423.8,0.3739,Baseline,Commercial Planning,2024,FQ2,2023,8,August
2023-08-01,205,1,Electronics,30,38159.48,14220.56,0.3727,Baseline,Commercial Planning,2024,FQ2,2023,8,August
2023-08-01,205,1,Fashion,9,818.38,177.99,0.2175,Baseline,Commercial Planning,2024,FQ2,2023,8,August
2023-08-01,205,1,Furniture,26,10504.27,3720.08,0.3541,Baseline,Finance Ops,2024,FQ2,2023,8,August
2023-08-01,205,1,Grocery,11,332.88,139.32,0.4185,Baseline,Regional Director,2024,FQ2,2023,8,August
2023-08-01,205,1,Home Appliances,17,7383.92,3634.01,0.4922,Baseline,Regional Director,2024,FQ2,2023,8,August
2023-08-01,205,1,Office Supplies,26,1358.34,591.22,0.4353,Baseline,Regional Director,2024,FQ2,2023,8,August
2023-08-01,205,1,Sports,18,3331.96,1091.89,0.3277,Baseline,Finance Ops,2024,FQ2,2023,8,August
2023-08-01,206,1,Beauty,6,223.75,62.8,0.2807,Baseline,Finance Ops,2024,FQ2,2023,8,August
2023-08-01,206,1,Electronics,12,14155.44,5453.28,0.3852,Baseline,Commercial Planning,2024,FQ2,2023,8,August
2023-08-01,206,1,Fashion,23,2452.03,1076.75,0.4391,Baseline,Commercial Planning,2024,FQ2,2023,8,August
2023-08-01,206,1,Furniture,38,19089.15,7884.12,0.413,Baseline,Finance Ops,2024,FQ2,2023,8,August
2023-08-01,206,1,Grocery,16,127.67,55.38,0.4338,Baseline,Finance Ops,2024,FQ2,2023,8,August
2023-08-01,206,1,Home Appliances,46,20998.1,8933.19,0.4254,Baseline,Commercial Planning,2024,FQ2,2023,8,August
2023-08-01,206,1,Office Supplies,48,1331.41,558.81,0.4197,Baseline,Commercial Planning,2024,FQ2,2023,8,August
2023-08-01,206,1,Sports,3,322.03,132.17,0.4104,Baseline,Finance Ops,2024,FQ2,2023,8,August
2023-08-01,207,1,Beauty,24,1325.61,617.05,0.4655,Baseline,Regional Director,2024,FQ2,2023,8,August
2023-08-01,207,1,Electronics,39,39225.31,15288.68,0.3898,Baseline,Commercial Planning,2024,FQ2,2023,8,August
2023-08-01,207,1,Fashion,24,3354.11,1402.93,0.4183,Baseline,Finance Ops,2024,FQ2,2023,8,August
2023-08-01,207,1,Furniture,22,15517.4,6188.1,0.3988,Baseline,Commercial Planning,2024,FQ2,2023,8,August
2023-08-01,207,1,Grocery,30,728.28,292.16,0.4012,Baseline,Commercial Planning,2024,FQ2,2023,8,August
2023-08-01,207,1,Home Appliances,13,5196.2,1896.85,0.365,Baseline,Finance Ops,2024,FQ2,2023,8,August
2023-08-01,207,1,Office Supplies,28,1829.37,743.94,0.4067,Baseline,Finance Ops,2024,FQ2,2023,8,August
2023-08-01,207,1,Sports,23,3702.09,1392.21,0.3761,Baseline,Regional Director,2024,FQ2,2023,8,August
2023-08-01,208,1,Beauty,15,526.23,205.38,0.3903,Baseline,Regional Director,2024,FQ2,2023,8,August
2023-08-01,208,1,Electronics,55,41451.12,15033.44,0.3627,Baseline,Commercial Planning,2024,FQ2,2023,8,August
2023-08-01,208,1,Fashion,24,2141.68,781.75,0.365,Baseline,Finance Ops,2024,FQ2,2023,8,August
2023-08-01,208,1,Furniture,25,20456.21,7817.41,0.3822,Baseline,Finance Ops,2024,FQ2,2023,8,August
2023-08-01,208,1,Grocery,30,960.51,350.89,0.3653,Baseline,Commercial Planning,2024,FQ2,2023,8,August
2023-08-01,208,1,Home Appliances,15,11831.35,4586.25,0.3876,Baseline,Commercial Planning,2024,FQ2,2023,8,August
2023-08-01,208,1,Office Supplies,29,1445.14,647.43,0.448,Baseline,Finance Ops,2024,FQ2,2023,8,August
2023-08-01,208,1,Sports,26,4305.26,1969.82,0.4575,Baseline,Commercial Planning,2024,FQ2,2023,8,August
2023-08-01,209,1,Beauty,31,1537.21,513.4,0.334,Baseline,Regional Director,2024,FQ2,2023,8,August
2023-08-01,209,1,Electronics,38,30409.34,13242.06,0.4355,Baseline,Finance Ops,2024,FQ2,2023,8,August
2023-08-01,209,1,Fashion,20,2592.01,1111.21,0.4287,Baseline,Finance Ops,2024,FQ2,2023,8,August
2023-08-01,209,1,Furniture,17,10314.86,3572.41,0.3463,Baseline,Regional Director,2024,FQ2,2023,8,August
2023-08-01,209,1,Grocery,23,526.26,184.56,0.3507,Baseline,Finance Ops,2024,FQ2,2023,8,August
2023-08-01,209,1,Home Appliances,23,5639.23,2700.23,0.4788,Baseline,Finance Ops,2024,FQ2,2023,8,August
2023-08-01,209,1,Office Supplies,20,953.72,357.16,0.3745,Baseline,Commercial Planning,2024,FQ2,2023,8,August
2023-08-01,209,1,Sports,13,1515.62,630.46,0.416,Baseline,Finance Ops,2024,FQ2,2023,8,August
2023-08-01,210,1,Beauty,17,726.09,300.47,0.4138,Baseline,Finance Ops,2024,FQ2,2023,8,August
2023-08-01,210,1,Electronics,61,54425.03,19581.07,0.3598,Baseline,Commercial Planning,2024,FQ2,2023,8,August
2023-08-01,210,1,Fashion,11,887.06,336.42,0.3793,Baseline,Commercial Planning,2024,FQ2,2023,8,August
2023-08-01,210,1,Furniture,21,11657.77,4075.75,0.3496,Baseline,Commercial Planning,2024,FQ2,2023,8,August
2023-08-01,210,1,Grocery,10,220.83,75.61,0.3424,Baseline,Commercial Planning,2024,FQ2,2023,8,August
2023-08-01,210,1,Home Appliances,7,3539.95,1095.25,0.3094,Baseline,Finance Ops,2024,FQ2,2023,8,August
2023-08-01,210,1,Office Supplies,16,695.76,257.96,0.3708,Baseline,Finance Ops,2024,FQ2,2023,8,August
2023-08-01,210,1,Sports,7,1538.51,688.16,0.4473,Baseline,Finance Ops,2024,FQ2,2023,8,August
2023-08-01,211,1,Beauty,8,271.49,75.87,0.2795,Baseline,Finance Ops,2024,FQ2,2023,8,August
2023-08-01,211,1,Electronics,43,37040.24,13699.03,0.3698,Baseline,Commercial Planning,2024,FQ2,2023,8,August
2023-08-01,211,1,Fashion,22,1798.97,647.97,0.3602,Baseline,Finance Ops,2024,FQ2,2023,8,August
2023-08-01,211,1,Furniture,19,15642.68,5977.45,0.3821,Baseline,Finance Ops,2024,FQ2,2023,8,August
2023-08-01,211,1,Grocery,20,544.59,202.35,0.3716,Baseline,Regional Director,2024,FQ2,2023,8,August
2023-08-01,211,1,Home Appliances,39,16743.04,7221.99,0.4313,Baseline,Finance Ops,2024,FQ2,2023,8,August
2023-08-01,211,1,Office Supplies,21,1057.15,394.64,0.3733,Baseline,Finance Ops,2024,FQ2,2023,8,August
2023-08-01,211,1,Sports,12,1494.18,622.8,0.4168,Baseline,Finance Ops,2024,FQ2,2023,8,August
2023-08-01,212,1,Beauty,25,1258.96,424.97,0.3376,Baseline,Regional Director,2024,FQ2,2023,8,August
2023-08-01,212,1,Electronics,19,14636.65,6070.6,0.4148,Baseline,Finance Ops,2024,FQ2,2023,8,August
2023-08-01,212,1,Fashion,27,2744.39,993.41,0.362,Baseline,Commercial Planning,2024,FQ2,2023,8,August
2023-08-01,212,1,Furniture,20,14448.19,5332.59,0.3691,Baseline,Finance Ops,2024,FQ2,2023,8,August
2023-08-01,212,1,Grocery,39,820.7,256.17,0.3121,Baseline,Finance Ops,2024,FQ2,2023,8,August
2023-08-01,212,1,Home Appliances,30,14306.11,5976.51,0.4178,Baseline,Finance Ops,2024,FQ2,2023,8,August
2023-08-01,212,1,Office Supplies,57,2105.6,902.59,0.4287,Baseline,Commercial Planning,2024,FQ2,2023,8,August
2023-08-01,212,1,Sports,16,2250.72,879.99,0.391,Baseline,Regional Director,2024,FQ2,2023,8,August
2023-08-01,213,1,Beauty,17,770.24,313.27,0.4067,Baseline,Finance Ops,2024,FQ2,2023,8,August
2023-08-01,213,1,Electronics,35,38204.25,11723.71,0.3069,Baseline,Finance Ops,2024,FQ2,2023,8,August
2023-08-01,213,1,Fashion,26,2409.91,1077.56,0.4471,Baseline,Commercial Planning,2024,FQ2,2023,8,August
2023-08-01,213,1,Furniture,22,11462.31,4477.84,0.3907,Baseline,Finance Ops,2024,FQ2,2023,8,August
2023-08-01,213,1,Grocery,21,727.78,289.23,0.3974,Baseline,Commercial Planning,2024,FQ2,2023,8,August
2023-08-01,213,1,Home Appliances,15,11160.05,5133.96,0.46,Baseline,Commercial Planning,2024,FQ2,2023,8,August
2023-08-01,213,1,Office Supplies,10,461.45,169.0,0.3662,Baseline,Regional Director,2024,FQ2,2023,8,August
2023-08-01,213,1,Sports,29,4766.26,1705.01,0.3577,Baseline,Commercial Planning,2024,FQ2,2023,8,August
2023-08-01,214,1,Beauty,11,649.17,213.05,0.3282,Baseline,Commercial Planning,2024,FQ2,2023,8,August
2023-08-01,214,1,Electronics,46,46479.96,15748.38,0.3388,Baseline,Commercial Planning,2024,FQ2,2023,8,August
2023-08-01,214,1,Fashion,3,378.84,73.67,0.1945,Baseline,Finance Ops,2024,FQ2,2023,8,August
2023-08-01,214,1,Furniture,19,10195.17,3565.13,0.3497,Baseline,Regional Director,2024,FQ2,2023,8,August
2023-08-01,214,1,Grocery,40,878.02,351.83,0.4007,Baseline,Regional Director,2024,FQ2,2023,8,August
2023-08-01,214,1,Home Appliances,23,12114.44,4654.18,0.3842,Baseline,Commercial Planning,2024,FQ2,2023,8,August
2023-08-01,214,1,Office Supplies,36,1480.34,655.1,0.4425,Baseline,Finance Ops,2024,FQ2,2023,8,August
2023-08-01,214,1,Sports,46,8974.94,3456.16,0.3851,Baseline,Finance Ops,2024,FQ2,2023,8,August
2023-08-01,215,2,Beauty,68,3225.15,1033.86,0.3206,Baseline,Finance Ops,2024,FQ2,2023,8,August
2023-08-01,215,2,Electronics,89,101168.89,39915.9,0.3945,Baseline,Regional Director,2024,FQ2,2023,8,August
2023-08-01,215,2,Fashion,24,1547.91,514.52,0.3324,Baseline,Regional Director,2024,FQ2,2023,8,August
2023-08-01,215,2,Furniture,47,37260.2,14305.86,0.3839,Baseline,Commercial Planning,2024,FQ2,2023,8,August
2023-08-01,215,2,Grocery,11,350.91,136.14,0.388,Baseline,Commercial Planning,2024,FQ2,2023,8,August
2023-08-01,215,2,Home Appliances,44,28304.16,11643.12,0.4114,Baseline,Regional Director,2024,FQ2,2023,8,August
2023-08-01,215,2,Office Supplies,76,3468.6,1379.39,0.3977,Baseline,Finance Ops,2024,FQ2,2023,8,August
2023-08-01,215,2,Sports,69,13073.38,5223.04,0.3995,Baseline,Commercial Planning,2024,FQ2,2023,8,August
2023-08-01,216,2,Beauty,31,1486.86,501.52,0.3373,Baseline,Finance Ops,2024,FQ2,2023,8,August
2023-08-01,216,2,Electronics,84,87552.83,32818.24,0.3748,Baseline,Commercial Planning,2024,FQ2,2023,8,August
2023-08-01,216,2,Fashion,83,9268.63,4000.35,0.4316,Baseline,Finance Ops,2024,FQ2,2023,8,August
2023-08-01,216,2,Furniture,48,27879.36,11476.53,0.4116,Baseline,Finance Ops,2024,FQ2,2023,8,August
2023-08-01,216,2,Grocery,55,1160.14,457.04,0.394,Baseline,Commercial Planning,2024,FQ2,2023,8,August
2023-08-01,216,2,Home Appliances,49,21445.1,9766.17,0.4554,Baseline,Finance Ops,2024,FQ2,2023,8,August
2023-08-01,216,2,Office Supplies,56,2745.27,999.6,0.3641,Baseline,Finance Ops,2024,FQ2,2023,8,August
2023-08-01,216,2,Sports,51,9892.34,3879.46,0.3922,Baseline,Finance Ops,2024,FQ2,2023,8,August
2023-08-01,217,2,Beauty,41,1787.15,719.78,0.4028,Baseline,Regional Director,2024,FQ2,2023,8,August
2023-08-01,217,2,Electronics,67,57551.43,18641.1,0.3239,Baseline,Finance Ops,2024,FQ2,2023,8,August
2023-08-01,217,2,Fashion,78,7864.83,3269.52,0.4157,Baseline,Finance Ops,2024,FQ2,2023,8,August
2023-08-01,217,2,Furniture,38,27803.75,10301.16,0.3705,Baseline,Finance Ops,2024,FQ2,2023,8,August
2023-08-01,217,2,Grocery,54,1270.55,513.68,0.4043,Baseline,Finance Ops,2024,FQ2,2023,8,August
2023-08-01,217,2,Home Appliances,57,27989.63,12113.2,0.4328,Baseline,Commercial Planning,2024,FQ2,2023,8,August
2023-08-01,217,2,Office Supplies,84,4222.24,1986.81,0.4706,Baseline,Regional Director,2024,FQ2,2023,8,August
2023-08-01,217,2,Sports,52,9654.81,3746.28,0.388,Baseline,Finance Ops,2024,FQ2,2023,8,August
2023-08-01,218,3,Beauty,210,11485.59,3961.38,0.3449,Baseline,Finance Ops,2024,FQ2,2023,8,August
2023-08-01,218,3,Electronics,316,313901.81,118256.52,0.3767,Baseline,Regional Director,2024,FQ2,2023,8,August
2023-08-01,218,3,Fashion,410,48583.14,17734.78,0.365,Baseline,Finance Ops,2024,FQ2,2023,8,August
2023-08-01,218,3,Furniture,221,185073.45,60397.03,0.3263,Baseline,Regional Director,2024,FQ2,2023,8,August
2023-08-01,218,3,Grocery,443,10523.22,3937.36,0.3742,Baseline,Commercial Planning,2024,FQ2,2023,8,August
2023-08-01,218,3,Home Appliances,445,157211.99,63717.44,0.4053,Baseline,Finance Ops,2024,FQ2,2023,8,August
2023-08-01,218,3,Office Supplies,695,32480.6,12602.45,0.388,Baseline,Finance Ops,2024,FQ2,2023,8,August
2023-08-01,218,3,Sports,166,26630.79,9712.64,0.3647,Baseline,Finance Ops,2024,FQ2,2023,8,August
2023-08-01,219,3,Beauty,329,17932.94,6271.22,0.3497,Baseline,Finance Ops,2024,FQ2,2023,8,August
2023-08-01,219,3,Electronics,354,294112.59,117235.88,0.3986,Baseline,Commercial Planning,2024,FQ2,2023,8,August
2023-08-01,219,3,Fashion,195,20449.33,6554.65,0.3205,Baseline,Regional Director,2024,FQ2,2023,8,August
2023-08-01,219,3,Furniture,339,175028.71,63969.03,0.3655,Baseline,Finance Ops,2024,FQ2,2023,8,August
2023-08-01,219,3,Grocery,304,8656.1,3593.46,0.4151,Baseline,Commercial Planning,2024,FQ2,2023,8,August
2023-08-01,219,3,Home Appliances,526,169657.47,67983.61,0.4007,Baseline,Commercial Planning,2024,FQ2,2023,8,August
2023-08-01,219,3,Office Supplies,256,12593.93,4708.47,0.3739,Baseline,Commercial Planning,2024,FQ2,2023,8,August
2023-08-01,219,3,Sports,299,58349.92,21206.98,0.3634,Baseline,Regional Director,2024,FQ2,2023,8,August
2023-08-01,220,4,Beauty,110,4898.86,1659.65,0.3388,Baseline,Finance Ops,2024,FQ2,2023,8,August
2023-08-01,220,4,Electronics,134,125552.21,47773.31,0.3805,Baseline,Finance Ops,2024,FQ2,2023,8,August
2023-08-01,220,4,Fashion,145,14013.22,5629.17,0.4017,Baseline,Commercial Planning,2024,FQ2,2023,8,August
2023-08-01,220,4,Furniture,40,31921.58,9860.55,0.3089,Baseline,Regional Director,2024,FQ2,2023,8,August
2023-08-01,220,4,Grocery,95,2334.06,871.91,0.3736,Baseline,Commercial Planning,2024,FQ2,2023,8,August
2023-08-01,220,4,Home Appliances,76,36818.1,14786.29,0.4016,Baseline,Finance Ops,2024,FQ2,2023,8,August
2023-08-01,220,4,Office Supplies,182,8419.53,3771.47,0.4479,Baseline,Commercial Planning,2024,FQ2,2023,8,August
2023-08-01,220,4,Sports,82,15617.63,6312.19,0.4042,Baseline,Finance Ops,2024,FQ2,2023,8,August
2023-09-01,201,1,Beauty,7,413.32,148.27,0.3587,Baseline,Finance Ops,2024,FQ2,2023,9,September
2023-09-01,201,1,Electronics,21,28061.55,11500.41,0.4098,Baseline,Finance Ops,2024,FQ2,2023,9,September
2023-09-01,201,1,Fashion,7,741.85,361.48,0.4873,Baseline,Finance Ops,2024,FQ2,2023,9,September
2023-09-01,201,1,Furniture,24,13179.48,5494.18,0.4169,Baseline,Finance Ops,2024,FQ2,2023,9,September
2023-09-01,201,1,Grocery,11,393.55,172.47,0.4382,Baseline,Finance Ops,2024,FQ2,2023,9,September
2023-09-01,201,1,Home Appliances,8,3639.02,1759.59,0.4835,Baseline,Finance Ops,2024,FQ2,2023,9,September
2023-09-01,201,1,Office Supplies,20,913.0,373.59,0.4092,Baseline,Commercial Planning,2024,FQ2,2023,9,September
2023-09-01,201,1,Sports,29,6250.94,2714.91,0.4343,Baseline,Commercial Planning,2024,FQ2,2023,9,September
2023-09-01,202,1,Beauty,55,3559.69,1237.21,0.3476,Baseline,Commercial Planning,2024,FQ2,2023,9,September
2023-09-01,202,1,Electronics,24,16995.83,3975.27,0.2339,Baseline,Finance Ops,2024,FQ2,2023,9,September
2023-09-01,202,1,Fashion,36,3897.52,1646.57,0.4225,Baseline,Regional Director,2024,FQ2,2023,9,September
2023-09-01,202,1,Furniture,29,14581.19,5560.9,0.3814,Baseline,Commercial Planning,2024,FQ2,2023,9,September
2023-09-01,202,1,Grocery,10,430.96,186.93,0.4338,Baseline,Commercial Planning,2024,FQ2,2023,9,September
2023-09-01,202,1,Home Appliances,17,7361.14,3585.68,0.4871,Baseline,Regional Director,2024,FQ2,2023,9,September
2023-09-01,202,1,Office Supplies,12,598.76,272.67,0.4554,Baseline,Commercial Planning,2024,FQ2,2023,9,September
2023-09-01,202,1,Sports,21,3687.31,1827.37,0.4956,Baseline,Finance Ops,2024,FQ2,2023,9,September
2023-09-01,203,1,Beauty,11,733.22,245.17,0.3344,Baseline,Finance Ops,2024,FQ2,2023,9,September
2023-09-01,203,1,Electronics,11,9791.05,4381.93,0.4475,Baseline,Commercial Planning,2024,FQ2,2023,9,September
2023-09-01,203,1,Fashion,40,4059.53,1734.17,0.4272,Baseline,Finance Ops,2024,FQ2,2023,9,September
2023-09-01,203,1,Furniture,37,18929.73,6692.84,0.3536,Baseline,Finance Ops,2024,FQ2,2023,9,September
2023-09-01,203,1,Grocery,37,1056.59,470.97,0.4457,Baseline,Finance Ops,2024,FQ2,2023,9,September
2023-09-01,203,1,Home Appliances,3,2348.92,938.32,0.3995,Baseline,Commercial Planning,2024,FQ2,2023,9,September
2023-09-01,203,1,Office Supplies,28,1235.18,503.69,0.4078,Baseline,Commercial Planning,2024,FQ2,2023,9,September
2023-09-01,203,1,Sports,6,688.67,266.21,0.3866,Baseline,Finance Ops,2024,FQ2,2023,9,September
2023-09-01,204,1,Beauty,8,416.74,130.79,0.3138,Baseline,Finance Ops,2024,FQ2,2023,9,September
2023-09-01,204,1,Electronics,14,18157.42,7009.39,0.386,Baseline,Finance Ops,2024,FQ2,2023,9,September
2023-09-01,204,1,Fashion,23,1876.85,742.29,0.3955,Baseline,Finance Ops,2024,FQ2,2023,9,September
2023-09-01,204,1,Furniture,24,11165.26,4210.84,0.3771,Baseline,Commercial Planning,2024,FQ2,2023,9,September
2023-09-01,204,1,Grocery,12,267.88,125.86,0.4698,Baseline,Commercial Planning,2024,FQ2,2023,9,September
2023-09-01,204,1,Home Appliances,15,8125.52,3004.86,0.3698,Baseline,Regional Director,2024,FQ2,2023,9,September
2023-09-01,204,1,Office Supplies,29,1218.59,562.35,0.4615,Baseline,Commercial Planning,2024,FQ2,2023,9,September
2023-09-01,204,1,Sports,5,1425.15,508.94,0.3571,Baseline,Commercial Planning,2024,FQ2,2023,9,September
2023-09-01,205,1,Beauty,35,1833.87,493.4,0.269,Baseline,Regional Director,2024,FQ2,2023,9,September
2023-09-01,205,1,Electronics,17,18183.14,7695.38,0.4232,Baseline,Commercial Planning,2024,FQ2,2023,9,September
2023-09-01,205,1,Fashion,19,2431.23,940.35,0.3868,Baseline,Commercial Planning,2024,FQ2,2023,9,September
2023-09-01,205,1,Furniture,9,6736.89,2628.17,0.3901,Baseline,Regional Director,2024,FQ2,2023,9,September
2023-09-01,205,1,Grocery,30,867.8,363.77,0.4192,Baseline,Finance Ops,2024,FQ2,2023,9,September
2023-09-01,205,1,Home Appliances,26,9786.83,3532.34,0.3609,Baseline,Commercial Planning,2024,FQ2,2023,9,September
2023-09-01,205,1,Office Supplies,29,1143.9,485.93,0.4248,Baseline,Commercial Planning,2024,FQ2,2023,9,September
2023-09-01,205,1,Sports,16,2772.42,1118.98,0.4036,Baseline,Commercial Planning,2024,FQ2,2023,9,September
2023-09-01,206,1,Beauty,18,682.05,213.22,0.3126,Baseline,Finance Ops,2024,FQ2,2023,9,September
2023-09-01,206,1,Electronics,57,58584.38,20580.77,0.3513,Baseline,Regional Director,2024,FQ2,2023,9,September
2023-09-01,206,1,Fashion,24,3533.72,1401.22,0.3965,Baseline,Regional Director,2024,FQ2,2023,9,September
2023-09-01,206,1,Furniture,8,3159.94,868.32,0.2748,Baseline,Commercial Planning,2024,FQ2,2023,9,September
2023-09-01,206,1,Grocery,19,474.13,144.07,0.3039,Baseline,Regional Director,2024,FQ2,2023,9,September
2023-09-01,206,1,Home Appliances,20,10331.26,4532.88,0.4388,Baseline,Finance Ops,2024,FQ2,2023,9,September
2023-09-01,206,1,Office Supplies,29,1670.92,699.98,0.4189,Baseline,Finance Ops,2024,FQ2,2023,9,September
2023-09-01,206,1,Sports,20,3747.03,1560.18,0.4164,Baseline,Finance Ops,2024,FQ2,2023,9,September
2023-09-01,207,1,Beauty,15,380.74,150.7,0.3958,Baseline,Commercial Planning,2024,FQ2,2023,9,September
2023-09-01,207,1,Electronics,13,19029.28,7451.56,0.3916,Baseline,Finance Ops,2024,FQ2,2023,9,September
2023-09-01,207,1,Fashion,51,7086.99,3221.54,0.4546,Baseline,Finance Ops,2024,FQ2,2023,9,September
2023-09-01,207,1,Furniture,18,14251.31,4967.92,0.3486,Baseline,Finance Ops,2024,FQ2,2023,9,September
2023-09-01,207,1,Grocery,7,170.06,57.48,0.338,Baseline,Finance Ops,2024,FQ2,2023,9,September
2023-09-01,207,1,Home Appliances,19,10469.75,3995.73,0.3816,Baseline,Finance Ops,2024,FQ2,2023,9,September
2023-09-01,207,1,Office Supplies,10,322.66,101.64,0.315,Baseline,Finance Ops,2024,FQ2,2023,9,September
2023-09-01,207,1,Sports,23,3649.12,1653.71,0.4532,Baseline,Finance Ops,2024,FQ2,2023,9,September
2023-09-01,208,1,Beauty,6,390.01,151.7,0.389,Baseline,Commercial Planning,2024,FQ2,2023,9,September
2023-09-01,208,1,Electronics,17,19292.53,7735.32,0.4009,Baseline,Regional Director,2024,FQ2,2023,9,September
2023-09-01,208,1,Fashion,7,663.98,229.73,0.346,Baseline,Finance Ops,2024,FQ2,2023,9,September
2023-09-01,208,1,Furniture,4,1303.01,471.38,0.3618,Baseline,Finance Ops,2024,FQ2,2023,9,September
2023-09-01,208,1,Grocery,10,131.81,60.52,0.4591,Baseline,Commercial Planning,2024,FQ2,2023,9,September
2023-09-01,208,1,Home Appliances,13,2801.25,1109.12,0.3959,Baseline,Regional Director,2024,FQ2,2023,9,September
2023-09-01,208,1,Office Supplies,28,1286.16,551.41,0.4287,Baseline,Finance Ops,2024,FQ2,2023,9,September
2023-09-01,208,1,Sports,17,3467.98,1343.41,0.3874,Baseline,Finance Ops,2024,FQ2,2023,9,September
2023-09-01,209,1,Beauty,16,998.28,482.35,0.4832,Baseline,Regional Director,2024,FQ2,2023,9,September
2023-09-01,209,1,Electronics,23,23242.87,8098.35,0.3484,Baseline,Finance Ops,2024,FQ2,2023,9,September
2023-09-01,209,1,Fashion,18,1641.58,593.48,0.3615,Baseline,Commercial Planning,2024,FQ2,2023,9,September
2023-09-01,209,1,Furniture,9,3585.33,1569.91,0.4379,Baseline,Commercial Planning,2024,FQ2,2023,9,September
2023-09-01,209,1,Grocery,47,1242.19,475.43,0.3827,Baseline,Finance Ops,2024,FQ2,2023,9,September
2023-09-01,209,1,Home Appliances,25,15048.33,5591.74,0.3716,Baseline,Finance Ops,2024,FQ2,2023,9,September
2023-09-01,209,1,Office Supplies,17,608.97,258.6,0.4247,Baseline,Finance Ops,2024,FQ2,2023,9,September
2023-09-01,209,1,Sports,2,278.33,119.8,0.4304,Baseline,Finance Ops,2024,FQ2,2023,9,September
2023-09-01,210,1,Beauty,5,212.2,77.14,0.3635,Baseline,Commercial Planning,2024,FQ2,2023,9,September
2023-09-01,210,1,Electronics,25,21563.46,9335.65,0.4329,Baseline,Finance Ops,2024,FQ2,2023,9,September
2023-09-01,210,1,Fashion,27,2352.54,1026.52,0.4363,Baseline,Commercial Planning,2024,FQ2,2023,9,September
2023-09-01,210,1,Furniture,23,15688.14,6208.71,0.3958,Baseline,Regional Director,2024,FQ2,2023,9,September
2023-09-01,210,1,Grocery,31,507.91,215.08,0.4235,Baseline,Regional Director,2024,FQ2,2023,9,September
2023-09-01,210,1,Home Appliances,30,11293.68,4927.59,0.4363,Baseline,Finance Ops,2024,FQ2,2023,9,September
2023-09-01,210,1,Office Supplies,31,1872.9,742.56,0.3965,Baseline,Commercial Planning,2024,FQ2,2023,9,September
2023-09-01,210,1,Sports,10,1678.11,674.27,0.4018,Baseline,Commercial Planning,2024,FQ2,2023,9,September
2023-09-01,211,1,Beauty,2,125.5,54.1,0.4311,Baseline,Finance Ops,2024,FQ2,2023,9,September
2023-09-01,211,1,Electronics,33,24084.88,10726.87,0.4454,Baseline,Regional Director,2024,FQ2,2023,9,September
2023-09-01,211,1,Fashion,17,1485.18,591.41,0.3982,Baseline,Finance Ops,2024,FQ2,2023,9,September
2023-09-01,211,1,Furniture,14,10324.15,3921.75,0.3799,Baseline,Commercial Planning,2024,FQ2,2023,9,September
2023-09-01,211,1,Grocery,17,728.93,307.33,0.4216,Baseline,Finance Ops,2024,FQ2,2023,9,September
2023-09-01,211,1,Home Appliances,19,11244.83,4305.66,0.3829,Baseline,Finance Ops,2024,FQ2,2023,9,September
2023-09-01,211,1,Office Supplies,19,629.68,200.12,0.3178,Baseline,Commercial Planning,2024,FQ2,2023,9,September
2023-09-01,211,1,Sports,11,2090.41,967.82,0.463,Baseline,Commercial Planning,2024,FQ2,2023,9,September
2023-09-01,212,1,Beauty,28,1148.83,343.85,0.2993,Baseline,Finance Ops,2024,FQ2,2023,9,September
2023-09-01,212,1,Electronics,31,43739.21,18898.2,0.4321,Baseline,Commercial Planning,2024,FQ2,2023,9,September
2023-09-01,212,1,Fashion,6,650.12,181.38,0.279,Baseline,Finance Ops,2024,FQ2,2023,9,September
2023-09-01,212,1,Furniture,10,4894.51,2275.09,0.4648,Baseline,Commercial Planning,2024,FQ2,2023,9,September
2023-09-01,212,1,Grocery,14,360.85,143.52,0.3977,Baseline,Finance Ops,2024,FQ2,2023,9,September
2023-09-01,212,1,Home Appliances,25,16936.76,5936.7,0.3505,Baseline,Finance Ops,2024,FQ2,2023,9,September
2023-09-01,212,1,Office Supplies,21,1084.83,472.6,0.4356,Baseline,Regional Director,2024,FQ2,2023,9,September
2023-09-01,212,1,Sports,22,4041.48,1427.33,0.3532,Baseline,Regional Director,2024,FQ2,2023,9,September
2023-09-01,213,1,Beauty,8,329.2,118.98,0.3614,Baseline,Finance Ops,2024,FQ2,2023,9,September
2023-09-01,213,1,Electronics,28,23628.96,10094.87,0.4272,Baseline,Finance Ops,2024,FQ2,2023,9,September
2023-09-01,213,1,Fashion,36,3619.17,1392.5,0.3848,Baseline,Finance Ops,2024,FQ2,2023,9,September
2023-09-01,213,1,Furniture,10,6795.47,2044.36,0.3008,Baseline,Commercial Planning,2024,FQ2,2023,9,September
2023-09-01,213,1,Grocery,34,1005.2,402.51,0.4004,Baseline,Commercial Planning,2024,FQ2,2023,9,September
2023-09-01,213,1,Home Appliances,59,27445.66,13324.1,0.4855,Baseline,Finance Ops,2024,FQ2,2023,9,September
2023-09-01,213,1,Office Supplies,12,557.68,197.98,0.355,Baseline,Commercial Planning,2024,FQ2,2023,9,September
2023-09-01,213,1,Sports,15,2142.02,522.15,0.2438,Baseline,Commercial Planning,2024,FQ2,2023,9,September
2023-09-01,214,1,Electronics,10,9954.79,3998.76,0.4017,Baseline,Finance Ops,2024,FQ2,2023,9,September
2023-09-01,214,1,Fashion,19,1534.85,593.65,0.3868,Baseline,Regional Director,2024,FQ2,2023,9,September
2023-09-01,214,1,Furniture,18,15920.91,5556.57,0.349,Baseline,Finance Ops,2024,FQ2,2023,9,September
2023-09-01,214,1,Grocery,19,578.69,219.98,0.3801,Baseline,Finance Ops,2024,FQ2,2023,9,September
2023-09-01,214,1,Home Appliances,7,2109.81,807.45,0.3827,Baseline,Finance Ops,2024,FQ2,2023,9,September
2023-09-01,214,1,Office Supplies,24,998.27,374.86,0.3755,Baseline,Finance Ops,2024,FQ2,2023,9,September
2023-09-01,214,1,Sports,7,808.14,319.12,0.3949,Baseline,Finance Ops,2024,FQ2,2023,9,September
2023-09-01,215,2,Beauty,60,4051.5,1393.03,0.3438,Baseline,Commercial Planning,2024,FQ2,2023,9,September
2023-09-01,215,2,Electronics,99,102879.22,44264.32,0.4303,Baseline,Finance Ops,2024,FQ2,2023,9,September
2023-09-01,215,2,Fashion,35,2508.05,1006.85,0.4014,Baseline,Commercial Planning,2024,FQ2,2023,9,September
2023-09-01,215,2,Furniture,43,16928.75,6693.43,0.3954,Baseline,Finance Ops,2024,FQ2,2023,9,September
2023-09-01,215,2,Grocery,57,1449.03,603.82,0.4167,Baseline,Finance Ops,2024,FQ2,2023,9,September
2023-09-01,215,2,Home Appliances,115,61133.66,25343.46,0.4146,Baseline,Regional Director,2024,FQ2,2023,9,September
2023-09-01,215,2,Office Supplies,42,1895.68,729.09,0.3846,Baseline,Commercial Planning,2024,FQ2,2023,9,September
2023-09-01,215,2,Sports,47,10696.67,3744.81,0.3501,Baseline,Regional Director,2024,FQ2,2023,9,September
2023-09-01,216,2,Beauty,84,3718.4,1377.74,0.3705,Baseline,Finance Ops,2024,FQ2,2023,9,September
2023-09-01,216,2,Electronics,97,102095.4,41501.97,0.4065,Baseline,Finance Ops,2024,FQ2,2023,9,September
2023-09-01,216,2,Fashion,73,7538.17,3260.91,0.4326,Baseline,Finance Ops,2024,FQ2,2023,9,September
2023-09-01,216,2,Furniture,44,30746.82,11149.76,0.3626,Baseline,Regional Director,2024,FQ2,2023,9,September
2023-09-01,216,2,Grocery,17,485.16,215.95,0.4451,Baseline,Regional Director,2024,FQ2,2023,9,September
2023-09-01,216,2,Home Appliances,23,10663.29,3964.72,0.3718,Baseline,Commercial Planning,2024,FQ2,2023,9,September
2023-09-01,216,2,Office Supplies,47,2173.41,866.31,0.3986,Baseline,Finance Ops,2024,FQ2,2023,9,September
2023-09-01,216,2,Sports,38,5717.68,1935.05,0.3384,Baseline,Commercial Planning,2024,FQ2,2023,9,September
2023-09-01,217,2,Beauty,88,4925.05,1850.26,0.3757,Baseline,Finance Ops,2024,FQ2,2023,9,September
2023-09-01,217,2,Electronics,92,89406.75,34543.57,0.3864,Baseline,Finance Ops,2024,FQ2,2023,9,September
2023-09-01,217,2,Fashion,35,3676.8,1319.23,0.3588,Baseline,Regional Director,2024,FQ2,2023,9,September
2023-09-01,217,2,Furniture,29,11100.97,3895.37,0.3509,Baseline,Commercial Planning,2024,FQ2,2023,9,September
2023-09-01,217,2,Grocery,59,1776.19,690.04,0.3885,Baseline,Finance Ops,2024,FQ2,2023,9,September
2023-09-01,217,2,Home Appliances,64,25134.35,10666.9,0.4244,Baseline,Finance Ops,2024,FQ2,2023,9,September
2023-09-01,217,2,Office Supplies,53,2605.33,1155.86,0.4437,Baseline,Regional Director,2024,FQ2,2023,9,September
2023-09-01,217,2,Sports,33,4061.37,1742.71,0.4291,Baseline,Regional Director,2024,FQ2,2023,9,September
2023-09-01,218,3,Beauty,164,8095.63,2482.52,0.3066,Baseline,Finance Ops,2024,FQ2,2023,9,September
2023-09-01,218,3,Electronics,395,262574.79,112298.28,0.4277,Baseline,Finance Ops,2024,FQ2,2023,9,September
2023-09-01,218,3,Fashion,200,20759.56,7930.72,0.382,Baseline,Finance Ops,2024,FQ2,2023,9,September
2023-09-01,218,3,Furniture,140,98584.7,39853.95,0.4043,Baseline,Commercial Planning,2024,FQ2,2023,9,September
2023-09-01,218,3,Grocery,392,10165.27,3794.05,0.3732,Baseline,Commercial Planning,2024,FQ2,2023,9,September
2023-09-01,218,3,Home Appliances,515,209198.54,80397.75,0.3843,Baseline,Commercial Planning,2024,FQ2,2023,9,September
2023-09-01,218,3,Office Supplies,368,15750.85,6557.19,0.4163,Baseline,Regional Director,2024,FQ2,2023,9,September
2023-09-01,218,3,Sports,387,72189.98,24983.88,0.3461,Baseline,Finance Ops,2024,FQ2,2023,9,September
2023-09-01,219,3,Beauty,285,13739.83,4533.7,0.33,Baseline,Commercial Planning,2024,FQ2,2023,9,September
2023-09-01,219,3,Electronics,299,270254.98,97234.93,0.3598,Baseline,Regional Director,2024,FQ2,2023,9,September
2023-09-01,219,3,Fashion,275,27367.12,8886.12,0.3247,Baseline,Commercial Planning,2024,FQ2,2023,9,September
2023-09-01,219,3,Furniture,494,308748.68,114018.73,0.3693,Baseline,Commercial Planning,2024,FQ2,2023,9,September
2023-09-01,219,3,Grocery,173,4667.24,1858.07,0.3981,Baseline,Finance Ops,2024,FQ2,2023,9,September
2023-09-01,219,3,Home Appliances,469,210614.11,87424.39,0.4151,Baseline,Finance Ops,2024,FQ2,2023,9,September
2023-09-01,219,3,Office Supplies,438,20690.48,7924.52,0.383,Baseline,Regional Director,2024,FQ2,2023,9,September
2023-09-01,219,3,Sports,95,15801.04,5169.41,0.3272,Baseline,Finance Ops,2024,FQ2,2023,9,September
2023-09-01,220,4,Beauty,89,5060.84,1990.17,0.3932,Baseline,Regional Director,2024,FQ2,2023,9,September
2023-09-01,220,4,Electronics,115,106106.37,40350.29,0.3803,Baseline,Finance Ops,2024,FQ2,2023,9,September
2023-09-01,220,4,Fashion,86,7441.55,3116.09,0.4187,Baseline,Finance Ops,2024,FQ2,2023,9,September
2023-09-01,220,4,Furniture,71,43837.87,14710.03,0.3356,Baseline,Commercial Planning,2024,FQ2,2023,9,September
2023-09-01,220,4,Grocery,47,1214.94,479.22,0.3944,Baseline,Commercial Planning,2024,FQ2,2023,9,September
2023-09-01,220,4,Home Appliances,110,55758.37,23084.13,0.414,Baseline,Finance Ops,2024,FQ2,2023,9,September
2023-09-01,220,4,Office Supplies,82,3384.87,1446.11,0.4272,Baseline,Finance Ops,2024,FQ2,2023,9,September
2023-09-01,220,4,Sports,116,20460.52,8448.88,0.4129,Baseline,Finance Ops,2024,FQ2,2023,9,September
2023-10-01,201,1,Beauty,26,1553.15,448.02,0.2885,Baseline,Commercial Planning,2024,FQ3,2023,10,October
2023-10-01,201,1,Electronics,52,47813.31,14009.98,0.293,Baseline,Commercial Planning,2024,FQ3,2023,10,October
2023-10-01,201,1,Fashion,11,893.02,207.1,0.2319,Baseline,Commercial Planning,2024,FQ3,2023,10,October
2023-10-01,201,1,Furniture,7,5646.44,1706.18,0.3022,Baseline,Finance Ops,2024,FQ3,2023,10,October
2023-10-01,201,1,Grocery,7,98.26,35.54,0.3617,Baseline,Finance Ops,2024,FQ3,2023,10,October
2023-10-01,201,1,Home Appliances,23,8579.61,2765.03,0.3223,Baseline,Finance Ops,2024,FQ3,2023,10,October
2023-10-01,201,1,Office Supplies,9,543.13,200.27,0.3687,Baseline,Finance Ops,2024,FQ3,2023,10,October
2023-10-01,201,1,Sports,28,3168.72,1269.59,0.4007,Baseline,Regional Director,2024,FQ3,2023,10,October
2023-10-01,202,1,Beauty,13,574.29,183.88,0.3202,Baseline,Commercial Planning,2024,FQ3,2023,10,October
2023-10-01,202,1,Electronics,28,34139.11,9110.81,0.2669,Baseline,Finance Ops,2024,FQ3,2023,10,October
2023-10-01,202,1,Fashion,30,2945.32,1283.2,0.4357,Baseline,Finance Ops,2024,FQ3,2023,10,October
2023-10-01,202,1,Furniture,18,13627.73,5554.75,0.4076,Baseline,Commercial Planning,2024,FQ3,2023,10,October
2023-10-01,202,1,Grocery,15,332.38,108.64,0.3269,Baseline,Commercial Planning,2024,FQ3,2023,10,October
2023-10-01,202,1,Home Appliances,70,35938.37,11287.69,0.3141,Baseline,Commercial Planning,2024,FQ3,2023,10,October
2023-10-01,202,1,Office Supplies,31,1293.73,387.64,0.2996,Baseline,Finance Ops,2024,FQ3,2023,10,October
2023-10-01,202,1,Sports,13,2322.35,846.97,0.3647,Baseline,Commercial Planning,2024,FQ3,2023,10,October
2023-10-01,203,1,Beauty,19,1006.16,259.66,0.2581,Baseline,Finance Ops,2024,FQ3,2023,10,October
2023-10-01,203,1,Electronics,22,19366.45,5288.85,0.2731,Baseline,Finance Ops,2024,FQ3,2023,10,October
2023-10-01,203,1,Fashion,7,501.4,129.27,0.2578,Baseline,Finance Ops,2024,FQ3,2023,10,October
2023-10-01,203,1,Furniture,8,3343.3,1554.16,0.4649,Baseline,Finance Ops,2024,FQ3,2023,10,October
2023-10-01,203,1,Grocery,18,281.7,90.75,0.3222,Baseline,Finance Ops,2024,FQ3,2023,10,October
2023-10-01,203,1,Home Appliances,13,7595.36,2615.58,0.3444,Baseline,Finance Ops,2024,FQ3,2023,10,October
2023-10-01,203,1,Office Supplies,13,511.27,194.74,0.3809,Baseline,Commercial Planning,2024,FQ3,2023,10,October
2023-10-01,203,1,Sports,18,3560.8,784.02,0.2202,Baseline,Commercial Planning,2024,FQ3,2023,10,October
2023-10-01,204,1,Beauty,54,2305.81,757.87,0.3287,Baseline,Finance Ops,2024,FQ3,2023,10,October
2023-10-01,204,1,Electronics,23,14950.9,6512.09,0.4356,Baseline,Finance Ops,2024,FQ3,2023,10,October
2023-10-01,204,1,Fashion,19,2064.8,796.32,0.3857,Baseline,Commercial Planning,2024,FQ3,2023,10,October
2023-10-01,204,1,Furniture,30,20277.83,6963.56,0.3434,Baseline,Regional Director,2024,FQ3,2023,10,October
2023-10-01,204,1,Grocery,25,702.27,341.88,0.4868,Baseline,Regional Director,2024,FQ3,2023,10,October
2023-10-01,204,1,Home Appliances,32,15677.81,6026.37,0.3844,Baseline,Regional Director,2024,FQ3,2023,10,October
2023-10-01,204,1,Office Supplies,21,1198.72,468.41,0.3908,Baseline,Commercial Planning,2024,FQ3,2023,10,October
2023-10-01,204,1,Sports,16,1941.24,738.54,0.3804,Baseline,Commercial Planning,2024,FQ3,2023,10,October
2023-10-01,205,1,Beauty,25,1680.43,425.98,0.2535,Baseline,Commercial Planning,2024,FQ3,2023,10,October
2023-10-01,205,1,Electronics,5,4004.75,1784.59,0.4456,Baseline,Finance Ops,2024,FQ3,2023,10,October
2023-10-01,205,1,Fashion,23,1988.99,772.83,0.3886,Baseline,Finance Ops,2024,FQ3,2023,10,October
2023-10-01,205,1,Furniture,12,7670.26,2753.51,0.359,Baseline,Finance Ops,2024,FQ3,2023,10,October
2023-10-01,205,1,Grocery,22,530.19,182.39,0.344,Baseline,Finance Ops,2024,FQ3,2023,10,October
2023-10-01,205,1,Home Appliances,25,9595.25,4117.9,0.4292,Baseline,Regional Director,2024,FQ3,2023,10,October
2023-10-01,205,1,Office Supplies,9,378.31,102.22,0.2702,Baseline,Regional Director,2024,FQ3,2023,10,October
2023-10-01,205,1,Sports,16,3605.79,921.25,0.2555,Baseline,Commercial Planning,2024,FQ3,2023,10,October
2023-10-01,206,1,Beauty,11,756.89,230.8,0.3049,Baseline,Finance Ops,2024,FQ3,2023,10,October
2023-10-01,206,1,Electronics,14,15444.57,5800.7,0.3756,Baseline,Finance Ops,2024,FQ3,2023,10,October
2023-10-01,206,1,Fashion,15,1500.1,469.28,0.3128,Baseline,Commercial Planning,2024,FQ3,2023,10,October
2023-10-01,206,1,Furniture,5,2366.22,1097.07,0.4636,Baseline,Finance Ops,2024,FQ3,2023,10,October
2023-10-01,206,1,Grocery,29,457.19,152.9,0.3344,Baseline,Commercial Planning,2024,FQ3,2023,10,October
2023-10-01,206,1,Home Appliances,34,10515.77,3995.92,0.38,Baseline,Finance Ops,2024,FQ3,2023,10,October
2023-10-01,206,1,Office Supplies,53,2459.69,855.07,0.3476,Baseline,Commercial Planning,2024,FQ3,2023,10,October
2023-10-01,206,1,Sports,3,342.93,113.62,0.3313,Baseline,Regional Director,2024,FQ3,2023,10,October
2023-10-01,207,1,Beauty,10,637.18,161.97,0.2542,Baseline,Finance Ops,2024,FQ3,2023,10,October
2023-10-01,207,1,Electronics,18,9512.46,3340.9,0.3512,Baseline,Finance Ops,2024,FQ3,2023,10,October
2023-10-01,207,1,Fashion,11,733.18,239.82,0.3271,Baseline,Finance Ops,2024,FQ3,2023,10,October
2023-10-01,207,1,Furniture,31,22652.92,8240.67,0.3638,Baseline,Commercial Planning,2024,FQ3,2023,10,October
2023-10-01,207,1,Grocery,17,137.93,46.71,0.3387,Baseline,Finance Ops,2024,FQ3,2023,10,October
2023-10-01,207,1,Home Appliances,14,6199.48,2518.51,0.4062,Baseline,Commercial Planning,2024,FQ3,2023,10,October
2023-10-01,207,1,Office Supplies,21,723.05,257.72,0.3564,Baseline,Finance Ops,2024,FQ3,2023,10,October
2023-10-01,207,1,Sports,26,4723.29,1465.21,0.3102,Baseline,Finance Ops,2024,FQ3,2023,10,October
2023-10-01,208,1,Beauty,25,1324.44,476.96,0.3601,Baseline,Finance Ops,2024,FQ3,2023,10,October
2023-10-01,208,1,Electronics,40,42125.02,12027.46,0.2855,Baseline,Regional Director,2024,FQ3,2023,10,October
2023-10-01,208,1,Fashion,21,2283.81,1011.74,0.443,Baseline,Finance Ops,2024,FQ3,2023,10,October
2023-10-01,208,1,Furniture,24,11636.21,5631.95,0.484,Baseline,Finance Ops,2024,FQ3,2023,10,October
2023-10-01,208,1,Grocery,21,507.21,150.98,0.2977,Baseline,Finance Ops,2024,FQ3,2023,10,October
2023-10-01,208,1,Home Appliances,29,16583.58,5558.1,0.3352,Baseline,Commercial Planning,2024,FQ3,2023,10,October
2023-10-01,208,1,Office Supplies,16,619.95,219.26,0.3537,Baseline,Finance Ops,2024,FQ3,2023,10,October
2023-10-01,208,1,Sports,16,3016.56,682.27,0.2262,Baseline,Finance Ops,2024,FQ3,2023,10,October
2023-10-01,209,1,Beauty,26,1357.42,421.22,0.3103,Baseline,Commercial Planning,2024,FQ3,2023,10,October
2023-10-01,209,1,Electronics,71,57779.67,17891.38,0.3096,Baseline,Commercial Planning,2024,FQ3,2023,10,October
2023-10-01,209,1,Fashion,27,1676.43,638.53,0.3809,Baseline,Finance Ops,2024,FQ3,2023,10,October
2023-10-01,209,1,Furniture,10,3729.91,1060.78,0.2844,Baseline,Commercial Planning,2024,FQ3,2023,10,October
2023-10-01,209,1,Grocery,39,995.23,353.24,0.3549,Baseline,Commercial Planning,2024,FQ3,2023,10,October
2023-10-01,209,1,Home Appliances,2,571.28,176.26,0.3085,Baseline,Regional Director,2024,FQ3,2023,10,October
2023-10-01,209,1,Office Supplies,9,375.64,172.21,0.4584,Baseline,Regional Director,2024,FQ3,2023,10,October
2023-10-01,209,1,Sports,19,2917.66,1327.2,0.4549,Baseline,Commercial Planning,2024,FQ3,2023,10,October
2023-10-01,210,1,Beauty,17,1043.07,337.84,0.3239,Baseline,Commercial Planning,2024,FQ3,2023,10,October
2023-10-01,210,1,Electronics,20,14073.42,4536.51,0.3223,Baseline,Regional Director,2024,FQ3,2023,10,October
2023-10-01,210,1,Fashion,39,4486.1,1883.65,0.4199,Baseline,Commercial Planning,2024,FQ3,2023,10,October
2023-10-01,210,1,Furniture,29,11287.04,4348.41,0.3853,Baseline,Finance Ops,2024,FQ3,2023,10,October
2023-10-01,210,1,Grocery,11,130.36,33.14,0.2542,Baseline,Finance Ops,2024,FQ3,2023,10,October
2023-10-01,210,1,Home Appliances,28,9008.82,3659.75,0.4062,Baseline,Finance Ops,2024,FQ3,2023,10,October
2023-10-01,210,1,Office Supplies,46,2391.95,1034.37,0.4324,Baseline,Commercial Planning,2024,FQ3,2023,10,October
2023-10-01,210,1,Sports,32,6669.83,2722.3,0.4082,Baseline,Regional Director,2024,FQ3,2023,10,October
2023-10-01,211,1,Beauty,28,1591.61,618.21,0.3884,Baseline,Commercial Planning,2024,FQ3,2023,10,October
2023-10-01,211,1,Electronics,35,38220.5,15185.49,0.3973,Baseline,Commercial Planning,2024,FQ3,2023,10,October
2023-10-01,211,1,Fashion,37,3163.68,986.43,0.3118,Baseline,Finance Ops,2024,FQ3,2023,10,October
2023-10-01,211,1,Furniture,29,23163.75,6852.67,0.2958,Baseline,Commercial Planning,2024,FQ3,2023,10,October
2023-10-01,211,1,Grocery,17,418.18,176.86,0.4229,Baseline,Finance Ops,2024,FQ3,2023,10,October
2023-10-01,211,1,Home Appliances,13,5971.36,1883.76,0.3155,Baseline,Finance Ops,2024,FQ3,2023,10,October
2023-10-01,211,1,Office Supplies,14,574.39,216.74,0.3773,Baseline,Commercial Planning,2024,FQ3,2023,10,October
2023-10-01,211,1,Sports,28,3940.34,1562.13,0.3964,Baseline,Commercial Planning,2024,FQ3,2023,10,October
2023-10-01,212,1,Beauty,14,665.23,220.77,0.3319,Baseline,Regional Director,2024,FQ3,2023,10,October
2023-10-01,212,1,Electronics,36,27467.53,10197.45,0.3713,Baseline,Regional Director,2024,FQ3,2023,10,October
2023-10-01,212,1,Fashion,36,3952.68,1589.83,0.4022,Baseline,Finance Ops,2024,FQ3,2023,10,October
2023-10-01,212,1,Furniture,3,810.59,353.58,0.4362,Baseline,Finance Ops,2024,FQ3,2023,10,October
2023-10-01,212,1,Grocery,25,310.79,109.72,0.353,Baseline,Finance Ops,2024,FQ3,2023,10,October
2023-10-01,212,1,Home Appliances,18,10341.14,3148.96,0.3045,Baseline,Finance Ops,2024,FQ3,2023,10,October
2023-10-01,212,1,Office Supplies,19,582.49,199.57,0.3426,Baseline,Finance Ops,2024,FQ3,2023,10,October
2023-10-01,212,1,Sports,18,2534.6,920.3,0.3631,Baseline,Commercial Planning,2024,FQ3,2023,10,October
2023-10-01,213,1,Beauty,26,1406.41,457.53,0.3253,Baseline,Finance Ops,2024,FQ3,2023,10,October
2023-10-01,213,1,Electronics,23,16836.01,6144.72,0.365,Baseline,Finance Ops,2024,FQ3,2023,10,October
2023-10-01,213,1,Fashion,7,433.81,110.46,0.2546,Baseline,Finance Ops,2024,FQ3,2023,10,October
2023-10-01,213,1,Furniture,18,11671.73,4425.04,0.3791,Baseline,Commercial Planning,2024,FQ3,2023,10,October
2023-10-01,213,1,Grocery,48,1346.78,549.31,0.4079,Baseline,Regional Director,2024,FQ3,2023,10,October
2023-10-01,213,1,Home Appliances,16,7451.24,2945.39,0.3953,Baseline,Finance Ops,2024,FQ3,2023,10,October
2023-10-01,213,1,Office Supplies,16,696.25,279.04,0.4008,Baseline,Finance Ops,2024,FQ3,2023,10,October
2023-10-01,213,1,Sports,18,3143.65,1076.96,0.3426,Baseline,Finance Ops,2024,FQ3,2023,10,October
2023-10-01,214,1,Beauty,14,759.5,123.15,0.1621,Baseline,Finance Ops,2024,FQ3,2023,10,October
2023-10-01,214,1,Electronics,18,18222.43,6436.13,0.3532,Baseline,Regional Director,2024,FQ3,2023,10,October
2023-10-01,214,1,Fashion,50,3652.39,1385.18,0.3793,Baseline,Commercial Planning,2024,FQ3,2023,10,October
2023-10-01,214,1,Furniture,17,6556.02,1533.79,0.234,Baseline,Commercial Planning,2024,FQ3,2023,10,October
2023-10-01,214,1,Grocery,26,744.24,283.39,0.3808,Baseline,Finance Ops,2024,FQ3,2023,10,October
2023-10-01,214,1,Home Appliances,23,9900.17,3588.53,0.3625,Baseline,Commercial Planning,2024,FQ3,2023,10,October
2023-10-01,214,1,Office Supplies,39,2053.6,876.96,0.427,Baseline,Finance Ops,2024,FQ3,2023,10,October
2023-10-01,214,1,Sports,28,4974.59,1858.48,0.3736,Baseline,Finance Ops,2024,FQ3,2023,10,October
2023-10-01,215,2,Beauty,77,3789.83,1211.62,0.3197,Baseline,Commercial Planning,2024,FQ3,2023,10,October
2023-10-01,215,2,Electronics,110,109785.79,37675.84,0.3432,Baseline,Commercial Planning,2024,FQ3,2023,10,October
2023-10-01,215,2,Fashion,38,3485.68,1139.82,0.327,Baseline,Regional Director,2024,FQ3,2023,10,October
2023-10-01,215,2,Furniture,72,47935.18,15708.29,0.3277,Baseline,Commercial Planning,2024,FQ3,2023,10,October
2023-10-01,215,2,Grocery,57,1529.92,559.38,0.3656,Baseline,Commercial Planning,2024,FQ3,2023,10,October
2023-10-01,215,2,Home Appliances,63,27914.63,9432.64,0.3379,Baseline,Finance Ops,2024,FQ3,2023,10,October
2023-10-01,215,2,Office Supplies,43,2226.8,849.05,0.3813,Baseline,Commercial Planning,2024,FQ3,2023,10,October
2023-10-01,215,2,Sports,58,10467.53,3668.64,0.3505,Baseline,Finance Ops,2024,FQ3,2023,10,October
2023-10-01,216,2,Beauty,83,4308.08,1162.75,0.2699,Baseline,Regional Director,2024,FQ3,2023,10,October
2023-10-01,216,2,Electronics,136,124359.05,41768.21,0.3359,Baseline,Commercial Planning,2024,FQ3,2023,10,October
2023-10-01,216,2,Fashion,57,4930.42,2158.43,0.4378,Baseline,Commercial Planning,2024,FQ3,2023,10,October
2023-10-01,216,2,Furniture,64,37625.16,10816.97,0.2875,Baseline,Regional Director,2024,FQ3,2023,10,October
2023-10-01,216,2,Grocery,62,1054.02,403.3,0.3826,Baseline,Finance Ops,2024,FQ3,2023,10,October
2023-10-01,216,2,Home Appliances,61,27770.96,10150.33,0.3655,Baseline,Commercial Planning,2024,FQ3,2023,10,October
2023-10-01,216,2,Office Supplies,79,2593.21,989.47,0.3816,Baseline,Commercial Planning,2024,FQ3,2023,10,October
2023-10-01,216,2,Sports,67,14560.64,4230.86,0.2906,Baseline,Commercial Planning,2024,FQ3,2023,10,October
2023-10-01,217,2,Beauty,63,3561.85,1244.97,0.3495,Baseline,Finance Ops,2024,FQ3,2023,10,October
2023-10-01,217,2,Electronics,51,42552.1,12898.8,0.3031,Baseline,Finance Ops,2024,FQ3,2023,10,October
2023-10-01,217,2,Fashion,69,6254.78,2471.74,0.3952,Baseline,Finance Ops,2024,FQ3,2023,10,October
2023-10-01,217,2,Furniture,39,22394.66,8642.24,0.3859,Baseline,Commercial Planning,2024,FQ3,2023,10,October
2023-10-01,217,2,Grocery,59,1525.61,607.38,0.3981,Baseline,Commercial Planning,2024,FQ3,2023,10,October
2023-10-01,217,2,Home Appliances,40,15589.68,4770.97,0.306,Baseline,Regional Director,2024,FQ3,2023,10,October
2023-10-01,217,2,Office Supplies,78,3807.4,1365.47,0.3586,Baseline,Finance Ops,2024,FQ3,2023,10,October
2023-10-01,217,2,Sports,46,6874.67,2354.82,0.3425,Baseline,Commercial Planning,2024,FQ3,2023,10,October
2023-10-01,218,3,Beauty,497,25567.97,7920.53,0.3098,Baseline,Commercial Planning,2024,FQ3,2023,10,October
2023-10-01,218,3,Electronics,506,405841.43,144827.69,0.3569,Baseline,Regional Director,2024,FQ3,2023,10,October
2023-10-01,218,3,Fashion,221,16717.29,6220.55,0.3721,Baseline,Commercial Planning,2024,FQ3,2023,10,October
2023-10-01,218,3,Furniture,106,44403.12,17523.41,0.3946,Baseline,Regional Director,2024,FQ3,2023,10,October
2023-10-01,218,3,Grocery,260,5090.61,1827.28,0.359,Baseline,Commercial Planning,2024,FQ3,2023,10,October
2023-10-01,218,3,Home Appliances,498,178622.37,62722.84,0.3511,Baseline,Commercial Planning,2024,FQ3,2023,10,October
2023-10-01,218,3,Office Supplies,417,19693.8,7882.63,0.4003,Baseline,Finance Ops,2024,FQ3,2023,10,October
2023-10-01,218,3,Sports,485,71850.74,25242.31,0.3513,Baseline,Commercial Planning,2024,FQ3,2023,10,October
2023-10-01,219,3,Beauty,209,12940.56,3804.49,0.294,Baseline,Regional Director,2024,FQ3,2023,10,October
2023-10-01,219,3,Electronics,270,251528.8,89190.03,0.3546,Baseline,Commercial Planning,2024,FQ3,2023,10,October
2023-10-01,219,3,Fashion,289,36321.51,14985.37,0.4126,Baseline,Regional Director,2024,FQ3,2023,10,October
2023-10-01,219,3,Furniture,210,141712.29,44953.91,0.3172,Baseline,Finance Ops,2024,FQ3,2023,10,October
2023-10-01,219,3,Grocery,438,7311.08,2895.86,0.3961,Baseline,Finance Ops,2024,FQ3,2023,10,October
2023-10-01,219,3,Home Appliances,434,257134.52,97607.42,0.3796,Baseline,Commercial Planning,2024,FQ3,2023,10,October
2023-10-01,219,3,Office Supplies,429,19961.09,7394.5,0.3704,Baseline,Regional Director,2024,FQ3,2023,10,October
2023-10-01,219,3,Sports,368,57803.23,21175.58,0.3663,Baseline,Regional Director,2024,FQ3,2023,10,October
2023-10-01,220,4,Beauty,55,2677.35,856.26,0.3198,Baseline,Finance Ops,2024,FQ3,2023,10,October
2023-10-01,220,4,Electronics,118,109455.01,42861.94,0.3916,Baseline,Regional Director,2024,FQ3,2023,10,October
2023-10-01,220,4,Fashion,69,6749.12,2680.13,0.3971,Baseline,Finance Ops,2024,FQ3,2023,10,October
2023-10-01,220,4,Furniture,83,58764.17,21194.06,0.3607,Baseline,Commercial Planning,2024,FQ3,2023,10,October
2023-10-01,220,4,Grocery,70,1618.8,564.3,0.3486,Baseline,Regional Director,2024,FQ3,2023,10,October
2023-10-01,220,4,Home Appliances,109,47217.61,17892.71,0.3789,Baseline,Finance Ops,2024,FQ3,2023,10,October
2023-10-01,220,4,Office Supplies,72,3039.97,1196.97,0.3937,Baseline,Finance Ops,2024,FQ3,2023,10,October
2023-10-01,220,4,Sports,48,6953.87,2780.22,0.3998,Baseline,Regional Director,2024,FQ3,2023,10,October
2023-11-01,201,1,Beauty,28,1462.51,493.12,0.3372,Baseline,Commercial Planning,2024,FQ3,2023,11,November
2023-11-01,201,1,Electronics,53,47438.92,12396.72,0.2613,Baseline,Regional Director,2024,FQ3,2023,11,November
2023-11-01,201,1,Fashion,22,1767.1,862.07,0.4878,Baseline,Commercial Planning,2024,FQ3,2023,11,November
2023-11-01,201,1,Furniture,27,19015.32,7984.98,0.4199,Baseline,Commercial Planning,2024,FQ3,2023,11,November
2023-11-01,201,1,Grocery,29,857.14,230.92,0.2694,Baseline,Regional Director,2024,FQ3,2023,11,November
2023-11-01,201,1,Home Appliances,36,17176.59,5416.46,0.3153,Baseline,Finance Ops,2024,FQ3,2023,11,November
2023-11-01,201,1,Office Supplies,36,1510.32,588.26,0.3895,Baseline,Regional Director,2024,FQ3,2023,11,November
2023-11-01,201,1,Sports,46,6116.04,2877.14,0.4704,Baseline,Regional Director,2024,FQ3,2023,11,November
2023-11-01,202,1,Beauty,12,795.89,214.06,0.269,Baseline,Commercial Planning,2024,FQ3,2023,11,November
2023-11-01,202,1,Electronics,48,35456.89,12175.54,0.3434,Baseline,Commercial Planning,2024,FQ3,2023,11,November
2023-11-01,202,1,Fashion,24,2284.14,868.99,0.3804,Baseline,Finance Ops,2024,FQ3,2023,11,November
2023-11-01,202,1,Furniture,24,8248.89,2735.27,0.3316,Baseline,Commercial Planning,2024,FQ3,2023,11,November
2023-11-01,202,1,Grocery,37,867.97,292.25,0.3367,Baseline,Finance Ops,2024,FQ3,2023,11,November
2023-11-01,202,1,Home Appliances,45,19417.16,6622.9,0.3411,Baseline,Commercial Planning,2024,FQ3,2023,11,November
2023-11-01,202,1,Office Supplies,11,430.82,185.5,0.4306,Baseline,Commercial Planning,2024,FQ3,2023,11,November
2023-11-01,202,1,Sports,37,5548.21,2574.32,0.464,Baseline,Finance Ops,2024,FQ3,2023,11,November
2023-11-01,203,1,Beauty,34,2075.22,632.58,0.3048,Baseline,Regional Director,2024,FQ3,2023,11,November
2023-11-01,203,1,Electronics,31,28906.76,9078.29,0.3141,Baseline,Finance Ops,2024,FQ3,2023,11,November
2023-11-01,203,1,Fashion,36,3850.48,1106.46,0.2874,Baseline,Finance Ops,2024,FQ3,2023,11,November
2023-11-01,203,1,Furniture,32,17960.8,6155.8,0.3427,Baseline,Commercial Planning,2024,FQ3,2023,11,November
2023-11-01,203,1,Grocery,16,497.97,195.46,0.3925,Baseline,Commercial Planning,2024,FQ3,2023,11,November
2023-11-01,203,1,Home Appliances,44,18969.36,7375.39,0.3888,Baseline,Commercial Planning,2024,FQ3,2023,11,November
2023-11-01,203,1,Office Supplies,6,239.03,74.95,0.3136,Baseline,Commercial Planning,2024,FQ3,2023,11,November
2023-11-01,203,1,Sports,29,3774.79,1240.94,0.3287,Baseline,Commercial Planning,2024,FQ3,2023,11,November
2023-11-01,204,1,Beauty,30,1343.69,500.61,0.3726,Baseline,Finance Ops,2024,FQ3,2023,11,November
2023-11-01,204,1,Electronics,40,35817.93,12689.45,0.3543,Baseline,Commercial Planning,2024,FQ3,2023,11,November
2023-11-01,204,1,Fashion,15,1292.42,477.51,0.3695,Baseline,Regional Director,2024,FQ3,2023,11,November
2023-11-01,204,1,Furniture,14,8817.87,2469.92,0.2801,Baseline,Regional Director,2024,FQ3,2023,11,November
2023-11-01,204,1,Grocery,51,1399.5,403.85,0.2886,Baseline,Commercial Planning,2024,FQ3,2023,11,November
2023-11-01,204,1,Home Appliances,42,17736.33,7135.73,0.4023,Baseline,Finance Ops,2024,FQ3,2023,11,November
2023-11-01,204,1,Office Supplies,15,566.57,251.6,0.4441,Baseline,Regional Director,2024,FQ3,2023,11,November
2023-11-01,204,1,Sports,11,1767.32,740.65,0.4191,Baseline,Finance Ops,2024,FQ3,2023,11,November
2023-11-01,205,1,Beauty,30,1651.69,480.77,0.2911,Baseline,Commercial Planning,2024,FQ3,2023,11,November
2023-11-01,205,1,Electronics,43,34489.54,11960.11,0.3468,Baseline,Regional Director,2024,FQ3,2023,11,November
2023-11-01,205,1,Fashion,60,6303.94,2675.21,0.4244,Baseline,Finance Ops,2024,FQ3,2023,11,November
2023-11-01,205,1,Furniture,20,13166.13,3299.47,0.2506,Baseline,Finance Ops,2024,FQ3,2023,11,November
2023-11-01,205,1,Grocery,22,702.21,208.79,0.2973,Baseline,Regional Director,2024,FQ3,2023,11,November
2023-11-01,205,1,Home Appliances,26,8638.09,2409.45,0.2789,Baseline,Commercial Planning,2024,FQ3,2023,11,November
2023-11-01,205,1,Office Supplies,19,813.72,332.46,0.4086,Baseline,Finance Ops,2024,FQ3,2023,11,November
2023-11-01,205,1,Sports,12,2116.38,874.23,0.4131,Baseline,Finance Ops,2024,FQ3,2023,11,November
2023-11-01,206,1,Beauty,21,1077.32,368.39,0.342,Baseline,Regional Director,2024,FQ3,2023,11,November
2023-11-01,206,1,Electronics,31,32704.75,12506.48,0.3824,Baseline,Commercial Planning,2024,FQ3,2023,11,November
2023-11-01,206,1,Fashion,18,1716.6,576.87,0.3361,Baseline,Commercial Planning,2024,FQ3,2023,11,November
2023-11-01,206,1,Furniture,20,10591.71,3565.32,0.3366,Baseline,Finance Ops,2024,FQ3,2023,11,November
2023-11-01,206,1,Grocery,18,562.84,195.06,0.3466,Baseline,Regional Director,2024,FQ3,2023,11,November
2023-11-01,206,1,Home Appliances,51,20284.79,6729.05,0.3317,Baseline,Finance Ops,2024,FQ3,2023,11,November
2023-11-01,206,1,Office Supplies,18,849.44,331.56,0.3903,Baseline,Regional Director,2024,FQ3,2023,11,November
2023-11-01,206,1,Sports,27,3881.24,1682.56,0.4335,Baseline,Finance Ops,2024,FQ3,2023,11,November
2023-11-01,207,1,Beauty,17,759.33,253.96,0.3345,Baseline,Commercial Planning,2024,FQ3,2023,11,November
2023-11-01,207,1,Electronics,60,47396.03,18291.49,0.3859,Baseline,Finance Ops,2024,FQ3,2023,11,November
2023-11-01,207,1,Fashion,31,3604.83,1322.66,0.3669,Baseline,Finance Ops,2024,FQ3,2023,11,November
2023-11-01,207,1,Furniture,14,8433.71,2661.53,0.3156,Baseline,Finance Ops,2024,FQ3,2023,11,November
2023-11-01,207,1,Grocery,56,1678.64,539.72,0.3215,Baseline,Regional Director,2024,FQ3,2023,11,November
2023-11-01,207,1,Home Appliances,45,21211.34,8709.86,0.4106,Baseline,Regional Director,2024,FQ3,2023,11,November
2023-11-01,207,1,Office Supplies,24,794.47,282.2,0.3552,Baseline,Regional Director,2024,FQ3,2023,11,November
2023-11-01,207,1,Sports,26,3728.82,1248.82,0.3349,Baseline,Commercial Planning,2024,FQ3,2023,11,November
2023-11-01,208,1,Beauty,6,271.97,99.98,0.3676,Baseline,Finance Ops,2024,FQ3,2023,11,November
2023-11-01,208,1,Electronics,58,61926.44,19866.08,0.3208,Baseline,Regional Director,2024,FQ3,2023,11,November
2023-11-01,208,1,Fashion,14,1474.17,577.54,0.3918,Baseline,Finance Ops,2024,FQ3,2023,11,November
2023-11-01,208,1,Furniture,19,9063.65,2772.59,0.3059,Baseline,Regional Director,2024,FQ3,2023,11,November
2023-11-01,208,1,Grocery,40,721.02,222.65,0.3088,Baseline,Finance Ops,2024,FQ3,2023,11,November
2023-11-01,208,1,Home Appliances,5,3509.02,1593.61,0.4541,Baseline,Finance Ops,2024,FQ3,2023,11,November
2023-11-01,208,1,Office Supplies,4,234.92,86.35,0.3676,Baseline,Commercial Planning,2024,FQ3,2023,11,November
2023-11-01,208,1,Sports,13,2185.22,842.56,0.3856,Baseline,Regional Director,2024,FQ3,2023,11,November
2023-11-01,209,1,Beauty,31,1511.11,527.62,0.3492,Baseline,Commercial Planning,2024,FQ3,2023,11,November
2023-11-01,209,1,Electronics,50,64787.02,24084.32,0.3717,Baseline,Regional Director,2024,FQ3,2023,11,November
2023-11-01,209,1,Fashion,11,767.59,292.36,0.3809,Baseline,Finance Ops,2024,FQ3,2023,11,November
2023-11-01,209,1,Furniture,24,18455.12,6924.92,0.3752,Baseline,Finance Ops,2024,FQ3,2023,11,November
2023-11-01,209,1,Grocery,17,517.97,167.86,0.3241,Baseline,Finance Ops,2024,FQ3,2023,11,November
2023-11-01,209,1,Home Appliances,26,5788.41,2359.38,0.4076,Baseline,Commercial Planning,2024,FQ3,2023,11,November
2023-11-01,209,1,Office Supplies,24,1237.23,516.72,0.4176,Baseline,Commercial Planning,2024,FQ3,2023,11,November
2023-11-01,209,1,Sports,8,1018.25,212.55,0.2087,Baseline,Finance Ops,2024,FQ3,2023,11,November
2023-11-01,210,1,Beauty,46,2339.67,703.49,0.3007,Baseline,Finance Ops,2024,FQ3,2023,11,November
2023-11-01,210,1,Electronics,44,43866.05,16937.22,0.3861,Baseline,Finance Ops,2024,FQ3,2023,11,November
2023-11-01,210,1,Fashion,21,2192.26,859.5,0.3921,Baseline,Finance Ops,2024,FQ3,2023,11,November
2023-11-01,210,1,Furniture,34,15915.27,5750.5,0.3613,Baseline,Regional Director,2024,FQ3,2023,11,November
2023-11-01,210,1,Grocery,29,515.33,176.91,0.3433,Baseline,Regional Director,2024,FQ3,2023,11,November
2023-11-01,210,1,Home Appliances,16,7614.71,2913.26,0.3826,Baseline,Commercial Planning,2024,FQ3,2023,11,November
2023-11-01,210,1,Office Supplies,12,607.19,202.93,0.3342,Baseline,Finance Ops,2024,FQ3,2023,11,November
2023-11-01,210,1,Sports,27,4269.68,1316.03,0.3082,Baseline,Commercial Planning,2024,FQ3,2023,11,November
2023-11-01,211,1,Beauty,13,725.41,235.57,0.3247,Baseline,Commercial Planning,2024,FQ3,2023,11,November
2023-11-01,211,1,Electronics,48,38648.58,14352.45,0.3714,Baseline,Commercial Planning,2024,FQ3,2023,11,November
2023-11-01,211,1,Fashion,41,3017.63,1028.53,0.3408,Baseline,Commercial Planning,2024,FQ3,2023,11,November
2023-11-01,211,1,Furniture,29,11373.26,4204.01,0.3696,Baseline,Finance Ops,2024,FQ3,2023,11,November
2023-11-01,211,1,Grocery,36,902.84,285.08,0.3158,Baseline,Finance Ops,2024,FQ3,2023,11,November
2023-11-01,211,1,Home Appliances,8,2517.16,1221.98,0.4855,Baseline,Commercial Planning,2024,FQ3,2023,11,November
2023-11-01,211,1,Office Supplies,24,1127.65,433.39,0.3843,Baseline,Finance Ops,2024,FQ3,2023,11,November
2023-11-01,211,1,Sports,30,4398.87,1721.81,0.3914,Baseline,Finance Ops,2024,FQ3,2023,11,November
2023-11-01,212,1,Beauty,9,577.84,175.23,0.3033,Baseline,Commercial Planning,2024,FQ3,2023,11,November
2023-11-01,212,1,Electronics,42,25570.18,10223.38,0.3998,Baseline,Finance Ops,2024,FQ3,2023,11,November
2023-11-01,212,1,Fashion,20,1749.58,520.67,0.2976,Baseline,Regional Director,2024,FQ3,2023,11,November
2023-11-01,212,1,Furniture,15,6238.05,2302.17,0.3691,Baseline,Finance Ops,2024,FQ3,2023,11,November
2023-11-01,212,1,Grocery,25,569.78,235.11,0.4126,Baseline,Finance Ops,2024,FQ3,2023,11,November
2023-11-01,212,1,Home Appliances,21,7084.29,2469.71,0.3486,Baseline,Finance Ops,2024,FQ3,2023,11,November
2023-11-01,212,1,Office Supplies,46,1953.98,503.08,0.2575,Baseline,Regional Director,2024,FQ3,2023,11,November
2023-11-01,212,1,Sports,24,4163.6,1514.07,0.3636,Baseline,Finance Ops,2024,FQ3,2023,11,November
2023-11-01,213,1,Beauty,19,947.89,321.54,0.3392,Baseline,Finance Ops,2024,FQ3,2023,11,November
2023-11-01,213,1,Electronics,47,37762.0,14154.75,0.3748,Baseline,Commercial Planning,2024,FQ3,2023,11,November
2023-11-01,213,1,Fashion,23,3012.19,1260.98,0.4186,Baseline,Finance Ops,2024,FQ3,2023,11,November
2023-11-01,213,1,Furniture,18,11382.79,3732.91,0.3279,Baseline,Commercial Planning,2024,FQ3,2023,11,November
2023-11-01,213,1,Grocery,10,281.84,86.9,0.3083,Baseline,Commercial Planning,2024,FQ3,2023,11,November
2023-11-01,213,1,Home Appliances,20,10858.39,4328.44,0.3986,Baseline,Finance Ops,2024,FQ3,2023,11,November
2023-11-01,213,1,Office Supplies,4,153.36,60.83,0.3966,Baseline,Regional Director,2024,FQ3,2023,11,November
2023-11-01,213,1,Sports,36,6987.06,2008.04,0.2874,Baseline,Regional Director,2024,FQ3,2023,11,November
2023-11-01,214,1,Beauty,16,607.62,113.47,0.1867,Baseline,Commercial Planning,2024,FQ3,2023,11,November
2023-11-01,214,1,Electronics,34,39898.15,13932.85,0.3492,Baseline,Commercial Planning,2024,FQ3,2023,11,November
2023-11-01,214,1,Fashion,24,2887.43,1282.01,0.444,Baseline,Commercial Planning,2024,FQ3,2023,11,November
2023-11-01,214,1,Furniture,65,37792.7,11523.75,0.3049,Baseline,Regional Director,2024,FQ3,2023,11,November
2023-11-01,214,1,Grocery,18,433.16,161.46,0.3727,Baseline,Finance Ops,2024,FQ3,2023,11,November
2023-11-01,214,1,Home Appliances,30,12000.82,4245.67,0.3538,Baseline,Regional Director,2024,FQ3,2023,11,November
2023-11-01,214,1,Office Supplies,14,676.21,232.61,0.344,Baseline,Finance Ops,2024,FQ3,2023,11,November
2023-11-01,214,1,Sports,10,1608.8,660.92,0.4108,Baseline,Finance Ops,2024,FQ3,2023,11,November
2023-11-01,215,2,Beauty,53,2067.94,756.16,0.3657,Baseline,Commercial Planning,2024,FQ3,2023,11,November
2023-11-01,215,2,Electronics,157,151629.69,52224.08,0.3444,Baseline,Commercial Planning,2024,FQ3,2023,11,November
2023-11-01,215,2,Fashion,91,9085.86,3449.28,0.3796,Baseline,Finance Ops,2024,FQ3,2023,11,November
2023-11-01,215,2,Furniture,64,41019.63,13627.93,0.3322,Baseline,Commercial Planning,2024,FQ3,2023,11,November
2023-11-01,215,2,Grocery,62,1201.78,445.64,0.3708,Baseline,Finance Ops,2024,FQ3,2023,11,November
2023-11-01,215,2,Home Appliances,86,35509.61,13531.46,0.3811,Baseline,Regional Director,2024,FQ3,2023,11,November
2023-11-01,215,2,Office Supplies,32,1257.03,384.5,0.3059,Baseline,Commercial Planning,2024,FQ3,2023,11,November
2023-11-01,215,2,Sports,52,9128.55,3443.41,0.3772,Baseline,Regional Director,2024,FQ3,2023,11,November
2023-11-01,216,2,Beauty,63,3123.36,975.89,0.3124,Baseline,Commercial Planning,2024,FQ3,2023,11,November
2023-11-01,216,2,Electronics,81,72253.19,28642.22,0.3964,Baseline,Finance Ops,2024,FQ3,2023,11,November
2023-11-01,216,2,Fashion,73,6619.29,2265.9,0.3423,Baseline,Commercial Planning,2024,FQ3,2023,11,November
2023-11-01,216,2,Furniture,38,24620.19,6643.13,0.2698,Baseline,Commercial Planning,2024,FQ3,2023,11,November
2023-11-01,216,2,Grocery,69,1728.07,590.73,0.3418,Baseline,Finance Ops,2024,FQ3,2023,11,November
2023-11-01,216,2,Home Appliances,96,46783.82,18858.15,0.4031,Baseline,Finance Ops,2024,FQ3,2023,11,November
2023-11-01,216,2,Office Supplies,46,2096.68,862.37,0.4113,Baseline,Commercial Planning,2024,FQ3,2023,11,November
2023-11-01,216,2,Sports,48,7688.59,2910.62,0.3786,Baseline,Regional Director,2024,FQ3,2023,11,November
2023-11-01,217,2,Beauty,46,1855.13,476.15,0.2567,Baseline,Finance Ops,2024,FQ3,2023,11,November
2023-11-01,217,2,Electronics,89,84207.2,33230.5,0.3946,Baseline,Regional Director,2024,FQ3,2023,11,November
2023-11-01,217,2,Fashion,59,6291.85,2784.77,0.4426,Baseline,Regional Director,2024,FQ3,2023,11,November
2023-11-01,217,2,Furniture,47,36296.44,13755.44,0.379,Baseline,Commercial Planning,2024,FQ3,2023,11,November
2023-11-01,217,2,Grocery,32,828.13,313.07,0.378,Baseline,Regional Director,2024,FQ3,2023,11,November
2023-11-01,217,2,Home Appliances,81,38149.28,11690.65,0.3064,Baseline,Regional Director,2024,FQ3,2023,11,November
2023-11-01,217,2,Office Supplies,35,1629.22,636.48,0.3907,Baseline,Regional Director,2024,FQ3,2023,11,November
2023-11-01,217,2,Sports,49,7398.08,2508.1,0.339,Baseline,Finance Ops,2024,FQ3,2023,11,November
2023-11-01,218,3,Beauty,592,29856.05,9587.81,0.3211,Baseline,Commercial Planning,2024,FQ3,2023,11,November
2023-11-01,218,3,Electronics,530,562412.5,190247.11,0.3383,Baseline,Commercial Planning,2024,FQ3,2023,11,November
2023-11-01,218,3,Fashion,167,19550.51,7703.15,0.394,Baseline,Commercial Planning,2024,FQ3,2023,11,November
2023-11-01,218,3,Furniture,443,237699.68,80770.9,0.3398,Baseline,Commercial Planning,2024,FQ3,2023,11,November
2023-11-01,218,3,Grocery,396,10231.71,3409.85,0.3333,Baseline,Commercial Planning,2024,FQ3,2023,11,November
2023-11-01,218,3,Home Appliances,520,193773.1,64591.54,0.3333,Baseline,Finance Ops,2024,FQ3,2023,11,November
2023-11-01,218,3,Office Supplies,324,15302.07,5852.03,0.3824,Baseline,Finance Ops,2024,FQ3,2023,11,November
2023-11-01,218,3,Sports,105,14573.01,6214.71,0.4265,Baseline,Commercial Planning,2024,FQ3,2023,11,November
2023-11-01,219,3,Beauty,509,23254.11,7725.76,0.3322,Baseline,Finance Ops,2024,FQ3,2023,11,November
2023-11-01,219,3,Electronics,540,554506.4,205131.89,0.3699,Baseline,Finance Ops,2024,FQ3,2023,11,November
2023-11-01,219,3,Fashion,300,31695.21,12156.04,0.3835,Baseline,Finance Ops,2024,FQ3,2023,11,November
2023-11-01,219,3,Furniture,362,225643.74,67867.34,0.3008,Baseline,Finance Ops,2024,FQ3,2023,11,November
2023-11-01,219,3,Grocery,526,12581.53,4742.34,0.3769,Baseline,Commercial Planning,2024,FQ3,2023,11,November
2023-11-01,219,3,Home Appliances,385,155855.68,58149.18,0.3731,Baseline,Commercial Planning,2024,FQ3,2023,11,November
2023-11-01,219,3,Office Supplies,382,17657.9,6923.25,0.3921,Baseline,Finance Ops,2024,FQ3,2023,11,November
2023-11-01,219,3,Sports,325,46430.89,17833.47,0.3841,Baseline,Commercial Planning,2024,FQ3,2023,11,November
2023-11-01,220,4,Beauty,73,3700.02,1277.76,0.3453,Baseline,Regional Director,2024,FQ3,2023,11,November
2023-11-01,220,4,Electronics,126,120065.28,45350.91,0.3777,Baseline,Finance Ops,2024,FQ3,2023,11,November
2023-11-01,220,4,Fashion,96,9697.94,3453.35,0.3561,Baseline,Finance Ops,2024,FQ3,2023,11,November
2023-11-01,220,4,Furniture,89,57639.98,17723.23,0.3075,Baseline,Commercial Planning,2024,FQ3,2023,11,November
2023-11-01,220,4,Grocery,168,3861.93,1289.0,0.3338,Baseline,Commercial Planning,2024,FQ3,2023,11,November
2023-11-01,220,4,Home Appliances,111,37834.13,12891.02,0.3407,Baseline,Commercial Planning,2024,FQ3,2023,11,November
2023-11-01,220,4,Office Supplies,63,3371.96,1523.77,0.4519,Baseline,Commercial Planning,2024,FQ3,2023,11,November
2023-11-01,220,4,Sports,99,19458.86,7182.39,0.3691,Baseline,Finance Ops,2024,FQ3,2023,11,November
2023-12-01,201,1,Beauty,15,758.28,256.9,0.3388,Baseline,Regional Director,2024,FQ3,2023,12,December
2023-12-01,201,1,Electronics,48,44564.14,16464.32,0.3695,Baseline,Finance Ops,2024,FQ3,2023,12,December
2023-12-01,201,1,Fashion,39,3979.76,1443.05,0.3626,Baseline,Regional Director,2024,FQ3,2023,12,December
2023-12-01,201,1,Furniture,17,8194.56,2139.37,0.2611,Baseline,Finance Ops,2024,FQ3,2023,12,December
2023-12-01,201,1,Grocery,47,1528.19,603.49,0.3949,Baseline,Commercial Planning,2024,FQ3,2023,12,December
2023-12-01,201,1,Home Appliances,43,16917.24,7556.59,0.4467,Baseline,Finance Ops,2024,FQ3,2023,12,December
2023-12-01,201,1,Office Supplies,23,1178.68,338.22,0.2869,Baseline,Commercial Planning,2024,FQ3,2023,12,December
2023-12-01,201,1,Sports,16,2420.59,1054.17,0.4355,Baseline,Finance Ops,2024,FQ3,2023,12,December
2023-12-01,202,1,Beauty,38,1769.89,498.06,0.2814,Baseline,Regional Director,2024,FQ3,2023,12,December
2023-12-01,202,1,Electronics,27,32262.24,13205.9,0.4093,Baseline,Commercial Planning,2024,FQ3,2023,12,December
2023-12-01,202,1,Fashion,15,2324.33,1132.84,0.4874,Baseline,Finance Ops,2024,FQ3,2023,12,December
2023-12-01,202,1,Furniture,40,37214.56,11081.57,0.2978,Baseline,Commercial Planning,2024,FQ3,2023,12,December
2023-12-01,202,1,Grocery,54,1543.59,576.48,0.3735,Baseline,Commercial Planning,2024,FQ3,2023,12,December
2023-12-01,202,1,Home Appliances,31,14762.53,5824.48,0.3945,Baseline,Finance Ops,2024,FQ3,2023,12,December
2023-12-01,202,1,Office Supplies,28,883.64,354.1,0.4007,Baseline,Commercial Planning,2024,FQ3,2023,12,December
2023-12-01,202,1,Sports,23,3580.27,1459.05,0.4075,Baseline,Finance Ops,2024,FQ3,2023,12,December
2023-12-01,203,1,Beauty,46,2173.61,652.16,0.3,Baseline,Finance Ops,2024,FQ3,2023,12,December
2023-12-01,203,1,Electronics,113,146286.22,54721.33,0.3741,Baseline,Commercial Planning,2024,FQ3,2023,12,December
2023-12-01,203,1,Fashion,58,4348.03,1132.45,0.2605,Baseline,Commercial Planning,2024,FQ3,2023,12,December
2023-12-01,203,1,Furniture,34,23878.49,8881.72,0.372,Baseline,Finance Ops,2024,FQ3,2023,12,December
2023-12-01,203,1,Grocery,10,364.23,126.23,0.3466,Baseline,Finance Ops,2024,FQ3,2023,12,December
2023-12-01,203,1,Home Appliances,26,10465.69,3300.98,0.3154,Baseline,Finance Ops,2024,FQ3,2023,12,December
2023-12-01,203,1,Office Supplies,16,480.39,170.45,0.3548,Baseline,Finance Ops,2024,FQ3,2023,12,December
2023-12-01,203,1,Sports,28,4203.0,1726.8,0.4108,Baseline,Finance Ops,2024,FQ3,2023,12,December
2023-12-01,204,1,Beauty,38,1805.7,533.12,0.2952,Baseline,Commercial Planning,2024,FQ3,2023,12,December
2023-12-01,204,1,Electronics,40,42268.71,16896.32,0.3997,Baseline,Finance Ops,2024,FQ3,2023,12,December
2023-12-01,204,1,Fashion,46,2634.36,787.56,0.299,Baseline,Commercial Planning,2024,FQ3,2023,12,December
2023-12-01,204,1,Furniture,29,19742.17,7066.34,0.3579,Baseline,Commercial Planning,2024,FQ3,2023,12,December
2023-12-01,204,1,Grocery,39,1025.72,389.81,0.38,Baseline,Regional Director,2024,FQ3,2023,12,December
2023-12-01,204,1,Home Appliances,28,12906.74,5791.66,0.4487,Baseline,Finance Ops,2024,FQ3,2023,12,December
2023-12-01,204,1,Office Supplies,44,2543.38,844.56,0.3321,Baseline,Regional Director,2024,FQ3,2023,12,December
2023-12-01,204,1,Sports,55,12634.08,4148.46,0.3284,Baseline,Finance Ops,2024,FQ3,2023,12,December
2023-12-01,205,1,Beauty,19,630.66,148.46,0.2354,Baseline,Finance Ops,2024,FQ3,2023,12,December
2023-12-01,205,1,Electronics,35,20487.03,7102.05,0.3467,Baseline,Finance Ops,2024,FQ3,2023,12,December
2023-12-01,205,1,Fashion,20,1732.3,644.68,0.3722,Baseline,Regional Director,2024,FQ3,2023,12,December
2023-12-01,205,1,Furniture,24,11208.68,3976.11,0.3547,Baseline,Finance Ops,2024,FQ3,2023,12,December
2023-12-01,205,1,Grocery,6,131.15,46.78,0.3567,Baseline,Finance Ops,2024,FQ3,2023,12,December
2023-12-01,205,1,Home Appliances,22,8383.38,3075.37,0.3668,Baseline,Commercial Planning,2024,FQ3,2023,12,December
2023-12-01,205,1,Office Supplies,15,669.35,200.87,0.3001,Baseline,Commercial Planning,2024,FQ3,2023,12,December
2023-12-01,205,1,Sports,20,2765.06,1073.89,0.3884,Baseline,Finance Ops,2024,FQ3,2023,12,December
2023-12-01,206,1,Beauty,31,1617.88,584.86,0.3615,Baseline,Regional Director,2024,FQ3,2023,12,December
2023-12-01,206,1,Electronics,30,23415.81,8549.92,0.3651,Baseline,Finance Ops,2024,FQ3,2023,12,December
2023-12-01,206,1,Fashion,14,754.09,272.9,0.3619,Baseline,Finance Ops,2024,FQ3,2023,12,December
2023-12-01,206,1,Furniture,60,44093.99,13484.48,0.3058,Baseline,Finance Ops,2024,FQ3,2023,12,December
2023-12-01,206,1,Grocery,41,950.65,338.9,0.3565,Baseline,Regional Director,2024,FQ3,2023,12,December
2023-12-01,206,1,Home Appliances,23,10957.03,5040.5,0.46,Baseline,Regional Director,2024,FQ3,2023,12,December
2023-12-01,206,1,Office Supplies,7,308.28,127.2,0.4126,Baseline,Finance Ops,2024,FQ3,2023,12,December
2023-12-01,206,1,Sports,18,3488.36,1302.62,0.3734,Baseline,Commercial Planning,2024,FQ3,2023,12,December
2023-12-01,207,1,Beauty,27,912.67,310.72,0.3405,Baseline,Commercial Planning,2024,FQ3,2023,12,December
2023-12-01,207,1,Electronics,40,32194.34,10764.48,0.3344,Baseline,Commercial Planning,2024,FQ3,2023,12,December
2023-12-01,207,1,Fashion,26,2582.84,1034.3,0.4005,Baseline,Finance Ops,2024,FQ3,2023,12,December
2023-12-01,207,1,Furniture,32,19771.01,7461.51,0.3774,Baseline,Finance Ops,2024,FQ3,2023,12,December
2023-12-01,207,1,Grocery,39,952.97,280.16,0.294,Baseline,Finance Ops,2024,FQ3,2023,12,December
2023-12-01,207,1,Home Appliances,24,11601.97,4975.95,0.4289,Baseline,Commercial Planning,2024,FQ3,2023,12,December
2023-12-01,207,1,Office Supplies,10,395.48,158.36,0.4004,Baseline,Finance Ops,2024,FQ3,2023,12,December
2023-12-01,207,1,Sports,26,3195.2,1362.96,0.4266,Baseline,Commercial Planning,2024,FQ3,2023,12,December
2023-12-01,208,1,Beauty,28,1846.72,705.18,0.3819,Baseline,Commercial Planning,2024,FQ3,2023,12,December
2023-12-01,208,1,Electronics,53,57906.97,22540.83,0.3893,Baseline,Finance Ops,2024,FQ3,2023,12,December
2023-12-01,208,1,Fashion,15,1495.68,645.86,0.4318,Baseline,Finance Ops,2024,FQ3,2023,12,December
2023-12-01,208,1,Furniture,37,19151.74,7545.89,0.394,Baseline,Commercial Planning,2024,FQ3,2023,12,December
2023-12-01,208,1,Grocery,45,851.35,292.24,0.3433,Baseline,Finance Ops,2024,FQ3,2023,12,December
2023-12-01,208,1,Home Appliances,24,16015.16,4780.1,0.2985,Baseline,Finance Ops,2024,FQ3,2023,12,December
2023-12-01,208,1,Office Supplies,17,920.7,266.96,0.29,Baseline,Commercial Planning,2024,FQ3,2023,12,December
2023-12-01,208,1,Sports,12,1518.21,260.33,0.1715,Baseline,Commercial Planning,2024,FQ3,2023,12,December
2023-12-01,209,1,Beauty,33,1795.31,542.84,0.3024,Baseline,Finance Ops,2024,FQ3,2023,12,December
2023-12-01,209,1,Electronics,67,44414.15,13857.7,0.312,Baseline,Finance Ops,2024,FQ3,2023,12,December
2023-12-01,209,1,Fashion,10,1077.32,390.1,0.3621,Baseline,Commercial Planning,2024,FQ3,2023,12,December
2023-12-01,209,1,Furniture,11,8354.07,3026.38,0.3623,Baseline,Regional Director,2024,FQ3,2023,12,December
2023-12-01,209,1,Grocery,37,945.99,268.21,0.2835,Baseline,Finance Ops,2024,FQ3,2023,12,December
2023-12-01,209,1,Home Appliances,80,31422.19,12152.17,0.3867,Baseline,Commercial Planning,2024,FQ3,2023,12,December
2023-12-01,209,1,Office Supplies,25,1160.47,457.46,0.3942,Baseline,Commercial Planning,2024,FQ3,2023,12,December
2023-12-01,209,1,Sports,20,3279.9,874.5,0.2666,Baseline,Finance Ops,2024,FQ3,2023,12,December
2023-12-01,210,1,Beauty,37,1623.28,552.31,0.3402,Baseline,Regional Director,2024,FQ3,2023,12,December
2023-12-01,210,1,Electronics,59,64305.75,21114.3,0.3283,Baseline,Finance Ops,2024,FQ3,2023,12,December
2023-12-01,210,1,Fashion,15,1221.99,477.29,0.3906,Baseline,Commercial Planning,2024,FQ3,2023,12,December
2023-12-01,210,1,Furniture,27,15251.25,5494.49,0.3603,Baseline,Commercial Planning,2024,FQ3,2023,12,December
2023-12-01,210,1,Grocery,22,691.32,268.99,0.3891,Baseline,Finance Ops,2024,FQ3,2023,12,December
2023-12-01,210,1,Home Appliances,23,10162.4,3518.98,0.3463,Baseline,Finance Ops,2024,FQ3,2023,12,December
2023-12-01,210,1,Office Supplies,21,983.57,371.98,0.3782,Baseline,Commercial Planning,2024,FQ3,2023,12,December
2023-12-01,210,1,Sports,21,4404.99,1839.72,0.4176,Baseline,Commercial Planning,2024,FQ3,2023,12,December
2023-12-01,211,1,Beauty,25,1141.24,397.75,0.3485,Baseline,Commercial Planning,2024,FQ3,2023,12,December
2023-12-01,211,1,Electronics,44,35695.29,13056.58,0.3658,Baseline,Regional Director,2024,FQ3,2023,12,December
2023-12-01,211,1,Fashion,12,1021.14,416.69,0.4081,Baseline,Commercial Planning,2024,FQ3,2023,12,December
2023-12-01,211,1,Furniture,16,9124.24,1680.11,0.1841,Baseline,Finance Ops,2024,FQ3,2023,12,December
2023-12-01,211,1,Grocery,47,1104.79,366.95,0.3321,Baseline,Commercial Planning,2024,FQ3,2023,12,December
2023-12-01,211,1,Home Appliances,33,17608.5,4936.86,0.2804,Baseline,Finance Ops,2024,FQ3,2023,12,December
2023-12-01,211,1,Office Supplies,27,1207.2,506.57,0.4196,Baseline,Finance Ops,2024,FQ3,2023,12,December
2023-12-01,211,1,Sports,11,947.39,504.81,0.5328,Baseline,Finance Ops,2024,FQ3,2023,12,December
2023-12-01,212,1,Beauty,31,1664.34,433.8,0.2606,Baseline,Finance Ops,2024,FQ3,2023,12,December
2023-12-01,212,1,Electronics,43,36942.3,15964.69,0.4322,Baseline,Finance Ops,2024,FQ3,2023,12,December
2023-12-01,212,1,Fashion,26,3492.63,1318.18,0.3774,Baseline,Commercial Planning,2024,FQ3,2023,12,December
2023-12-01,212,1,Furniture,38,24787.64,6759.7,0.2727,Baseline,Finance Ops,2024,FQ3,2023,12,December
2023-12-01,212,1,Grocery,29,728.61,219.05,0.3006,Baseline,Commercial Planning,2024,FQ3,2023,12,December
2023-12-01,212,1,Home Appliances,28,16381.5,6892.14,0.4207,Baseline,Finance Ops,2024,FQ3,2023,12,December
2023-12-01,212,1,Office Supplies,31,1694.38,627.23,0.3702,Baseline,Finance Ops,2024,FQ3,2023,12,December
2023-12-01,212,1,Sports,39,7167.41,2445.5,0.3412,Baseline,Regional Director,2024,FQ3,2023,12,December
2023-12-01,213,1,Beauty,62,3470.01,1249.72,0.3601,Baseline,Regional Director,2024,FQ3,2023,12,December
2023-12-01,213,1,Electronics,45,35752.56,12876.33,0.3602,Baseline,Regional Director,2024,FQ3,2023,12,December
2023-12-01,213,1,Fashion,10,1292.09,571.26,0.4421,Baseline,Finance Ops,2024,FQ3,2023,12,December
2023-12-01,213,1,Furniture,20,12648.34,3645.7,0.2882,Baseline,Commercial Planning,2024,FQ3,2023,12,December
2023-12-01,213,1,Grocery,19,492.6,145.98,0.2963,Baseline,Finance Ops,2024,FQ3,2023,12,December
2023-12-01,213,1,Home Appliances,36,9519.76,3266.21,0.3431,Baseline,Regional Director,2024,FQ3,2023,12,December
2023-12-01,213,1,Office Supplies,28,1356.51,499.48,0.3682,Baseline,Commercial Planning,2024,FQ3,2023,12,December
2023-12-01,213,1,Sports,36,6928.25,2348.43,0.339,Baseline,Commercial Planning,2024,FQ3,2023,12,December
2023-12-01,214,1,Beauty,32,1325.09,414.23,0.3126,Baseline,Finance Ops,2024,FQ3,2023,12,December
2023-12-01,214,1,Electronics,44,37710.12,13658.98,0.3622,Baseline,Commercial Planning,2024,FQ3,2023,12,December
2023-12-01,214,1,Fashion,53,5992.59,2358.08,0.3935,Baseline,Finance Ops,2024,FQ3,2023,12,December
2023-12-01,214,1,Furniture,28,11627.75,5055.74,0.4348,Baseline,Finance Ops,2024,FQ3,2023,12,December
2023-12-01,214,1,Grocery,9,260.1,97.04,0.3731,Baseline,Finance Ops,2024,FQ3,2023,12,December
2023-12-01,214,1,Home Appliances,39,18010.27,6794.37,0.3772,Baseline,Regional Director,2024,FQ3,2023,12,December
2023-12-01,214,1,Office Supplies,37,2021.43,740.09,0.3661,Baseline,Commercial Planning,2024,FQ3,2023,12,December
2023-12-01,214,1,Sports,28,4844.82,1984.82,0.4097,Baseline,Commercial Planning,2024,FQ3,2023,12,December
2023-12-01,215,2,Beauty,56,2863.18,948.92,0.3314,Baseline,Finance Ops,2024,FQ3,2023,12,December
2023-12-01,215,2,Electronics,149,138447.48,45780.65,0.3307,Baseline,Finance Ops,2024,FQ3,2023,12,December
2023-12-01,215,2,Fashion,68,5522.33,1702.24,0.3082,Baseline,Commercial Planning,2024,FQ3,2023,12,December
2023-12-01,215,2,Furniture,66,40058.1,12967.11,0.3237,Baseline,Finance Ops,2024,FQ3,2023,12,December
2023-12-01,215,2,Grocery,48,961.73,338.48,0.3519,Baseline,Commercial Planning,2024,FQ3,2023,12,December
2023-12-01,215,2,Home Appliances,85,42130.66,16718.55,0.3968,Baseline,Finance Ops,2024,FQ3,2023,12,December
2023-12-01,215,2,Office Supplies,94,4316.82,1605.19,0.3718,Baseline,Regional Director,2024,FQ3,2023,12,December
2023-12-01,215,2,Sports,122,20860.58,7850.92,0.3764,Baseline,Commercial Planning,2024,FQ3,2023,12,December
2023-12-01,216,2,Beauty,81,3613.73,1253.68,0.3469,Baseline,Regional Director,2024,FQ3,2023,12,December
2023-12-01,216,2,Electronics,202,199522.21,69106.26,0.3464,Baseline,Commercial Planning,2024,FQ3,2023,12,December
2023-12-01,216,2,Fashion,79,8591.56,3008.27,0.3501,Baseline,Commercial Planning,2024,FQ3,2023,12,December
2023-12-01,216,2,Furniture,72,50064.34,17041.85,0.3404,Baseline,Regional Director,2024,FQ3,2023,12,December
2023-12-01,216,2,Grocery,100,2359.22,871.01,0.3692,Baseline,Commercial Planning,2024,FQ3,2023,12,December
2023-12-01,216,2,Home Appliances,84,32714.67,11504.57,0.3517,Baseline,Finance Ops,2024,FQ3,2023,12,December
2023-12-01,216,2,Office Supplies,59,2301.68,909.16,0.395,Baseline,Finance Ops,2024,FQ3,2023,12,December
2023-12-01,216,2,Sports,47,8049.4,2569.18,0.3192,Baseline,Regional Director,2024,FQ3,2023,12,December
2023-12-01,217,2,Beauty,90,4492.41,1536.79,0.3421,Baseline,Finance Ops,2024,FQ3,2023,12,December
2023-12-01,217,2,Electronics,134,105913.59,35105.68,0.3315,Baseline,Commercial Planning,2024,FQ3,2023,12,December
2023-12-01,217,2,Fashion,91,7861.83,2732.96,0.3476,Baseline,Finance Ops,2024,FQ3,2023,12,December
2023-12-01,217,2,Furniture,32,27629.6,10990.52,0.3978,Baseline,Regional Director,2024,FQ3,2023,12,December
2023-12-01,217,2,Grocery,74,1903.4,726.29,0.3816,Baseline,Regional Director,2024,FQ3,2023,12,December
2023-12-01,217,2,Home Appliances,68,35555.6,12632.03,0.3553,Baseline,Finance Ops,2024,FQ3,2023,12,December
2023-12-01,217,2,Office Supplies,46,2328.59,890.33,0.3823,Baseline,Finance Ops,2024,FQ3,2023,12,December
2023-12-01,217,2,Sports,63,11049.91,4737.58,0.4287,Baseline,Commercial Planning,2024,FQ3,2023,12,December
2023-12-01,218,3,Beauty,598,31001.0,9540.58,0.3078,Baseline,Finance Ops,2024,FQ3,2023,12,December
2023-12-01,218,3,Electronics,669,535425.35,179528.5,0.3353,Baseline,Regional Director,2024,FQ3,2023,12,December
2023-12-01,218,3,Fashion,302,31776.84,10838.55,0.3411,Baseline,Regional Director,2024,FQ3,2023,12,December
2023-12-01,218,3,Furniture,314,212447.54,76277.64,0.359,Baseline,Commercial Planning,2024,FQ3,2023,12,December
2023-12-01,218,3,Grocery,604,13545.64,4683.15,0.3457,Baseline,Finance Ops,2024,FQ3,2023,12,December
2023-12-01,218,3,Home Appliances,607,218395.55,90218.21,0.4131,Baseline,Finance Ops,2024,FQ3,2023,12,December
2023-12-01,218,3,Office Supplies,556,25942.01,8377.03,0.3229,Baseline,Commercial Planning,2024,FQ3,2023,12,December
2023-12-01,218,3,Sports,321,45228.19,15552.89,0.3439,Baseline,Finance Ops,2024,FQ3,2023,12,December
2023-12-01,219,3,Beauty,179,7047.72,2078.84,0.295,Baseline,Finance Ops,2024,FQ3,2023,12,December
2023-12-01,219,3,Electronics,764,755042.54,257463.72,0.341,Baseline,Finance Ops,2024,FQ3,2023,12,December
2023-12-01,219,3,Fashion,535,42168.95,16192.34,0.384,Baseline,Finance Ops,2024,FQ3,2023,12,December
2023-12-01,219,3,Furniture,199,128275.63,42194.17,0.3289,Baseline,Finance Ops,2024,FQ3,2023,12,December
2023-12-01,219,3,Grocery,575,16386.36,5567.3,0.3398,Baseline,Finance Ops,2024,FQ3,2023,12,December
2023-12-01,219,3,Home Appliances,497,253989.84,88012.97,0.3465,Baseline,Commercial Planning,2024,FQ3,2023,12,December
2023-12-01,219,3,Office Supplies,310,14670.58,5766.68,0.3931,Baseline,Finance Ops,2024,FQ3,2023,12,December
2023-12-01,219,3,Sports,350,59611.2,20790.05,0.3488,Baseline,Finance Ops,2024,FQ3,2023,12,December
2023-12-01,220,4,Beauty,110,5577.92,1861.54,0.3337,Baseline,Regional Director,2024,FQ3,2023,12,December
2023-12-01,220,4,Electronics,197,172992.97,58858.14,0.3402,Baseline,Finance Ops,2024,FQ3,2023,12,December
2023-12-01,220,4,Fashion,118,11189.58,4606.55,0.4117,Baseline,Commercial Planning,2024,FQ3,2023,12,December
2023-12-01,220,4,Furniture,76,46024.14,14971.42,0.3253,Baseline,Finance Ops,2024,FQ3,2023,12,December
2023-12-01,220,4,Grocery,156,3315.65,1249.69,0.3769,Baseline,Finance Ops,2024,FQ3,2023,12,December
2023-12-01,220,4,Home Appliances,133,52214.71,22753.36,0.4358,Baseline,Finance Ops,2024,FQ3,2023,12,December
2023-12-01,220,4,Office Supplies,109,5485.89,2163.81,0.3944,Baseline,Commercial Planning,2024,FQ3,2023,12,December
2023-12-01,220,4,Sports,84,12235.34,4366.23,0.3569,Baseline,Commercial Planning,2024,FQ3,2023,12,December
2024-01-01,201,1,Beauty,9,194.3,82.18,0.423,Stretch,Commercial Planning,2024,FQ4,2024,1,January
2024-01-01,201,1,Electronics,24,28799.02,10533.88,0.3658,Stretch,Commercial Planning,2024,FQ4,2024,1,January
2024-01-01,201,1,Fashion,22,2570.62,861.09,0.335,Stretch,Finance Ops,2024,FQ4,2024,1,January
2024-01-01,201,1,Furniture,15,7603.74,2431.13,0.3197,Stretch,Commercial Planning,2024,FQ4,2024,1,January
2024-01-01,201,1,Grocery,20,236.99,96.33,0.4065,Stretch,Finance Ops,2024,FQ4,2024,1,January
2024-01-01,201,1,Home Appliances,33,11533.23,4657.34,0.4038,Stretch,Finance Ops,2024,FQ4,2024,1,January
2024-01-01,201,1,Office Supplies,26,1088.6,310.18,0.2849,Stretch,Finance Ops,2024,FQ4,2024,1,January
2024-01-01,201,1,Sports,10,1109.36,463.57,0.4179,Stretch,Finance Ops,2024,FQ4,2024,1,January
2024-01-01,202,1,Beauty,8,502.45,135.17,0.269,Stretch,Regional Director,2024,FQ4,2024,1,January
2024-01-01,202,1,Electronics,26,23871.37,8538.96,0.3577,Stretch,Commercial Planning,2024,FQ4,2024,1,January
2024-01-01,202,1,Fashion,15,1237.12,657.73,0.5317,Stretch,Finance Ops,2024,FQ4,2024,1,January
2024-01-01,202,1,Furniture,2,2850.7,921.08,0.3231,Stretch,Finance Ops,2024,FQ4,2024,1,January
2024-01-01,202,1,Grocery,38,1100.44,363.63,0.3304,Stretch,Finance Ops,2024,FQ4,2024,1,January
2024-01-01,202,1,Home Appliances,11,6894.22,2586.91,0.3752,Stretch,Commercial Planning,2024,FQ4,2024,1,January
2024-01-01,202,1,Office Supplies,24,1637.06,702.52,0.4291,Stretch,Commercial Planning,2024,FQ4,2024,1,January
2024-01-01,202,1,Sports,22,2406.49,923.9,0.3839,Stretch,Finance Ops,2024,FQ4,2024,1,January
2024-01-01,203,1,Beauty,20,1203.37,387.24,0.3218,Stretch,Finance Ops,2024,FQ4,2024,1,January
2024-01-01,203,1,Electronics,18,17417.39,6248.3,0.3587,Stretch,Finance Ops,2024,FQ4,2024,1,January
2024-01-01,203,1,Fashion,15,1857.74,752.72,0.4052,Stretch,Finance Ops,2024,FQ4,2024,1,January
2024-01-01,203,1,Furniture,18,7830.14,2994.54,0.3824,Stretch,Finance Ops,2024,FQ4,2024,1,January
2024-01-01,203,1,Grocery,33,850.61,353.75,0.4159,Stretch,Finance Ops,2024,FQ4,2024,1,January
2024-01-01,203,1,Home Appliances,28,10169.27,3438.18,0.3381,Stretch,Finance Ops,2024,FQ4,2024,1,January
2024-01-01,203,1,Office Supplies,21,1033.8,450.51,0.4358,Stretch,Commercial Planning,2024,FQ4,2024,1,January
2024-01-01,203,1,Sports,10,1366.49,617.71,0.452,Stretch,Finance Ops,2024,FQ4,2024,1,January
2024-01-01,204,1,Beauty,23,1524.16,481.22,0.3157,Stretch,Finance Ops,2024,FQ4,2024,1,January
2024-01-01,204,1,Electronics,21,11021.87,4709.77,0.4273,Stretch,Commercial Planning,2024,FQ4,2024,1,January
2024-01-01,204,1,Fashion,3,291.4,86.45,0.2967,Stretch,Finance Ops,2024,FQ4,2024,1,January
2024-01-01,204,1,Furniture,18,9847.87,3847.45,0.3907,Stretch,Finance Ops,2024,FQ4,2024,1,January
2024-01-01,204,1,Grocery,10,360.3,123.47,0.3427,Stretch,Commercial Planning,2024,FQ4,2024,1,January
2024-01-01,204,1,Home Appliances,14,5552.06,2313.62,0.4167,Stretch,Finance Ops,2024,FQ4,2024,1,January
2024-01-01,204,1,Office Supplies,20,1138.72,421.14,0.3698,Stretch,Commercial Planning,2024,FQ4,2024,1,January
2024-01-01,204,1,Sports,34,5572.82,2424.55,0.4351,Stretch,Commercial Planning,2024,FQ4,2024,1,January
2024-01-01,205,1,Beauty,27,1645.1,649.99,0.3951,Stretch,Commercial Planning,2024,FQ4,2024,1,January
2024-01-01,205,1,Electronics,34,35782.41,13070.72,0.3653,Stretch,Commercial Planning,2024,FQ4,2024,1,January
2024-01-01,205,1,Fashion,23,1348.99,531.16,0.3937,Stretch,Commercial Planning,2024,FQ4,2024,1,January
2024-01-01,205,1,Furniture,16,8333.05,4326.89,0.5192,Stretch,Commercial Planning,2024,FQ4,2024,1,January
2024-01-01,205,1,Grocery,22,611.65,240.36,0.393,Stretch,Finance Ops,2024,FQ4,2024,1,January
2024-01-01,205,1,Home Appliances,31,14029.58,4842.42,0.3452,Stretch,Commercial Planning,2024,FQ4,2024,1,January
2024-01-01,205,1,Office Supplies,32,2029.1,810.8,0.3996,Stretch,Commercial Planning,2024,FQ4,2024,1,January
2024-01-01,205,1,Sports,23,3457.93,1315.79,0.3805,Stretch,Finance Ops,2024,FQ4,2024,1,January
2024-01-01,206,1,Beauty,8,424.65,201.09,0.4735,Stretch,Commercial Planning,2024,FQ4,2024,1,January
2024-01-01,206,1,Electronics,4,6565.28,2267.57,0.3454,Stretch,Commercial Planning,2024,FQ4,2024,1,January
2024-01-01,206,1,Fashion,22,1337.11,587.82,0.4396,Stretch,Commercial Planning,2024,FQ4,2024,1,January
2024-01-01,206,1,Furniture,12,5900.3,2139.61,0.3626,Stretch,Finance Ops,2024,FQ4,2024,1,January
2024-01-01,206,1,Grocery,11,212.24,30.86,0.1454,Stretch,Finance Ops,2024,FQ4,2024,1,January
2024-01-01,206,1,Home Appliances,20,12791.53,4713.08,0.3685,Stretch,Finance Ops,2024,FQ4,2024,1,January
2024-01-01,206,1,Office Supplies,13,633.96,280.75,0.4429,Stretch,Commercial Planning,2024,FQ4,2024,1,January
2024-01-01,206,1,Sports,28,5809.18,2017.6,0.3473,Stretch,Regional Director,2024,FQ4,2024,1,January
2024-01-01,207,1,Beauty,24,901.45,253.16,0.2808,Stretch,Commercial Planning,2024,FQ4,2024,1,January
2024-01-01,207,1,Electronics,73,55425.35,24000.96,0.433,Stretch,Commercial Planning,2024,FQ4,2024,1,January
2024-01-01,207,1,Fashion,18,1694.89,594.88,0.351,Stretch,Finance Ops,2024,FQ4,2024,1,January
2024-01-01,207,1,Furniture,26,15128.24,6285.57,0.4155,Stretch,Commercial Planning,2024,FQ4,2024,1,January
2024-01-01,207,1,Grocery,3,101.74,31.34,0.308,Stretch,Commercial Planning,2024,FQ4,2024,1,January
2024-01-01,207,1,Home Appliances,22,10764.03,4900.93,0.4553,Stretch,Commercial Planning,2024,FQ4,2024,1,January
2024-01-01,207,1,Office Supplies,22,1493.53,570.76,0.3822,Stretch,Commercial Planning,2024,FQ4,2024,1,January
2024-01-01,207,1,Sports,26,4690.75,1650.29,0.3518,Stretch,Finance Ops,2024,FQ4,2024,1,January
2024-01-01,208,1,Beauty,9,387.36,174.58,0.4507,Stretch,Commercial Planning,2024,FQ4,2024,1,January
2024-01-01,208,1,Electronics,30,33533.83,15899.17,0.4741,Stretch,Regional Director,2024,FQ4,2024,1,January
2024-01-01,208,1,Fashion,32,3869.74,1851.68,0.4785,Stretch,Finance Ops,2024,FQ4,2024,1,January
2024-01-01,208,1,Furniture,16,13524.23,4698.9,0.3474,Stretch,Regional Director,2024,FQ4,2024,1,January
2024-01-01,208,1,Grocery,31,648.83,232.7,0.3586,Stretch,Commercial Planning,2024,FQ4,2024,1,January
2024-01-01,208,1,Home Appliances,19,6201.9,2092.81,0.3374,Stretch,Regional Director,2024,FQ4,2024,1,January
2024-01-01,208,1,Office Supplies,31,1470.2,548.42,0.373,Stretch,Finance Ops,2024,FQ4,2024,1,January
2024-01-01,208,1,Sports,2,427.78,102.77,0.2402,Stretch,Regional Director,2024,FQ4,2024,1,January
2024-01-01,209,1,Beauty,8,534.7,133.27,0.2492,Stretch,Regional Director,2024,FQ4,2024,1,January
2024-01-01,209,1,Electronics,7,4952.26,2055.26,0.415,Stretch,Finance Ops,2024,FQ4,2024,1,January
2024-01-01,209,1,Fashion,26,2964.15,1336.45,0.4509,Stretch,Finance Ops,2024,FQ4,2024,1,January
2024-01-01,209,1,Furniture,7,5170.37,2318.43,0.4484,Stretch,Finance Ops,2024,FQ4,2024,1,January
2024-01-01,209,1,Grocery,10,262.41,81.5,0.3106,Stretch,Finance Ops,2024,FQ4,2024,1,January
2024-01-01,209,1,Home Appliances,21,7749.97,3579.75,0.4619,Stretch,Finance Ops,2024,FQ4,2024,1,January
2024-01-01,209,1,Office Supplies,16,499.07,259.62,0.5202,Stretch,Finance Ops,2024,FQ4,2024,1,January
2024-01-01,209,1,Sports,29,5800.26,2506.74,0.4322,Stretch,Regional Director,2024,FQ4,2024,1,January
2024-01-01,210,1,Beauty,14,745.37,275.13,0.3691,Stretch,Finance Ops,2024,FQ4,2024,1,January
2024-01-01,210,1,Electronics,32,31492.48,12361.01,0.3925,Stretch,Finance Ops,2024,FQ4,2024,1,January
2024-01-01,210,1,Fashion,16,1627.6,687.15,0.4222,Stretch,Finance Ops,2024,FQ4,2024,1,January
2024-01-01,210,1,Furniture,18,12610.7,3414.36,0.2708,Stretch,Finance Ops,2024,FQ4,2024,1,January
2024-01-01,210,1,Grocery,6,101.26,33.27,0.3286,Stretch,Finance Ops,2024,FQ4,2024,1,January
2024-01-01,210,1,Home Appliances,16,8233.27,3005.72,0.3651,Stretch,Finance Ops,2024,FQ4,2024,1,January
2024-01-01,210,1,Office Supplies,33,1913.95,770.02,0.4023,Stretch,Finance Ops,2024,FQ4,2024,1,January
2024-01-01,210,1,Sports,23,4309.64,1060.64,0.2461,Stretch,Finance Ops,2024,FQ4,2024,1,January
2024-01-01,211,1,Beauty,4,145.2,50.33,0.3466,Stretch,Finance Ops,2024,FQ4,2024,1,January
2024-01-01,211,1,Electronics,7,4400.01,1749.44,0.3976,Stretch,Commercial Planning,2024,FQ4,2024,1,January
2024-01-01,211,1,Fashion,8,880.67,372.06,0.4225,Stretch,Commercial Planning,2024,FQ4,2024,1,January
2024-01-01,211,1,Furniture,2,1161.01,348.53,0.3002,Stretch,Finance Ops,2024,FQ4,2024,1,January
2024-01-01,211,1,Grocery,19,501.43,195.38,0.3896,Stretch,Commercial Planning,2024,FQ4,2024,1,January
2024-01-01,211,1,Home Appliances,17,8183.02,3620.24,0.4424,Stretch,Regional Director,2024,FQ4,2024,1,January
2024-01-01,211,1,Office Supplies,39,2060.2,819.13,0.3976,Stretch,Commercial Planning,2024,FQ4,2024,1,January
2024-01-01,211,1,Sports,9,1423.8,745.05,0.5233,Stretch,Commercial Planning,2024,FQ4,2024,1,January
2024-01-01,212,1,Beauty,25,1805.81,690.45,0.3823,Stretch,Finance Ops,2024,FQ4,2024,1,January
2024-01-01,212,1,Electronics,14,6265.17,2827.97,0.4514,Stretch,Commercial Planning,2024,FQ4,2024,1,January
2024-01-01,212,1,Fashion,3,319.74,117.95,0.3689,Stretch,Regional Director,2024,FQ4,2024,1,January
2024-01-01,212,1,Furniture,26,15151.69,5646.75,0.3727,Stretch,Finance Ops,2024,FQ4,2024,1,January
2024-01-01,212,1,Grocery,10,310.15,108.2,0.3489,Stretch,Finance Ops,2024,FQ4,2024,1,January
2024-01-01,212,1,Home Appliances,15,5355.42,2074.51,0.3874,Stretch,Finance Ops,2024,FQ4,2024,1,January
2024-01-01,212,1,Office Supplies,26,1326.27,565.39,0.4263,Stretch,Finance Ops,2024,FQ4,2024,1,January
2024-01-01,212,1,Sports,8,1212.43,508.59,0.4195,Stretch,Finance Ops,2024,FQ4,2024,1,January
2024-01-01,213,1,Beauty,18,875.01,341.91,0.3907,Stretch,Commercial Planning,2024,FQ4,2024,1,January
2024-01-01,213,1,Electronics,17,15098.17,5850.82,0.3875,Stretch,Commercial Planning,2024,FQ4,2024,1,January
2024-01-01,213,1,Fashion,23,2844.6,1145.14,0.4026,Stretch,Finance Ops,2024,FQ4,2024,1,January
2024-01-01,213,1,Furniture,15,12606.8,5241.55,0.4158,Stretch,Commercial Planning,2024,FQ4,2024,1,January
2024-01-01,213,1,Grocery,20,519.95,210.35,0.4046,Stretch,Commercial Planning,2024,FQ4,2024,1,January
2024-01-01,213,1,Home Appliances,41,20556.5,9156.73,0.4454,Stretch,Regional Director,2024,FQ4,2024,1,January
2024-01-01,213,1,Office Supplies,20,955.83,387.97,0.4059,Stretch,Finance Ops,2024,FQ4,2024,1,January
2024-01-01,213,1,Sports,26,5935.52,2783.29,0.4689,Stretch,Commercial Planning,2024,FQ4,2024,1,January
2024-01-01,214,1,Beauty,10,396.63,133.94,0.3377,Stretch,Commercial Planning,2024,FQ4,2024,1,January
2024-01-01,214,1,Electronics,12,15542.94,7021.09,0.4517,Stretch,Commercial Planning,2024,FQ4,2024,1,January
2024-01-01,214,1,Fashion,9,875.71,346.73,0.3959,Stretch,Commercial Planning,2024,FQ4,2024,1,January
2024-01-01,214,1,Furniture,9,5712.23,1818.13,0.3183,Stretch,Commercial Planning,2024,FQ4,2024,1,January
2024-01-01,214,1,Grocery,8,192.58,61.49,0.3193,Stretch,Finance Ops,2024,FQ4,2024,1,January
2024-01-01,214,1,Home Appliances,11,7760.74,2287.71,0.2948,Stretch,Commercial Planning,2024,FQ4,2024,1,January
2024-01-01,214,1,Office Supplies,19,958.63,441.37,0.4604,Stretch,Commercial Planning,2024,FQ4,2024,1,January
2024-01-01,214,1,Sports,26,5363.16,2332.73,0.435,Stretch,Finance Ops,2024,FQ4,2024,1,January
2024-01-01,215,2,Beauty,53,2663.21,932.17,0.35,Stretch,Finance Ops,2024,FQ4,2024,1,January
2024-01-01,215,2,Electronics,111,94029.56,36579.71,0.389,Stretch,Commercial Planning,2024,FQ4,2024,1,January
2024-01-01,215,2,Fashion,83,8364.54,3146.29,0.3761,Stretch,Commercial Planning,2024,FQ4,2024,1,January
2024-01-01,215,2,Furniture,44,28612.12,10185.99,0.356,Stretch,Commercial Planning,2024,FQ4,2024,1,January
2024-01-01,215,2,Grocery,57,1690.16,767.46,0.4541,Stretch,Finance Ops,2024,FQ4,2024,1,January
2024-01-01,215,2,Home Appliances,63,31129.3,11983.52,0.385,Stretch,Finance Ops,2024,FQ4,2024,1,January
2024-01-01,215,2,Office Supplies,35,1533.83,550.77,0.3591,Stretch,Commercial Planning,2024,FQ4,2024,1,January
2024-01-01,215,2,Sports,89,14814.55,5927.43,0.4001,Stretch,Finance Ops,2024,FQ4,2024,1,January
2024-01-01,216,2,Beauty,103,5121.15,1833.96,0.3581,Stretch,Finance Ops,2024,FQ4,2024,1,January
2024-01-01,216,2,Electronics,117,90788.13,37129.48,0.409,Stretch,Finance Ops,2024,FQ4,2024,1,January
2024-01-01,216,2,Fashion,90,10159.69,4447.77,0.4378,Stretch,Commercial Planning,2024,FQ4,2024,1,January
2024-01-01,216,2,Furniture,58,41699.32,15240.12,0.3655,Stretch,Finance Ops,2024,FQ4,2024,1,January
2024-01-01,216,2,Grocery,33,748.36,306.73,0.4099,Stretch,Finance Ops,2024,FQ4,2024,1,January
2024-01-01,216,2,Home Appliances,67,24778.22,10761.47,0.4343,Stretch,Regional Director,2024,FQ4,2024,1,January
2024-01-01,216,2,Office Supplies,52,2673.79,1174.24,0.4392,Stretch,Regional Director,2024,FQ4,2024,1,January
2024-01-01,216,2,Sports,61,12471.06,4964.15,0.3981,Stretch,Finance Ops,2024,FQ4,2024,1,January
2024-01-01,217,2,Beauty,65,3339.64,1146.86,0.3434,Stretch,Finance Ops,2024,FQ4,2024,1,January
2024-01-01,217,2,Electronics,62,64436.28,23608.51,0.3664,Stretch,Finance Ops,2024,FQ4,2024,1,January
2024-01-01,217,2,Fashion,57,5665.4,2251.0,0.3973,Stretch,Commercial Planning,2024,FQ4,2024,1,January
2024-01-01,217,2,Furniture,15,7196.41,2868.54,0.3986,Stretch,Commercial Planning,2024,FQ4,2024,1,January
2024-01-01,217,2,Grocery,44,1174.93,422.75,0.3598,Stretch,Finance Ops,2024,FQ4,2024,1,January
2024-01-01,217,2,Home Appliances,100,49444.98,20575.97,0.4161,Stretch,Commercial Planning,2024,FQ4,2024,1,January
2024-01-01,217,2,Office Supplies,50,2133.15,1026.76,0.4813,Stretch,Commercial Planning,2024,FQ4,2024,1,January
2024-01-01,217,2,Sports,34,5700.81,2485.54,0.436,Stretch,Finance Ops,2024,FQ4,2024,1,January
2024-01-01,218,3,Beauty,220,10986.27,3459.13,0.3149,Stretch,Regional Director,2024,FQ4,2024,1,January
2024-01-01,218,3,Electronics,405,506185.61,171906.85,0.3396,Stretch,Commercial Planning,2024,FQ4,2024,1,January
2024-01-01,218,3,Fashion,175,13223.43,5668.29,0.4287,Stretch,Commercial Planning,2024,FQ4,2024,1,January
2024-01-01,218,3,Furniture,325,213529.59,68182.92,0.3193,Stretch,Commercial Planning,2024,FQ4,2024,1,January
2024-01-01,218,3,Grocery,247,6127.06,2162.91,0.353,Stretch,Commercial Planning,2024,FQ4,2024,1,January
2024-01-01,218,3,Home Appliances,254,122902.9,51339.52,0.4177,Stretch,Commercial Planning,2024,FQ4,2024,1,January
2024-01-01,218,3,Office Supplies,201,8478.52,3393.81,0.4003,Stretch,Finance Ops,2024,FQ4,2024,1,January
2024-01-01,218,3,Sports,377,55319.95,21899.07,0.3959,Stretch,Commercial Planning,2024,FQ4,2024,1,January
2024-01-01,219,3,Beauty,233,11845.5,3986.71,0.3366,Stretch,Finance Ops,2024,FQ4,2024,1,January
2024-01-01,219,3,Electronics,240,179403.89,61762.72,0.3443,Stretch,Commercial Planning,2024,FQ4,2024,1,January
2024-01-01,219,3,Fashion,276,28808.36,10730.6,0.3725,Stretch,Finance Ops,2024,FQ4,2024,1,January
2024-01-01,219,3,Furniture,98,75898.05,26767.79,0.3527,Stretch,Finance Ops,2024,FQ4,2024,1,January
2024-01-01,219,3,Grocery,332,7113.2,3000.99,0.4219,Stretch,Finance Ops,2024,FQ4,2024,1,January
2024-01-01,219,3,Home Appliances,481,189668.15,67827.49,0.3576,Stretch,Finance Ops,2024,FQ4,2024,1,January
2024-01-01,219,3,Office Supplies,354,18560.57,7470.05,0.4025,Stretch,Finance Ops,2024,FQ4,2024,1,January
2024-01-01,219,3,Sports,308,48516.6,18189.69,0.3749,Stretch,Finance Ops,2024,FQ4,2024,1,January
2024-01-01,220,4,Beauty,106,5776.41,1968.44,0.3408,Stretch,Regional Director,2024,FQ4,2024,1,January
2024-01-01,220,4,Electronics,108,119786.46,46660.11,0.3895,Stretch,Regional Director,2024,FQ4,2024,1,January
2024-01-01,220,4,Fashion,71,6504.8,2705.67,0.4159,Stretch,Commercial Planning,2024,FQ4,2024,1,January
2024-01-01,220,4,Furniture,80,56590.08,20399.01,0.3605,Stretch,Commercial Planning,2024,FQ4,2024,1,January
2024-01-01,220,4,Grocery,69,1997.33,758.55,0.3798,Stretch,Finance Ops,2024,FQ4,2024,1,January
2024-01-01,220,4,Home Appliances,91,47526.84,18489.09,0.389,Stretch,Commercial Planning,2024,FQ4,2024,1,January
2024-01-01,220,4,Office Supplies,76,3766.89,1482.15,0.3935,Stretch,Regional Director,2024,FQ4,2024,1,January
2024-01-01,220,4,Sports,114,21040.69,9061.37,0.4307,Stretch,Commercial Planning,2024,FQ4,2024,1,January
2024-02-01,201,1,Beauty,23,1347.42,386.58,0.2869,Stretch,Regional Director,2024,FQ4,2024,2,February
2024-02-01,201,1,Electronics,13,8247.28,3575.92,0.4336,Stretch,Finance Ops,2024,FQ4,2024,2,February
2024-02-01,201,1,Fashion,34,3163.0,1287.3,0.407,Stretch,Commercial Planning,2024,FQ4,2024,2,February
2024-02-01,201,1,Furniture,16,13487.65,5206.74,0.386,Stretch,Commercial Planning,2024,FQ4,2024,2,February
2024-02-01,201,1,Grocery,11,345.85,120.3,0.3478,Stretch,Finance Ops,2024,FQ4,2024,2,February
2024-02-01,201,1,Home Appliances,10,2441.65,1080.06,0.4423,Stretch,Regional Director,2024,FQ4,2024,2,February
2024-02-01,201,1,Office Supplies,27,810.96,363.87,0.4487,Stretch,Finance Ops,2024,FQ4,2024,2,February
2024-02-01,201,1,Sports,7,1494.86,736.57,0.4927,Stretch,Finance Ops,2024,FQ4,2024,2,February
2024-02-01,202,1,Beauty,12,761.02,264.13,0.3471,Stretch,Commercial Planning,2024,FQ4,2024,2,February
2024-02-01,202,1,Electronics,12,11842.94,4815.19,0.4066,Stretch,Finance Ops,2024,FQ4,2024,2,February
2024-02-01,202,1,Fashion,7,583.87,173.59,0.2973,Stretch,Commercial Planning,2024,FQ4,2024,2,February
2024-02-01,202,1,Furniture,17,7963.6,3490.41,0.4383,Stretch,Regional Director,2024,FQ4,2024,2,February
2024-02-01,202,1,Grocery,17,405.55,165.28,0.4075,Stretch,Finance Ops,2024,FQ4,2024,2,February
2024-02-01,202,1,Home Appliances,12,4765.57,2044.38,0.429,Stretch,Commercial Planning,2024,FQ4,2024,2,February
2024-02-01,202,1,Office Supplies,13,640.1,302.12,0.472,Stretch,Finance Ops,2024,FQ4,2024,2,February
2024-02-01,202,1,Sports,14,1681.2,597.57,0.3554,Stretch,Finance Ops,2024,FQ4,2024,2,February
2024-02-01,203,1,Beauty,18,1048.3,296.44,0.2828,Stretch,Commercial Planning,2024,FQ4,2024,2,February
2024-02-01,203,1,Electronics,16,11757.93,5267.51,0.448,Stretch,Finance Ops,2024,FQ4,2024,2,February
2024-02-01,203,1,Fashion,7,749.59,297.25,0.3966,Stretch,Regional Director,2024,FQ4,2024,2,February
2024-02-01,203,1,Furniture,1,908.81,321.21,0.3534,Stretch,Finance Ops,2024,FQ4,2024,2,February
2024-02-01,203,1,Grocery,7,214.28,95.33,0.4449,Stretch,Commercial Planning,2024,FQ4,2024,2,February
2024-02-01,203,1,Home Appliances,25,9025.19,3613.76,0.4004,Stretch,Regional Director,2024,FQ4,2024,2,February
2024-02-01,203,1,Office Supplies,3,175.67,80.24,0.4568,Stretch,Regional Director,2024,FQ4,2024,2,February
2024-02-01,203,1,Sports,36,5158.77,2360.61,0.4576,Stretch,Finance Ops,2024,FQ4,2024,2,February
2024-02-01,204,1,Beauty,5,459.4,148.92,0.3242,Stretch,Finance Ops,2024,FQ4,2024,2,February
2024-02-01,204,1,Electronics,8,5713.83,1947.0,0.3408,Stretch,Regional Director,2024,FQ4,2024,2,February
2024-02-01,204,1,Fashion,8,846.69,316.65,0.374,Stretch,Commercial Planning,2024,FQ4,2024,2,February
2024-02-01,204,1,Furniture,35,22677.28,8500.68,0.3749,Stretch,Finance Ops,2024,FQ4,2024,2,February
2024-02-01,204,1,Grocery,3,114.98,45.58,0.3964,Stretch,Commercial Planning,2024,FQ4,2024,2,February
2024-02-01,204,1,Home Appliances,8,2771.43,1196.54,0.4317,Stretch,Finance Ops,2024,FQ4,2024,2,February
2024-02-01,204,1,Office Supplies,22,732.33,318.06,0.4343,Stretch,Commercial Planning,2024,FQ4,2024,2,February
2024-02-01,204,1,Sports,13,1693.01,843.76,0.4984,Stretch,Regional Director,2024,FQ4,2024,2,February
2024-02-01,205,1,Beauty,7,336.53,154.02,0.4577,Stretch,Regional Director,2024,FQ4,2024,2,February
2024-02-01,205,1,Electronics,22,22022.94,7118.4,0.3232,Stretch,Regional Director,2024,FQ4,2024,2,February
2024-02-01,205,1,Fashion,25,3067.25,1203.4,0.3923,Stretch,Commercial Planning,2024,FQ4,2024,2,February
2024-02-01,205,1,Furniture,15,5781.47,2332.93,0.4035,Stretch,Finance Ops,2024,FQ4,2024,2,February
2024-02-01,205,1,Grocery,25,851.84,324.07,0.3804,Stretch,Commercial Planning,2024,FQ4,2024,2,February
2024-02-01,205,1,Home Appliances,9,2028.52,1041.28,0.5133,Stretch,Commercial Planning,2024,FQ4,2024,2,February
2024-02-01,205,1,Office Supplies,14,835.99,341.36,0.4083,Stretch,Commercial Planning,2024,FQ4,2024,2,February
2024-02-01,205,1,Sports,16,2426.8,1225.18,0.5049,Stretch,Finance Ops,2024,FQ4,2024,2,February
2024-02-01,206,1,Beauty,10,704.83,253.62,0.3598,Stretch,Regional Director,2024,FQ4,2024,2,February
2024-02-01,206,1,Electronics,11,8830.42,4040.08,0.4575,Stretch,Finance Ops,2024,FQ4,2024,2,February
2024-02-01,206,1,Fashion,11,1149.19,574.09,0.4996,Stretch,Finance Ops,2024,FQ4,2024,2,February
2024-02-01,206,1,Furniture,30,16279.77,5764.71,0.3541,Stretch,Regional Director,2024,FQ4,2024,2,February
2024-02-01,206,1,Grocery,3,48.44,17.7,0.3654,Stretch,Finance Ops,2024,FQ4,2024,2,February
2024-02-01,206,1,Home Appliances,27,9763.35,4230.64,0.4333,Stretch,Finance Ops,2024,FQ4,2024,2,February
2024-02-01,206,1,Office Supplies,20,1214.71,586.3,0.4827,Stretch,Commercial Planning,2024,FQ4,2024,2,February
2024-02-01,206,1,Sports,12,1481.2,677.0,0.4571,Stretch,Finance Ops,2024,FQ4,2024,2,February
2024-02-01,207,1,Beauty,2,81.1,27.34,0.3371,Stretch,Finance Ops,2024,FQ4,2024,2,February
2024-02-01,207,1,Electronics,24,18982.7,7714.57,0.4064,Stretch,Commercial Planning,2024,FQ4,2024,2,February
2024-02-01,207,1,Fashion,7,482.36,229.26,0.4753,Stretch,Commercial Planning,2024,FQ4,2024,2,February
2024-02-01,207,1,Furniture,7,5094.08,1925.98,0.3781,Stretch,Finance Ops,2024,FQ4,2024,2,February
2024-02-01,207,1,Grocery,9,226.17,88.27,0.3903,Stretch,Finance Ops,2024,FQ4,2024,2,February
2024-02-01,207,1,Home Appliances,16,10766.19,5241.24,0.4868,Stretch,Finance Ops,2024,FQ4,2024,2,February
2024-02-01,207,1,Office Supplies,4,165.14,62.79,0.3802,Stretch,Finance Ops,2024,FQ4,2024,2,February
2024-02-01,207,1,Sports,40,7232.44,2993.36,0.4139,Stretch,Finance Ops,2024,FQ4,2024,2,February
2024-02-01,208,1,Beauty,7,353.56,143.01,0.4045,Stretch,Finance Ops,2024,FQ4,2024,2,February
2024-02-01,208,1,Electronics,41,29242.74,15590.72,0.5331,Stretch,Commercial Planning,2024,FQ4,2024,2,February
2024-02-01,208,1,Fashion,18,1032.87,455.88,0.4414,Stretch,Commercial Planning,2024,FQ4,2024,2,February
2024-02-01,208,1,Furniture,12,4185.51,1656.25,0.3957,Stretch,Commercial Planning,2024,FQ4,2024,2,February
2024-02-01,208,1,Grocery,25,471.9,164.64,0.3489,Stretch,Commercial Planning,2024,FQ4,2024,2,February
2024-02-01,208,1,Home Appliances,16,9213.45,3654.43,0.3966,Stretch,Commercial Planning,2024,FQ4,2024,2,February
2024-02-01,208,1,Office Supplies,26,730.26,319.39,0.4374,Stretch,Commercial Planning,2024,FQ4,2024,2,February
2024-02-01,208,1,Sports,17,4475.32,1635.91,0.3655,Stretch,Finance Ops,2024,FQ4,2024,2,February
2024-02-01,209,1,Beauty,14,489.65,186.52,0.3809,Stretch,Commercial Planning,2024,FQ4,2024,2,February
2024-02-01,209,1,Electronics,16,12820.94,4808.37,0.375,Stretch,Regional Director,2024,FQ4,2024,2,February
2024-02-01,209,1,Fashion,12,1579.31,647.98,0.4103,Stretch,Finance Ops,2024,FQ4,2024,2,February
2024-02-01,209,1,Furniture,17,13074.91,4506.6,0.3447,Stretch,Finance Ops,2024,FQ4,2024,2,February
2024-02-01,209,1,Grocery,12,426.45,187.31,0.4392,Stretch,Finance Ops,2024,FQ4,2024,2,February
2024-02-01,209,1,Home Appliances,19,7717.47,3212.25,0.4162,Stretch,Finance Ops,2024,FQ4,2024,2,February
2024-02-01,209,1,Office Supplies,4,244.41,93.54,0.3827,Stretch,Finance Ops,2024,FQ4,2024,2,February
2024-02-01,209,1,Sports,21,2943.29,1367.24,0.4645,Stretch,Regional Director,2024,FQ4,2024,2,February
2024-02-01,210,1,Beauty,23,1301.08,390.46,0.3001,Stretch,Regional Director,2024,FQ4,2024,2,February
2024-02-01,210,1,Electronics,20,16423.77,7204.93,0.4387,Stretch,Regional Director,2024,FQ4,2024,2,February
2024-02-01,210,1,Fashion,17,2251.35,1033.21,0.4589,Stretch,Commercial Planning,2024,FQ4,2024,2,February
2024-02-01,210,1,Furniture,16,8807.13,3599.71,0.4087,Stretch,Finance Ops,2024,FQ4,2024,2,February
2024-02-01,210,1,Grocery,6,181.14,64.89,0.3582,Stretch,Finance Ops,2024,FQ4,2024,2,February
2024-02-01,210,1,Home Appliances,11,5947.08,2341.86,0.3938,Stretch,Regional Director,2024,FQ4,2024,2,February
2024-02-01,210,1,Office Supplies,15,709.2,293.09,0.4133,Stretch,Finance Ops,2024,FQ4,2024,2,February
2024-02-01,210,1,Sports,16,1914.49,887.89,0.4638,Stretch,Finance Ops,2024,FQ4,2024,2,February
2024-02-01,211,1,Beauty,23,1079.34,371.04,0.3438,Stretch,Commercial Planning,2024,FQ4,2024,2,February
2024-02-01,211,1,Electronics,37,41636.31,16635.07,0.3995,Stretch,Regional Director,2024,FQ4,2024,2,February
2024-02-01,211,1,Fashion,8,929.39,381.96,0.411,Stretch,Finance Ops,2024,FQ4,2024,2,February
2024-02-01,211,1,Furniture,14,6007.5,2580.99,0.4296,Stretch,Commercial Planning,2024,FQ4,2024,2,February
2024-02-01,211,1,Grocery,16,481.22,159.98,0.3324,Stretch,Commercial Planning,2024,FQ4,2024,2,February
2024-02-01,211,1,Home Appliances,13,7571.44,3275.85,0.4327,Stretch,Finance Ops,2024,FQ4,2024,2,February
2024-02-01,211,1,Office Supplies,37,1893.15,741.29,0.3916,Stretch,Commercial Planning,2024,FQ4,2024,2,February
2024-02-01,211,1,Sports,17,3459.98,1282.06,0.3705,Stretch,Commercial Planning,2024,FQ4,2024,2,February
2024-02-01,212,1,Beauty,1,69.26,34.95,0.5046,Stretch,Commercial Planning,2024,FQ4,2024,2,February
2024-02-01,212,1,Electronics,7,8088.03,3147.17,0.3891,Stretch,Finance Ops,2024,FQ4,2024,2,February
2024-02-01,212,1,Fashion,17,1101.61,385.15,0.3496,Stretch,Regional Director,2024,FQ4,2024,2,February
2024-02-01,212,1,Furniture,9,9429.79,4441.68,0.471,Stretch,Regional Director,2024,FQ4,2024,2,February
2024-02-01,212,1,Grocery,21,572.94,222.96,0.3892,Stretch,Finance Ops,2024,FQ4,2024,2,February
2024-02-01,212,1,Home Appliances,22,13832.26,6589.54,0.4764,Stretch,Finance Ops,2024,FQ4,2024,2,February
2024-02-01,212,1,Office Supplies,22,1027.56,474.1,0.4614,Stretch,Commercial Planning,2024,FQ4,2024,2,February
2024-02-01,212,1,Sports,19,3514.61,1187.63,0.3379,Stretch,Finance Ops,2024,FQ4,2024,2,February
2024-02-01,213,1,Beauty,9,514.58,184.53,0.3586,Stretch,Finance Ops,2024,FQ4,2024,2,February
2024-02-01,213,1,Electronics,28,23302.08,10483.32,0.4499,Stretch,Finance Ops,2024,FQ4,2024,2,February
2024-02-01,213,1,Fashion,21,1391.17,493.4,0.3547,Stretch,Commercial Planning,2024,FQ4,2024,2,February
2024-02-01,213,1,Furniture,14,6785.91,2189.86,0.3227,Stretch,Finance Ops,2024,FQ4,2024,2,February
2024-02-01,213,1,Grocery,20,487.97,213.08,0.4367,Stretch,Finance Ops,2024,FQ4,2024,2,February
2024-02-01,213,1,Home Appliances,8,3868.07,1279.03,0.3307,Stretch,Regional Director,2024,FQ4,2024,2,February
2024-02-01,213,1,Office Supplies,20,1075.92,440.54,0.4095,Stretch,Commercial Planning,2024,FQ4,2024,2,February
2024-02-01,213,1,Sports,31,4793.98,1770.16,0.3692,Stretch,Regional Director,2024,FQ4,2024,2,February
2024-02-01,214,1,Beauty,5,131.02,45.96,0.3508,Stretch,Commercial Planning,2024,FQ4,2024,2,February
2024-02-01,214,1,Electronics,15,10314.42,4022.99,0.39,Stretch,Finance Ops,2024,FQ4,2024,2,February
2024-02-01,214,1,Fashion,16,2013.01,886.63,0.4404,Stretch,Regional Director,2024,FQ4,2024,2,February
2024-02-01,214,1,Furniture,4,2609.32,890.16,0.3411,Stretch,Regional Director,2024,FQ4,2024,2,February
2024-02-01,214,1,Grocery,10,239.49,103.01,0.4301,Stretch,Finance Ops,2024,FQ4,2024,2,February
2024-02-01,214,1,Home Appliances,16,2343.65,1127.64,0.4811,Stretch,Commercial Planning,2024,FQ4,2024,2,February
2024-02-01,214,1,Office Supplies,12,311.76,121.69,0.3903,Stretch,Commercial Planning,2024,FQ4,2024,2,February
2024-02-01,214,1,Sports,15,3102.89,1530.2,0.4932,Stretch,Finance Ops,2024,FQ4,2024,2,February
2024-02-01,215,2,Beauty,75,3809.27,1338.04,0.3513,Stretch,Finance Ops,2024,FQ4,2024,2,February
2024-02-01,215,2,Electronics,62,62078.11,23302.06,0.3754,Stretch,Finance Ops,2024,FQ4,2024,2,February
2024-02-01,215,2,Fashion,35,3418.66,1517.81,0.444,Stretch,Regional Director,2024,FQ4,2024,2,February
2024-02-01,215,2,Furniture,25,13732.39,5445.43,0.3965,Stretch,Regional Director,2024,FQ4,2024,2,February
2024-02-01,215,2,Grocery,25,860.73,360.06,0.4183,Stretch,Finance Ops,2024,FQ4,2024,2,February
2024-02-01,215,2,Home Appliances,75,39795.56,16678.74,0.4191,Stretch,Finance Ops,2024,FQ4,2024,2,February
2024-02-01,215,2,Office Supplies,60,2992.48,1201.97,0.4017,Stretch,Finance Ops,2024,FQ4,2024,2,February
2024-02-01,215,2,Sports,26,4402.61,1904.45,0.4326,Stretch,Finance Ops,2024,FQ4,2024,2,February
2024-02-01,216,2,Beauty,72,3391.99,1298.85,0.3829,Stretch,Commercial Planning,2024,FQ4,2024,2,February
2024-02-01,216,2,Electronics,114,112923.36,47310.99,0.419,Stretch,Finance Ops,2024,FQ4,2024,2,February
2024-02-01,216,2,Fashion,53,3504.03,1553.85,0.4434,Stretch,Finance Ops,2024,FQ4,2024,2,February
2024-02-01,216,2,Furniture,83,67279.26,26205.16,0.3895,Stretch,Commercial Planning,2024,FQ4,2024,2,February
2024-02-01,216,2,Grocery,81,1803.79,755.53,0.4189,Stretch,Regional Director,2024,FQ4,2024,2,February
2024-02-01,216,2,Home Appliances,101,35442.07,14695.46,0.4146,Stretch,Commercial Planning,2024,FQ4,2024,2,February
2024-02-01,216,2,Office Supplies,45,1974.52,858.99,0.435,Stretch,Commercial Planning,2024,FQ4,2024,2,February
2024-02-01,216,2,Sports,59,10320.95,4612.32,0.4469,Stretch,Regional Director,2024,FQ4,2024,2,February
2024-02-01,217,2,Beauty,39,1981.46,524.48,0.2647,Stretch,Commercial Planning,2024,FQ4,2024,2,February
2024-02-01,217,2,Electronics,92,91427.88,39200.98,0.4288,Stretch,Commercial Planning,2024,FQ4,2024,2,February
2024-02-01,217,2,Fashion,69,5840.46,2249.92,0.3852,Stretch,Finance Ops,2024,FQ4,2024,2,February
2024-02-01,217,2,Furniture,30,22105.3,9080.56,0.4108,Stretch,Finance Ops,2024,FQ4,2024,2,February
2024-02-01,217,2,Grocery,36,784.58,299.57,0.3818,Stretch,Finance Ops,2024,FQ4,2024,2,February
2024-02-01,217,2,Home Appliances,90,33247.03,13265.58,0.399,Stretch,Finance Ops,2024,FQ4,2024,2,February
2024-02-01,217,2,Office Supplies,44,2243.47,946.93,0.4221,Stretch,Finance Ops,2024,FQ4,2024,2,February
2024-02-01,217,2,Sports,54,9732.97,4506.08,0.463,Stretch,Finance Ops,2024,FQ4,2024,2,February
2024-02-01,218,3,Beauty,375,19238.19,6749.15,0.3508,Stretch,Regional Director,2024,FQ4,2024,2,February
2024-02-01,218,3,Electronics,247,292938.61,104190.25,0.3557,Stretch,Finance Ops,2024,FQ4,2024,2,February
2024-02-01,218,3,Fashion,162,19414.06,7713.33,0.3973,Stretch,Finance Ops,2024,FQ4,2024,2,February
2024-02-01,218,3,Furniture,355,207944.45,68480.64,0.3293,Stretch,Regional Director,2024,FQ4,2024,2,February
2024-02-01,218,3,Grocery,320,7996.6,3156.12,0.3947,Stretch,Commercial Planning,2024,FQ4,2024,2,February
2024-02-01,218,3,Home Appliances,401,163371.2,70440.27,0.4312,Stretch,Commercial Planning,2024,FQ4,2024,2,February
2024-02-01,218,3,Office Supplies,218,10831.52,4533.74,0.4186,Stretch,Commercial Planning,2024,FQ4,2024,2,February
2024-02-01,218,3,Sports,240,39145.08,16477.85,0.4209,Stretch,Finance Ops,2024,FQ4,2024,2,February
2024-02-01,219,3,Beauty,390,21967.35,7038.84,0.3204,Stretch,Regional Director,2024,FQ4,2024,2,February
2024-02-01,219,3,Electronics,289,277282.02,116218.64,0.4191,Stretch,Regional Director,2024,FQ4,2024,2,February
2024-02-01,219,3,Fashion,237,28611.95,12658.43,0.4424,Stretch,Finance Ops,2024,FQ4,2024,2,February
2024-02-01,219,3,Furniture,51,33067.56,12029.77,0.3638,Stretch,Regional Director,2024,FQ4,2024,2,February
2024-02-01,219,3,Grocery,287,8005.35,3324.12,0.4152,Stretch,Finance Ops,2024,FQ4,2024,2,February
2024-02-01,219,3,Home Appliances,368,195798.51,77262.05,0.3946,Stretch,Commercial Planning,2024,FQ4,2024,2,February
2024-02-01,219,3,Office Supplies,298,15752.72,6506.23,0.413,Stretch,Finance Ops,2024,FQ4,2024,2,February
2024-02-01,219,3,Sports,149,26746.52,9803.46,0.3665,Stretch,Commercial Planning,2024,FQ4,2024,2,February
2024-02-01,220,4,Beauty,107,5099.21,1830.8,0.359,Stretch,Commercial Planning,2024,FQ4,2024,2,February
2024-02-01,220,4,Electronics,78,91028.03,37220.24,0.4089,Stretch,Finance Ops,2024,FQ4,2024,2,February
2024-02-01,220,4,Fashion,74,9241.52,3919.86,0.4242,Stretch,Finance Ops,2024,FQ4,2024,2,February
2024-02-01,220,4,Furniture,77,46071.59,17686.15,0.3839,Stretch,Finance Ops,2024,FQ4,2024,2,February
2024-02-01,220,4,Grocery,30,852.64,315.5,0.37,Stretch,Commercial Planning,2024,FQ4,2024,2,February
2024-02-01,220,4,Home Appliances,61,26591.84,10533.64,0.3961,Stretch,Regional Director,2024,FQ4,2024,2,February
2024-02-01,220,4,Office Supplies,59,2563.99,1019.94,0.3978,Stretch,Commercial Planning,2024,FQ4,2024,2,February
2024-02-01,220,4,Sports,76,14911.39,6123.44,0.4107,Stretch,Regional Director,2024,FQ4,2024,2,February
2024-03-01,201,1,Beauty,9,375.95,103.67,0.2758,Stretch,Commercial Planning,2024,FQ4,2024,3,March
2024-03-01,201,1,Electronics,23,22626.99,8296.21,0.3667,Stretch,Finance Ops,2024,FQ4,2024,3,March
2024-03-01,201,1,Fashion,24,3123.23,1172.31,0.3754,Stretch,Commercial Planning,2024,FQ4,2024,3,March
2024-03-01,201,1,Furniture,25,18556.7,6997.39,0.3771,Stretch,Commercial Planning,2024,FQ4,2024,3,March
2024-03-01,201,1,Grocery,23,478.67,171.21,0.3577,Stretch,Finance Ops,2024,FQ4,2024,3,March
2024-03-01,201,1,Home Appliances,21,15559.73,7002.66,0.4501,Stretch,Regional Director,2024,FQ4,2024,3,March
2024-03-01,201,1,Office Supplies,12,477.34,146.22,0.3063,Stretch,Regional Director,2024,FQ4,2024,3,March
2024-03-01,201,1,Sports,21,4369.4,1735.12,0.3971,Stretch,Regional Director,2024,FQ4,2024,3,March
2024-03-01,202,1,Beauty,8,252.29,81.08,0.3214,Stretch,Regional Director,2024,FQ4,2024,3,March
2024-03-01,202,1,Electronics,16,12805.18,5259.17,0.4107,Stretch,Finance Ops,2024,FQ4,2024,3,March
2024-03-01,202,1,Fashion,9,627.36,236.61,0.3772,Stretch,Finance Ops,2024,FQ4,2024,3,March
2024-03-01,202,1,Furniture,29,18108.13,7239.78,0.3998,Stretch,Finance Ops,2024,FQ4,2024,3,March
2024-03-01,202,1,Grocery,6,178.91,78.3,0.4377,Stretch,Finance Ops,2024,FQ4,2024,3,March
2024-03-01,202,1,Home Appliances,28,11711.06,4718.91,0.4029,Stretch,Commercial Planning,2024,FQ4,2024,3,March
2024-03-01,202,1,Office Supplies,9,584.69,201.68,0.3449,Stretch,Regional Director,2024,FQ4,2024,3,March
2024-03-01,202,1,Sports,6,1091.67,372.24,0.341,Stretch,Finance Ops,2024,FQ4,2024,3,March
2024-03-01,203,1,Beauty,30,2216.83,748.29,0.3375,Stretch,Finance Ops,2024,FQ4,2024,3,March
2024-03-01,203,1,Electronics,7,6503.83,2385.01,0.3667,Stretch,Finance Ops,2024,FQ4,2024,3,March
2024-03-01,203,1,Fashion,35,4626.36,1937.14,0.4187,Stretch,Finance Ops,2024,FQ4,2024,3,March
2024-03-01,203,1,Furniture,27,21127.67,7360.66,0.3484,Stretch,Finance Ops,2024,FQ4,2024,3,March
2024-03-01,203,1,Grocery,12,534.12,230.46,0.4315,Stretch,Finance Ops,2024,FQ4,2024,3,March
2024-03-01,203,1,Home Appliances,30,16652.77,6258.69,0.3758,Stretch,Finance Ops,2024,FQ4,2024,3,March
2024-03-01,203,1,Office Supplies,28,1453.75,664.8,0.4573,Stretch,Finance Ops,2024,FQ4,2024,3,March
2024-03-01,203,1,Sports,11,1741.72,802.76,0.4609,Stretch,Regional Director,2024,FQ4,2024,3,March
2024-03-01,204,1,Electronics,25,17387.68,7246.07,0.4167,Stretch,Commercial Planning,2024,FQ4,2024,3,March
2024-03-01,204,1,Fashion,9,926.86,361.62,0.3902,Stretch,Finance Ops,2024,FQ4,2024,3,March
2024-03-01,204,1,Furniture,10,4825.08,2004.38,0.4154,Stretch,Finance Ops,2024,FQ4,2024,3,March
2024-03-01,204,1,Grocery,18,672.93,283.63,0.4215,Stretch,Finance Ops,2024,FQ4,2024,3,March
2024-03-01,204,1,Home Appliances,45,26907.57,11239.4,0.4177,Stretch,Commercial Planning,2024,FQ4,2024,3,March
2024-03-01,204,1,Office Supplies,15,511.98,220.39,0.4305,Stretch,Commercial Planning,2024,FQ4,2024,3,March
2024-03-01,204,1,Sports,18,2325.41,871.85,0.3749,Stretch,Regional Director,2024,FQ4,2024,3,March
2024-03-01,205,1,Beauty,18,899.29,354.04,0.3937,Stretch,Finance Ops,2024,FQ4,2024,3,March
2024-03-01,205,1,Electronics,46,48322.95,19590.13,0.4054,Stretch,Commercial Planning,2024,FQ4,2024,3,March
2024-03-01,205,1,Fashion,16,1604.08,587.28,0.3661,Stretch,Finance Ops,2024,FQ4,2024,3,March
2024-03-01,205,1,Furniture,9,4525.32,1270.85,0.2808,Stretch,Commercial Planning,2024,FQ4,2024,3,March
2024-03-01,205,1,Grocery,33,675.04,220.78,0.3271,Stretch,Commercial Planning,2024,FQ4,2024,3,March
2024-03-01,205,1,Home Appliances,16,5358.82,2211.83,0.4127,Stretch,Finance Ops,2024,FQ4,2024,3,March
2024-03-01,205,1,Office Supplies,24,927.65,373.05,0.4021,Stretch,Regional Director,2024,FQ4,2024,3,March
2024-03-01,205,1,Sports,23,3915.06,1833.47,0.4683,Stretch,Regional Director,2024,FQ4,2024,3,March
2024-03-01,206,1,Beauty,20,1136.63,335.89,0.2955,Stretch,Commercial Planning,2024,FQ4,2024,3,March
2024-03-01,206,1,Electronics,21,21375.64,6313.99,0.2954,Stretch,Finance Ops,2024,FQ4,2024,3,March
2024-03-01,206,1,Fashion,7,771.42,287.75,0.373,Stretch,Commercial Planning,2024,FQ4,2024,3,March
2024-03-01,206,1,Furniture,10,7799.78,3234.15,0.4146,Stretch,Commercial Planning,2024,FQ4,2024,3,March
2024-03-01,206,1,Grocery,20,480.74,161.95,0.3369,Stretch,Regional Director,2024,FQ4,2024,3,March
2024-03-01,206,1,Home Appliances,19,9944.99,2722.97,0.2738,Stretch,Commercial Planning,2024,FQ4,2024,3,March
2024-03-01,206,1,Office Supplies,34,1243.44,549.12,0.4416,Stretch,Commercial Planning,2024,FQ4,2024,3,March
2024-03-01,206,1,Sports,13,2184.73,914.4,0.4185,Stretch,Finance Ops,2024,FQ4,2024,3,March
2024-03-01,207,1,Beauty,29,1712.92,628.32,0.3668,Stretch,Regional Director,2024,FQ4,2024,3,March
2024-03-01,207,1,Electronics,5,5790.91,2364.78,0.4084,Stretch,Finance Ops,2024,FQ4,2024,3,March
2024-03-01,207,1,Fashion,21,2605.44,1285.59,0.4934,Stretch,Regional Director,2024,FQ4,2024,3,March
2024-03-01,207,1,Furniture,50,32133.04,13156.1,0.4094,Stretch,Commercial Planning,2024,FQ4,2024,3,March
2024-03-01,207,1,Grocery,22,559.17,203.95,0.3647,Stretch,Commercial Planning,2024,FQ4,2024,3,March
2024-03-01,207,1,Home Appliances,15,3946.67,1508.18,0.3821,Stretch,Regional Director,2024,FQ4,2024,3,March
2024-03-01,207,1,Office Supplies,11,606.72,185.44,0.3056,Stretch,Finance Ops,2024,FQ4,2024,3,March
2024-03-01,207,1,Sports,14,2825.24,966.48,0.3421,Stretch,Commercial Planning,2024,FQ4,2024,3,March
2024-03-01,208,1,Beauty,38,2174.68,782.53,0.3598,Stretch,Finance Ops,2024,FQ4,2024,3,March
2024-03-01,208,1,Electronics,19,22911.88,9318.82,0.4067,Stretch,Commercial Planning,2024,FQ4,2024,3,March
2024-03-01,208,1,Fashion,4,471.71,221.4,0.4694,Stretch,Regional Director,2024,FQ4,2024,3,March
2024-03-01,208,1,Furniture,11,11716.83,3263.0,0.2785,Stretch,Finance Ops,2024,FQ4,2024,3,March
2024-03-01,208,1,Grocery,19,726.64,312.75,0.4304,Stretch,Commercial Planning,2024,FQ4,2024,3,March
2024-03-01,208,1,Home Appliances,23,5844.92,2684.36,0.4593,Stretch,Finance Ops,2024,FQ4,2024,3,March
2024-03-01,208,1,Office Supplies,12,609.85,288.91,0.4737,Stretch,Commercial Planning,2024,FQ4,2024,3,March
2024-03-01,209,1,Beauty,11,566.49,249.34,0.4401,Stretch,Regional Director,2024,FQ4,2024,3,March
2024-03-01,209,1,Electronics,19,12528.93,5038.14,0.4021,Stretch,Finance Ops,2024,FQ4,2024,3,March
2024-03-01,209,1,Fashion,2,281.39,93.56,0.3325,Stretch,Finance Ops,2024,FQ4,2024,3,March
2024-03-01,209,1,Furniture,33,24206.97,10114.41,0.4178,Stretch,Finance Ops,2024,FQ4,2024,3,March
2024-03-01,209,1,Grocery,18,652.49,262.94,0.403,Stretch,Finance Ops,2024,FQ4,2024,3,March
2024-03-01,209,1,Home Appliances,45,18697.98,7657.56,0.4095,Stretch,Commercial Planning,2024,FQ4,2024,3,March
2024-03-01,209,1,Office Supplies,8,456.05,168.2,0.3688,Stretch,Finance Ops,2024,FQ4,2024,3,March
2024-03-01,209,1,Sports,19,2815.76,1210.52,0.4299,Stretch,Commercial Planning,2024,FQ4,2024,3,March
2024-03-01,210,1,Beauty,27,1553.1,508.91,0.3277,Stretch,Commercial Planning,2024,FQ4,2024,3,March
2024-03-01,210,1,Electronics,4,5648.94,1695.58,0.3002,Stretch,Commercial Planning,2024,FQ4,2024,3,March
2024-03-01,210,1,Fashion,6,704.69,265.41,0.3766,Stretch,Regional Director,2024,FQ4,2024,3,March
2024-03-01,210,1,Furniture,6,6751.26,2047.99,0.3033,Stretch,Commercial Planning,2024,FQ4,2024,3,March
2024-03-01,210,1,Grocery,33,609.45,200.49,0.329,Stretch,Finance Ops,2024,FQ4,2024,3,March
2024-03-01,210,1,Home Appliances,26,14093.46,5246.71,0.3723,Stretch,Finance Ops,2024,FQ4,2024,3,March
2024-03-01,210,1,Office Supplies,16,727.09,307.65,0.4231,Stretch,Commercial Planning,2024,FQ4,2024,3,March
2024-03-01,210,1,Sports,13,2221.88,569.5,0.2563,Stretch,Commercial Planning,2024,FQ4,2024,3,March
2024-03-01,211,1,Beauty,3,187.14,51.26,0.2739,Stretch,Regional Director,2024,FQ4,2024,3,March
2024-03-01,211,1,Electronics,11,13060.47,5036.18,0.3856,Stretch,Finance Ops,2024,FQ4,2024,3,March
2024-03-01,211,1,Fashion,12,1197.59,528.97,0.4417,Stretch,Regional Director,2024,FQ4,2024,3,March
2024-03-01,211,1,Furniture,19,12270.67,4633.55,0.3776,Stretch,Commercial Planning,2024,FQ4,2024,3,March
2024-03-01,211,1,Grocery,16,549.1,210.6,0.3835,Stretch,Commercial Planning,2024,FQ4,2024,3,March
2024-03-01,211,1,Home Appliances,25,13090.41,5798.54,0.443,Stretch,Regional Director,2024,FQ4,2024,3,March
2024-03-01,211,1,Office Supplies,27,1653.1,689.95,0.4174,Stretch,Regional Director,2024,FQ4,2024,3,March
2024-03-01,211,1,Sports,12,2724.6,1204.92,0.4422,Stretch,Finance Ops,2024,FQ4,2024,3,March
2024-03-01,212,1,Beauty,25,1499.68,537.65,0.3585,Stretch,Finance Ops,2024,FQ4,2024,3,March
2024-03-01,212,1,Electronics,58,49607.86,19338.08,0.3898,Stretch,Commercial Planning,2024,FQ4,2024,3,March
2024-03-01,212,1,Fashion,18,1328.81,454.35,0.3419,Stretch,Finance Ops,2024,FQ4,2024,3,March
2024-03-01,212,1,Furniture,18,8726.22,3418.34,0.3917,Stretch,Commercial Planning,2024,FQ4,2024,3,March
2024-03-01,212,1,Grocery,25,494.26,205.96,0.4167,Stretch,Regional Director,2024,FQ4,2024,3,March
2024-03-01,212,1,Home Appliances,19,11047.35,3509.96,0.3177,Stretch,Finance Ops,2024,FQ4,2024,3,March
2024-03-01,212,1,Office Supplies,22,883.02,390.54,0.4423,Stretch,Finance Ops,2024,FQ4,2024,3,March
2024-03-01,212,1,Sports,7,717.49,314.0,0.4376,Stretch,Commercial Planning,2024,FQ4,2024,3,March
2024-03-01,213,1,Beauty,29,1293.9,439.0,0.3393,Stretch,Finance Ops,2024,FQ4,2024,3,March
2024-03-01,213,1,Electronics,38,41224.82,16179.24,0.3925,Stretch,Regional Director,2024,FQ4,2024,3,March
2024-03-01,213,1,Fashion,13,1153.43,564.2,0.4891,Stretch,Commercial Planning,2024,FQ4,2024,3,March
2024-03-01,213,1,Furniture,11,4567.12,1772.16,0.388,Stretch,Finance Ops,2024,FQ4,2024,3,March
2024-03-01,213,1,Grocery,14,384.04,154.99,0.4036,Stretch,Finance Ops,2024,FQ4,2024,3,March
2024-03-01,213,1,Home Appliances,28,9817.41,4856.19,0.4947,Stretch,Regional Director,2024,FQ4,2024,3,March
2024-03-01,213,1,Office Supplies,26,1521.23,627.86,0.4127,Stretch,Finance Ops,2024,FQ4,2024,3,March
2024-03-01,213,1,Sports,4,566.96,227.25,0.4008,Stretch,Regional Director,2024,FQ4,2024,3,March
2024-03-01,214,1,Beauty,15,844.8,342.72,0.4057,Stretch,Finance Ops,2024,FQ4,2024,3,March
2024-03-01,214,1,Electronics,26,30135.97,11128.48,0.3693,Stretch,Finance Ops,2024,FQ4,2024,3,March
2024-03-01,214,1,Fashion,16,1007.24,406.31,0.4034,Stretch,Regional Director,2024,FQ4,2024,3,March
2024-03-01,214,1,Furniture,21,14971.0,5266.69,0.3518,Stretch,Commercial Planning,2024,FQ4,2024,3,March
2024-03-01,214,1,Grocery,27,564.31,235.63,0.4176,Stretch,Finance Ops,2024,FQ4,2024,3,March
2024-03-01,214,1,Home Appliances,28,11603.12,5916.48,0.5099,Stretch,Regional Director,2024,FQ4,2024,3,March
2024-03-01,214,1,Office Supplies,28,918.9,303.69,0.3305,Stretch,Regional Director,2024,FQ4,2024,3,March
2024-03-01,214,1,Sports,9,1435.25,667.24,0.4649,Stretch,Finance Ops,2024,FQ4,2024,3,March
2024-03-01,215,2,Beauty,70,3699.84,1142.54,0.3088,Stretch,Finance Ops,2024,FQ4,2024,3,March
2024-03-01,215,2,Electronics,99,117012.78,45535.69,0.3892,Stretch,Regional Director,2024,FQ4,2024,3,March
2024-03-01,215,2,Fashion,92,8794.32,3823.06,0.4347,Stretch,Regional Director,2024,FQ4,2024,3,March
2024-03-01,215,2,Furniture,51,31474.97,13672.32,0.4344,Stretch,Finance Ops,2024,FQ4,2024,3,March
2024-03-01,215,2,Grocery,57,1179.06,341.31,0.2895,Stretch,Finance Ops,2024,FQ4,2024,3,March
2024-03-01,215,2,Home Appliances,79,41274.09,14475.83,0.3507,Stretch,Commercial Planning,2024,FQ4,2024,3,March
2024-03-01,215,2,Office Supplies,58,2633.74,1143.31,0.4341,Stretch,Finance Ops,2024,FQ4,2024,3,March
2024-03-01,215,2,Sports,67,11505.45,4746.62,0.4126,Stretch,Finance Ops,2024,FQ4,2024,3,March
2024-03-01,216,2,Beauty,54,3186.83,1107.67,0.3476,Stretch,Finance Ops,2024,FQ4,2024,3,March
2024-03-01,216,2,Electronics,58,58810.17,24727.84,0.4205,Stretch,Commercial Planning,2024,FQ4,2024,3,March
2024-03-01,216,2,Fashion,49,4455.18,1568.36,0.352,Stretch,Commercial Planning,2024,FQ4,2024,3,March
2024-03-01,216,2,Furniture,59,26921.25,9987.94,0.371,Stretch,Finance Ops,2024,FQ4,2024,3,March
2024-03-01,216,2,Grocery,62,1658.82,662.91,0.3996,Stretch,Commercial Planning,2024,FQ4,2024,3,March
2024-03-01,216,2,Home Appliances,104,48794.01,20150.64,0.413,Stretch,Finance Ops,2024,FQ4,2024,3,March
2024-03-01,216,2,Office Supplies,61,2564.52,1032.89,0.4028,Stretch,Regional Director,2024,FQ4,2024,3,March
2024-03-01,216,2,Sports,54,9742.54,3243.01,0.3329,Stretch,Regional Director,2024,FQ4,2024,3,March
2024-03-01,217,2,Beauty,93,5145.57,1777.72,0.3455,Stretch,Finance Ops,2024,FQ4,2024,3,March
2024-03-01,217,2,Electronics,72,66120.16,27112.67,0.4101,Stretch,Regional Director,2024,FQ4,2024,3,March
2024-03-01,217,2,Fashion,47,2927.94,1264.58,0.4319,Stretch,Finance Ops,2024,FQ4,2024,3,March
2024-03-01,217,2,Furniture,47,21188.01,8744.56,0.4127,Stretch,Commercial Planning,2024,FQ4,2024,3,March
2024-03-01,217,2,Grocery,42,948.16,334.38,0.3527,Stretch,Finance Ops,2024,FQ4,2024,3,March
2024-03-01,217,2,Home Appliances,89,40925.08,15791.78,0.3859,Stretch,Finance Ops,2024,FQ4,2024,3,March
2024-03-01,217,2,Office Supplies,43,1584.48,666.64,0.4207,Stretch,Commercial Planning,2024,FQ4,2024,3,March
2024-03-01,217,2,Sports,68,10204.5,4548.23,0.4457,Stretch,Commercial Planning,2024,FQ4,2024,3,March
2024-03-01,218,3,Beauty,232,11035.88,4117.38,0.3731,Stretch,Regional Director,2024,FQ4,2024,3,March
2024-03-01,218,3,Electronics,331,269844.87,108045.65,0.4004,Stretch,Commercial Planning,2024,FQ4,2024,3,March
2024-03-01,218,3,Fashion,146,11059.95,4016.19,0.3631,Stretch,Finance Ops,2024,FQ4,2024,3,March
2024-03-01,218,3,Furniture,209,109907.25,42061.68,0.3827,Stretch,Finance Ops,2024,FQ4,2024,3,March
2024-03-01,218,3,Grocery,241,5253.11,1703.3,0.3242,Stretch,Finance Ops,2024,FQ4,2024,3,March
2024-03-01,218,3,Home Appliances,452,187037.97,71238.06,0.3809,Stretch,Regional Director,2024,FQ4,2024,3,March
2024-03-01,218,3,Office Supplies,365,17738.55,7178.19,0.4047,Stretch,Commercial Planning,2024,FQ4,2024,3,March
2024-03-01,218,3,Sports,362,65260.84,25308.45,0.3878,Stretch,Commercial Planning,2024,FQ4,2024,3,March
2024-03-01,219,3,Beauty,323,19551.78,6744.76,0.345,Stretch,Commercial Planning,2024,FQ4,2024,3,March
2024-03-01,219,3,Electronics,313,195100.93,75948.51,0.3893,Stretch,Finance Ops,2024,FQ4,2024,3,March
2024-03-01,219,3,Fashion,110,11614.16,4455.96,0.3837,Stretch,Finance Ops,2024,FQ4,2024,3,March
2024-03-01,219,3,Furniture,207,105807.74,38859.95,0.3673,Stretch,Regional Director,2024,FQ4,2024,3,March
2024-03-01,219,3,Grocery,344,7326.6,2590.12,0.3535,Stretch,Commercial Planning,2024,FQ4,2024,3,March
2024-03-01,219,3,Home Appliances,647,277487.56,99698.56,0.3593,Stretch,Finance Ops,2024,FQ4,2024,3,March
2024-03-01,219,3,Office Supplies,383,14361.97,5687.52,0.396,Stretch,Finance Ops,2024,FQ4,2024,3,March
2024-03-01,219,3,Sports,271,45990.51,17318.56,0.3766,Stretch,Commercial Planning,2024,FQ4,2024,3,March
2024-03-01,220,4,Beauty,77,3985.68,1478.99,0.3711,Stretch,Commercial Planning,2024,FQ4,2024,3,March
2024-03-01,220,4,Electronics,145,138127.51,57257.24,0.4145,Stretch,Finance Ops,2024,FQ4,2024,3,March
2024-03-01,220,4,Fashion,92,9391.5,3784.33,0.403,Stretch,Finance Ops,2024,FQ4,2024,3,March
2024-03-01,220,4,Furniture,87,59173.77,23554.94,0.3981,Stretch,Regional Director,2024,FQ4,2024,3,March
2024-03-01,220,4,Grocery,89,2392.19,1006.93,0.4209,Stretch,Finance Ops,2024,FQ4,2024,3,March
2024-03-01,220,4,Home Appliances,104,40142.35,18941.42,0.4719,Stretch,Commercial Planning,2024,FQ4,2024,3,March
2024-03-01,220,4,Office Supplies,92,4512.48,1760.3,0.3901,Stretch,Finance Ops,2024,FQ4,2024,3,March
2024-03-01,220,4,Sports,107,21289.84,6681.42,0.3138,Stretch,Commercial Planning,2024,FQ4,2024,3,March
2024-04-01,201,1,Beauty,7,425.77,188.68,0.4432,Stretch,Commercial Planning,2025,FQ1,2024,4,April
2024-04-01,201,1,Electronics,29,26003.28,11100.93,0.4269,Stretch,Finance Ops,2025,FQ1,2024,4,April
2024-04-01,201,1,Fashion,5,752.0,305.64,0.4064,Stretch,Finance Ops,2025,FQ1,2024,4,April
2024-04-01,201,1,Furniture,14,13937.24,6117.3,0.4389,Stretch,Finance Ops,2025,FQ1,2024,4,April
2024-04-01,201,1,Grocery,21,358.58,141.99,0.396,Stretch,Commercial Planning,2025,FQ1,2024,4,April
2024-04-01,201,1,Home Appliances,28,13461.6,5718.78,0.4248,Stretch,Commercial Planning,2025,FQ1,2024,4,April
2024-04-01,201,1,Office Supplies,25,1084.03,390.1,0.3599,Stretch,Regional Director,2025,FQ1,2024,4,April
2024-04-01,201,1,Sports,32,7603.79,2711.35,0.3566,Stretch,Finance Ops,2025,FQ1,2024,4,April
2024-04-01,202,1,Beauty,6,393.4,153.03,0.389,Stretch,Regional Director,2025,FQ1,2024,4,April
2024-04-01,202,1,Electronics,18,17253.41,6603.05,0.3827,Stretch,Finance Ops,2025,FQ1,2024,4,April
2024-04-01,202,1,Fashion,25,1889.17,704.18,0.3727,Stretch,Finance Ops,2025,FQ1,2024,4,April
2024-04-01,202,1,Furniture,29,17556.72,6479.73,0.3691,Stretch,Finance Ops,2025,FQ1,2024,4,April
2024-04-01,202,1,Grocery,12,362.58,156.39,0.4313,Stretch,Regional Director,2025,FQ1,2024,4,April
2024-04-01,202,1,Home Appliances,26,15595.03,6456.33,0.414,Stretch,Regional Director,2025,FQ1,2024,4,April
2024-04-01,202,1,Office Supplies,15,576.06,234.52,0.4071,Stretch,Finance Ops,2025,FQ1,2024,4,April
2024-04-01,202,1,Sports,21,4041.48,1368.65,0.3387,Stretch,Commercial Planning,2025,FQ1,2024,4,April
2024-04-01,203,1,Beauty,17,1134.28,356.35,0.3142,Stretch,Regional Director,2025,FQ1,2024,4,April
2024-04-01,203,1,Electronics,46,40183.68,17088.67,0.4253,Stretch,Commercial Planning,2025,FQ1,2024,4,April
2024-04-01,203,1,Fashion,4,400.2,138.76,0.3467,Stretch,Finance Ops,2025,FQ1,2024,4,April
2024-04-01,203,1,Furniture,14,5305.36,2097.79,0.3954,Stretch,Commercial Planning,2025,FQ1,2024,4,April
2024-04-01,203,1,Grocery,5,114.53,45.92,0.4009,Stretch,Regional Director,2025,FQ1,2024,4,April
2024-04-01,203,1,Home Appliances,17,7410.26,2533.71,0.3419,Stretch,Commercial Planning,2025,FQ1,2024,4,April
2024-04-01,203,1,Office Supplies,24,1250.01,525.47,0.4204,Stretch,Finance Ops,2025,FQ1,2024,4,April
2024-04-01,203,1,Sports,23,3902.91,1476.49,0.3783,Stretch,Finance Ops,2025,FQ1,2024,4,April
2024-04-01,204,1,Beauty,14,805.4,241.87,0.3003,Stretch,Commercial Planning,2025,FQ1,2024,4,April
2024-04-01,204,1,Electronics,7,4875.09,1785.71,0.3663,Stretch,Regional Director,2025,FQ1,2024,4,April
2024-04-01,204,1,Fashion,23,1819.71,710.65,0.3905,Stretch,Finance Ops,2025,FQ1,2024,4,April
2024-04-01,204,1,Furniture,5,2190.35,927.68,0.4235,Stretch,Finance Ops,2025,FQ1,2024,4,April
2024-04-01,204,1,Grocery,18,372.3,131.14,0.3522,Stretch,Commercial Planning,2025,FQ1,2024,4,April
2024-04-01,204,1,Home Appliances,41,18162.93,7703.63,0.4241,Stretch,Finance Ops,2025,FQ1,2024,4,April
2024-04-01,204,1,Office Supplies,15,824.52,315.97,0.3832,Stretch,Finance Ops,2025,FQ1,2024,4,April
2024-04-01,204,1,Sports,3,344.43,156.25,0.4536,Stretch,Finance Ops,2025,FQ1,2024,4,April
2024-04-01,205,1,Beauty,18,768.83,305.48,0.3973,Stretch,Commercial Planning,2025,FQ1,2024,4,April
2024-04-01,205,1,Electronics,24,28871.1,9557.58,0.331,Stretch,Commercial Planning,2025,FQ1,2024,4,April
2024-04-01,205,1,Fashion,8,612.84,201.21,0.3283,Stretch,Commercial Planning,2025,FQ1,2024,4,April
2024-04-01,205,1,Furniture,15,9397.14,3972.7,0.4228,Stretch,Finance Ops,2025,FQ1,2024,4,April
2024-04-01,205,1,Grocery,8,162.56,61.81,0.3802,Stretch,Commercial Planning,2025,FQ1,2024,4,April
2024-04-01,205,1,Home Appliances,4,2075.88,783.91,0.3776,Stretch,Finance Ops,2025,FQ1,2024,4,April
2024-04-01,205,1,Office Supplies,39,1638.46,674.55,0.4117,Stretch,Finance Ops,2025,FQ1,2024,4,April
2024-04-01,205,1,Sports,13,1663.75,790.66,0.4752,Stretch,Finance Ops,2025,FQ1,2024,4,April
2024-04-01,206,1,Beauty,11,478.73,194.57,0.4064,Stretch,Finance Ops,2025,FQ1,2024,4,April
2024-04-01,206,1,Electronics,24,24505.11,10782.05,0.44,Stretch,Commercial Planning,2025,FQ1,2024,4,April
2024-04-01,206,1,Fashion,3,427.63,187.78,0.4391,Stretch,Finance Ops,2025,FQ1,2024,4,April
2024-04-01,206,1,Furniture,54,29166.05,9742.3,0.334,Stretch,Commercial Planning,2025,FQ1,2024,4,April
2024-04-01,206,1,Grocery,20,501.28,178.22,0.3555,Stretch,Finance Ops,2025,FQ1,2024,4,April
2024-04-01,206,1,Home Appliances,41,21970.65,9985.62,0.4545,Stretch,Regional Director,2025,FQ1,2024,4,April
2024-04-01,206,1,Office Supplies,11,474.76,154.26,0.3249,Stretch,Regional Director,2025,FQ1,2024,4,April
2024-04-01,206,1,Sports,22,3300.2,1451.05,0.4397,Stretch,Commercial Planning,2025,FQ1,2024,4,April
2024-04-01,207,1,Beauty,22,1115.03,376.46,0.3376,Stretch,Finance Ops,2025,FQ1,2024,4,April
2024-04-01,207,1,Electronics,35,26133.35,10239.95,0.3918,Stretch,Commercial Planning,2025,FQ1,2024,4,April
2024-04-01,207,1,Fashion,12,1150.39,445.73,0.3875,Stretch,Finance Ops,2025,FQ1,2024,4,April
2024-04-01,207,1,Furniture,21,12149.92,3453.59,0.2842,Stretch,Commercial Planning,2025,FQ1,2024,4,April
2024-04-01,207,1,Grocery,27,454.84,143.62,0.3158,Stretch,Commercial Planning,2025,FQ1,2024,4,April
2024-04-01,207,1,Home Appliances,37,14907.97,6777.73,0.4546,Stretch,Commercial Planning,2025,FQ1,2024,4,April
2024-04-01,207,1,Office Supplies,38,1531.9,615.79,0.402,Stretch,Finance Ops,2025,FQ1,2024,4,April
2024-04-01,207,1,Sports,22,4652.27,1604.88,0.345,Stretch,Finance Ops,2025,FQ1,2024,4,April
2024-04-01,208,1,Beauty,18,754.83,329.74,0.4368,Stretch,Regional Director,2025,FQ1,2024,4,April
2024-04-01,208,1,Electronics,8,5009.62,1890.51,0.3774,Stretch,Finance Ops,2025,FQ1,2024,4,April
2024-04-01,208,1,Fashion,11,868.65,271.55,0.3126,Stretch,Commercial Planning,2025,FQ1,2024,4,April
2024-04-01,208,1,Furniture,25,15650.17,5533.36,0.3536,Stretch,Regional Director,2025,FQ1,2024,4,April
2024-04-01,208,1,Grocery,21,634.5,241.86,0.3812,Stretch,Commercial Planning,2025,FQ1,2024,4,April
2024-04-01,208,1,Home Appliances,14,7631.03,3053.03,0.4001,Stretch,Finance Ops,2025,FQ1,2024,4,April
2024-04-01,208,1,Office Supplies,14,582.18,236.48,0.4062,Stretch,Finance Ops,2025,FQ1,2024,4,April
2024-04-01,208,1,Sports,26,5801.64,2012.55,0.3469,Stretch,Regional Director,2025,FQ1,2024,4,April
2024-04-01,209,1,Beauty,20,951.24,414.87,0.4361,Stretch,Regional Director,2025,FQ1,2024,4,April
2024-04-01,209,1,Electronics,25,24152.77,9486.03,0.3928,Stretch,Regional Director,2025,FQ1,2024,4,April
2024-04-01,209,1,Fashion,15,1551.98,479.32,0.3088,Stretch,Commercial Planning,2025,FQ1,2024,4,April
2024-04-01,209,1,Furniture,13,5956.26,1998.65,0.3356,Stretch,Finance Ops,2025,FQ1,2024,4,April
2024-04-01,209,1,Grocery,20,609.18,228.2,0.3746,Stretch,Commercial Planning,2025,FQ1,2024,4,April
2024-04-01,209,1,Home Appliances,30,9353.79,4037.58,0.4317,Stretch,Commercial Planning,2025,FQ1,2024,4,April
2024-04-01,209,1,Office Supplies,9,315.24,132.16,0.4192,Stretch,Finance Ops,2025,FQ1,2024,4,April
2024-04-01,209,1,Sports,17,3744.77,1313.77,0.3508,Stretch,Finance Ops,2025,FQ1,2024,4,April
2024-04-01,210,1,Beauty,3,189.18,88.24,0.4664,Stretch,Commercial Planning,2025,FQ1,2024,4,April
2024-04-01,210,1,Electronics,19,21616.3,7561.68,0.3498,Stretch,Finance Ops,2025,FQ1,2024,4,April
2024-04-01,210,1,Fashion,33,3932.34,1677.19,0.4265,Stretch,Regional Director,2025,FQ1,2024,4,April
2024-04-01,210,1,Furniture,5,4169.21,1436.11,0.3445,Stretch,Finance Ops,2025,FQ1,2024,4,April
2024-04-01,210,1,Grocery,6,157.34,49.19,0.3126,Stretch,Commercial Planning,2025,FQ1,2024,4,April
2024-04-01,210,1,Home Appliances,19,11717.22,4114.58,0.3512,Stretch,Regional Director,2025,FQ1,2024,4,April
2024-04-01,210,1,Office Supplies,3,105.55,50.76,0.4809,Stretch,Finance Ops,2025,FQ1,2024,4,April
2024-04-01,210,1,Sports,37,6889.28,3047.8,0.4424,Stretch,Finance Ops,2025,FQ1,2024,4,April
2024-04-01,211,1,Beauty,30,1446.68,470.18,0.325,Stretch,Regional Director,2025,FQ1,2024,4,April
2024-04-01,211,1,Electronics,27,22050.36,8376.08,0.3799,Stretch,Finance Ops,2025,FQ1,2024,4,April
2024-04-01,211,1,Fashion,26,2558.5,838.97,0.3279,Stretch,Finance Ops,2025,FQ1,2024,4,April
2024-04-01,211,1,Furniture,13,7001.53,1809.73,0.2585,Stretch,Finance Ops,2025,FQ1,2024,4,April
2024-04-01,211,1,Grocery,33,769.09,271.04,0.3524,Stretch,Finance Ops,2025,FQ1,2024,4,April
2024-04-01,211,1,Home Appliances,36,13557.04,4468.09,0.3296,Stretch,Finance Ops,2025,FQ1,2024,4,April
2024-04-01,211,1,Office Supplies,19,1131.7,545.21,0.4818,Stretch,Commercial Planning,2025,FQ1,2024,4,April
2024-04-01,211,1,Sports,12,2301.79,751.98,0.3267,Stretch,Finance Ops,2025,FQ1,2024,4,April
2024-04-01,212,1,Beauty,7,337.06,91.17,0.2705,Stretch,Commercial Planning,2025,FQ1,2024,4,April
2024-04-01,212,1,Electronics,11,7671.57,2608.6,0.34,Stretch,Finance Ops,2025,FQ1,2024,4,April
2024-04-01,212,1,Fashion,12,1074.15,392.72,0.3656,Stretch,Commercial Planning,2025,FQ1,2024,4,April
2024-04-01,212,1,Furniture,26,15910.95,7456.1,0.4686,Stretch,Finance Ops,2025,FQ1,2024,4,April
2024-04-01,212,1,Grocery,16,367.96,139.01,0.3778,Stretch,Finance Ops,2025,FQ1,2024,4,April
2024-04-01,212,1,Home Appliances,12,3923.07,1658.09,0.4227,Stretch,Commercial Planning,2025,FQ1,2024,4,April
2024-04-01,212,1,Office Supplies,18,922.16,364.44,0.3952,Stretch,Finance Ops,2025,FQ1,2024,4,April
2024-04-01,212,1,Sports,9,1644.57,516.92,0.3143,Stretch,Finance Ops,2025,FQ1,2024,4,April
2024-04-01,213,1,Beauty,39,1923.58,609.34,0.3168,Stretch,Finance Ops,2025,FQ1,2024,4,April
2024-04-01,213,1,Electronics,20,25158.85,10311.01,0.4098,Stretch,Finance Ops,2025,FQ1,2024,4,April
2024-04-01,213,1,Fashion,14,1164.24,503.44,0.4324,Stretch,Regional Director,2025,FQ1,2024,4,April
2024-04-01,213,1,Furniture,30,19681.49,5444.53,0.2766,Stretch,Commercial Planning,2025,FQ1,2024,4,April
2024-04-01,213,1,Grocery,9,137.98,56.66,0.4106,Stretch,Finance Ops,2025,FQ1,2024,4,April
2024-04-01,213,1,Home Appliances,12,5258.7,1739.28,0.3307,Stretch,Finance Ops,2025,FQ1,2024,4,April
2024-04-01,213,1,Office Supplies,22,1095.91,444.33,0.4054,Stretch,Regional Director,2025,FQ1,2024,4,April
2024-04-01,213,1,Sports,24,3118.09,1346.5,0.4318,Stretch,Regional Director,2025,FQ1,2024,4,April
2024-04-01,214,1,Beauty,22,1004.62,350.08,0.3485,Stretch,Regional Director,2025,FQ1,2024,4,April
2024-04-01,214,1,Electronics,27,29365.23,12339.03,0.4202,Stretch,Finance Ops,2025,FQ1,2024,4,April
2024-04-01,214,1,Fashion,15,1233.1,478.12,0.3877,Stretch,Commercial Planning,2025,FQ1,2024,4,April
2024-04-01,214,1,Furniture,12,11013.42,3949.25,0.3586,Stretch,Regional Director,2025,FQ1,2024,4,April
2024-04-01,214,1,Grocery,14,323.91,140.36,0.4333,Stretch,Commercial Planning,2025,FQ1,2024,4,April
2024-04-01,214,1,Home Appliances,32,15325.85,5691.08,0.3713,Stretch,Finance Ops,2025,FQ1,2024,4,April
2024-04-01,214,1,Office Supplies,28,1098.73,435.07,0.396,Stretch,Regional Director,2025,FQ1,2024,4,April
2024-04-01,214,1,Sports,19,3143.38,1228.24,0.3907,Stretch,Commercial Planning,2025,FQ1,2024,4,April
2024-04-01,215,2,Beauty,89,4355.24,1438.64,0.3303,Stretch,Commercial Planning,2025,FQ1,2024,4,April
2024-04-01,215,2,Electronics,63,75711.52,26988.12,0.3565,Stretch,Finance Ops,2025,FQ1,2024,4,April
2024-04-01,215,2,Fashion,104,11423.41,3881.24,0.3398,Stretch,Finance Ops,2025,FQ1,2024,4,April
2024-04-01,215,2,Furniture,70,47501.42,16417.43,0.3456,Stretch,Finance Ops,2025,FQ1,2024,4,April
2024-04-01,215,2,Grocery,51,1529.75,556.66,0.3639,Stretch,Commercial Planning,2025,FQ1,2024,4,April
2024-04-01,215,2,Home Appliances,72,35675.27,11823.71,0.3314,Stretch,Finance Ops,2025,FQ1,2024,4,April
2024-04-01,215,2,Office Supplies,46,2649.64,1024.1,0.3865,Stretch,Commercial Planning,2025,FQ1,2024,4,April
2024-04-01,215,2,Sports,31,4963.89,1604.91,0.3233,Stretch,Commercial Planning,2025,FQ1,2024,4,April
2024-04-01,216,2,Beauty,98,5575.88,1848.68,0.3315,Stretch,Regional Director,2025,FQ1,2024,4,April
2024-04-01,216,2,Electronics,77,85325.34,30749.6,0.3604,Stretch,Commercial Planning,2025,FQ1,2024,4,April
2024-04-01,216,2,Fashion,79,6023.55,2338.38,0.3882,Stretch,Finance Ops,2025,FQ1,2024,4,April
2024-04-01,216,2,Furniture,75,62477.58,24216.0,0.3876,Stretch,Regional Director,2025,FQ1,2024,4,April
2024-04-01,216,2,Grocery,36,624.28,270.79,0.4338,Stretch,Finance Ops,2025,FQ1,2024,4,April
2024-04-01,216,2,Home Appliances,42,20351.1,7041.13,0.346,Stretch,Finance Ops,2025,FQ1,2024,4,April
2024-04-01,216,2,Office Supplies,77,4173.1,1781.91,0.427,Stretch,Commercial Planning,2025,FQ1,2024,4,April
2024-04-01,216,2,Sports,65,13087.84,4677.58,0.3574,Stretch,Commercial Planning,2025,FQ1,2024,4,April
2024-04-01,217,2,Beauty,76,3789.45,1470.17,0.388,Stretch,Regional Director,2025,FQ1,2024,4,April
2024-04-01,217,2,Electronics,55,53561.96,22854.86,0.4267,Stretch,Regional Director,2025,FQ1,2024,4,April
2024-04-01,217,2,Fashion,76,7234.04,2942.46,0.4068,Stretch,Commercial Planning,2025,FQ1,2024,4,April
2024-04-01,217,2,Furniture,63,38179.06,14230.05,0.3727,Stretch,Finance Ops,2025,FQ1,2024,4,April
2024-04-01,217,2,Grocery,87,1837.06,678.21,0.3692,Stretch,Finance Ops,2025,FQ1,2024,4,April
2024-04-01,217,2,Home Appliances,122,48002.65,21126.96,0.4401,Stretch,Finance Ops,2025,FQ1,2024,4,April
2024-04-01,217,2,Office Supplies,58,2706.13,1117.03,0.4128,Stretch,Finance Ops,2025,FQ1,2024,4,April
2024-04-01,217,2,Sports,65,12551.3,4641.15,0.3698,Stretch,Regional Director,2025,FQ1,2024,4,April
2024-04-01,218,3,Beauty,135,6953.16,2552.08,0.367,Stretch,Commercial Planning,2025,FQ1,2024,4,April
2024-04-01,218,3,Electronics,273,247798.94,87877.94,0.3546,Stretch,Commercial Planning,2025,FQ1,2024,4,April
2024-04-01,218,3,Fashion,108,9878.6,3072.85,0.3111,Stretch,Commercial Planning,2025,FQ1,2024,4,April
2024-04-01,218,3,Furniture,373,253647.04,93950.08,0.3704,Stretch,Finance Ops,2025,FQ1,2024,4,April
2024-04-01,218,3,Grocery,265,6536.8,2277.52,0.3484,Stretch,Regional Director,2025,FQ1,2024,4,April
2024-04-01,218,3,Home Appliances,790,387902.97,163896.44,0.4225,Stretch,Regional Director,2025,FQ1,2024,4,April
2024-04-01,218,3,Office Supplies,203,9238.87,3782.27,0.4094,Stretch,Regional Director,2025,FQ1,2024,4,April
2024-04-01,218,3,Sports,343,56339.86,21369.97,0.3793,Stretch,Finance Ops,2025,FQ1,2024,4,April
2024-04-01,219,3,Beauty,312,17800.15,5479.11,0.3078,Stretch,Finance Ops,2025,FQ1,2024,4,April
2024-04-01,219,3,Electronics,314,351488.71,130850.97,0.3723,Stretch,Commercial Planning,2025,FQ1,2024,4,April
2024-04-01,219,3,Fashion,259,22725.16,9858.65,0.4338,Stretch,Regional Director,2025,FQ1,2024,4,April
2024-04-01,219,3,Furniture,329,223631.47,78637.54,0.3516,Stretch,Finance Ops,2025,FQ1,2024,4,April
2024-04-01,219,3,Grocery,427,10271.06,3676.26,0.3579,Stretch,Finance Ops,2025,FQ1,2024,4,April
2024-04-01,219,3,Home Appliances,392,147652.82,47333.97,0.3206,Stretch,Commercial Planning,2025,FQ1,2024,4,April
2024-04-01,219,3,Office Supplies,250,11405.06,4348.12,0.3812,Stretch,Regional Director,2025,FQ1,2024,4,April
2024-04-01,219,3,Sports,253,32937.63,10694.19,0.3247,Stretch,Finance Ops,2025,FQ1,2024,4,April
2024-04-01,220,4,Beauty,99,4392.46,1466.7,0.3339,Stretch,Finance Ops,2025,FQ1,2024,4,April
2024-04-01,220,4,Electronics,69,66665.74,25115.0,0.3767,Stretch,Regional Director,2025,FQ1,2024,4,April
2024-04-01,220,4,Fashion,39,4300.87,1677.58,0.3901,Stretch,Regional Director,2025,FQ1,2024,4,April
2024-04-01,220,4,Furniture,97,61127.81,21331.01,0.349,Stretch,Commercial Planning,2025,FQ1,2024,4,April
2024-04-01,220,4,Grocery,80,1855.11,735.25,0.3963,Stretch,Finance Ops,2025,FQ1,2024,4,April
2024-04-01,220,4,Home Appliances,111,55437.04,21027.48,0.3793,Stretch,Commercial Planning,2025,FQ1,2024,4,April
2024-04-01,220,4,Office Supplies,59,2677.62,1060.6,0.3961,Stretch,Regional Director,2025,FQ1,2024,4,April
2024-04-01,220,4,Sports,100,16624.61,7273.34,0.4375,Stretch,Regional Director,2025,FQ1,2024,4,April
2024-05-01,201,1,Beauty,24,1179.59,404.47,0.3429,Stretch,Commercial Planning,2025,FQ1,2024,5,May
2024-05-01,201,1,Electronics,26,28311.72,12585.25,0.4445,Stretch,Finance Ops,2025,FQ1,2024,5,May
2024-05-01,201,1,Fashion,25,2734.44,1068.22,0.3907,Stretch,Regional Director,2025,FQ1,2024,5,May
2024-05-01,201,1,Furniture,27,12691.87,5127.09,0.404,Stretch,Commercial Planning,2025,FQ1,2024,5,May
2024-05-01,201,1,Grocery,5,93.28,36.5,0.3913,Stretch,Commercial Planning,2025,FQ1,2024,5,May
2024-05-01,201,1,Home Appliances,35,20105.84,9811.47,0.488,Stretch,Regional Director,2025,FQ1,2024,5,May
2024-05-01,201,1,Office Supplies,17,545.4,242.38,0.4444,Stretch,Finance Ops,2025,FQ1,2024,5,May
2024-05-01,201,1,Sports,12,1329.81,623.56,0.4689,Stretch,Commercial Planning,2025,FQ1,2024,5,May
2024-05-01,202,1,Beauty,35,1649.51,573.43,0.3476,Stretch,Finance Ops,2025,FQ1,2024,5,May
2024-05-01,202,1,Electronics,50,41372.88,20386.47,0.4927,Stretch,Regional Director,2025,FQ1,2024,5,May
2024-05-01,202,1,Fashion,25,2184.26,831.6,0.3807,Stretch,Regional Director,2025,FQ1,2024,5,May
2024-05-01,202,1,Furniture,19,15251.84,5611.72,0.3679,Stretch,Commercial Planning,2025,FQ1,2024,5,May
2024-05-01,202,1,Grocery,28,830.07,304.26,0.3665,Stretch,Commercial Planning,2025,FQ1,2024,5,May
2024-05-01,202,1,Home Appliances,19,12889.4,6173.77,0.479,Stretch,Finance Ops,2025,FQ1,2024,5,May
2024-05-01,202,1,Office Supplies,15,753.68,345.13,0.4579,Stretch,Commercial Planning,2025,FQ1,2024,5,May
2024-05-01,202,1,Sports,24,5011.36,1700.91,0.3394,Stretch,Finance Ops,2025,FQ1,2024,5,May
2024-05-01,203,1,Beauty,22,1133.62,424.22,0.3742,Stretch,Commercial Planning,2025,FQ1,2024,5,May
2024-05-01,203,1,Electronics,32,39326.98,17899.72,0.4552,Stretch,Regional Director,2025,FQ1,2024,5,May
2024-05-01,203,1,Fashion,29,3174.31,1033.98,0.3257,Stretch,Finance Ops,2025,FQ1,2024,5,May
2024-05-01,203,1,Furniture,9,3815.98,1449.13,0.3798,Stretch,Finance Ops,2025,FQ1,2024,5,May
2024-05-01,203,1,Grocery,24,441.17,191.57,0.4342,Stretch,Finance Ops,2025,FQ1,2024,5,May
2024-05-01,203,1,Home Appliances,20,9581.55,3306.54,0.3451,Stretch,Regional Director,2025,FQ1,2024,5,May
2024-05-01,203,1,Office Supplies,21,977.31,433.46,0.4435,Stretch,Finance Ops,2025,FQ1,2024,5,May
2024-05-01,203,1,Sports,9,1814.01,686.57,0.3785,Stretch,Finance Ops,2025,FQ1,2024,5,May
2024-05-01,204,1,Beauty,42,2472.86,829.55,0.3355,Stretch,Regional Director,2025,FQ1,2024,5,May
2024-05-01,204,1,Electronics,45,41492.58,17044.08,0.4108,Stretch,Commercial Planning,2025,FQ1,2024,5,May
2024-05-01,204,1,Fashion,29,2834.42,1140.11,0.4022,Stretch,Commercial Planning,2025,FQ1,2024,5,May
2024-05-01,204,1,Furniture,38,26763.23,9825.4,0.3671,Stretch,Regional Director,2025,FQ1,2024,5,May
2024-05-01,204,1,Grocery,19,579.45,239.15,0.4127,Stretch,Finance Ops,2025,FQ1,2024,5,May
2024-05-01,204,1,Home Appliances,22,7555.91,2842.6,0.3762,Stretch,Finance Ops,2025,FQ1,2024,5,May
2024-05-01,204,1,Office Supplies,11,428.81,167.98,0.3917,Stretch,Finance Ops,2025,FQ1,2024,5,May
2024-05-01,204,1,Sports,10,2256.08,866.37,0.384,Stretch,Commercial Planning,2025,FQ1,2024,5,May
2024-05-01,205,1,Beauty,7,167.74,61.7,0.3678,Stretch,Finance Ops,2025,FQ1,2024,5,May
2024-05-01,205,1,Electronics,15,14202.7,5491.46,0.3866,Stretch,Finance Ops,2025,FQ1,2024,5,May
2024-05-01,205,1,Fashion,12,862.34,291.05,0.3375,Stretch,Regional Director,2025,FQ1,2024,5,May
2024-05-01,205,1,Furniture,21,10183.48,3225.7,0.3168,Stretch,Regional Director,2025,FQ1,2024,5,May
2024-05-01,205,1,Grocery,21,339.16,121.95,0.3596,Stretch,Finance Ops,2025,FQ1,2024,5,May
2024-05-01,205,1,Home Appliances,23,9266.13,4127.83,0.4455,Stretch,Commercial Planning,2025,FQ1,2024,5,May
2024-05-01,205,1,Office Supplies,23,1292.19,477.13,0.3692,Stretch,Finance Ops,2025,FQ1,2024,5,May
2024-05-01,205,1,Sports,20,3098.38,1266.43,0.4087,Stretch,Regional Director,2025,FQ1,2024,5,May
2024-05-01,206,1,Beauty,17,911.88,388.12,0.4256,Stretch,Finance Ops,2025,FQ1,2024,5,May
2024-05-01,206,1,Electronics,20,22117.33,8196.86,0.3706,Stretch,Commercial Planning,2025,FQ1,2024,5,May
2024-05-01,206,1,Fashion,17,1044.0,410.88,0.3936,Stretch,Finance Ops,2025,FQ1,2024,5,May
2024-05-01,206,1,Furniture,12,13693.57,5072.76,0.3704,Stretch,Finance Ops,2025,FQ1,2024,5,May
2024-05-01,206,1,Grocery,34,1207.06,493.7,0.409,Stretch,Finance Ops,2025,FQ1,2024,5,May
2024-05-01,206,1,Home Appliances,52,19936.1,7647.16,0.3836,Stretch,Commercial Planning,2025,FQ1,2024,5,May
2024-05-01,206,1,Office Supplies,24,1337.69,569.42,0.4257,Stretch,Commercial Planning,2025,FQ1,2024,5,May
2024-05-01,206,1,Sports,20,2850.99,1273.37,0.4466,Stretch,Commercial Planning,2025,FQ1,2024,5,May
2024-05-01,207,1,Beauty,19,1249.75,496.0,0.3969,Stretch,Regional Director,2025,FQ1,2024,5,May
2024-05-01,207,1,Electronics,18,11052.77,3766.83,0.3408,Stretch,Finance Ops,2025,FQ1,2024,5,May
2024-05-01,207,1,Fashion,26,3415.13,1604.11,0.4697,Stretch,Finance Ops,2025,FQ1,2024,5,May
2024-05-01,207,1,Furniture,36,15264.88,6810.26,0.4461,Stretch,Finance Ops,2025,FQ1,2024,5,May
2024-05-01,207,1,Grocery,32,904.43,384.78,0.4254,Stretch,Regional Director,2025,FQ1,2024,5,May
2024-05-01,207,1,Home Appliances,11,5955.72,2338.04,0.3926,Stretch,Finance Ops,2025,FQ1,2024,5,May
2024-05-01,207,1,Office Supplies,23,1201.34,561.01,0.467,Stretch,Finance Ops,2025,FQ1,2024,5,May
2024-05-01,207,1,Sports,4,512.21,139.7,0.2727,Stretch,Commercial Planning,2025,FQ1,2024,5,May
2024-05-01,208,1,Beauty,12,787.94,253.8,0.3221,Stretch,Finance Ops,2025,FQ1,2024,5,May
2024-05-01,208,1,Electronics,19,24339.43,8935.09,0.3671,Stretch,Finance Ops,2025,FQ1,2024,5,May
2024-05-01,208,1,Fashion,19,2234.68,967.62,0.433,Stretch,Finance Ops,2025,FQ1,2024,5,May
2024-05-01,208,1,Furniture,8,6758.6,2325.45,0.3441,Stretch,Regional Director,2025,FQ1,2024,5,May
2024-05-01,208,1,Grocery,8,225.45,96.05,0.426,Stretch,Commercial Planning,2025,FQ1,2024,5,May
2024-05-01,208,1,Home Appliances,23,11577.42,4921.26,0.4251,Stretch,Finance Ops,2025,FQ1,2024,5,May
2024-05-01,208,1,Office Supplies,10,499.12,181.06,0.3628,Stretch,Finance Ops,2025,FQ1,2024,5,May
2024-05-01,208,1,Sports,22,3830.39,1293.02,0.3376,Stretch,Finance Ops,2025,FQ1,2024,5,May
2024-05-01,209,1,Beauty,33,1732.5,800.76,0.4622,Stretch,Commercial Planning,2025,FQ1,2024,5,May
2024-05-01,209,1,Electronics,6,9117.96,3394.78,0.3723,Stretch,Commercial Planning,2025,FQ1,2024,5,May
2024-05-01,209,1,Fashion,16,1336.3,634.31,0.4747,Stretch,Finance Ops,2025,FQ1,2024,5,May
2024-05-01,209,1,Furniture,27,15533.94,5033.88,0.3241,Stretch,Finance Ops,2025,FQ1,2024,5,May
2024-05-01,209,1,Grocery,37,900.45,330.06,0.3666,Stretch,Commercial Planning,2025,FQ1,2024,5,May
2024-05-01,209,1,Home Appliances,47,17763.03,7815.1,0.44,Stretch,Finance Ops,2025,FQ1,2024,5,May
2024-05-01,209,1,Office Supplies,32,1882.14,775.02,0.4118,Stretch,Regional Director,2025,FQ1,2024,5,May
2024-05-01,209,1,Sports,3,699.5,338.7,0.4842,Stretch,Finance Ops,2025,FQ1,2024,5,May
2024-05-01,210,1,Beauty,20,1187.43,459.96,0.3874,Stretch,Commercial Planning,2025,FQ1,2024,5,May
2024-05-01,210,1,Electronics,12,10360.77,4159.25,0.4014,Stretch,Commercial Planning,2025,FQ1,2024,5,May
2024-05-01,210,1,Fashion,10,1293.23,489.34,0.3784,Stretch,Regional Director,2025,FQ1,2024,5,May
2024-05-01,210,1,Furniture,9,5974.38,2539.84,0.4251,Stretch,Regional Director,2025,FQ1,2024,5,May
2024-05-01,210,1,Grocery,16,322.17,136.46,0.4236,Stretch,Regional Director,2025,FQ1,2024,5,May
2024-05-01,210,1,Home Appliances,12,4710.33,1975.67,0.4194,Stretch,Commercial Planning,2025,FQ1,2024,5,May
2024-05-01,210,1,Office Supplies,17,774.2,340.54,0.4399,Stretch,Finance Ops,2025,FQ1,2024,5,May
2024-05-01,210,1,Sports,16,3459.79,1666.15,0.4816,Stretch,Regional Director,2025,FQ1,2024,5,May
2024-05-01,211,1,Beauty,3,228.15,81.12,0.3556,Stretch,Commercial Planning,2025,FQ1,2024,5,May
2024-05-01,211,1,Electronics,17,14048.6,4914.37,0.3498,Stretch,Finance Ops,2025,FQ1,2024,5,May
2024-05-01,211,1,Fashion,17,1659.98,700.84,0.4222,Stretch,Regional Director,2025,FQ1,2024,5,May
2024-05-01,211,1,Furniture,22,11696.89,4230.59,0.3617,Stretch,Finance Ops,2025,FQ1,2024,5,May
2024-05-01,211,1,Grocery,29,858.06,328.51,0.3829,Stretch,Finance Ops,2025,FQ1,2024,5,May
2024-05-01,211,1,Home Appliances,28,12887.18,5031.92,0.3905,Stretch,Commercial Planning,2025,FQ1,2024,5,May
2024-05-01,211,1,Office Supplies,20,817.29,262.37,0.321,Stretch,Finance Ops,2025,FQ1,2024,5,May
2024-05-01,211,1,Sports,15,2430.76,1043.48,0.4293,Stretch,Finance Ops,2025,FQ1,2024,5,May
2024-05-01,212,1,Beauty,22,814.65,314.17,0.3857,Stretch,Finance Ops,2025,FQ1,2024,5,May
2024-05-01,212,1,Electronics,15,16613.38,7180.72,0.4322,Stretch,Finance Ops,2025,FQ1,2024,5,May
2024-05-01,212,1,Fashion,8,507.02,217.35,0.4287,Stretch,Finance Ops,2025,FQ1,2024,5,May
2024-05-01,212,1,Furniture,21,18662.01,6693.66,0.3587,Stretch,Finance Ops,2025,FQ1,2024,5,May
2024-05-01,212,1,Grocery,16,378.47,135.44,0.3579,Stretch,Commercial Planning,2025,FQ1,2024,5,May
2024-05-01,212,1,Home Appliances,45,9797.09,4070.59,0.4155,Stretch,Finance Ops,2025,FQ1,2024,5,May
2024-05-01,212,1,Office Supplies,21,1198.51,470.72,0.3928,Stretch,Regional Director,2025,FQ1,2024,5,May
2024-05-01,212,1,Sports,18,2448.32,973.14,0.3975,Stretch,Finance Ops,2025,FQ1,2024,5,May
2024-05-01,213,1,Beauty,15,697.85,275.92,0.3954,Stretch,Commercial Planning,2025,FQ1,2024,5,May
2024-05-01,213,1,Electronics,18,22951.69,8420.16,0.3669,Stretch,Commercial Planning,2025,FQ1,2024,5,May
2024-05-01,213,1,Fashion,43,4210.83,1568.97,0.3726,Stretch,Commercial Planning,2025,FQ1,2024,5,May
2024-05-01,213,1,Furniture,15,9609.23,4474.93,0.4657,Stretch,Finance Ops,2025,FQ1,2024,5,May
2024-05-01,213,1,Grocery,20,459.45,154.54,0.3364,Stretch,Finance Ops,2025,FQ1,2024,5,May
2024-05-01,213,1,Home Appliances,46,27154.66,12662.38,0.4663,Stretch,Regional Director,2025,FQ1,2024,5,May
2024-05-01,213,1,Office Supplies,34,1899.66,890.88,0.469,Stretch,Regional Director,2025,FQ1,2024,5,May
2024-05-01,213,1,Sports,20,4890.1,2233.36,0.4567,Stretch,Commercial Planning,2025,FQ1,2024,5,May
2024-05-01,214,1,Beauty,14,695.07,333.1,0.4792,Stretch,Commercial Planning,2025,FQ1,2024,5,May
2024-05-01,214,1,Electronics,24,28886.07,12203.76,0.4225,Stretch,Finance Ops,2025,FQ1,2024,5,May
2024-05-01,214,1,Fashion,8,614.27,225.0,0.3663,Stretch,Finance Ops,2025,FQ1,2024,5,May
2024-05-01,214,1,Furniture,7,6227.55,2172.62,0.3489,Stretch,Regional Director,2025,FQ1,2024,5,May
2024-05-01,214,1,Grocery,42,845.07,320.01,0.3787,Stretch,Finance Ops,2025,FQ1,2024,5,May
2024-05-01,214,1,Home Appliances,28,9679.46,3658.96,0.378,Stretch,Commercial Planning,2025,FQ1,2024,5,May
2024-05-01,214,1,Office Supplies,37,1833.55,840.43,0.4584,Stretch,Finance Ops,2025,FQ1,2024,5,May
2024-05-01,214,1,Sports,17,2405.52,1221.9,0.508,Stretch,Finance Ops,2025,FQ1,2024,5,May
2024-05-01,215,2,Beauty,79,4442.9,1693.36,0.3811,Stretch,Commercial Planning,2025,FQ1,2024,5,May
2024-05-01,215,2,Electronics,91,81807.8,30446.46,0.3722,Stretch,Commercial Planning,2025,FQ1,2024,5,May
2024-05-01,215,2,Fashion,88,7781.4,2964.18,0.3809,Stretch,Commercial Planning,2025,FQ1,2024,5,May
2024-05-01,215,2,Furniture,74,38197.63,16538.32,0.433,Stretch,Finance Ops,2025,FQ1,2024,5,May
2024-05-01,215,2,Grocery,58,1668.5,629.51,0.3773,Stretch,Finance Ops,2025,FQ1,2024,5,May
2024-05-01,215,2,Home Appliances,98,50313.6,20380.31,0.4051,Stretch,Regional Director,2025,FQ1,2024,5,May
2024-05-01,215,2,Office Supplies,46,2414.6,1033.2,0.4279,Stretch,Finance Ops,2025,FQ1,2024,5,May
2024-05-01,215,2,Sports,69,12613.23,4660.2,0.3695,Stretch,Commercial Planning,2025,FQ1,2024,5,May
2024-05-01,216,2,Beauty,77,4133.62,1523.7,0.3686,Stretch,Commercial Planning,2025,FQ1,2024,5,May
2024-05-01,216,2,Electronics,75,73336.72,30482.05,0.4156,Stretch,Finance Ops,2025,FQ1,2024,5,May
2024-05-01,216,2,Fashion,62,5046.34,2293.21,0.4544,Stretch,Commercial Planning,2025,FQ1,2024,5,May
2024-05-01,216,2,Furniture,29,30758.63,10725.38,0.3487,Stretch,Commercial Planning,2025,FQ1,2024,5,May
2024-05-01,216,2,Grocery,60,1811.45,745.67,0.4116,Stretch,Finance Ops,2025,FQ1,2024,5,May
2024-05-01,216,2,Home Appliances,73,29149.64,11348.18,0.3893,Stretch,Finance Ops,2025,FQ1,2024,5,May
2024-05-01,216,2,Office Supplies,39,1436.27,629.06,0.438,Stretch,Commercial Planning,2025,FQ1,2024,5,May
2024-05-01,216,2,Sports,46,7629.48,3449.48,0.4521,Stretch,Regional Director,2025,FQ1,2024,5,May
2024-05-01,217,2,Beauty,79,5267.35,1801.27,0.342,Stretch,Finance Ops,2025,FQ1,2024,5,May
2024-05-01,217,2,Electronics,82,86208.39,33293.87,0.3862,Stretch,Finance Ops,2025,FQ1,2024,5,May
2024-05-01,217,2,Fashion,109,11696.35,5383.11,0.4602,Stretch,Finance Ops,2025,FQ1,2024,5,May
2024-05-01,217,2,Furniture,56,36649.67,14176.53,0.3868,Stretch,Finance Ops,2025,FQ1,2024,5,May
2024-05-01,217,2,Grocery,36,905.57,361.64,0.3994,Stretch,Commercial Planning,2025,FQ1,2024,5,May
2024-05-01,217,2,Home Appliances,56,26608.84,9286.35,0.349,Stretch,Finance Ops,2025,FQ1,2024,5,May
2024-05-01,217,2,Office Supplies,28,1334.44,516.56,0.3871,Stretch,Finance Ops,2025,FQ1,2024,5,May
2024-05-01,217,2,Sports,56,11424.02,4586.2,0.4015,Stretch,Finance Ops,2025,FQ1,2024,5,May
2024-05-01,218,3,Beauty,363,16767.39,6191.38,0.3693,Stretch,Commercial Planning,2025,FQ1,2024,5,May
2024-05-01,218,3,Electronics,409,445063.24,164740.04,0.3701,Stretch,Finance Ops,2025,FQ1,2024,5,May
2024-05-01,218,3,Fashion,188,22922.76,8718.2,0.3803,Stretch,Finance Ops,2025,FQ1,2024,5,May
2024-05-01,218,3,Furniture,131,69204.45,22824.99,0.3298,Stretch,Commercial Planning,2025,FQ1,2024,5,May
2024-05-01,218,3,Grocery,342,9020.09,3143.27,0.3485,Stretch,Finance Ops,2025,FQ1,2024,5,May
2024-05-01,218,3,Home Appliances,386,154118.46,54019.31,0.3505,Stretch,Finance Ops,2025,FQ1,2024,5,May
2024-05-01,218,3,Office Supplies,312,13708.96,5762.43,0.4203,Stretch,Regional Director,2025,FQ1,2024,5,May
2024-05-01,218,3,Sports,205,39586.51,12176.7,0.3076,Stretch,Finance Ops,2025,FQ1,2024,5,May
2024-05-01,219,3,Beauty,351,17261.41,5732.65,0.3321,Stretch,Finance Ops,2025,FQ1,2024,5,May
2024-05-01,219,3,Electronics,333,312230.09,112156.42,0.3592,Stretch,Finance Ops,2025,FQ1,2024,5,May
2024-05-01,219,3,Fashion,257,28429.67,12094.02,0.4254,Stretch,Finance Ops,2025,FQ1,2024,5,May
2024-05-01,219,3,Furniture,258,186513.71,66248.79,0.3552,Stretch,Regional Director,2025,FQ1,2024,5,May
2024-05-01,219,3,Grocery,520,13497.73,5553.79,0.4115,Stretch,Commercial Planning,2025,FQ1,2024,5,May
2024-05-01,219,3,Home Appliances,481,246312.99,87989.7,0.3572,Stretch,Commercial Planning,2025,FQ1,2024,5,May
2024-05-01,219,3,Office Supplies,315,12919.08,5189.02,0.4017,Stretch,Finance Ops,2025,FQ1,2024,5,May
2024-05-01,219,3,Sports,266,41727.25,18051.29,0.4326,Stretch,Commercial Planning,2025,FQ1,2024,5,May
2024-05-01,220,4,Beauty,125,7009.22,2703.66,0.3857,Stretch,Commercial Planning,2025,FQ1,2024,5,May
2024-05-01,220,4,Electronics,160,149249.75,58236.15,0.3902,Stretch,Commercial Planning,2025,FQ1,2024,5,May
2024-05-01,220,4,Fashion,69,5740.51,2378.41,0.4143,Stretch,Finance Ops,2025,FQ1,2024,5,May
2024-05-01,220,4,Furniture,65,29512.37,11689.93,0.3961,Stretch,Finance Ops,2025,FQ1,2024,5,May
2024-05-01,220,4,Grocery,103,2566.53,1030.81,0.4016,Stretch,Commercial Planning,2025,FQ1,2024,5,May
2024-05-01,220,4,Home Appliances,67,32065.99,13416.45,0.4184,Stretch,Finance Ops,2025,FQ1,2024,5,May
2024-05-01,220,4,Office Supplies,97,5038.66,2105.08,0.4178,Stretch,Finance Ops,2025,FQ1,2024,5,May
2024-05-01,220,4,Sports,89,15270.76,6167.02,0.4038,Stretch,Commercial Planning,2025,FQ1,2024,5,May
2024-06-01,201,1,Beauty,29,1566.53,638.62,0.4077,Stretch,Commercial Planning,2025,FQ1,2024,6,June
2024-06-01,201,1,Electronics,29,31159.96,10133.18,0.3252,Stretch,Commercial Planning,2025,FQ1,2024,6,June
2024-06-01,201,1,Fashion,23,2155.93,938.94,0.4355,Stretch,Finance Ops,2025,FQ1,2024,6,June
2024-06-01,201,1,Furniture,21,17592.54,7446.68,0.4233,Stretch,Commercial Planning,2025,FQ1,2024,6,June
2024-06-01,201,1,Grocery,24,629.9,245.97,0.3905,Stretch,Commercial Planning,2025,FQ1,2024,6,June
2024-06-01,201,1,Home Appliances,17,5907.7,2671.23,0.4522,Stretch,Finance Ops,2025,FQ1,2024,6,June
2024-06-01,201,1,Office Supplies,38,2107.79,990.76,0.47,Stretch,Commercial Planning,2025,FQ1,2024,6,June
2024-06-01,201,1,Sports,30,7710.17,3308.79,0.4291,Stretch,Finance Ops,2025,FQ1,2024,6,June
2024-06-01,202,1,Beauty,15,919.0,246.35,0.2681,Stretch,Commercial Planning,2025,FQ1,2024,6,June
2024-06-01,202,1,Electronics,28,19133.71,7326.57,0.3829,Stretch,Finance Ops,2025,FQ1,2024,6,June
2024-06-01,202,1,Fashion,17,1917.16,870.2,0.4539,Stretch,Commercial Planning,2025,FQ1,2024,6,June
2024-06-01,202,1,Furniture,13,8274.03,3510.65,0.4243,Stretch,Finance Ops,2025,FQ1,2024,6,June
2024-06-01,202,1,Grocery,6,187.09,63.83,0.3412,Stretch,Finance Ops,2025,FQ1,2024,6,June
2024-06-01,202,1,Home Appliances,15,8862.04,3733.15,0.4213,Stretch,Commercial Planning,2025,FQ1,2024,6,June
2024-06-01,202,1,Office Supplies,15,553.05,226.8,0.4101,Stretch,Finance Ops,2025,FQ1,2024,6,June
2024-06-01,202,1,Sports,20,3554.62,1343.86,0.3781,Stretch,Commercial Planning,2025,FQ1,2024,6,June
2024-06-01,203,1,Beauty,10,145.0,38.48,0.2654,Stretch,Regional Director,2025,FQ1,2024,6,June
2024-06-01,203,1,Electronics,22,17154.97,5927.62,0.3455,Stretch,Finance Ops,2025,FQ1,2024,6,June
2024-06-01,203,1,Fashion,14,1940.38,815.19,0.4201,Stretch,Finance Ops,2025,FQ1,2024,6,June
2024-06-01,203,1,Furniture,16,17083.96,5886.06,0.3445,Stretch,Regional Director,2025,FQ1,2024,6,June
2024-06-01,203,1,Grocery,18,481.29,201.89,0.4195,Stretch,Commercial Planning,2025,FQ1,2024,6,June
2024-06-01,203,1,Home Appliances,16,5628.28,2206.94,0.3921,Stretch,Commercial Planning,2025,FQ1,2024,6,June
2024-06-01,203,1,Office Supplies,39,1213.59,490.45,0.4041,Stretch,Finance Ops,2025,FQ1,2024,6,June
2024-06-01,203,1,Sports,21,3308.42,1347.12,0.4072,Stretch,Finance Ops,2025,FQ1,2024,6,June
2024-06-01,204,1,Beauty,10,388.02,187.29,0.4827,Stretch,Finance Ops,2025,FQ1,2024,6,June
2024-06-01,204,1,Electronics,35,38219.06,14254.17,0.373,Stretch,Regional Director,2025,FQ1,2024,6,June
2024-06-01,204,1,Fashion,12,1485.81,512.34,0.3448,Stretch,Commercial Planning,2025,FQ1,2024,6,June
2024-06-01,204,1,Furniture,3,2441.75,979.87,0.4013,Stretch,Finance Ops,2025,FQ1,2024,6,June
2024-06-01,204,1,Grocery,5,120.18,45.92,0.3821,Stretch,Finance Ops,2025,FQ1,2024,6,June
2024-06-01,204,1,Home Appliances,21,10841.92,4416.65,0.4074,Stretch,Finance Ops,2025,FQ1,2024,6,June
2024-06-01,204,1,Office Supplies,16,629.36,288.62,0.4586,Stretch,Commercial Planning,2025,FQ1,2024,6,June
2024-06-01,204,1,Sports,9,1262.43,460.41,0.3647,Stretch,Commercial Planning,2025,FQ1,2024,6,June
2024-06-01,205,1,Beauty,19,736.44,274.91,0.3733,Stretch,Commercial Planning,2025,FQ1,2024,6,June
2024-06-01,205,1,Electronics,36,31768.79,15338.13,0.4828,Stretch,Regional Director,2025,FQ1,2024,6,June
2024-06-01,205,1,Fashion,16,1879.54,756.32,0.4024,Stretch,Regional Director,2025,FQ1,2024,6,June
2024-06-01,205,1,Furniture,31,17391.66,6150.03,0.3536,Stretch,Finance Ops,2025,FQ1,2024,6,June
2024-06-01,205,1,Grocery,35,587.75,185.72,0.316,Stretch,Commercial Planning,2025,FQ1,2024,6,June
2024-06-01,205,1,Home Appliances,17,8341.38,3899.15,0.4674,Stretch,Commercial Planning,2025,FQ1,2024,6,June
2024-06-01,205,1,Office Supplies,33,1619.73,735.75,0.4542,Stretch,Commercial Planning,2025,FQ1,2024,6,June
2024-06-01,205,1,Sports,12,1818.28,583.53,0.3209,Stretch,Finance Ops,2025,FQ1,2024,6,June
2024-06-01,206,1,Beauty,11,606.31,217.22,0.3583,Stretch,Regional Director,2025,FQ1,2024,6,June
2024-06-01,206,1,Electronics,57,63431.36,25227.97,0.3977,Stretch,Commercial Planning,2025,FQ1,2024,6,June
2024-06-01,206,1,Fashion,23,2176.12,957.54,0.44,Stretch,Finance Ops,2025,FQ1,2024,6,June
2024-06-01,206,1,Furniture,31,15462.89,6328.23,0.4093,Stretch,Finance Ops,2025,FQ1,2024,6,June
2024-06-01,206,1,Grocery,26,772.86,293.88,0.3802,Stretch,Regional Director,2025,FQ1,2024,6,June
2024-06-01,206,1,Home Appliances,13,7760.86,3495.0,0.4503,Stretch,Finance Ops,2025,FQ1,2024,6,June
2024-06-01,206,1,Office Supplies,29,907.8,345.21,0.3803,Stretch,Finance Ops,2025,FQ1,2024,6,June
2024-06-01,206,1,Sports,20,3678.81,1644.11,0.4469,Stretch,Finance Ops,2025,FQ1,2024,6,June
2024-06-01,207,1,Beauty,30,1603.88,590.63,0.3683,Stretch,Finance Ops,2025,FQ1,2024,6,June
2024-06-01,207,1,Electronics,32,30068.51,11320.16,0.3765,Stretch,Commercial Planning,2025,FQ1,2024,6,June
2024-06-01,207,1,Fashion,32,1843.56,675.76,0.3666,Stretch,Finance Ops,2025,FQ1,2024,6,June
2024-06-01,207,1,Furniture,47,27765.71,10327.33,0.3719,Stretch,Finance Ops,2025,FQ1,2024,6,June
2024-06-01,207,1,Grocery,29,388.95,137.09,0.3525,Stretch,Commercial Planning,2025,FQ1,2024,6,June
2024-06-01,207,1,Home Appliances,18,6841.37,2698.74,0.3945,Stretch,Commercial Planning,2025,FQ1,2024,6,June
2024-06-01,207,1,Office Supplies,38,1907.08,810.25,0.4249,Stretch,Finance Ops,2025,FQ1,2024,6,June
2024-06-01,207,1,Sports,15,2535.17,1075.46,0.4242,Stretch,Finance Ops,2025,FQ1,2024,6,June
2024-06-01,208,1,Beauty,12,608.73,210.81,0.3463,Stretch,Finance Ops,2025,FQ1,2024,6,June
2024-06-01,208,1,Electronics,6,5550.47,2363.92,0.4259,Stretch,Commercial Planning,2025,FQ1,2024,6,June
2024-06-01,208,1,Fashion,25,3250.51,1299.03,0.3996,Stretch,Commercial Planning,2025,FQ1,2024,6,June
2024-06-01,208,1,Furniture,18,12606.81,4635.14,0.3677,Stretch,Finance Ops,2025,FQ1,2024,6,June
2024-06-01,208,1,Grocery,16,489.5,197.57,0.4036,Stretch,Finance Ops,2025,FQ1,2024,6,June
2024-06-01,208,1,Home Appliances,39,21098.5,7579.84,0.3593,Stretch,Finance Ops,2025,FQ1,2024,6,June
2024-06-01,208,1,Office Supplies,17,806.79,247.57,0.3069,Stretch,Finance Ops,2025,FQ1,2024,6,June
2024-06-01,208,1,Sports,16,2604.61,794.98,0.3052,Stretch,Finance Ops,2025,FQ1,2024,6,June
2024-06-01,209,1,Beauty,10,457.55,133.02,0.2907,Stretch,Commercial Planning,2025,FQ1,2024,6,June
2024-06-01,209,1,Electronics,11,9751.34,3624.69,0.3717,Stretch,Finance Ops,2025,FQ1,2024,6,June
2024-06-01,209,1,Fashion,8,882.75,415.42,0.4706,Stretch,Finance Ops,2025,FQ1,2024,6,June
2024-06-01,209,1,Furniture,28,15139.96,6874.89,0.4541,Stretch,Finance Ops,2025,FQ1,2024,6,June
2024-06-01,209,1,Grocery,31,632.02,242.85,0.3842,Stretch,Regional Director,2025,FQ1,2024,6,June
2024-06-01,209,1,Home Appliances,23,10554.59,4286.3,0.4061,Stretch,Finance Ops,2025,FQ1,2024,6,June
2024-06-01,209,1,Office Supplies,12,526.08,195.6,0.3718,Stretch,Commercial Planning,2025,FQ1,2024,6,June
2024-06-01,209,1,Sports,27,3800.76,1698.06,0.4468,Stretch,Finance Ops,2025,FQ1,2024,6,June
2024-06-01,210,1,Beauty,27,1829.57,587.49,0.3211,Stretch,Commercial Planning,2025,FQ1,2024,6,June
2024-06-01,210,1,Electronics,25,27029.13,10812.85,0.4,Stretch,Regional Director,2025,FQ1,2024,6,June
2024-06-01,210,1,Fashion,6,920.69,370.75,0.4027,Stretch,Finance Ops,2025,FQ1,2024,6,June
2024-06-01,210,1,Furniture,37,27563.82,9946.1,0.3608,Stretch,Regional Director,2025,FQ1,2024,6,June
2024-06-01,210,1,Grocery,20,413.98,167.74,0.4052,Stretch,Finance Ops,2025,FQ1,2024,6,June
2024-06-01,210,1,Home Appliances,22,10652.26,4255.03,0.3994,Stretch,Finance Ops,2025,FQ1,2024,6,June
2024-06-01,210,1,Office Supplies,32,1487.24,575.67,0.3871,Stretch,Finance Ops,2025,FQ1,2024,6,June
2024-06-01,210,1,Sports,10,2238.16,626.32,0.2798,Stretch,Commercial Planning,2025,FQ1,2024,6,June
2024-06-01,211,1,Beauty,19,916.87,353.3,0.3853,Stretch,Finance Ops,2025,FQ1,2024,6,June
2024-06-01,211,1,Electronics,47,42505.73,18141.17,0.4268,Stretch,Regional Director,2025,FQ1,2024,6,June
2024-06-01,211,1,Fashion,18,1492.77,491.43,0.3292,Stretch,Finance Ops,2025,FQ1,2024,6,June
2024-06-01,211,1,Furniture,29,17149.9,6165.56,0.3595,Stretch,Commercial Planning,2025,FQ1,2024,6,June
2024-06-01,211,1,Grocery,14,289.2,116.2,0.4018,Stretch,Commercial Planning,2025,FQ1,2024,6,June
2024-06-01,211,1,Home Appliances,30,10409.87,4214.05,0.4048,Stretch,Commercial Planning,2025,FQ1,2024,6,June
2024-06-01,211,1,Office Supplies,45,1906.69,869.85,0.4562,Stretch,Finance Ops,2025,FQ1,2024,6,June
2024-06-01,211,1,Sports,24,3796.26,1220.18,0.3214,Stretch,Regional Director,2025,FQ1,2024,6,June
2024-06-01,212,1,Beauty,21,1099.55,360.21,0.3276,Stretch,Finance Ops,2025,FQ1,2024,6,June
2024-06-01,212,1,Electronics,37,34481.3,13743.51,0.3986,Stretch,Commercial Planning,2025,FQ1,2024,6,June
2024-06-01,212,1,Fashion,9,545.15,218.53,0.4009,Stretch,Regional Director,2025,FQ1,2024,6,June
2024-06-01,212,1,Furniture,7,5700.49,1809.45,0.3174,Stretch,Finance Ops,2025,FQ1,2024,6,June
2024-06-01,212,1,Grocery,46,1194.89,413.66,0.3462,Stretch,Commercial Planning,2025,FQ1,2024,6,June
2024-06-01,212,1,Home Appliances,42,18520.63,6712.35,0.3624,Stretch,Finance Ops,2025,FQ1,2024,6,June
2024-06-01,212,1,Office Supplies,16,664.99,289.56,0.4354,Stretch,Finance Ops,2025,FQ1,2024,6,June
2024-06-01,212,1,Sports,11,2520.63,984.37,0.3905,Stretch,Finance Ops,2025,FQ1,2024,6,June
2024-06-01,213,1,Beauty,31,1109.14,372.92,0.3362,Stretch,Commercial Planning,2025,FQ1,2024,6,June
2024-06-01,213,1,Electronics,33,28875.52,12363.91,0.4282,Stretch,Regional Director,2025,FQ1,2024,6,June
2024-06-01,213,1,Fashion,17,2010.16,710.19,0.3533,Stretch,Finance Ops,2025,FQ1,2024,6,June
2024-06-01,213,1,Furniture,4,3341.15,1288.48,0.3856,Stretch,Commercial Planning,2025,FQ1,2024,6,June
2024-06-01,213,1,Grocery,30,566.72,222.6,0.3928,Stretch,Finance Ops,2025,FQ1,2024,6,June
2024-06-01,213,1,Home Appliances,27,11955.65,4573.5,0.3825,Stretch,Finance Ops,2025,FQ1,2024,6,June
2024-06-01,213,1,Office Supplies,31,1600.94,663.07,0.4142,Stretch,Finance Ops,2025,FQ1,2024,6,June
2024-06-01,213,1,Sports,28,5576.44,2283.32,0.4095,Stretch,Finance Ops,2025,FQ1,2024,6,June
2024-06-01,214,1,Beauty,37,1833.27,635.19,0.3465,Stretch,Finance Ops,2025,FQ1,2024,6,June
2024-06-01,214,1,Electronics,27,28531.38,9330.9,0.327,Stretch,Regional Director,2025,FQ1,2024,6,June
2024-06-01,214,1,Fashion,32,3202.92,1341.61,0.4189,Stretch,Commercial Planning,2025,FQ1,2024,6,June
2024-06-01,214,1,Furniture,26,16903.2,5005.48,0.2961,Stretch,Finance Ops,2025,FQ1,2024,6,June
2024-06-01,214,1,Grocery,18,501.28,178.55,0.3562,Stretch,Commercial Planning,2025,FQ1,2024,6,June
2024-06-01,214,1,Home Appliances,29,11651.02,4422.23,0.3796,Stretch,Finance Ops,2025,FQ1,2024,6,June
2024-06-01,214,1,Office Supplies,7,306.84,123.75,0.4033,Stretch,Regional Director,2025,FQ1,2024,6,June
2024-06-01,214,1,Sports,23,2851.14,1265.53,0.4439,Stretch,Finance Ops,2025,FQ1,2024,6,June
2024-06-01,215,2,Beauty,71,3265.17,1221.52,0.3741,Stretch,Commercial Planning,2025,FQ1,2024,6,June
2024-06-01,215,2,Electronics,60,63055.2,23227.58,0.3684,Stretch,Commercial Planning,2025,FQ1,2024,6,June
2024-06-01,215,2,Fashion,79,7176.13,2672.24,0.3724,Stretch,Finance Ops,2025,FQ1,2024,6,June
2024-06-01,215,2,Furniture,40,22155.61,8083.17,0.3648,Stretch,Finance Ops,2025,FQ1,2024,6,June
2024-06-01,215,2,Grocery,43,1086.93,410.78,0.3779,Stretch,Regional Director,2025,FQ1,2024,6,June
2024-06-01,215,2,Home Appliances,66,27174.84,10316.21,0.3796,Stretch,Commercial Planning,2025,FQ1,2024,6,June
2024-06-01,215,2,Office Supplies,48,2196.28,907.19,0.4131,Stretch,Finance Ops,2025,FQ1,2024,6,June
2024-06-01,215,2,Sports,52,10742.24,4018.03,0.374,Stretch,Commercial Planning,2025,FQ1,2024,6,June
2024-06-01,216,2,Beauty,78,4230.93,1520.93,0.3595,Stretch,Commercial Planning,2025,FQ1,2024,6,June
2024-06-01,216,2,Electronics,163,152659.53,61295.42,0.4015,Stretch,Commercial Planning,2025,FQ1,2024,6,June
2024-06-01,216,2,Fashion,58,5139.79,2233.77,0.4346,Stretch,Finance Ops,2025,FQ1,2024,6,June
2024-06-01,216,2,Furniture,56,29928.76,9974.62,0.3333,Stretch,Regional Director,2025,FQ1,2024,6,June
2024-06-01,216,2,Grocery,46,1189.67,493.07,0.4145,Stretch,Finance Ops,2025,FQ1,2024,6,June
2024-06-01,216,2,Home Appliances,56,26802.13,9759.07,0.3641,Stretch,Finance Ops,2025,FQ1,2024,6,June
2024-06-01,216,2,Office Supplies,26,900.59,352.33,0.3912,Stretch,Commercial Planning,2025,FQ1,2024,6,June
2024-06-01,216,2,Sports,79,14558.43,5968.6,0.41,Stretch,Regional Director,2025,FQ1,2024,6,June
2024-06-01,217,2,Beauty,46,2066.44,760.2,0.3679,Stretch,Finance Ops,2025,FQ1,2024,6,June
2024-06-01,217,2,Electronics,69,51826.4,21188.28,0.4088,Stretch,Commercial Planning,2025,FQ1,2024,6,June
2024-06-01,217,2,Fashion,105,10507.56,3783.43,0.3601,Stretch,Finance Ops,2025,FQ1,2024,6,June
2024-06-01,217,2,Furniture,29,19640.68,7451.87,0.3794,Stretch,Regional Director,2025,FQ1,2024,6,June
2024-06-01,217,2,Grocery,66,1685.73,603.48,0.358,Stretch,Commercial Planning,2025,FQ1,2024,6,June
2024-06-01,217,2,Home Appliances,73,39558.73,14514.6,0.3669,Stretch,Finance Ops,2025,FQ1,2024,6,June
2024-06-01,217,2,Office Supplies,45,1616.86,618.03,0.3822,Stretch,Finance Ops,2025,FQ1,2024,6,June
2024-06-01,217,2,Sports,64,10542.41,4126.25,0.3914,Stretch,Finance Ops,2025,FQ1,2024,6,June
2024-06-01,218,3,Beauty,215,10647.99,3489.51,0.3277,Stretch,Commercial Planning,2025,FQ1,2024,6,June
2024-06-01,218,3,Electronics,322,207775.91,82071.11,0.395,Stretch,Commercial Planning,2025,FQ1,2024,6,June
2024-06-01,218,3,Fashion,302,32424.82,13632.9,0.4204,Stretch,Regional Director,2025,FQ1,2024,6,June
2024-06-01,218,3,Furniture,163,69550.24,25268.82,0.3633,Stretch,Commercial Planning,2025,FQ1,2024,6,June
2024-06-01,218,3,Grocery,453,9387.78,3392.69,0.3614,Stretch,Regional Director,2025,FQ1,2024,6,June
2024-06-01,218,3,Home Appliances,491,218315.16,76225.83,0.3492,Stretch,Finance Ops,2025,FQ1,2024,6,June
2024-06-01,218,3,Office Supplies,483,21094.41,8488.97,0.4024,Stretch,Finance Ops,2025,FQ1,2024,6,June
2024-06-01,218,3,Sports,313,47959.74,19614.11,0.409,Stretch,Regional Director,2025,FQ1,2024,6,June
2024-06-01,219,3,Beauty,402,20198.55,6362.34,0.315,Stretch,Commercial Planning,2025,FQ1,2024,6,June
2024-06-01,219,3,Electronics,263,258919.21,98321.23,0.3797,Stretch,Finance Ops,2025,FQ1,2024,6,June
2024-06-01,219,3,Fashion,290,27253.34,10717.95,0.3933,Stretch,Regional Director,2025,FQ1,2024,6,June
2024-06-01,219,3,Furniture,233,159675.92,51358.68,0.3216,Stretch,Finance Ops,2025,FQ1,2024,6,June
2024-06-01,219,3,Grocery,555,14170.42,5063.13,0.3573,Stretch,Commercial Planning,2025,FQ1,2024,6,June
2024-06-01,219,3,Home Appliances,409,158979.06,57799.48,0.3636,Stretch,Commercial Planning,2025,FQ1,2024,6,June
2024-06-01,219,3,Office Supplies,205,7210.89,2791.04,0.3871,Stretch,Finance Ops,2025,FQ1,2024,6,June
2024-06-01,219,3,Sports,419,77701.32,27414.3,0.3528,Stretch,Commercial Planning,2025,FQ1,2024,6,June
2024-06-01,220,4,Beauty,83,4657.76,1653.04,0.3549,Stretch,Finance Ops,2025,FQ1,2024,6,June
2024-06-01,220,4,Electronics,108,104796.3,39398.67,0.376,Stretch,Regional Director,2025,FQ1,2024,6,June
2024-06-01,220,4,Fashion,88,7943.48,3128.78,0.3939,Stretch,Regional Director,2025,FQ1,2024,6,June
2024-06-01,220,4,Furniture,63,22855.51,8621.29,0.3772,Stretch,Commercial Planning,2025,FQ1,2024,6,June
2024-06-01,220,4,Grocery,74,2400.07,922.28,0.3843,Stretch,Commercial Planning,2025,FQ1,2024,6,June
2024-06-01,220,4,Home Appliances,149,71212.37,25465.61,0.3576,Stretch,Regional Director,2025,FQ1,2024,6,June
2024-06-01,220,4,Office Supplies,99,5333.04,2187.87,0.4102,Stretch,Commercial Planning,2025,FQ1,2024,6,June
2024-06-01,220,4,Sports,97,14053.15,5678.49,0.4041,Stretch,Finance Ops,2025,FQ1,2024,6,June
2024-07-01,201,1,Beauty,14,690.41,191.68,0.2776,Stretch,Finance Ops,2025,FQ2,2024,7,July
2024-07-01,201,1,Electronics,44,55661.17,21530.19,0.3868,Stretch,Regional Director,2025,FQ2,2024,7,July
2024-07-01,201,1,Fashion,4,416.84,153.1,0.3673,Stretch,Finance Ops,2025,FQ2,2024,7,July
2024-07-01,201,1,Furniture,21,11446.41,3275.43,0.2862,Stretch,Commercial Planning,2025,FQ2,2024,7,July
2024-07-01,201,1,Grocery,42,1187.68,501.93,0.4226,Stretch,Finance Ops,2025,FQ2,2024,7,July
2024-07-01,201,1,Home Appliances,18,9564.99,1688.47,0.1765,Stretch,Finance Ops,2025,FQ2,2024,7,July
2024-07-01,201,1,Office Supplies,19,671.99,183.12,0.2725,Stretch,Finance Ops,2025,FQ2,2024,7,July
2024-07-01,201,1,Sports,15,4184.82,1785.87,0.4267,Stretch,Finance Ops,2025,FQ2,2024,7,July
2024-07-01,202,1,Beauty,42,1881.56,728.82,0.3873,Stretch,Commercial Planning,2025,FQ2,2024,7,July
2024-07-01,202,1,Electronics,25,13569.26,5150.82,0.3796,Stretch,Commercial Planning,2025,FQ2,2024,7,July
2024-07-01,202,1,Fashion,9,880.79,399.79,0.4539,Stretch,Finance Ops,2025,FQ2,2024,7,July
2024-07-01,202,1,Furniture,9,6502.34,2615.32,0.4022,Stretch,Commercial Planning,2025,FQ2,2024,7,July
2024-07-01,202,1,Grocery,21,573.59,217.81,0.3797,Stretch,Commercial Planning,2025,FQ2,2024,7,July
2024-07-01,202,1,Home Appliances,8,3720.03,1568.92,0.4217,Stretch,Finance Ops,2025,FQ2,2024,7,July
2024-07-01,202,1,Office Supplies,18,915.98,403.63,0.4407,Stretch,Regional Director,2025,FQ2,2024,7,July
2024-07-01,202,1,Sports,49,10107.25,4012.01,0.3969,Stretch,Finance Ops,2025,FQ2,2024,7,July
2024-07-01,203,1,Beauty,35,1557.39,513.38,0.3296,Stretch,Commercial Planning,2025,FQ2,2024,7,July
2024-07-01,203,1,Electronics,57,64784.01,29999.82,0.4631,Stretch,Finance Ops,2025,FQ2,2024,7,July
2024-07-01,203,1,Fashion,21,2429.91,829.41,0.3413,Stretch,Commercial Planning,2025,FQ2,2024,7,July
2024-07-01,203,1,Furniture,7,4602.97,1373.71,0.2984,Stretch,Finance Ops,2025,FQ2,2024,7,July
2024-07-01,203,1,Grocery,9,269.65,82.92,0.3075,Stretch,Finance Ops,2025,FQ2,2024,7,July
2024-07-01,203,1,Home Appliances,28,15433.88,6759.05,0.4379,Stretch,Commercial Planning,2025,FQ2,2024,7,July
2024-07-01,203,1,Office Supplies,39,2416.65,1026.93,0.4249,Stretch,Commercial Planning,2025,FQ2,2024,7,July
2024-07-01,203,1,Sports,27,4082.88,1550.12,0.3797,Stretch,Regional Director,2025,FQ2,2024,7,July
2024-07-01,204,1,Beauty,18,1117.21,480.09,0.4297,Stretch,Regional Director,2025,FQ2,2024,7,July
2024-07-01,204,1,Electronics,29,30870.67,11956.38,0.3873,Stretch,Finance Ops,2025,FQ2,2024,7,July
2024-07-01,204,1,Fashion,22,2241.49,953.01,0.4252,Stretch,Finance Ops,2025,FQ2,2024,7,July
2024-07-01,204,1,Furniture,40,30762.14,9700.61,0.3153,Stretch,Commercial Planning,2025,FQ2,2024,7,July
2024-07-01,204,1,Grocery,16,196.3,77.52,0.3949,Stretch,Regional Director,2025,FQ2,2024,7,July
2024-07-01,204,1,Home Appliances,23,11429.97,4825.16,0.4221,Stretch,Regional Director,2025,FQ2,2024,7,July
2024-07-01,204,1,Office Supplies,29,1188.63,539.38,0.4538,Stretch,Commercial Planning,2025,FQ2,2024,7,July
2024-07-01,204,1,Sports,22,3020.41,1482.01,0.4907,Stretch,Finance Ops,2025,FQ2,2024,7,July
2024-07-01,205,1,Beauty,45,1487.33,543.26,0.3653,Stretch,Regional Director,2025,FQ2,2024,7,July
2024-07-01,205,1,Electronics,39,30679.3,11029.72,0.3595,Stretch,Commercial Planning,2025,FQ2,2024,7,July
2024-07-01,205,1,Fashion,27,1993.09,774.07,0.3884,Stretch,Finance Ops,2025,FQ2,2024,7,July
2024-07-01,205,1,Furniture,30,22469.78,8127.73,0.3617,Stretch,Finance Ops,2025,FQ2,2024,7,July
2024-07-01,205,1,Grocery,12,448.95,186.49,0.4154,Stretch,Commercial Planning,2025,FQ2,2024,7,July
2024-07-01,205,1,Home Appliances,21,8852.62,3230.64,0.3649,Stretch,Finance Ops,2025,FQ2,2024,7,July
2024-07-01,205,1,Office Supplies,13,487.48,244.56,0.5017,Stretch,Regional Director,2025,FQ2,2024,7,July
2024-07-01,205,1,Sports,33,5467.08,2347.06,0.4293,Stretch,Finance Ops,2025,FQ2,2024,7,July
2024-07-01,206,1,Beauty,17,866.75,342.38,0.395,Stretch,Finance Ops,2025,FQ2,2024,7,July
2024-07-01,206,1,Electronics,16,18765.44,6380.82,0.34,Stretch,Finance Ops,2025,FQ2,2024,7,July
2024-07-01,206,1,Fashion,5,657.82,315.05,0.4789,Stretch,Finance Ops,2025,FQ2,2024,7,July
2024-07-01,206,1,Furniture,12,6475.06,2237.2,0.3455,Stretch,Regional Director,2025,FQ2,2024,7,July
2024-07-01,206,1,Grocery,20,572.38,221.03,0.3862,Stretch,Commercial Planning,2025,FQ2,2024,7,July
2024-07-01,206,1,Home Appliances,13,6890.6,2540.31,0.3687,Stretch,Finance Ops,2025,FQ2,2024,7,July
2024-07-01,206,1,Office Supplies,22,1463.87,764.92,0.5225,Stretch,Regional Director,2025,FQ2,2024,7,July
2024-07-01,206,1,Sports,24,3900.78,1656.0,0.4245,Stretch,Commercial Planning,2025,FQ2,2024,7,July
2024-07-01,207,1,Beauty,15,720.41,241.14,0.3347,Stretch,Commercial Planning,2025,FQ2,2024,7,July
2024-07-01,207,1,Electronics,41,41086.13,14512.99,0.3532,Stretch,Commercial Planning,2025,FQ2,2024,7,July
2024-07-01,207,1,Fashion,14,1260.99,436.4,0.3461,Stretch,Commercial Planning,2025,FQ2,2024,7,July
2024-07-01,207,1,Furniture,31,32147.59,12176.32,0.3788,Stretch,Commercial Planning,2025,FQ2,2024,7,July
2024-07-01,207,1,Grocery,7,199.83,56.94,0.2849,Stretch,Commercial Planning,2025,FQ2,2024,7,July
2024-07-01,207,1,Home Appliances,26,12900.85,4251.54,0.3296,Stretch,Finance Ops,2025,FQ2,2024,7,July
2024-07-01,207,1,Office Supplies,22,886.41,386.63,0.4362,Stretch,Finance Ops,2025,FQ2,2024,7,July
2024-07-01,207,1,Sports,7,981.49,310.94,0.3168,Stretch,Finance Ops,2025,FQ2,2024,7,July
2024-07-01,208,1,Beauty,10,414.39,124.41,0.3002,Stretch,Commercial Planning,2025,FQ2,2024,7,July
2024-07-01,208,1,Electronics,42,37069.6,14444.91,0.3897,Stretch,Finance Ops,2025,FQ2,2024,7,July
2024-07-01,208,1,Fashion,6,740.19,335.33,0.453,Stretch,Finance Ops,2025,FQ2,2024,7,July
2024-07-01,208,1,Furniture,11,6487.99,2105.89,0.3246,Stretch,Commercial Planning,2025,FQ2,2024,7,July
2024-07-01,208,1,Grocery,16,298.73,107.94,0.3613,Stretch,Finance Ops,2025,FQ2,2024,7,July
2024-07-01,208,1,Home Appliances,33,16902.81,5904.13,0.3493,Stretch,Commercial Planning,2025,FQ2,2024,7,July
2024-07-01,208,1,Office Supplies,14,487.4,189.66,0.3891,Stretch,Regional Director,2025,FQ2,2024,7,July
2024-07-01,208,1,Sports,13,2513.76,897.11,0.3569,Stretch,Commercial Planning,2025,FQ2,2024,7,July
2024-07-01,209,1,Beauty,7,403.93,167.66,0.4151,Stretch,Regional Director,2025,FQ2,2024,7,July
2024-07-01,209,1,Electronics,25,24634.54,9493.24,0.3854,Stretch,Finance Ops,2025,FQ2,2024,7,July
2024-07-01,209,1,Fashion,30,3695.93,1538.7,0.4163,Stretch,Commercial Planning,2025,FQ2,2024,7,July
2024-07-01,209,1,Furniture,1,209.08,100.25,0.4795,Stretch,Regional Director,2025,FQ2,2024,7,July
2024-07-01,209,1,Grocery,20,372.88,125.91,0.3377,Stretch,Finance Ops,2025,FQ2,2024,7,July
2024-07-01,209,1,Home Appliances,32,14244.69,4866.54,0.3416,Stretch,Commercial Planning,2025,FQ2,2024,7,July
2024-07-01,209,1,Office Supplies,36,1965.84,811.14,0.4126,Stretch,Regional Director,2025,FQ2,2024,7,July
2024-07-01,209,1,Sports,12,2247.83,1065.21,0.4739,Stretch,Commercial Planning,2025,FQ2,2024,7,July
2024-07-01,210,1,Beauty,16,604.55,200.99,0.3325,Stretch,Finance Ops,2025,FQ2,2024,7,July
2024-07-01,210,1,Electronics,29,25037.68,10971.99,0.4382,Stretch,Regional Director,2025,FQ2,2024,7,July
2024-07-01,210,1,Fashion,20,2286.09,927.82,0.4059,Stretch,Regional Director,2025,FQ2,2024,7,July
2024-07-01,210,1,Furniture,21,13348.52,4099.21,0.3071,Stretch,Commercial Planning,2025,FQ2,2024,7,July
2024-07-01,210,1,Grocery,15,171.21,74.94,0.4377,Stretch,Regional Director,2025,FQ2,2024,7,July
2024-07-01,210,1,Home Appliances,51,22795.25,8724.16,0.3827,Stretch,Regional Director,2025,FQ2,2024,7,July
2024-07-01,210,1,Office Supplies,23,898.76,335.14,0.3729,Stretch,Finance Ops,2025,FQ2,2024,7,July
2024-07-01,210,1,Sports,40,5822.47,2738.21,0.4703,Stretch,Commercial Planning,2025,FQ2,2024,7,July
2024-07-01,211,1,Beauty,9,408.99,107.76,0.2635,Stretch,Finance Ops,2025,FQ2,2024,7,July
2024-07-01,211,1,Electronics,48,40393.96,15678.31,0.3881,Stretch,Commercial Planning,2025,FQ2,2024,7,July
2024-07-01,211,1,Fashion,36,2384.04,769.03,0.3226,Stretch,Commercial Planning,2025,FQ2,2024,7,July
2024-07-01,211,1,Furniture,14,8931.71,2996.58,0.3355,Stretch,Commercial Planning,2025,FQ2,2024,7,July
2024-07-01,211,1,Grocery,25,466.17,193.58,0.4153,Stretch,Regional Director,2025,FQ2,2024,7,July
2024-07-01,211,1,Home Appliances,24,15010.8,6995.16,0.466,Stretch,Finance Ops,2025,FQ2,2024,7,July
2024-07-01,211,1,Office Supplies,18,851.95,353.75,0.4152,Stretch,Finance Ops,2025,FQ2,2024,7,July
2024-07-01,211,1,Sports,42,8189.3,3060.55,0.3737,Stretch,Regional Director,2025,FQ2,2024,7,July
2024-07-01,212,1,Beauty,19,947.42,300.28,0.3169,Stretch,Commercial Planning,2025,FQ2,2024,7,July
2024-07-01,212,1,Electronics,18,13626.05,5205.53,0.382,Stretch,Commercial Planning,2025,FQ2,2024,7,July
2024-07-01,212,1,Fashion,24,2998.63,1257.01,0.4192,Stretch,Finance Ops,2025,FQ2,2024,7,July
2024-07-01,212,1,Furniture,16,10650.34,3956.49,0.3715,Stretch,Finance Ops,2025,FQ2,2024,7,July
2024-07-01,212,1,Grocery,24,731.87,243.66,0.3329,Stretch,Finance Ops,2025,FQ2,2024,7,July
2024-07-01,212,1,Home Appliances,15,5145.88,1529.0,0.2971,Stretch,Finance Ops,2025,FQ2,2024,7,July
2024-07-01,212,1,Office Supplies,21,856.67,363.31,0.4241,Stretch,Regional Director,2025,FQ2,2024,7,July
2024-07-01,212,1,Sports,23,5962.71,2046.05,0.3431,Stretch,Finance Ops,2025,FQ2,2024,7,July
2024-07-01,213,1,Beauty,4,255.78,75.17,0.2939,Stretch,Commercial Planning,2025,FQ2,2024,7,July
2024-07-01,213,1,Electronics,16,9835.99,3948.1,0.4014,Stretch,Finance Ops,2025,FQ2,2024,7,July
2024-07-01,213,1,Fashion,40,3401.49,1314.66,0.3865,Stretch,Finance Ops,2025,FQ2,2024,7,July
2024-07-01,213,1,Furniture,18,9889.54,3307.76,0.3345,Stretch,Finance Ops,2025,FQ2,2024,7,July
2024-07-01,213,1,Grocery,31,686.7,259.73,0.3782,Stretch,Finance Ops,2025,FQ2,2024,7,July
2024-07-01,213,1,Home Appliances,14,6653.15,2651.38,0.3985,Stretch,Finance Ops,2025,FQ2,2024,7,July
2024-07-01,213,1,Office Supplies,9,322.99,179.53,0.5558,Stretch,Commercial Planning,2025,FQ2,2024,7,July
2024-07-01,213,1,Sports,39,7382.23,2660.54,0.3604,Stretch,Commercial Planning,2025,FQ2,2024,7,July
2024-07-01,214,1,Beauty,35,1806.85,746.7,0.4133,Stretch,Finance Ops,2025,FQ2,2024,7,July
2024-07-01,214,1,Electronics,51,54334.12,20979.22,0.3861,Stretch,Regional Director,2025,FQ2,2024,7,July
2024-07-01,214,1,Fashion,49,5876.58,2279.94,0.388,Stretch,Finance Ops,2025,FQ2,2024,7,July
2024-07-01,214,1,Furniture,2,2217.1,679.06,0.3063,Stretch,Commercial Planning,2025,FQ2,2024,7,July
2024-07-01,214,1,Grocery,19,323.25,107.21,0.3317,Stretch,Regional Director,2025,FQ2,2024,7,July
2024-07-01,214,1,Home Appliances,25,9525.43,3526.96,0.3703,Stretch,Finance Ops,2025,FQ2,2024,7,July
2024-07-01,214,1,Office Supplies,18,578.82,278.96,0.4819,Stretch,Finance Ops,2025,FQ2,2024,7,July
2024-07-01,214,1,Sports,25,4169.3,1792.49,0.4299,Stretch,Commercial Planning,2025,FQ2,2024,7,July
2024-07-01,215,2,Beauty,124,6837.99,2364.54,0.3458,Stretch,Finance Ops,2025,FQ2,2024,7,July
2024-07-01,215,2,Electronics,147,140480.01,50481.79,0.3594,Stretch,Finance Ops,2025,FQ2,2024,7,July
2024-07-01,215,2,Fashion,36,3495.14,1473.15,0.4215,Stretch,Finance Ops,2025,FQ2,2024,7,July
2024-07-01,215,2,Furniture,56,37940.64,12441.76,0.3279,Stretch,Regional Director,2025,FQ2,2024,7,July
2024-07-01,215,2,Grocery,81,1904.91,673.03,0.3533,Stretch,Finance Ops,2025,FQ2,2024,7,July
2024-07-01,215,2,Home Appliances,93,32797.39,12680.03,0.3866,Stretch,Finance Ops,2025,FQ2,2024,7,July
2024-07-01,215,2,Office Supplies,46,2089.39,845.59,0.4047,Stretch,Finance Ops,2025,FQ2,2024,7,July
2024-07-01,215,2,Sports,115,22940.54,8109.91,0.3535,Stretch,Finance Ops,2025,FQ2,2024,7,July
2024-07-01,216,2,Beauty,85,5482.67,1757.16,0.3205,Stretch,Finance Ops,2025,FQ2,2024,7,July
2024-07-01,216,2,Electronics,166,154014.79,58389.31,0.3791,Stretch,Finance Ops,2025,FQ2,2024,7,July
2024-07-01,216,2,Fashion,87,8777.56,3635.22,0.4141,Stretch,Finance Ops,2025,FQ2,2024,7,July
2024-07-01,216,2,Furniture,47,29689.64,10764.45,0.3626,Stretch,Finance Ops,2025,FQ2,2024,7,July
2024-07-01,216,2,Grocery,62,1502.39,529.28,0.3523,Stretch,Regional Director,2025,FQ2,2024,7,July
2024-07-01,216,2,Home Appliances,86,43633.52,18761.76,0.43,Stretch,Regional Director,2025,FQ2,2024,7,July
2024-07-01,216,2,Office Supplies,71,3349.78,1504.62,0.4492,Stretch,Finance Ops,2025,FQ2,2024,7,July
2024-07-01,216,2,Sports,45,6414.1,2443.83,0.381,Stretch,Finance Ops,2025,FQ2,2024,7,July
2024-07-01,217,2,Beauty,83,3626.87,1262.73,0.3482,Stretch,Finance Ops,2025,FQ2,2024,7,July
2024-07-01,217,2,Electronics,85,82628.26,34254.94,0.4146,Stretch,Regional Director,2025,FQ2,2024,7,July
2024-07-01,217,2,Fashion,83,9361.25,3760.76,0.4017,Stretch,Finance Ops,2025,FQ2,2024,7,July
2024-07-01,217,2,Furniture,83,55081.16,20823.06,0.378,Stretch,Commercial Planning,2025,FQ2,2024,7,July
2024-07-01,217,2,Grocery,54,1532.28,568.64,0.3711,Stretch,Regional Director,2025,FQ2,2024,7,July
2024-07-01,217,2,Home Appliances,119,44823.44,17843.99,0.3981,Stretch,Finance Ops,2025,FQ2,2024,7,July
2024-07-01,217,2,Office Supplies,71,3678.79,1480.39,0.4024,Stretch,Regional Director,2025,FQ2,2024,7,July
2024-07-01,217,2,Sports,56,10056.16,4227.29,0.4204,Stretch,Finance Ops,2025,FQ2,2024,7,July
2024-07-01,218,3,Beauty,244,13328.78,4534.67,0.3402,Stretch,Regional Director,2025,FQ2,2024,7,July
2024-07-01,218,3,Electronics,389,322496.77,108581.58,0.3367,Stretch,Finance Ops,2025,FQ2,2024,7,July
2024-07-01,218,3,Fashion,119,12020.03,4264.48,0.3548,Stretch,Commercial Planning,2025,FQ2,2024,7,July
2024-07-01,218,3,Furniture,264,148682.69,57438.45,0.3863,Stretch,Commercial Planning,2025,FQ2,2024,7,July
2024-07-01,218,3,Grocery,575,16195.14,5595.72,0.3455,Stretch,Regional Director,2025,FQ2,2024,7,July
2024-07-01,218,3,Home Appliances,486,198397.47,76787.58,0.387,Stretch,Commercial Planning,2025,FQ2,2024,7,July
2024-07-01,218,3,Office Supplies,500,23839.03,9686.19,0.4063,Stretch,Finance Ops,2025,FQ2,2024,7,July
2024-07-01,218,3,Sports,354,66037.98,24056.39,0.3643,Stretch,Finance Ops,2025,FQ2,2024,7,July
2024-07-01,219,3,Beauty,130,5526.42,1765.6,0.3195,Stretch,Commercial Planning,2025,FQ2,2024,7,July
2024-07-01,219,3,Electronics,300,292241.97,105190.87,0.3599,Stretch,Regional Director,2025,FQ2,2024,7,July
2024-07-01,219,3,Fashion,216,14928.81,5357.52,0.3589,Stretch,Regional Director,2025,FQ2,2024,7,July
2024-07-01,219,3,Furniture,119,84517.23,30611.84,0.3622,Stretch,Finance Ops,2025,FQ2,2024,7,July
2024-07-01,219,3,Grocery,508,9357.99,2969.17,0.3173,Stretch,Finance Ops,2025,FQ2,2024,7,July
2024-07-01,219,3,Home Appliances,343,182758.28,71705.8,0.3924,Stretch,Regional Director,2025,FQ2,2024,7,July
2024-07-01,219,3,Office Supplies,436,19654.32,7536.15,0.3834,Stretch,Finance Ops,2025,FQ2,2024,7,July
2024-07-01,219,3,Sports,279,46802.22,15585.52,0.333,Stretch,Commercial Planning,2025,FQ2,2024,7,July
2024-07-01,220,4,Beauty,90,4663.07,1642.81,0.3523,Stretch,Finance Ops,2025,FQ2,2024,7,July
2024-07-01,220,4,Electronics,88,74774.53,28980.04,0.3876,Stretch,Finance Ops,2025,FQ2,2024,7,July
2024-07-01,220,4,Fashion,91,9342.15,3834.9,0.4105,Stretch,Finance Ops,2025,FQ2,2024,7,July
2024-07-01,220,4,Furniture,62,43666.04,16079.0,0.3682,Stretch,Regional Director,2025,FQ2,2024,7,July
2024-07-01,220,4,Grocery,63,1270.39,438.51,0.3452,Stretch,Finance Ops,2025,FQ2,2024,7,July
2024-07-01,220,4,Home Appliances,131,56873.99,24065.87,0.4231,Stretch,Commercial Planning,2025,FQ2,2024,7,July
2024-07-01,220,4,Office Supplies,57,2931.74,1085.88,0.3704,Stretch,Regional Director,2025,FQ2,2024,7,July
2024-07-01,220,4,Sports,104,18573.24,7049.16,0.3795,Stretch,Commercial Planning,2025,FQ2,2024,7,July
2024-08-01,201,1,Beauty,58,3164.62,1168.85,0.3693,Stretch,Commercial Planning,2025,FQ2,2024,8,August
2024-08-01,201,1,Electronics,33,36833.32,15395.25,0.418,Stretch,Commercial Planning,2025,FQ2,2024,8,August
2024-08-01,201,1,Fashion,41,4928.34,1946.95,0.3951,Stretch,Finance Ops,2025,FQ2,2024,8,August
2024-08-01,201,1,Furniture,43,28872.87,10990.52,0.3807,Stretch,Commercial Planning,2025,FQ2,2024,8,August
2024-08-01,201,1,Grocery,19,573.09,253.87,0.443,Stretch,Finance Ops,2025,FQ2,2024,8,August
2024-08-01,201,1,Home Appliances,20,12025.1,4505.96,0.3747,Stretch,Finance Ops,2025,FQ2,2024,8,August
2024-08-01,201,1,Office Supplies,18,894.06,350.25,0.3918,Stretch,Regional Director,2025,FQ2,2024,8,August
2024-08-01,201,1,Sports,15,3397.65,1421.9,0.4185,Stretch,Commercial Planning,2025,FQ2,2024,8,August
2024-08-01,202,1,Beauty,38,1937.06,680.21,0.3512,Stretch,Regional Director,2025,FQ2,2024,8,August
2024-08-01,202,1,Electronics,39,34636.81,14496.18,0.4185,Stretch,Finance Ops,2025,FQ2,2024,8,August
2024-08-01,202,1,Fashion,21,1636.55,617.88,0.3776,Stretch,Finance Ops,2025,FQ2,2024,8,August
2024-08-01,202,1,Furniture,10,9863.86,3511.93,0.356,Stretch,Commercial Planning,2025,FQ2,2024,8,August
2024-08-01,202,1,Grocery,9,216.04,91.48,0.4234,Stretch,Finance Ops,2025,FQ2,2024,8,August
2024-08-01,202,1,Home Appliances,11,4397.26,1519.59,0.3456,Stretch,Regional Director,2025,FQ2,2024,8,August
2024-08-01,202,1,Office Supplies,51,2371.57,1002.66,0.4228,Stretch,Regional Director,2025,FQ2,2024,8,August
2024-08-01,202,1,Sports,10,1325.58,630.09,0.4753,Stretch,Commercial Planning,2025,FQ2,2024,8,August
2024-08-01,203,1,Beauty,7,374.89,149.69,0.3993,Stretch,Finance Ops,2025,FQ2,2024,8,August
2024-08-01,203,1,Electronics,24,34358.49,12819.08,0.3731,Stretch,Commercial Planning,2025,FQ2,2024,8,August
2024-08-01,203,1,Fashion,12,1535.46,652.82,0.4252,Stretch,Commercial Planning,2025,FQ2,2024,8,August
2024-08-01,203,1,Furniture,19,11720.58,4060.42,0.3464,Stretch,Finance Ops,2025,FQ2,2024,8,August
2024-08-01,203,1,Grocery,30,737.82,283.45,0.3842,Stretch,Finance Ops,2025,FQ2,2024,8,August
2024-08-01,203,1,Home Appliances,32,17788.99,6988.36,0.3928,Stretch,Regional Director,2025,FQ2,2024,8,August
2024-08-01,203,1,Office Supplies,25,1109.62,420.83,0.3793,Stretch,Regional Director,2025,FQ2,2024,8,August
2024-08-01,203,1,Sports,6,950.78,350.24,0.3684,Stretch,Regional Director,2025,FQ2,2024,8,August
2024-08-01,204,1,Beauty,10,472.98,221.17,0.4676,Stretch,Regional Director,2025,FQ2,2024,8,August
2024-08-01,204,1,Electronics,36,50548.62,21308.34,0.4215,Stretch,Regional Director,2025,FQ2,2024,8,August
2024-08-01,204,1,Fashion,35,2931.31,849.09,0.2897,Stretch,Finance Ops,2025,FQ2,2024,8,August
2024-08-01,204,1,Furniture,27,16474.87,6570.02,0.3988,Stretch,Finance Ops,2025,FQ2,2024,8,August
2024-08-01,204,1,Grocery,4,131.18,57.51,0.4384,Stretch,Finance Ops,2025,FQ2,2024,8,August
2024-08-01,204,1,Home Appliances,19,5652.21,2746.57,0.4859,Stretch,Commercial Planning,2025,FQ2,2024,8,August
2024-08-01,204,1,Office Supplies,30,1281.79,493.75,0.3852,Stretch,Finance Ops,2025,FQ2,2024,8,August
2024-08-01,204,1,Sports,8,1166.95,527.24,0.4518,Stretch,Commercial Planning,2025,FQ2,2024,8,August
2024-08-01,205,1,Beauty,12,704.77,213.51,0.3029,Stretch,Commercial Planning,2025,FQ2,2024,8,August
2024-08-01,205,1,Electronics,32,22251.22,9634.67,0.433,Stretch,Commercial Planning,2025,FQ2,2024,8,August
2024-08-01,205,1,Fashion,9,916.8,323.64,0.353,Stretch,Regional Director,2025,FQ2,2024,8,August
2024-08-01,205,1,Furniture,10,5739.94,2212.45,0.3854,Stretch,Finance Ops,2025,FQ2,2024,8,August
2024-08-01,205,1,Grocery,9,329.68,134.65,0.4084,Stretch,Finance Ops,2025,FQ2,2024,8,August
2024-08-01,205,1,Home Appliances,22,6483.48,3329.88,0.5136,Stretch,Finance Ops,2025,FQ2,2024,8,August
2024-08-01,205,1,Office Supplies,27,1440.26,606.82,0.4213,Stretch,Regional Director,2025,FQ2,2024,8,August
2024-08-01,205,1,Sports,21,4581.38,1746.5,0.3812,Stretch,Regional Director,2025,FQ2,2024,8,August
2024-08-01,206,1,Beauty,56,2683.84,1043.3,0.3887,Stretch,Finance Ops,2025,FQ2,2024,8,August
2024-08-01,206,1,Electronics,45,26068.16,11139.27,0.4273,Stretch,Commercial Planning,2025,FQ2,2024,8,August
2024-08-01,206,1,Fashion,22,2574.89,1005.89,0.3907,Stretch,Finance Ops,2025,FQ2,2024,8,August
2024-08-01,206,1,Furniture,23,14842.1,5394.06,0.3634,Stretch,Commercial Planning,2025,FQ2,2024,8,August
2024-08-01,206,1,Grocery,32,738.19,259.07,0.351,Stretch,Finance Ops,2025,FQ2,2024,8,August
2024-08-01,206,1,Home Appliances,25,11840.3,4360.31,0.3683,Stretch,Finance Ops,2025,FQ2,2024,8,August
2024-08-01,206,1,Office Supplies,35,1411.53,590.22,0.4181,Stretch,Finance Ops,2025,FQ2,2024,8,August
2024-08-01,206,1,Sports,25,4651.89,1768.71,0.3802,Stretch,Finance Ops,2025,FQ2,2024,8,August
2024-08-01,207,1,Beauty,3,140.28,51.68,0.3684,Stretch,Finance Ops,2025,FQ2,2024,8,August
2024-08-01,207,1,Electronics,7,7400.25,2946.1,0.3981,Stretch,Commercial Planning,2025,FQ2,2024,8,August
2024-08-01,207,1,Fashion,23,2736.39,1144.78,0.4184,Stretch,Commercial Planning,2025,FQ2,2024,8,August
2024-08-01,207,1,Furniture,10,5902.77,2621.16,0.4441,Stretch,Regional Director,2025,FQ2,2024,8,August
2024-08-01,207,1,Grocery,18,577.22,237.57,0.4116,Stretch,Commercial Planning,2025,FQ2,2024,8,August
2024-08-01,207,1,Home Appliances,41,18425.28,7152.58,0.3882,Stretch,Finance Ops,2025,FQ2,2024,8,August
2024-08-01,207,1,Office Supplies,24,1346.09,591.87,0.4397,Stretch,Finance Ops,2025,FQ2,2024,8,August
2024-08-01,207,1,Sports,28,5892.56,2368.94,0.402,Stretch,Finance Ops,2025,FQ2,2024,8,August
2024-08-01,208,1,Beauty,6,362.94,119.37,0.3289,Stretch,Finance Ops,2025,FQ2,2024,8,August
2024-08-01,208,1,Electronics,53,49010.24,20108.53,0.4103,Stretch,Commercial Planning,2025,FQ2,2024,8,August
2024-08-01,208,1,Fashion,15,1703.8,789.04,0.4631,Stretch,Commercial Planning,2025,FQ2,2024,8,August
2024-08-01,208,1,Furniture,5,3905.25,1395.7,0.3574,Stretch,Regional Director,2025,FQ2,2024,8,August
2024-08-01,208,1,Grocery,5,168.68,56.13,0.3328,Stretch,Regional Director,2025,FQ2,2024,8,August
2024-08-01,208,1,Home Appliances,21,8257.05,2933.5,0.3553,Stretch,Finance Ops,2025,FQ2,2024,8,August
2024-08-01,208,1,Office Supplies,20,1140.58,459.24,0.4026,Stretch,Regional Director,2025,FQ2,2024,8,August
2024-08-01,208,1,Sports,14,1944.31,809.92,0.4166,Stretch,Finance Ops,2025,FQ2,2024,8,August
2024-08-01,209,1,Beauty,22,1203.56,363.85,0.3023,Stretch,Finance Ops,2025,FQ2,2024,8,August
2024-08-01,209,1,Electronics,50,57783.7,24596.82,0.4257,Stretch,Commercial Planning,2025,FQ2,2024,8,August
2024-08-01,209,1,Fashion,24,2844.56,1107.76,0.3894,Stretch,Finance Ops,2025,FQ2,2024,8,August
2024-08-01,209,1,Furniture,9,8039.9,2932.69,0.3648,Stretch,Finance Ops,2025,FQ2,2024,8,August
2024-08-01,209,1,Grocery,29,655.34,256.74,0.3918,Stretch,Commercial Planning,2025,FQ2,2024,8,August
2024-08-01,209,1,Home Appliances,32,6480.33,3048.74,0.4705,Stretch,Regional Director,2025,FQ2,2024,8,August
2024-08-01,209,1,Office Supplies,13,558.93,244.19,0.4369,Stretch,Finance Ops,2025,FQ2,2024,8,August
2024-08-01,210,1,Beauty,16,996.99,348.17,0.3492,Stretch,Regional Director,2025,FQ2,2024,8,August
2024-08-01,210,1,Electronics,24,22892.39,8385.2,0.3663,Stretch,Regional Director,2025,FQ2,2024,8,August
2024-08-01,210,1,Fashion,25,1787.37,702.38,0.393,Stretch,Finance Ops,2025,FQ2,2024,8,August
2024-08-01,210,1,Furniture,12,10330.97,3315.25,0.3209,Stretch,Regional Director,2025,FQ2,2024,8,August
2024-08-01,210,1,Grocery,21,311.65,120.65,0.3871,Stretch,Commercial Planning,2025,FQ2,2024,8,August
2024-08-01,210,1,Home Appliances,26,9051.78,3432.28,0.3792,Stretch,Commercial Planning,2025,FQ2,2024,8,August
2024-08-01,210,1,Office Supplies,30,1074.22,456.46,0.4249,Stretch,Regional Director,2025,FQ2,2024,8,August
2024-08-01,210,1,Sports,5,736.11,327.35,0.4447,Stretch,Commercial Planning,2025,FQ2,2024,8,August
2024-08-01,211,1,Beauty,17,794.48,334.52,0.4211,Stretch,Finance Ops,2025,FQ2,2024,8,August
2024-08-01,211,1,Electronics,41,30408.78,10575.86,0.3478,Stretch,Finance Ops,2025,FQ2,2024,8,August
2024-08-01,211,1,Fashion,17,2044.76,984.4,0.4814,Stretch,Finance Ops,2025,FQ2,2024,8,August
2024-08-01,211,1,Furniture,5,5453.1,2506.38,0.4596,Stretch,Regional Director,2025,FQ2,2024,8,August
2024-08-01,211,1,Grocery,24,615.68,212.98,0.3459,Stretch,Commercial Planning,2025,FQ2,2024,8,August
2024-08-01,211,1,Home Appliances,35,19008.35,7920.15,0.4167,Stretch,Regional Director,2025,FQ2,2024,8,August
2024-08-01,211,1,Office Supplies,31,907.86,365.65,0.4028,Stretch,Commercial Planning,2025,FQ2,2024,8,August
2024-08-01,211,1,Sports,35,5261.31,2436.75,0.4631,Stretch,Finance Ops,2025,FQ2,2024,8,August
2024-08-01,212,1,Beauty,25,1482.86,713.82,0.4814,Stretch,Commercial Planning,2025,FQ2,2024,8,August
2024-08-01,212,1,Electronics,18,18550.58,8141.19,0.4389,Stretch,Commercial Planning,2025,FQ2,2024,8,August
2024-08-01,212,1,Fashion,28,1681.52,694.65,0.4131,Stretch,Finance Ops,2025,FQ2,2024,8,August
2024-08-01,212,1,Furniture,27,22143.36,8069.72,0.3644,Stretch,Finance Ops,2025,FQ2,2024,8,August
2024-08-01,212,1,Grocery,11,314.85,116.62,0.3704,Stretch,Finance Ops,2025,FQ2,2024,8,August
2024-08-01,212,1,Home Appliances,15,9149.76,4468.51,0.4884,Stretch,Finance Ops,2025,FQ2,2024,8,August
2024-08-01,212,1,Office Supplies,38,1498.18,597.46,0.3988,Stretch,Commercial Planning,2025,FQ2,2024,8,August
2024-08-01,212,1,Sports,12,1920.02,796.17,0.4147,Stretch,Finance Ops,2025,FQ2,2024,8,August
2024-08-01,213,1,Beauty,15,830.3,326.22,0.3929,Stretch,Commercial Planning,2025,FQ2,2024,8,August
2024-08-01,213,1,Electronics,22,24031.19,9514.39,0.3959,Stretch,Commercial Planning,2025,FQ2,2024,8,August
2024-08-01,213,1,Fashion,45,3215.35,1041.06,0.3238,Stretch,Finance Ops,2025,FQ2,2024,8,August
2024-08-01,213,1,Furniture,16,10221.74,4341.56,0.4247,Stretch,Regional Director,2025,FQ2,2024,8,August
2024-08-01,213,1,Grocery,13,486.46,198.87,0.4088,Stretch,Finance Ops,2025,FQ2,2024,8,August
2024-08-01,213,1,Home Appliances,35,10307.94,4339.27,0.421,Stretch,Commercial Planning,2025,FQ2,2024,8,August
2024-08-01,213,1,Office Supplies,30,1052.77,468.96,0.4455,Stretch,Regional Director,2025,FQ2,2024,8,August
2024-08-01,213,1,Sports,43,9181.87,3553.62,0.387,Stretch,Regional Director,2025,FQ2,2024,8,August
2024-08-01,214,1,Beauty,19,1092.71,367.55,0.3364,Stretch,Finance Ops,2025,FQ2,2024,8,August
2024-08-01,214,1,Electronics,32,24965.13,10944.77,0.4384,Stretch,Regional Director,2025,FQ2,2024,8,August
2024-08-01,214,1,Fashion,24,2607.32,1136.13,0.4357,Stretch,Finance Ops,2025,FQ2,2024,8,August
2024-08-01,214,1,Furniture,8,6251.49,2635.41,0.4216,Stretch,Commercial Planning,2025,FQ2,2024,8,August
2024-08-01,214,1,Grocery,23,809.87,376.63,0.465,Stretch,Finance Ops,2025,FQ2,2024,8,August
2024-08-01,214,1,Home Appliances,29,11742.7,4947.77,0.4213,Stretch,Commercial Planning,2025,FQ2,2024,8,August
2024-08-01,214,1,Office Supplies,21,793.05,348.68,0.4397,Stretch,Finance Ops,2025,FQ2,2024,8,August
2024-08-01,214,1,Sports,40,4206.2,1807.0,0.4296,Stretch,Commercial Planning,2025,FQ2,2024,8,August
2024-08-01,215,2,Beauty,56,3113.77,1193.51,0.3833,Stretch,Finance Ops,2025,FQ2,2024,8,August
2024-08-01,215,2,Electronics,96,105217.96,41288.6,0.3924,Stretch,Finance Ops,2025,FQ2,2024,8,August
2024-08-01,215,2,Fashion,120,11497.21,4469.63,0.3888,Stretch,Commercial Planning,2025,FQ2,2024,8,August
2024-08-01,215,2,Furniture,68,42029.01,13695.63,0.3259,Stretch,Finance Ops,2025,FQ2,2024,8,August
2024-08-01,215,2,Grocery,62,1593.57,693.09,0.4349,Stretch,Regional Director,2025,FQ2,2024,8,August
2024-08-01,215,2,Home Appliances,92,47148.63,18992.23,0.4028,Stretch,Commercial Planning,2025,FQ2,2024,8,August
2024-08-01,215,2,Office Supplies,115,5252.36,2346.68,0.4468,Stretch,Finance Ops,2025,FQ2,2024,8,August
2024-08-01,215,2,Sports,36,7280.19,2868.62,0.394,Stretch,Finance Ops,2025,FQ2,2024,8,August
2024-08-01,216,2,Beauty,88,4787.48,1723.63,0.36,Stretch,Finance Ops,2025,FQ2,2024,8,August
2024-08-01,216,2,Electronics,130,118084.53,46046.8,0.3899,Stretch,Commercial Planning,2025,FQ2,2024,8,August
2024-08-01,216,2,Fashion,63,6208.78,2426.89,0.3909,Stretch,Commercial Planning,2025,FQ2,2024,8,August
2024-08-01,216,2,Furniture,73,46439.47,17537.28,0.3776,Stretch,Finance Ops,2025,FQ2,2024,8,August
2024-08-01,216,2,Grocery,91,2075.45,789.14,0.3802,Stretch,Finance Ops,2025,FQ2,2024,8,August
2024-08-01,216,2,Home Appliances,98,51413.33,21720.43,0.4225,Stretch,Regional Director,2025,FQ2,2024,8,August
2024-08-01,216,2,Office Supplies,142,7031.11,2742.59,0.3901,Stretch,Commercial Planning,2025,FQ2,2024,8,August
2024-08-01,216,2,Sports,45,8291.3,3260.89,0.3933,Stretch,Commercial Planning,2025,FQ2,2024,8,August
2024-08-01,217,2,Beauty,115,5668.06,2114.49,0.3731,Stretch,Commercial Planning,2025,FQ2,2024,8,August
2024-08-01,217,2,Electronics,174,162472.68,64076.26,0.3944,Stretch,Finance Ops,2025,FQ2,2024,8,August
2024-08-01,217,2,Fashion,87,9563.75,4023.7,0.4207,Stretch,Commercial Planning,2025,FQ2,2024,8,August
2024-08-01,217,2,Furniture,41,37150.61,13996.69,0.3768,Stretch,Finance Ops,2025,FQ2,2024,8,August
2024-08-01,217,2,Grocery,61,1463.37,584.22,0.3992,Stretch,Finance Ops,2025,FQ2,2024,8,August
2024-08-01,217,2,Home Appliances,47,19515.92,7557.31,0.3872,Stretch,Regional Director,2025,FQ2,2024,8,August
2024-08-01,217,2,Office Supplies,82,3987.94,1709.94,0.4288,Stretch,Commercial Planning,2025,FQ2,2024,8,August
2024-08-01,217,2,Sports,58,9409.3,4035.97,0.4289,Stretch,Regional Director,2025,FQ2,2024,8,August
2024-08-01,218,3,Beauty,257,14771.32,5316.93,0.3599,Stretch,Commercial Planning,2025,FQ2,2024,8,August
2024-08-01,218,3,Electronics,365,363500.08,137729.84,0.3789,Stretch,Finance Ops,2025,FQ2,2024,8,August
2024-08-01,218,3,Fashion,268,26126.3,9728.93,0.3724,Stretch,Finance Ops,2025,FQ2,2024,8,August
2024-08-01,218,3,Furniture,217,139277.38,47038.18,0.3377,Stretch,Commercial Planning,2025,FQ2,2024,8,August
2024-08-01,218,3,Grocery,402,10635.9,4050.21,0.3808,Stretch,Commercial Planning,2025,FQ2,2024,8,August
2024-08-01,218,3,Home Appliances,515,201263.61,66891.34,0.3324,Stretch,Finance Ops,2025,FQ2,2024,8,August
2024-08-01,218,3,Office Supplies,582,30012.49,11792.19,0.3929,Stretch,Finance Ops,2025,FQ2,2024,8,August
2024-08-01,218,3,Sports,317,49640.33,20701.43,0.417,Stretch,Finance Ops,2025,FQ2,2024,8,August
2024-08-01,219,3,Beauty,313,13727.53,4709.94,0.3431,Stretch,Commercial Planning,2025,FQ2,2024,8,August
2024-08-01,219,3,Electronics,481,437589.88,168263.12,0.3845,Stretch,Finance Ops,2025,FQ2,2024,8,August
2024-08-01,219,3,Fashion,335,42974.67,17665.44,0.4111,Stretch,Commercial Planning,2025,FQ2,2024,8,August
2024-08-01,219,3,Furniture,249,199122.57,66403.09,0.3335,Stretch,Finance Ops,2025,FQ2,2024,8,August
2024-08-01,219,3,Grocery,451,6961.69,2633.66,0.3783,Stretch,Commercial Planning,2025,FQ2,2024,8,August
2024-08-01,219,3,Home Appliances,676,362974.71,147684.15,0.4069,Stretch,Finance Ops,2025,FQ2,2024,8,August
2024-08-01,219,3,Office Supplies,425,16591.15,6870.48,0.4141,Stretch,Finance Ops,2025,FQ2,2024,8,August
2024-08-01,219,3,Sports,217,33152.53,12748.57,0.3845,Stretch,Commercial Planning,2025,FQ2,2024,8,August
2024-08-01,220,4,Beauty,100,5159.19,1823.88,0.3535,Stretch,Finance Ops,2025,FQ2,2024,8,August
2024-08-01,220,4,Electronics,120,126028.52,52756.09,0.4186,Stretch,Finance Ops,2025,FQ2,2024,8,August
2024-08-01,220,4,Fashion,104,11198.51,4380.45,0.3912,Stretch,Commercial Planning,2025,FQ2,2024,8,August
2024-08-01,220,4,Furniture,82,62511.84,23138.41,0.3701,Stretch,Commercial Planning,2025,FQ2,2024,8,August
2024-08-01,220,4,Grocery,82,1478.88,580.84,0.3928,Stretch,Finance Ops,2025,FQ2,2024,8,August
2024-08-01,220,4,Home Appliances,189,96176.74,36509.83,0.3796,Stretch,Regional Director,2025,FQ2,2024,8,August
2024-08-01,220,4,Office Supplies,143,6275.11,2595.75,0.4137,Stretch,Finance Ops,2025,FQ2,2024,8,August
2024-08-01,220,4,Sports,110,18866.24,6704.89,0.3554,Stretch,Finance Ops,2025,FQ2,2024,8,August
2024-09-01,201,1,Beauty,21,1520.92,447.85,0.2945,Stretch,Finance Ops,2025,FQ2,2024,9,September
2024-09-01,201,1,Electronics,10,6079.62,2703.46,0.4447,Stretch,Finance Ops,2025,FQ2,2024,9,September
2024-09-01,201,1,Fashion,19,2129.2,903.25,0.4242,Stretch,Finance Ops,2025,FQ2,2024,9,September
2024-09-01,201,1,Furniture,15,8454.41,3109.33,0.3678,Stretch,Finance Ops,2025,FQ2,2024,9,September
2024-09-01,201,1,Grocery,22,682.88,289.46,0.4239,Stretch,Commercial Planning,2025,FQ2,2024,9,September
2024-09-01,201,1,Home Appliances,35,8958.11,3948.26,0.4407,Stretch,Finance Ops,2025,FQ2,2024,9,September
2024-09-01,201,1,Office Supplies,30,1408.6,484.75,0.3441,Stretch,Finance Ops,2025,FQ2,2024,9,September
2024-09-01,201,1,Sports,13,2552.05,799.85,0.3134,Stretch,Regional Director,2025,FQ2,2024,9,September
2024-09-01,202,1,Beauty,21,1219.06,616.22,0.5055,Stretch,Finance Ops,2025,FQ2,2024,9,September
2024-09-01,202,1,Electronics,10,6831.04,2779.1,0.4068,Stretch,Commercial Planning,2025,FQ2,2024,9,September
2024-09-01,202,1,Fashion,19,2254.46,889.57,0.3946,Stretch,Commercial Planning,2025,FQ2,2024,9,September
2024-09-01,202,1,Furniture,35,16965.5,6588.12,0.3883,Stretch,Commercial Planning,2025,FQ2,2024,9,September
2024-09-01,202,1,Grocery,22,245.04,93.7,0.3824,Stretch,Finance Ops,2025,FQ2,2024,9,September
2024-09-01,202,1,Home Appliances,18,6047.42,2812.2,0.465,Stretch,Commercial Planning,2025,FQ2,2024,9,September
2024-09-01,202,1,Office Supplies,38,1788.06,707.57,0.3957,Stretch,Commercial Planning,2025,FQ2,2024,9,September
2024-09-01,202,1,Sports,9,2190.36,731.97,0.3342,Stretch,Finance Ops,2025,FQ2,2024,9,September
2024-09-01,203,1,Electronics,53,64274.26,26025.37,0.4049,Stretch,Regional Director,2025,FQ2,2024,9,September
2024-09-01,203,1,Fashion,45,5288.73,2181.07,0.4124,Stretch,Finance Ops,2025,FQ2,2024,9,September
2024-09-01,203,1,Furniture,17,11350.7,4292.16,0.3781,Stretch,Regional Director,2025,FQ2,2024,9,September
2024-09-01,203,1,Grocery,11,219.15,86.02,0.3925,Stretch,Commercial Planning,2025,FQ2,2024,9,September
2024-09-01,203,1,Home Appliances,32,15481.08,6686.73,0.4319,Stretch,Commercial Planning,2025,FQ2,2024,9,September
2024-09-01,203,1,Office Supplies,37,2107.65,943.45,0.4476,Stretch,Commercial Planning,2025,FQ2,2024,9,September
2024-09-01,203,1,Sports,2,479.69,271.09,0.5651,Stretch,Commercial Planning,2025,FQ2,2024,9,September
2024-09-01,204,1,Beauty,31,1538.63,685.95,0.4458,Stretch,Commercial Planning,2025,FQ2,2024,9,September
2024-09-01,204,1,Electronics,27,29484.88,10163.66,0.3447,Stretch,Finance Ops,2025,FQ2,2024,9,September
2024-09-01,204,1,Fashion,18,1516.37,671.22,0.4426,Stretch,Finance Ops,2025,FQ2,2024,9,September
2024-09-01,204,1,Furniture,31,12250.06,4850.49,0.396,Stretch,Finance Ops,2025,FQ2,2024,9,September
2024-09-01,204,1,Grocery,22,409.91,175.13,0.4272,Stretch,Finance Ops,2025,FQ2,2024,9,September
2024-09-01,204,1,Home Appliances,37,17717.02,6533.36,0.3688,Stretch,Finance Ops,2025,FQ2,2024,9,September
2024-09-01,204,1,Office Supplies,39,1826.66,689.59,0.3775,Stretch,Commercial Planning,2025,FQ2,2024,9,September
2024-09-01,204,1,Sports,45,8263.89,3427.88,0.4148,Stretch,Commercial Planning,2025,FQ2,2024,9,September
2024-09-01,205,1,Beauty,26,1194.38,386.61,0.3237,Stretch,Commercial Planning,2025,FQ2,2024,9,September
2024-09-01,205,1,Electronics,38,31714.45,10431.24,0.3289,Stretch,Commercial Planning,2025,FQ2,2024,9,September
2024-09-01,205,1,Fashion,25,1814.85,623.6,0.3436,Stretch,Regional Director,2025,FQ2,2024,9,September
2024-09-01,205,1,Furniture,9,2536.09,1191.59,0.4699,Stretch,Finance Ops,2025,FQ2,2024,9,September
2024-09-01,205,1,Grocery,6,176.69,59.9,0.339,Stretch,Commercial Planning,2025,FQ2,2024,9,September
2024-09-01,205,1,Home Appliances,17,10274.15,4130.17,0.402,Stretch,Regional Director,2025,FQ2,2024,9,September
2024-09-01,205,1,Office Supplies,25,1250.3,465.73,0.3725,Stretch,Regional Director,2025,FQ2,2024,9,September
2024-09-01,205,1,Sports,31,6889.54,2879.31,0.4179,Stretch,Finance Ops,2025,FQ2,2024,9,September
2024-09-01,206,1,Beauty,11,720.29,252.98,0.3512,Stretch,Finance Ops,2025,FQ2,2024,9,September
2024-09-01,206,1,Electronics,12,16019.03,6704.17,0.4185,Stretch,Finance Ops,2025,FQ2,2024,9,September
2024-09-01,206,1,Fashion,23,2464.34,929.88,0.3773,Stretch,Regional Director,2025,FQ2,2024,9,September
2024-09-01,206,1,Furniture,18,7728.0,2832.36,0.3665,Stretch,Regional Director,2025,FQ2,2024,9,September
2024-09-01,206,1,Grocery,5,97.65,42.94,0.4397,Stretch,Regional Director,2025,FQ2,2024,9,September
2024-09-01,206,1,Home Appliances,13,6529.44,2919.49,0.4471,Stretch,Regional Director,2025,FQ2,2024,9,September
2024-09-01,206,1,Office Supplies,11,515.79,226.29,0.4387,Stretch,Commercial Planning,2025,FQ2,2024,9,September
2024-09-01,206,1,Sports,17,3266.13,1602.45,0.4906,Stretch,Regional Director,2025,FQ2,2024,9,September
2024-09-01,207,1,Beauty,18,991.22,398.66,0.4022,Stretch,Commercial Planning,2025,FQ2,2024,9,September
2024-09-01,207,1,Electronics,30,16060.39,6273.69,0.3906,Stretch,Regional Director,2025,FQ2,2024,9,September
2024-09-01,207,1,Fashion,9,727.67,297.5,0.4088,Stretch,Finance Ops,2025,FQ2,2024,9,September
2024-09-01,207,1,Furniture,10,7923.74,2896.56,0.3656,Stretch,Finance Ops,2025,FQ2,2024,9,September
2024-09-01,207,1,Grocery,10,234.22,96.22,0.4108,Stretch,Finance Ops,2025,FQ2,2024,9,September
2024-09-01,207,1,Home Appliances,27,7877.2,3193.81,0.4054,Stretch,Commercial Planning,2025,FQ2,2024,9,September
2024-09-01,207,1,Office Supplies,28,1302.71,508.89,0.3906,Stretch,Finance Ops,2025,FQ2,2024,9,September
2024-09-01,207,1,Sports,21,3758.6,1565.03,0.4164,Stretch,Regional Director,2025,FQ2,2024,9,September
2024-09-01,208,1,Beauty,9,492.13,206.8,0.4202,Stretch,Finance Ops,2025,FQ2,2024,9,September
2024-09-01,208,1,Electronics,15,6576.38,2920.01,0.444,Stretch,Finance Ops,2025,FQ2,2024,9,September
2024-09-01,208,1,Fashion,21,2273.96,934.01,0.4107,Stretch,Finance Ops,2025,FQ2,2024,9,September
2024-09-01,208,1,Furniture,29,9236.59,3735.3,0.4044,Stretch,Regional Director,2025,FQ2,2024,9,September
2024-09-01,208,1,Grocery,22,424.91,188.15,0.4428,Stretch,Finance Ops,2025,FQ2,2024,9,September
2024-09-01,208,1,Home Appliances,11,5702.74,2565.78,0.4499,Stretch,Finance Ops,2025,FQ2,2024,9,September
2024-09-01,208,1,Office Supplies,35,1555.5,613.84,0.3946,Stretch,Commercial Planning,2025,FQ2,2024,9,September
2024-09-01,208,1,Sports,11,1544.72,527.73,0.3416,Stretch,Regional Director,2025,FQ2,2024,9,September
2024-09-01,209,1,Beauty,19,1265.81,410.1,0.324,Stretch,Commercial Planning,2025,FQ2,2024,9,September
2024-09-01,209,1,Electronics,16,6704.67,2925.38,0.4363,Stretch,Commercial Planning,2025,FQ2,2024,9,September
2024-09-01,209,1,Fashion,19,1647.8,514.58,0.3123,Stretch,Commercial Planning,2025,FQ2,2024,9,September
2024-09-01,209,1,Furniture,14,10461.04,3428.28,0.3277,Stretch,Commercial Planning,2025,FQ2,2024,9,September
2024-09-01,209,1,Grocery,8,182.65,72.59,0.3974,Stretch,Commercial Planning,2025,FQ2,2024,9,September
2024-09-01,209,1,Home Appliances,6,1458.91,651.13,0.4463,Stretch,Commercial Planning,2025,FQ2,2024,9,September
2024-09-01,209,1,Office Supplies,24,1571.02,623.99,0.3972,Stretch,Finance Ops,2025,FQ2,2024,9,September
2024-09-01,209,1,Sports,10,2173.9,1079.8,0.4967,Stretch,Regional Director,2025,FQ2,2024,9,September
2024-09-01,210,1,Beauty,6,322.07,142.79,0.4434,Stretch,Commercial Planning,2025,FQ2,2024,9,September
2024-09-01,210,1,Electronics,22,28111.72,10631.37,0.3782,Stretch,Regional Director,2025,FQ2,2024,9,September
2024-09-01,210,1,Fashion,11,1044.41,551.41,0.528,Stretch,Finance Ops,2025,FQ2,2024,9,September
2024-09-01,210,1,Furniture,16,11393.38,4249.94,0.373,Stretch,Finance Ops,2025,FQ2,2024,9,September
2024-09-01,210,1,Grocery,10,226.92,82.11,0.3618,Stretch,Commercial Planning,2025,FQ2,2024,9,September
2024-09-01,210,1,Home Appliances,36,23645.71,8572.99,0.3626,Stretch,Finance Ops,2025,FQ2,2024,9,September
2024-09-01,210,1,Office Supplies,31,1565.17,589.83,0.3768,Stretch,Commercial Planning,2025,FQ2,2024,9,September
2024-09-01,210,1,Sports,22,3604.97,1746.75,0.4845,Stretch,Commercial Planning,2025,FQ2,2024,9,September
2024-09-01,211,1,Beauty,17,687.85,282.75,0.4111,Stretch,Commercial Planning,2025,FQ2,2024,9,September
2024-09-01,211,1,Electronics,45,19452.35,7955.79,0.409,Stretch,Commercial Planning,2025,FQ2,2024,9,September
2024-09-01,211,1,Fashion,22,3066.18,1516.63,0.4946,Stretch,Finance Ops,2025,FQ2,2024,9,September
2024-09-01,211,1,Furniture,6,5928.94,2519.25,0.4249,Stretch,Commercial Planning,2025,FQ2,2024,9,September
2024-09-01,211,1,Grocery,9,207.49,89.17,0.4298,Stretch,Commercial Planning,2025,FQ2,2024,9,September
2024-09-01,211,1,Home Appliances,11,3960.01,1513.13,0.3821,Stretch,Finance Ops,2025,FQ2,2024,9,September
2024-09-01,211,1,Office Supplies,11,282.49,107.35,0.38,Stretch,Regional Director,2025,FQ2,2024,9,September
2024-09-01,211,1,Sports,17,3091.67,1259.97,0.4075,Stretch,Finance Ops,2025,FQ2,2024,9,September
2024-09-01,212,1,Beauty,11,473.47,154.43,0.3262,Stretch,Commercial Planning,2025,FQ2,2024,9,September
2024-09-01,212,1,Electronics,29,28868.95,9218.62,0.3193,Stretch,Finance Ops,2025,FQ2,2024,9,September
2024-09-01,212,1,Fashion,23,2224.94,867.15,0.3897,Stretch,Commercial Planning,2025,FQ2,2024,9,September
2024-09-01,212,1,Furniture,4,3011.13,811.13,0.2694,Stretch,Finance Ops,2025,FQ2,2024,9,September
2024-09-01,212,1,Grocery,50,1071.62,399.37,0.3727,Stretch,Commercial Planning,2025,FQ2,2024,9,September
2024-09-01,212,1,Home Appliances,32,10069.53,4511.55,0.448,Stretch,Finance Ops,2025,FQ2,2024,9,September
2024-09-01,212,1,Office Supplies,19,832.28,364.13,0.4375,Stretch,Commercial Planning,2025,FQ2,2024,9,September
2024-09-01,212,1,Sports,19,2950.23,1401.8,0.4751,Stretch,Commercial Planning,2025,FQ2,2024,9,September
2024-09-01,213,1,Beauty,21,1368.02,457.38,0.3343,Stretch,Finance Ops,2025,FQ2,2024,9,September
2024-09-01,213,1,Electronics,36,45099.43,17288.29,0.3833,Stretch,Commercial Planning,2025,FQ2,2024,9,September
2024-09-01,213,1,Fashion,16,1824.57,983.65,0.5391,Stretch,Commercial Planning,2025,FQ2,2024,9,September
2024-09-01,213,1,Furniture,7,2928.35,1114.21,0.3805,Stretch,Commercial Planning,2025,FQ2,2024,9,September
2024-09-01,213,1,Grocery,28,331.64,146.15,0.4407,Stretch,Finance Ops,2025,FQ2,2024,9,September
2024-09-01,213,1,Home Appliances,22,9463.92,2859.06,0.3021,Stretch,Regional Director,2025,FQ2,2024,9,September
2024-09-01,213,1,Office Supplies,20,1189.08,483.54,0.4067,Stretch,Finance Ops,2025,FQ2,2024,9,September
2024-09-01,213,1,Sports,41,7118.64,3303.95,0.4641,Stretch,Commercial Planning,2025,FQ2,2024,9,September
2024-09-01,214,1,Beauty,29,1630.16,506.73,0.3108,Stretch,Finance Ops,2025,FQ2,2024,9,September
2024-09-01,214,1,Electronics,28,20910.92,9035.81,0.4321,Stretch,Finance Ops,2025,FQ2,2024,9,September
2024-09-01,214,1,Fashion,17,1741.96,585.51,0.3361,Stretch,Finance Ops,2025,FQ2,2024,9,September
2024-09-01,214,1,Furniture,28,16213.27,5742.7,0.3542,Stretch,Commercial Planning,2025,FQ2,2024,9,September
2024-09-01,214,1,Grocery,11,288.04,91.43,0.3174,Stretch,Commercial Planning,2025,FQ2,2024,9,September
2024-09-01,214,1,Home Appliances,24,8818.15,4467.89,0.5067,Stretch,Commercial Planning,2025,FQ2,2024,9,September
2024-09-01,214,1,Office Supplies,22,1195.48,379.18,0.3172,Stretch,Finance Ops,2025,FQ2,2024,9,September
2024-09-01,214,1,Sports,18,1574.08,476.21,0.3025,Stretch,Finance Ops,2025,FQ2,2024,9,September
2024-09-01,215,2,Beauty,72,3869.01,1426.36,0.3687,Stretch,Commercial Planning,2025,FQ2,2024,9,September
2024-09-01,215,2,Electronics,115,98818.78,39046.16,0.3951,Stretch,Finance Ops,2025,FQ2,2024,9,September
2024-09-01,215,2,Fashion,39,4614.03,1932.24,0.4188,Stretch,Regional Director,2025,FQ2,2024,9,September
2024-09-01,215,2,Furniture,83,56790.44,23419.66,0.4124,Stretch,Finance Ops,2025,FQ2,2024,9,September
2024-09-01,215,2,Grocery,38,1100.79,441.83,0.4014,Stretch,Commercial Planning,2025,FQ2,2024,9,September
2024-09-01,215,2,Home Appliances,85,38941.1,15622.47,0.4012,Stretch,Commercial Planning,2025,FQ2,2024,9,September
2024-09-01,215,2,Office Supplies,91,4372.51,1851.06,0.4233,Stretch,Finance Ops,2025,FQ2,2024,9,September
2024-09-01,215,2,Sports,69,12088.24,5113.3,0.423,Stretch,Commercial Planning,2025,FQ2,2024,9,September
2024-09-01,216,2,Beauty,38,2154.86,806.01,0.374,Stretch,Finance Ops,2025,FQ2,2024,9,September
2024-09-01,216,2,Electronics,70,72269.36,29094.84,0.4026,Stretch,Commercial Planning,2025,FQ2,2024,9,September
2024-09-01,216,2,Fashion,75,6757.57,2577.94,0.3815,Stretch,Regional Director,2025,FQ2,2024,9,September
2024-09-01,216,2,Furniture,55,42308.6,15708.19,0.3713,Stretch,Finance Ops,2025,FQ2,2024,9,September
2024-09-01,216,2,Grocery,31,649.77,282.6,0.4349,Stretch,Commercial Planning,2025,FQ2,2024,9,September
2024-09-01,216,2,Home Appliances,72,31190.75,11817.54,0.3789,Stretch,Finance Ops,2025,FQ2,2024,9,September
2024-09-01,216,2,Office Supplies,67,2897.02,1180.2,0.4074,Stretch,Commercial Planning,2025,FQ2,2024,9,September
2024-09-01,216,2,Sports,77,15423.82,6795.1,0.4406,Stretch,Finance Ops,2025,FQ2,2024,9,September
2024-09-01,217,2,Beauty,68,4176.9,1484.85,0.3555,Stretch,Finance Ops,2025,FQ2,2024,9,September
2024-09-01,217,2,Electronics,105,92751.77,35643.3,0.3843,Stretch,Finance Ops,2025,FQ2,2024,9,September
2024-09-01,217,2,Fashion,97,11720.65,5090.4,0.4343,Stretch,Commercial Planning,2025,FQ2,2024,9,September
2024-09-01,217,2,Furniture,47,23658.58,9762.82,0.4127,Stretch,Finance Ops,2025,FQ2,2024,9,September
2024-09-01,217,2,Grocery,61,1722.1,675.74,0.3924,Stretch,Commercial Planning,2025,FQ2,2024,9,September
2024-09-01,217,2,Home Appliances,66,28633.37,11823.4,0.4129,Stretch,Finance Ops,2025,FQ2,2024,9,September
2024-09-01,217,2,Office Supplies,106,4587.14,1730.41,0.3772,Stretch,Regional Director,2025,FQ2,2024,9,September
2024-09-01,217,2,Sports,34,8039.8,2968.44,0.3692,Stretch,Finance Ops,2025,FQ2,2024,9,September
2024-09-01,218,3,Beauty,285,11413.89,4190.82,0.3672,Stretch,Regional Director,2025,FQ2,2024,9,September
2024-09-01,218,3,Electronics,321,252324.26,91139.79,0.3612,Stretch,Commercial Planning,2025,FQ2,2024,9,September
2024-09-01,218,3,Fashion,306,27571.12,10681.74,0.3874,Stretch,Finance Ops,2025,FQ2,2024,9,September
2024-09-01,218,3,Furniture,131,48867.45,19499.65,0.399,Stretch,Commercial Planning,2025,FQ2,2024,9,September
2024-09-01,218,3,Grocery,212,6489.04,2368.25,0.365,Stretch,Finance Ops,2025,FQ2,2024,9,September
2024-09-01,218,3,Home Appliances,426,196277.33,77941.98,0.3971,Stretch,Finance Ops,2025,FQ2,2024,9,September
2024-09-01,218,3,Office Supplies,334,14328.86,5889.43,0.411,Stretch,Commercial Planning,2025,FQ2,2024,9,September
2024-09-01,218,3,Sports,321,60099.06,22698.4,0.3777,Stretch,Finance Ops,2025,FQ2,2024,9,September
2024-09-01,219,3,Beauty,219,10978.68,3634.57,0.3311,Stretch,Commercial Planning,2025,FQ2,2024,9,September
2024-09-01,219,3,Electronics,315,238510.35,92815.21,0.3891,Stretch,Commercial Planning,2025,FQ2,2024,9,September
2024-09-01,219,3,Fashion,163,12041.87,3942.45,0.3274,Stretch,Commercial Planning,2025,FQ2,2024,9,September
2024-09-01,219,3,Furniture,155,82241.43,26864.15,0.3266,Stretch,Finance Ops,2025,FQ2,2024,9,September
2024-09-01,219,3,Grocery,235,6400.55,2593.38,0.4052,Stretch,Finance Ops,2025,FQ2,2024,9,September
2024-09-01,219,3,Home Appliances,430,221310.47,81822.46,0.3697,Stretch,Commercial Planning,2025,FQ2,2024,9,September
2024-09-01,219,3,Office Supplies,394,17578.91,7273.15,0.4137,Stretch,Commercial Planning,2025,FQ2,2024,9,September
2024-09-01,219,3,Sports,258,53560.22,23883.82,0.4459,Stretch,Regional Director,2025,FQ2,2024,9,September
2024-09-01,220,4,Beauty,122,6424.26,2016.63,0.3139,Stretch,Commercial Planning,2025,FQ2,2024,9,September
2024-09-01,220,4,Electronics,142,143575.94,58151.27,0.405,Stretch,Regional Director,2025,FQ2,2024,9,September
2024-09-01,220,4,Fashion,75,8505.79,3290.68,0.3869,Stretch,Finance Ops,2025,FQ2,2024,9,September
2024-09-01,220,4,Furniture,89,62468.35,21710.86,0.3475,Stretch,Commercial Planning,2025,FQ2,2024,9,September
2024-09-01,220,4,Grocery,62,1363.48,539.7,0.3958,Stretch,Commercial Planning,2025,FQ2,2024,9,September
2024-09-01,220,4,Home Appliances,94,49511.68,22304.56,0.4505,Stretch,Finance Ops,2025,FQ2,2024,9,September
2024-09-01,220,4,Office Supplies,82,4325.79,1850.29,0.4277,Stretch,Finance Ops,2025,FQ2,2024,9,September
2024-09-01,220,4,Sports,81,17366.6,6496.14,0.3741,Stretch,Finance Ops,2025,FQ2,2024,9,September
2024-10-01,201,1,Beauty,29,1713.78,728.26,0.4249,Stretch,Commercial Planning,2025,FQ3,2024,10,October
2024-10-01,201,1,Electronics,48,46117.89,16791.46,0.3641,Stretch,Regional Director,2025,FQ3,2024,10,October
2024-10-01,201,1,Fashion,19,1597.93,582.64,0.3646,Stretch,Finance Ops,2025,FQ3,2024,10,October
2024-10-01,201,1,Furniture,16,12821.88,4929.75,0.3845,Stretch,Commercial Planning,2025,FQ3,2024,10,October
2024-10-01,201,1,Grocery,27,801.05,287.16,0.3585,Stretch,Regional Director,2025,FQ3,2024,10,October
2024-10-01,201,1,Home Appliances,40,23245.3,8977.14,0.3862,Stretch,Commercial Planning,2025,FQ3,2024,10,October
2024-10-01,201,1,Office Supplies,22,1079.75,327.47,0.3033,Stretch,Regional Director,2025,FQ3,2024,10,October
2024-10-01,201,1,Sports,14,2854.05,964.94,0.3381,Stretch,Regional Director,2025,FQ3,2024,10,October
2024-10-01,202,1,Beauty,16,817.95,275.15,0.3364,Stretch,Regional Director,2025,FQ3,2024,10,October
2024-10-01,202,1,Electronics,27,28386.29,7739.53,0.2727,Stretch,Commercial Planning,2025,FQ3,2024,10,October
2024-10-01,202,1,Fashion,47,4295.26,1511.51,0.3519,Stretch,Finance Ops,2025,FQ3,2024,10,October
2024-10-01,202,1,Furniture,18,8774.06,2139.82,0.2439,Stretch,Commercial Planning,2025,FQ3,2024,10,October
2024-10-01,202,1,Grocery,35,920.03,355.8,0.3867,Stretch,Finance Ops,2025,FQ3,2024,10,October
2024-10-01,202,1,Home Appliances,20,9235.41,4183.32,0.453,Stretch,Commercial Planning,2025,FQ3,2024,10,October
2024-10-01,202,1,Office Supplies,24,1166.63,416.26,0.3568,Stretch,Commercial Planning,2025,FQ3,2024,10,October
2024-10-01,202,1,Sports,8,1516.34,655.77,0.4325,Stretch,Finance Ops,2025,FQ3,2024,10,October
2024-10-01,203,1,Beauty,28,1395.25,413.1,0.2961,Stretch,Finance Ops,2025,FQ3,2024,10,October
2024-10-01,203,1,Electronics,52,46253.6,15274.82,0.3302,Stretch,Commercial Planning,2025,FQ3,2024,10,October
2024-10-01,203,1,Fashion,16,1056.34,404.09,0.3825,Stretch,Commercial Planning,2025,FQ3,2024,10,October
2024-10-01,203,1,Furniture,5,3224.16,1238.16,0.384,Stretch,Finance Ops,2025,FQ3,2024,10,October
2024-10-01,203,1,Grocery,23,338.11,126.77,0.3749,Stretch,Finance Ops,2025,FQ3,2024,10,October
2024-10-01,203,1,Home Appliances,21,13847.29,3760.28,0.2716,Stretch,Finance Ops,2025,FQ3,2024,10,October
2024-10-01,203,1,Office Supplies,28,1479.43,582.65,0.3938,Stretch,Regional Director,2025,FQ3,2024,10,October
2024-10-01,203,1,Sports,39,7124.08,2747.79,0.3857,Stretch,Regional Director,2025,FQ3,2024,10,October
2024-10-01,204,1,Beauty,15,605.26,176.68,0.2919,Stretch,Finance Ops,2025,FQ3,2024,10,October
2024-10-01,204,1,Electronics,18,14930.35,5552.73,0.3719,Stretch,Finance Ops,2025,FQ3,2024,10,October
2024-10-01,204,1,Fashion,20,1655.02,622.76,0.3763,Stretch,Finance Ops,2025,FQ3,2024,10,October
2024-10-01,204,1,Furniture,36,24623.04,6773.54,0.2751,Stretch,Commercial Planning,2025,FQ3,2024,10,October
2024-10-01,204,1,Grocery,35,664.91,204.08,0.3069,Stretch,Finance Ops,2025,FQ3,2024,10,October
2024-10-01,204,1,Home Appliances,10,1906.59,691.75,0.3628,Stretch,Commercial Planning,2025,FQ3,2024,10,October
2024-10-01,204,1,Office Supplies,8,536.19,198.58,0.3704,Stretch,Finance Ops,2025,FQ3,2024,10,October
2024-10-01,204,1,Sports,11,1746.65,571.53,0.3272,Stretch,Regional Director,2025,FQ3,2024,10,October
2024-10-01,205,1,Beauty,31,1512.46,469.01,0.3101,Stretch,Finance Ops,2025,FQ3,2024,10,October
2024-10-01,205,1,Electronics,15,8769.31,3695.12,0.4214,Stretch,Commercial Planning,2025,FQ3,2024,10,October
2024-10-01,205,1,Fashion,20,1749.06,621.39,0.3553,Stretch,Finance Ops,2025,FQ3,2024,10,October
2024-10-01,205,1,Furniture,34,17734.47,6495.5,0.3663,Stretch,Regional Director,2025,FQ3,2024,10,October
2024-10-01,205,1,Grocery,3,32.4,11.09,0.3423,Stretch,Finance Ops,2025,FQ3,2024,10,October
2024-10-01,205,1,Home Appliances,44,18779.32,7086.66,0.3774,Stretch,Finance Ops,2025,FQ3,2024,10,October
2024-10-01,205,1,Office Supplies,24,1084.69,374.83,0.3456,Stretch,Commercial Planning,2025,FQ3,2024,10,October
2024-10-01,205,1,Sports,37,7150.47,2021.63,0.2827,Stretch,Regional Director,2025,FQ3,2024,10,October
2024-10-01,206,1,Beauty,16,818.45,291.75,0.3565,Stretch,Commercial Planning,2025,FQ3,2024,10,October
2024-10-01,206,1,Electronics,13,11596.66,4618.13,0.3982,Stretch,Regional Director,2025,FQ3,2024,10,October
2024-10-01,206,1,Fashion,8,555.35,137.91,0.2483,Stretch,Commercial Planning,2025,FQ3,2024,10,October
2024-10-01,206,1,Furniture,27,10872.22,4402.62,0.4049,Stretch,Commercial Planning,2025,FQ3,2024,10,October
2024-10-01,206,1,Grocery,25,433.91,158.16,0.3645,Stretch,Finance Ops,2025,FQ3,2024,10,October
2024-10-01,206,1,Home Appliances,22,6571.62,1933.74,0.2943,Stretch,Finance Ops,2025,FQ3,2024,10,October
2024-10-01,206,1,Office Supplies,24,1293.19,497.0,0.3843,Stretch,Finance Ops,2025,FQ3,2024,10,October
2024-10-01,206,1,Sports,17,4106.21,971.19,0.2365,Stretch,Finance Ops,2025,FQ3,2024,10,October
2024-10-01,207,1,Beauty,24,790.18,211.79,0.268,Stretch,Regional Director,2025,FQ3,2024,10,October
2024-10-01,207,1,Electronics,24,21734.17,8758.66,0.403,Stretch,Finance Ops,2025,FQ3,2024,10,October
2024-10-01,207,1,Fashion,25,2434.89,971.83,0.3991,Stretch,Commercial Planning,2025,FQ3,2024,10,October
2024-10-01,207,1,Furniture,19,16975.11,6786.82,0.3998,Stretch,Regional Director,2025,FQ3,2024,10,October
2024-10-01,207,1,Grocery,11,157.01,55.89,0.356,Stretch,Regional Director,2025,FQ3,2024,10,October
2024-10-01,207,1,Home Appliances,31,11847.46,4357.44,0.3678,Stretch,Finance Ops,2025,FQ3,2024,10,October
2024-10-01,207,1,Office Supplies,7,158.54,65.16,0.411,Stretch,Finance Ops,2025,FQ3,2024,10,October
2024-10-01,207,1,Sports,21,4600.6,1900.63,0.4131,Stretch,Commercial Planning,2025,FQ3,2024,10,October
2024-10-01,208,1,Beauty,29,1802.35,575.39,0.3192,Stretch,Regional Director,2025,FQ3,2024,10,October
2024-10-01,208,1,Electronics,35,33071.71,11870.91,0.3589,Stretch,Finance Ops,2025,FQ3,2024,10,October
2024-10-01,208,1,Fashion,14,1382.22,555.72,0.402,Stretch,Finance Ops,2025,FQ3,2024,10,October
2024-10-01,208,1,Furniture,23,16654.85,5422.96,0.3256,Stretch,Commercial Planning,2025,FQ3,2024,10,October
2024-10-01,208,1,Grocery,23,432.6,151.58,0.3504,Stretch,Finance Ops,2025,FQ3,2024,10,October
2024-10-01,208,1,Home Appliances,32,16695.95,7204.68,0.4315,Stretch,Regional Director,2025,FQ3,2024,10,October
2024-10-01,208,1,Office Supplies,16,701.86,243.51,0.3469,Stretch,Finance Ops,2025,FQ3,2024,10,October
2024-10-01,208,1,Sports,4,333.89,29.14,0.0873,Stretch,Finance Ops,2025,FQ3,2024,10,October
2024-10-01,209,1,Beauty,29,1471.28,498.57,0.3389,Stretch,Finance Ops,2025,FQ3,2024,10,October
2024-10-01,209,1,Electronics,18,16076.25,6212.42,0.3864,Stretch,Regional Director,2025,FQ3,2024,10,October
2024-10-01,209,1,Fashion,15,1056.72,420.68,0.3981,Stretch,Regional Director,2025,FQ3,2024,10,October
2024-10-01,209,1,Furniture,45,33312.36,11125.53,0.334,Stretch,Finance Ops,2025,FQ3,2024,10,October
2024-10-01,209,1,Grocery,33,716.1,237.77,0.332,Stretch,Finance Ops,2025,FQ3,2024,10,October
2024-10-01,209,1,Home Appliances,26,8664.35,2586.92,0.2986,Stretch,Regional Director,2025,FQ3,2024,10,October
2024-10-01,209,1,Office Supplies,32,1357.65,527.21,0.3883,Stretch,Commercial Planning,2025,FQ3,2024,10,October
2024-10-01,209,1,Sports,36,6327.55,2701.7,0.427,Stretch,Finance Ops,2025,FQ3,2024,10,October
2024-10-01,210,1,Beauty,26,1389.52,426.65,0.307,Stretch,Regional Director,2025,FQ3,2024,10,October
2024-10-01,210,1,Electronics,16,17805.07,6447.02,0.3621,Stretch,Finance Ops,2025,FQ3,2024,10,October
2024-10-01,210,1,Fashion,27,2103.43,828.57,0.3939,Stretch,Commercial Planning,2025,FQ3,2024,10,October
2024-10-01,210,1,Furniture,23,20063.68,6308.23,0.3144,Stretch,Finance Ops,2025,FQ3,2024,10,October
2024-10-01,210,1,Grocery,39,755.12,265.77,0.352,Stretch,Commercial Planning,2025,FQ3,2024,10,October
2024-10-01,210,1,Home Appliances,50,22444.1,7367.95,0.3283,Stretch,Finance Ops,2025,FQ3,2024,10,October
2024-10-01,210,1,Office Supplies,6,251.64,126.34,0.5021,Stretch,Finance Ops,2025,FQ3,2024,10,October
2024-10-01,210,1,Sports,11,1508.38,610.4,0.4047,Stretch,Finance Ops,2025,FQ3,2024,10,October
2024-10-01,211,1,Beauty,27,1306.25,389.43,0.2981,Stretch,Commercial Planning,2025,FQ3,2024,10,October
2024-10-01,211,1,Electronics,62,48662.51,15784.76,0.3244,Stretch,Regional Director,2025,FQ3,2024,10,October
2024-10-01,211,1,Fashion,25,2622.79,925.22,0.3528,Stretch,Commercial Planning,2025,FQ3,2024,10,October
2024-10-01,211,1,Furniture,13,5434.96,2675.5,0.4923,Stretch,Commercial Planning,2025,FQ3,2024,10,October
2024-10-01,211,1,Grocery,21,417.6,139.07,0.333,Stretch,Commercial Planning,2025,FQ3,2024,10,October
2024-10-01,211,1,Home Appliances,21,9089.19,3640.02,0.4005,Stretch,Finance Ops,2025,FQ3,2024,10,October
2024-10-01,211,1,Office Supplies,29,1030.74,494.47,0.4797,Stretch,Finance Ops,2025,FQ3,2024,10,October
2024-10-01,211,1,Sports,54,9198.28,3484.7,0.3788,Stretch,Commercial Planning,2025,FQ3,2024,10,October
2024-10-01,212,1,Beauty,16,950.62,381.02,0.4008,Stretch,Finance Ops,2025,FQ3,2024,10,October
2024-10-01,212,1,Electronics,6,2990.94,1262.01,0.4219,Stretch,Commercial Planning,2025,FQ3,2024,10,October
2024-10-01,212,1,Fashion,29,1491.49,568.47,0.3811,Stretch,Finance Ops,2025,FQ3,2024,10,October
2024-10-01,212,1,Furniture,20,11019.52,3372.33,0.306,Stretch,Regional Director,2025,FQ3,2024,10,October
2024-10-01,212,1,Grocery,27,887.9,365.12,0.4112,Stretch,Commercial Planning,2025,FQ3,2024,10,October
2024-10-01,212,1,Home Appliances,21,8495.13,3003.33,0.3535,Stretch,Regional Director,2025,FQ3,2024,10,October
2024-10-01,212,1,Office Supplies,27,1220.97,411.06,0.3367,Stretch,Commercial Planning,2025,FQ3,2024,10,October
2024-10-01,212,1,Sports,18,3402.81,1258.95,0.37,Stretch,Commercial Planning,2025,FQ3,2024,10,October
2024-10-01,213,1,Beauty,27,1334.8,438.83,0.3288,Stretch,Commercial Planning,2025,FQ3,2024,10,October
2024-10-01,213,1,Electronics,34,33714.3,10986.57,0.3259,Stretch,Regional Director,2025,FQ3,2024,10,October
2024-10-01,213,1,Fashion,51,4416.45,1443.25,0.3268,Stretch,Commercial Planning,2025,FQ3,2024,10,October
2024-10-01,213,1,Furniture,5,5977.83,1864.62,0.3119,Stretch,Commercial Planning,2025,FQ3,2024,10,October
2024-10-01,213,1,Grocery,8,249.12,83.27,0.3343,Stretch,Regional Director,2025,FQ3,2024,10,October
2024-10-01,213,1,Home Appliances,16,5154.87,2341.26,0.4542,Stretch,Finance Ops,2025,FQ3,2024,10,October
2024-10-01,213,1,Office Supplies,3,229.31,90.76,0.3958,Stretch,Finance Ops,2025,FQ3,2024,10,October
2024-10-01,213,1,Sports,29,5960.94,2555.27,0.4287,Stretch,Regional Director,2025,FQ3,2024,10,October
2024-10-01,214,1,Beauty,24,1388.24,501.61,0.3613,Stretch,Commercial Planning,2025,FQ3,2024,10,October
2024-10-01,214,1,Electronics,39,38332.3,11262.25,0.2938,Stretch,Commercial Planning,2025,FQ3,2024,10,October
2024-10-01,214,1,Fashion,23,1898.55,724.38,0.3815,Stretch,Commercial Planning,2025,FQ3,2024,10,October
2024-10-01,214,1,Furniture,30,17325.47,5196.56,0.2999,Stretch,Finance Ops,2025,FQ3,2024,10,October
2024-10-01,214,1,Grocery,20,596.46,214.34,0.3594,Stretch,Regional Director,2025,FQ3,2024,10,October
2024-10-01,214,1,Home Appliances,27,8929.92,3741.93,0.419,Stretch,Finance Ops,2025,FQ3,2024,10,October
2024-10-01,214,1,Office Supplies,42,1878.14,658.47,0.3506,Stretch,Finance Ops,2025,FQ3,2024,10,October
2024-10-01,214,1,Sports,20,3570.74,1512.18,0.4235,Stretch,Finance Ops,2025,FQ3,2024,10,October
2024-10-01,215,2,Beauty,86,4736.38,1651.83,0.3488,Stretch,Finance Ops,2025,FQ3,2024,10,October
2024-10-01,215,2,Electronics,145,100404.27,34027.28,0.3389,Stretch,Regional Director,2025,FQ3,2024,10,October
2024-10-01,215,2,Fashion,89,9104.28,3909.68,0.4294,Stretch,Finance Ops,2025,FQ3,2024,10,October
2024-10-01,215,2,Furniture,48,35168.76,12416.29,0.353,Stretch,Finance Ops,2025,FQ3,2024,10,October
2024-10-01,215,2,Grocery,58,1523.93,578.56,0.3796,Stretch,Finance Ops,2025,FQ3,2024,10,October
2024-10-01,215,2,Home Appliances,98,45869.85,14452.41,0.3151,Stretch,Commercial Planning,2025,FQ3,2024,10,October
2024-10-01,215,2,Office Supplies,52,2335.07,852.18,0.3649,Stretch,Commercial Planning,2025,FQ3,2024,10,October
2024-10-01,215,2,Sports,44,7910.05,2633.48,0.3329,Stretch,Commercial Planning,2025,FQ3,2024,10,October
2024-10-01,216,2,Beauty,112,5869.21,1819.16,0.3099,Stretch,Commercial Planning,2025,FQ3,2024,10,October
2024-10-01,216,2,Electronics,171,153461.17,55544.34,0.3619,Stretch,Finance Ops,2025,FQ3,2024,10,October
2024-10-01,216,2,Fashion,115,11532.79,4292.81,0.3722,Stretch,Regional Director,2025,FQ3,2024,10,October
2024-10-01,216,2,Furniture,74,42051.28,14439.57,0.3434,Stretch,Finance Ops,2025,FQ3,2024,10,October
2024-10-01,216,2,Grocery,64,1443.82,591.59,0.4097,Stretch,Regional Director,2025,FQ3,2024,10,October
2024-10-01,216,2,Home Appliances,90,27036.25,10805.96,0.3997,Stretch,Finance Ops,2025,FQ3,2024,10,October
2024-10-01,216,2,Office Supplies,54,2342.58,1051.37,0.4488,Stretch,Commercial Planning,2025,FQ3,2024,10,October
2024-10-01,216,2,Sports,88,13260.65,5257.44,0.3965,Stretch,Commercial Planning,2025,FQ3,2024,10,October
2024-10-01,217,2,Beauty,95,5318.12,1627.22,0.306,Stretch,Finance Ops,2025,FQ3,2024,10,October
2024-10-01,217,2,Electronics,129,117718.62,43749.08,0.3716,Stretch,Finance Ops,2025,FQ3,2024,10,October
2024-10-01,217,2,Fashion,96,8098.27,2852.11,0.3522,Stretch,Finance Ops,2025,FQ3,2024,10,October
2024-10-01,217,2,Furniture,74,39054.07,13686.09,0.3504,Stretch,Finance Ops,2025,FQ3,2024,10,October
2024-10-01,217,2,Grocery,47,827.34,263.79,0.3188,Stretch,Commercial Planning,2025,FQ3,2024,10,October
2024-10-01,217,2,Home Appliances,101,49531.33,18859.76,0.3808,Stretch,Finance Ops,2025,FQ3,2024,10,October
2024-10-01,217,2,Office Supplies,62,2528.77,875.1,0.3461,Stretch,Regional Director,2025,FQ3,2024,10,October
2024-10-01,217,2,Sports,78,11317.97,4094.07,0.3617,Stretch,Finance Ops,2025,FQ3,2024,10,October
2024-10-01,218,3,Beauty,333,16830.55,5553.8,0.33,Stretch,Finance Ops,2025,FQ3,2024,10,October
2024-10-01,218,3,Electronics,377,363268.18,127617.83,0.3513,Stretch,Finance Ops,2025,FQ3,2024,10,October
2024-10-01,218,3,Fashion,344,31734.02,11773.8,0.371,Stretch,Regional Director,2025,FQ3,2024,10,October
2024-10-01,218,3,Furniture,234,164628.83,54503.1,0.3311,Stretch,Finance Ops,2025,FQ3,2024,10,October
2024-10-01,218,3,Grocery,490,12670.37,4883.15,0.3854,Stretch,Finance Ops,2025,FQ3,2024,10,October
2024-10-01,218,3,Home Appliances,612,338367.87,137046.94,0.405,Stretch,Commercial Planning,2025,FQ3,2024,10,October
2024-10-01,218,3,Office Supplies,661,31574.32,12727.04,0.4031,Stretch,Finance Ops,2025,FQ3,2024,10,October
2024-10-01,218,3,Sports,251,43045.59,17883.83,0.4155,Stretch,Finance Ops,2025,FQ3,2024,10,October
2024-10-01,219,3,Beauty,384,17419.1,5816.89,0.3339,Stretch,Finance Ops,2025,FQ3,2024,10,October
2024-10-01,219,3,Electronics,497,484255.79,187471.72,0.3871,Stretch,Regional Director,2025,FQ3,2024,10,October
2024-10-01,219,3,Fashion,168,15748.03,5787.01,0.3675,Stretch,Regional Director,2025,FQ3,2024,10,October
2024-10-01,219,3,Furniture,246,110551.16,35824.83,0.3241,Stretch,Commercial Planning,2025,FQ3,2024,10,October
2024-10-01,219,3,Grocery,565,14117.73,5125.44,0.363,Stretch,Regional Director,2025,FQ3,2024,10,October
2024-10-01,219,3,Home Appliances,658,229285.27,85269.12,0.3719,Stretch,Commercial Planning,2025,FQ3,2024,10,October
2024-10-01,219,3,Office Supplies,428,20075.05,6686.55,0.3331,Stretch,Finance Ops,2025,FQ3,2024,10,October
2024-10-01,219,3,Sports,367,69077.94,21598.83,0.3127,Stretch,Finance Ops,2025,FQ3,2024,10,October
2024-10-01,220,4,Beauty,102,5674.91,1959.9,0.3454,Stretch,Regional Director,2025,FQ3,2024,10,October
2024-10-01,220,4,Electronics,105,85228.71,32198.58,0.3778,Stretch,Commercial Planning,2025,FQ3,2024,10,October
2024-10-01,220,4,Fashion,105,9914.02,3490.12,0.352,Stretch,Commercial Planning,2025,FQ3,2024,10,October
2024-10-01,220,4,Furniture,103,75518.17,26249.0,0.3476,Stretch,Finance Ops,2025,FQ3,2024,10,October
2024-10-01,220,4,Grocery,78,1754.42,580.29,0.3308,Stretch,Commercial Planning,2025,FQ3,2024,10,October
2024-10-01,220,4,Home Appliances,126,53280.72,18048.83,0.3387,Stretch,Finance Ops,2025,FQ3,2024,10,October
2024-10-01,220,4,Office Supplies,96,5201.79,1923.12,0.3697,Stretch,Commercial Planning,2025,FQ3,2024,10,October
2024-10-01,220,4,Sports,111,16485.85,5986.36,0.3631,Stretch,Commercial Planning,2025,FQ3,2024,10,October
2024-11-01,201,1,Beauty,28,1499.7,495.36,0.3303,Stretch,Commercial Planning,2025,FQ3,2024,11,November
2024-11-01,201,1,Electronics,58,48706.43,15680.6,0.3219,Stretch,Regional Director,2025,FQ3,2024,11,November
2024-11-01,201,1,Fashion,40,3655.6,1365.59,0.3736,Stretch,Finance Ops,2025,FQ3,2024,11,November
2024-11-01,201,1,Furniture,17,10862.06,3724.82,0.3429,Stretch,Finance Ops,2025,FQ3,2024,11,November
2024-11-01,201,1,Grocery,39,1004.28,395.3,0.3936,Stretch,Finance Ops,2025,FQ3,2024,11,November
2024-11-01,201,1,Home Appliances,29,11566.82,4109.78,0.3553,Stretch,Commercial Planning,2025,FQ3,2024,11,November
2024-11-01,201,1,Office Supplies,17,597.69,255.64,0.4277,Stretch,Commercial Planning,2025,FQ3,2024,11,November
2024-11-01,201,1,Sports,27,3900.13,1454.56,0.373,Stretch,Commercial Planning,2025,FQ3,2024,11,November
2024-11-01,202,1,Beauty,6,369.57,150.58,0.4074,Stretch,Finance Ops,2025,FQ3,2024,11,November
2024-11-01,202,1,Electronics,33,31352.78,11757.73,0.375,Stretch,Finance Ops,2025,FQ3,2024,11,November
2024-11-01,202,1,Fashion,15,1161.77,416.55,0.3585,Stretch,Finance Ops,2025,FQ3,2024,11,November
2024-11-01,202,1,Furniture,20,12838.39,4293.88,0.3345,Stretch,Commercial Planning,2025,FQ3,2024,11,November
2024-11-01,202,1,Grocery,29,760.82,218.95,0.2878,Stretch,Finance Ops,2025,FQ3,2024,11,November
2024-11-01,202,1,Home Appliances,18,7609.07,2394.59,0.3147,Stretch,Finance Ops,2025,FQ3,2024,11,November
2024-11-01,202,1,Office Supplies,25,722.43,275.51,0.3814,Stretch,Commercial Planning,2025,FQ3,2024,11,November
2024-11-01,202,1,Sports,52,8982.25,3555.07,0.3958,Stretch,Commercial Planning,2025,FQ3,2024,11,November
2024-11-01,203,1,Beauty,18,640.08,187.82,0.2934,Stretch,Finance Ops,2025,FQ3,2024,11,November
2024-11-01,203,1,Electronics,30,17068.2,6480.74,0.3797,Stretch,Commercial Planning,2025,FQ3,2024,11,November
2024-11-01,203,1,Fashion,14,1101.74,262.15,0.2379,Stretch,Finance Ops,2025,FQ3,2024,11,November
2024-11-01,203,1,Furniture,25,13716.38,5130.08,0.374,Stretch,Finance Ops,2025,FQ3,2024,11,November
2024-11-01,203,1,Grocery,20,553.49,230.46,0.4164,Stretch,Finance Ops,2025,FQ3,2024,11,November
2024-11-01,203,1,Home Appliances,57,26692.81,10003.99,0.3748,Stretch,Regional Director,2025,FQ3,2024,11,November
2024-11-01,203,1,Office Supplies,28,1373.2,707.61,0.5153,Stretch,Commercial Planning,2025,FQ3,2024,11,November
2024-11-01,203,1,Sports,24,4956.44,1557.63,0.3143,Stretch,Regional Director,2025,FQ3,2024,11,November
2024-11-01,204,1,Beauty,17,1009.51,293.28,0.2905,Stretch,Finance Ops,2025,FQ3,2024,11,November
2024-11-01,204,1,Electronics,56,58400.66,20514.96,0.3513,Stretch,Finance Ops,2025,FQ3,2024,11,November
2024-11-01,204,1,Fashion,21,1047.69,280.2,0.2674,Stretch,Finance Ops,2025,FQ3,2024,11,November
2024-11-01,204,1,Furniture,13,8145.82,2427.35,0.298,Stretch,Finance Ops,2025,FQ3,2024,11,November
2024-11-01,204,1,Grocery,19,432.68,122.66,0.2835,Stretch,Commercial Planning,2025,FQ3,2024,11,November
2024-11-01,204,1,Home Appliances,22,12469.45,4809.83,0.3857,Stretch,Finance Ops,2025,FQ3,2024,11,November
2024-11-01,204,1,Office Supplies,26,1325.99,595.23,0.4489,Stretch,Finance Ops,2025,FQ3,2024,11,November
2024-11-01,204,1,Sports,9,1010.15,460.13,0.4555,Stretch,Commercial Planning,2025,FQ3,2024,11,November
2024-11-01,205,1,Beauty,57,3175.36,885.15,0.2788,Stretch,Commercial Planning,2025,FQ3,2024,11,November
2024-11-01,205,1,Electronics,36,27582.23,11726.93,0.4252,Stretch,Finance Ops,2025,FQ3,2024,11,November
2024-11-01,205,1,Fashion,41,3977.16,1483.49,0.373,Stretch,Commercial Planning,2025,FQ3,2024,11,November
2024-11-01,205,1,Furniture,18,11871.11,3011.69,0.2537,Stretch,Commercial Planning,2025,FQ3,2024,11,November
2024-11-01,205,1,Grocery,16,315.18,127.57,0.4048,Stretch,Finance Ops,2025,FQ3,2024,11,November
2024-11-01,205,1,Home Appliances,21,10754.37,3470.82,0.3227,Stretch,Finance Ops,2025,FQ3,2024,11,November
2024-11-01,205,1,Office Supplies,13,684.84,223.97,0.327,Stretch,Finance Ops,2025,FQ3,2024,11,November
2024-11-01,205,1,Sports,7,1598.99,568.53,0.3556,Stretch,Finance Ops,2025,FQ3,2024,11,November
2024-11-01,206,1,Beauty,19,515.55,165.24,0.3205,Stretch,Finance Ops,2025,FQ3,2024,11,November
2024-11-01,206,1,Electronics,58,49483.58,18672.03,0.3773,Stretch,Finance Ops,2025,FQ3,2024,11,November
2024-11-01,206,1,Fashion,24,1968.12,597.35,0.3035,Stretch,Finance Ops,2025,FQ3,2024,11,November
2024-11-01,206,1,Furniture,23,12445.34,4021.15,0.3231,Stretch,Finance Ops,2025,FQ3,2024,11,November
2024-11-01,206,1,Grocery,14,149.53,45.78,0.3062,Stretch,Regional Director,2025,FQ3,2024,11,November
2024-11-01,206,1,Home Appliances,36,15755.0,6163.59,0.3912,Stretch,Finance Ops,2025,FQ3,2024,11,November
2024-11-01,206,1,Office Supplies,15,933.83,329.37,0.3527,Stretch,Commercial Planning,2025,FQ3,2024,11,November
2024-11-01,206,1,Sports,31,6516.62,2424.01,0.372,Stretch,Commercial Planning,2025,FQ3,2024,11,November
2024-11-01,207,1,Beauty,36,1942.86,426.87,0.2197,Stretch,Commercial Planning,2025,FQ3,2024,11,November
2024-11-01,207,1,Electronics,46,43866.45,14528.23,0.3312,Stretch,Finance Ops,2025,FQ3,2024,11,November
2024-11-01,207,1,Fashion,24,1765.93,731.45,0.4142,Stretch,Finance Ops,2025,FQ3,2024,11,November
2024-11-01,207,1,Furniture,15,13223.11,5134.78,0.3883,Stretch,Commercial Planning,2025,FQ3,2024,11,November
2024-11-01,207,1,Grocery,31,661.54,243.15,0.3676,Stretch,Finance Ops,2025,FQ3,2024,11,November
2024-11-01,207,1,Home Appliances,33,24825.65,9086.5,0.366,Stretch,Finance Ops,2025,FQ3,2024,11,November
2024-11-01,207,1,Office Supplies,27,1163.06,418.84,0.3601,Stretch,Finance Ops,2025,FQ3,2024,11,November
2024-11-01,207,1,Sports,26,5552.86,2104.53,0.379,Stretch,Finance Ops,2025,FQ3,2024,11,November
2024-11-01,208,1,Beauty,35,1912.71,568.07,0.297,Stretch,Commercial Planning,2025,FQ3,2024,11,November
2024-11-01,208,1,Electronics,44,32135.06,12347.73,0.3842,Stretch,Commercial Planning,2025,FQ3,2024,11,November
2024-11-01,208,1,Fashion,18,2760.97,973.83,0.3527,Stretch,Regional Director,2025,FQ3,2024,11,November
2024-11-01,208,1,Furniture,27,20107.22,6514.79,0.324,Stretch,Commercial Planning,2025,FQ3,2024,11,November
2024-11-01,208,1,Grocery,11,258.32,84.57,0.3274,Stretch,Finance Ops,2025,FQ3,2024,11,November
2024-11-01,208,1,Home Appliances,2,113.65,20.15,0.1773,Stretch,Commercial Planning,2025,FQ3,2024,11,November
2024-11-01,208,1,Office Supplies,16,683.63,289.4,0.4233,Stretch,Finance Ops,2025,FQ3,2024,11,November
2024-11-01,208,1,Sports,24,4259.91,1900.53,0.4461,Stretch,Commercial Planning,2025,FQ3,2024,11,November
2024-11-01,209,1,Beauty,20,941.95,303.05,0.3217,Stretch,Commercial Planning,2025,FQ3,2024,11,November
2024-11-01,209,1,Electronics,34,27600.84,9483.79,0.3436,Stretch,Finance Ops,2025,FQ3,2024,11,November
2024-11-01,209,1,Fashion,33,2495.73,816.68,0.3272,Stretch,Finance Ops,2025,FQ3,2024,11,November
2024-11-01,209,1,Furniture,23,13998.41,4779.46,0.3414,Stretch,Commercial Planning,2025,FQ3,2024,11,November
2024-11-01,209,1,Grocery,17,476.02,174.14,0.3658,Stretch,Commercial Planning,2025,FQ3,2024,11,November
2024-11-01,209,1,Home Appliances,32,14133.75,3620.62,0.2562,Stretch,Finance Ops,2025,FQ3,2024,11,November
2024-11-01,209,1,Office Supplies,13,604.17,192.31,0.3183,Stretch,Regional Director,2025,FQ3,2024,11,November
2024-11-01,209,1,Sports,14,1529.03,235.29,0.1539,Stretch,Commercial Planning,2025,FQ3,2024,11,November
2024-11-01,210,1,Beauty,22,1400.48,385.25,0.2751,Stretch,Regional Director,2025,FQ3,2024,11,November
2024-11-01,210,1,Electronics,10,8467.26,3372.1,0.3983,Stretch,Finance Ops,2025,FQ3,2024,11,November
2024-11-01,210,1,Fashion,17,1406.62,492.19,0.3499,Stretch,Commercial Planning,2025,FQ3,2024,11,November
2024-11-01,210,1,Furniture,11,4547.82,964.92,0.2122,Stretch,Finance Ops,2025,FQ3,2024,11,November
2024-11-01,210,1,Grocery,30,671.69,241.92,0.3602,Stretch,Finance Ops,2025,FQ3,2024,11,November
2024-11-01,210,1,Home Appliances,53,26729.1,10129.29,0.379,Stretch,Commercial Planning,2025,FQ3,2024,11,November
2024-11-01,210,1,Office Supplies,9,494.67,163.47,0.3305,Stretch,Finance Ops,2025,FQ3,2024,11,November
2024-11-01,210,1,Sports,18,3196.19,1205.09,0.377,Stretch,Commercial Planning,2025,FQ3,2024,11,November
2024-11-01,211,1,Beauty,31,1340.52,464.73,0.3467,Stretch,Finance Ops,2025,FQ3,2024,11,November
2024-11-01,211,1,Electronics,42,30299.9,7711.54,0.2545,Stretch,Regional Director,2025,FQ3,2024,11,November
2024-11-01,211,1,Fashion,8,1024.98,400.42,0.3907,Stretch,Commercial Planning,2025,FQ3,2024,11,November
2024-11-01,211,1,Furniture,40,29080.49,10050.11,0.3456,Stretch,Finance Ops,2025,FQ3,2024,11,November
2024-11-01,211,1,Grocery,25,453.15,143.28,0.3162,Stretch,Commercial Planning,2025,FQ3,2024,11,November
2024-11-01,211,1,Home Appliances,25,9032.34,3699.36,0.4096,Stretch,Commercial Planning,2025,FQ3,2024,11,November
2024-11-01,211,1,Office Supplies,26,1420.16,607.0,0.4274,Stretch,Finance Ops,2025,FQ3,2024,11,November
2024-11-01,211,1,Sports,23,4079.95,1580.94,0.3875,Stretch,Finance Ops,2025,FQ3,2024,11,November
2024-11-01,212,1,Beauty,16,754.99,277.66,0.3678,Stretch,Commercial Planning,2025,FQ3,2024,11,November
2024-11-01,212,1,Electronics,39,30888.29,9988.09,0.3234,Stretch,Regional Director,2025,FQ3,2024,11,November
2024-11-01,212,1,Fashion,21,2049.86,809.78,0.395,Stretch,Finance Ops,2025,FQ3,2024,11,November
2024-11-01,212,1,Furniture,12,7177.56,1512.07,0.2107,Stretch,Finance Ops,2025,FQ3,2024,11,November
2024-11-01,212,1,Grocery,32,957.47,389.13,0.4064,Stretch,Regional Director,2025,FQ3,2024,11,November
2024-11-01,212,1,Home Appliances,41,21711.71,8114.67,0.3737,Stretch,Commercial Planning,2025,FQ3,2024,11,November
2024-11-01,212,1,Office Supplies,15,566.63,229.35,0.4048,Stretch,Regional Director,2025,FQ3,2024,11,November
2024-11-01,212,1,Sports,22,3152.2,1071.82,0.34,Stretch,Finance Ops,2025,FQ3,2024,11,November
2024-11-01,213,1,Beauty,44,2529.19,671.59,0.2655,Stretch,Finance Ops,2025,FQ3,2024,11,November
2024-11-01,213,1,Electronics,39,22029.39,7259.64,0.3295,Stretch,Commercial Planning,2025,FQ3,2024,11,November
2024-11-01,213,1,Fashion,29,3984.51,1589.57,0.3989,Stretch,Commercial Planning,2025,FQ3,2024,11,November
2024-11-01,213,1,Furniture,23,13609.4,5053.3,0.3713,Stretch,Regional Director,2025,FQ3,2024,11,November
2024-11-01,213,1,Grocery,31,995.45,385.47,0.3872,Stretch,Finance Ops,2025,FQ3,2024,11,November
2024-11-01,213,1,Home Appliances,29,11694.86,5581.58,0.4773,Stretch,Finance Ops,2025,FQ3,2024,11,November
2024-11-01,213,1,Office Supplies,27,1031.26,351.36,0.3407,Stretch,Commercial Planning,2025,FQ3,2024,11,November
2024-11-01,213,1,Sports,35,5337.44,2150.57,0.4029,Stretch,Regional Director,2025,FQ3,2024,11,November
2024-11-01,214,1,Beauty,34,1893.79,560.89,0.2962,Stretch,Regional Director,2025,FQ3,2024,11,November
2024-11-01,214,1,Electronics,45,44687.31,16865.12,0.3774,Stretch,Finance Ops,2025,FQ3,2024,11,November
2024-11-01,214,1,Fashion,24,1967.98,771.56,0.3921,Stretch,Commercial Planning,2025,FQ3,2024,11,November
2024-11-01,214,1,Furniture,39,24229.25,8316.39,0.3432,Stretch,Commercial Planning,2025,FQ3,2024,11,November
2024-11-01,214,1,Grocery,30,684.96,280.52,0.4095,Stretch,Commercial Planning,2025,FQ3,2024,11,November
2024-11-01,214,1,Home Appliances,44,13834.22,5160.27,0.373,Stretch,Commercial Planning,2025,FQ3,2024,11,November
2024-11-01,214,1,Office Supplies,25,1013.89,424.83,0.419,Stretch,Finance Ops,2025,FQ3,2024,11,November
2024-11-01,214,1,Sports,2,240.31,99.8,0.4153,Stretch,Regional Director,2025,FQ3,2024,11,November
2024-11-01,215,2,Beauty,118,6195.39,1993.31,0.3217,Stretch,Regional Director,2025,FQ3,2024,11,November
2024-11-01,215,2,Electronics,188,162209.4,51772.59,0.3192,Stretch,Commercial Planning,2025,FQ3,2024,11,November
2024-11-01,215,2,Fashion,77,7621.46,2757.6,0.3618,Stretch,Commercial Planning,2025,FQ3,2024,11,November
2024-11-01,215,2,Furniture,63,32401.64,10655.6,0.3289,Stretch,Regional Director,2025,FQ3,2024,11,November
2024-11-01,215,2,Grocery,100,2348.12,751.5,0.32,Stretch,Finance Ops,2025,FQ3,2024,11,November
2024-11-01,215,2,Home Appliances,128,68809.37,21800.52,0.3168,Stretch,Regional Director,2025,FQ3,2024,11,November
2024-11-01,215,2,Office Supplies,63,3006.96,1284.21,0.4271,Stretch,Commercial Planning,2025,FQ3,2024,11,November
2024-11-01,215,2,Sports,37,6292.21,2336.23,0.3713,Stretch,Regional Director,2025,FQ3,2024,11,November
2024-11-01,216,2,Beauty,66,3569.21,1206.32,0.338,Stretch,Finance Ops,2025,FQ3,2024,11,November
2024-11-01,216,2,Electronics,160,137660.1,56344.66,0.4093,Stretch,Commercial Planning,2025,FQ3,2024,11,November
2024-11-01,216,2,Fashion,99,10675.24,4113.43,0.3853,Stretch,Commercial Planning,2025,FQ3,2024,11,November
2024-11-01,216,2,Furniture,62,40714.94,14402.48,0.3537,Stretch,Regional Director,2025,FQ3,2024,11,November
2024-11-01,216,2,Grocery,76,1575.98,608.71,0.3862,Stretch,Commercial Planning,2025,FQ3,2024,11,November
2024-11-01,216,2,Home Appliances,94,34944.06,14168.39,0.4055,Stretch,Regional Director,2025,FQ3,2024,11,November
2024-11-01,216,2,Office Supplies,74,3485.52,1205.24,0.3458,Stretch,Regional Director,2025,FQ3,2024,11,November
2024-11-01,216,2,Sports,53,9319.47,2993.37,0.3212,Stretch,Regional Director,2025,FQ3,2024,11,November
2024-11-01,217,2,Beauty,81,3484.9,1147.59,0.3293,Stretch,Finance Ops,2025,FQ3,2024,11,November
2024-11-01,217,2,Electronics,159,142010.05,47568.8,0.335,Stretch,Regional Director,2025,FQ3,2024,11,November
2024-11-01,217,2,Fashion,94,8517.05,3006.84,0.353,Stretch,Finance Ops,2025,FQ3,2024,11,November
2024-11-01,217,2,Furniture,50,37035.41,12867.15,0.3474,Stretch,Commercial Planning,2025,FQ3,2024,11,November
2024-11-01,217,2,Grocery,93,1774.62,545.11,0.3072,Stretch,Finance Ops,2025,FQ3,2024,11,November
2024-11-01,217,2,Home Appliances,106,53624.1,20764.92,0.3872,Stretch,Regional Director,2025,FQ3,2024,11,November
2024-11-01,217,2,Office Supplies,55,2340.97,982.03,0.4195,Stretch,Finance Ops,2025,FQ3,2024,11,November
2024-11-01,217,2,Sports,55,8950.99,2785.65,0.3112,Stretch,Finance Ops,2025,FQ3,2024,11,November
2024-11-01,218,3,Beauty,346,17082.56,4985.32,0.2918,Stretch,Regional Director,2025,FQ3,2024,11,November
2024-11-01,218,3,Electronics,701,676089.63,229630.46,0.3396,Stretch,Regional Director,2025,FQ3,2024,11,November
2024-11-01,218,3,Fashion,514,44103.59,16675.62,0.3781,Stretch,Commercial Planning,2025,FQ3,2024,11,November
2024-11-01,218,3,Furniture,250,175567.7,57356.33,0.3267,Stretch,Finance Ops,2025,FQ3,2024,11,November
2024-11-01,218,3,Grocery,565,11749.17,4308.4,0.3667,Stretch,Regional Director,2025,FQ3,2024,11,November
2024-11-01,218,3,Home Appliances,743,298127.47,106857.52,0.3584,Stretch,Regional Director,2025,FQ3,2024,11,November
2024-11-01,218,3,Office Supplies,282,12386.18,4599.49,0.3713,Stretch,Commercial Planning,2025,FQ3,2024,11,November
2024-11-01,218,3,Sports,434,73395.94,26245.26,0.3576,Stretch,Regional Director,2025,FQ3,2024,11,November
2024-11-01,219,3,Beauty,403,18651.46,6105.11,0.3273,Stretch,Finance Ops,2025,FQ3,2024,11,November
2024-11-01,219,3,Electronics,827,704383.95,258684.92,0.3672,Stretch,Finance Ops,2025,FQ3,2024,11,November
2024-11-01,219,3,Fashion,243,20410.93,8045.41,0.3942,Stretch,Commercial Planning,2025,FQ3,2024,11,November
2024-11-01,219,3,Furniture,347,257649.89,84719.05,0.3288,Stretch,Regional Director,2025,FQ3,2024,11,November
2024-11-01,219,3,Grocery,502,12228.55,4273.96,0.3495,Stretch,Commercial Planning,2025,FQ3,2024,11,November
2024-11-01,219,3,Home Appliances,746,287452.51,105725.98,0.3678,Stretch,Finance Ops,2025,FQ3,2024,11,November
2024-11-01,219,3,Office Supplies,479,24083.92,9230.74,0.3833,Stretch,Commercial Planning,2025,FQ3,2024,11,November
2024-11-01,219,3,Sports,168,25114.4,9981.42,0.3974,Stretch,Finance Ops,2025,FQ3,2024,11,November
2024-11-01,220,4,Beauty,167,8098.0,2427.4,0.2998,Stretch,Finance Ops,2025,FQ3,2024,11,November
2024-11-01,220,4,Electronics,117,100084.4,38628.25,0.386,Stretch,Finance Ops,2025,FQ3,2024,11,November
2024-11-01,220,4,Fashion,120,11627.97,4419.24,0.3801,Stretch,Commercial Planning,2025,FQ3,2024,11,November
2024-11-01,220,4,Furniture,94,60908.37,16171.65,0.2655,Stretch,Regional Director,2025,FQ3,2024,11,November
2024-11-01,220,4,Grocery,112,2898.05,991.21,0.342,Stretch,Finance Ops,2025,FQ3,2024,11,November
2024-11-01,220,4,Home Appliances,159,82917.92,31553.16,0.3805,Stretch,Finance Ops,2025,FQ3,2024,11,November
2024-11-01,220,4,Office Supplies,110,5081.03,2082.13,0.4098,Stretch,Finance Ops,2025,FQ3,2024,11,November
2024-11-01,220,4,Sports,144,27698.1,9727.53,0.3512,Stretch,Finance Ops,2025,FQ3,2024,11,November
2024-12-01,201,1,Beauty,26,1488.12,441.75,0.2969,Stretch,Commercial Planning,2025,FQ3,2024,12,December
2024-12-01,201,1,Electronics,64,48090.41,16726.95,0.3478,Stretch,Commercial Planning,2025,FQ3,2024,12,December
2024-12-01,201,1,Fashion,37,3032.08,918.06,0.3028,Stretch,Finance Ops,2025,FQ3,2024,12,December
2024-12-01,201,1,Furniture,20,7408.97,3712.59,0.5011,Stretch,Finance Ops,2025,FQ3,2024,12,December
2024-12-01,201,1,Grocery,29,645.9,267.3,0.4138,Stretch,Commercial Planning,2025,FQ3,2024,12,December
2024-12-01,201,1,Home Appliances,36,18772.69,8820.03,0.4698,Stretch,Finance Ops,2025,FQ3,2024,12,December
2024-12-01,201,1,Office Supplies,37,1772.5,567.04,0.3199,Stretch,Finance Ops,2025,FQ3,2024,12,December
2024-12-01,201,1,Sports,25,3909.64,1356.2,0.3469,Stretch,Commercial Planning,2025,FQ3,2024,12,December
2024-12-01,202,1,Beauty,17,635.12,258.77,0.4074,Stretch,Commercial Planning,2025,FQ3,2024,12,December
2024-12-01,202,1,Electronics,29,33604.72,9136.12,0.2719,Stretch,Finance Ops,2025,FQ3,2024,12,December
2024-12-01,202,1,Fashion,23,1575.53,604.25,0.3835,Stretch,Commercial Planning,2025,FQ3,2024,12,December
2024-12-01,202,1,Furniture,31,19591.76,6895.8,0.352,Stretch,Finance Ops,2025,FQ3,2024,12,December
2024-12-01,202,1,Grocery,17,350.53,108.53,0.3096,Stretch,Commercial Planning,2025,FQ3,2024,12,December
2024-12-01,202,1,Home Appliances,39,17051.22,5455.32,0.3199,Stretch,Finance Ops,2025,FQ3,2024,12,December
2024-12-01,202,1,Office Supplies,17,658.56,228.19,0.3465,Stretch,Regional Director,2025,FQ3,2024,12,December
2024-12-01,202,1,Sports,18,3164.98,956.46,0.3022,Stretch,Commercial Planning,2025,FQ3,2024,12,December
2024-12-01,203,1,Beauty,22,1254.41,391.57,0.3122,Stretch,Finance Ops,2025,FQ3,2024,12,December
2024-12-01,203,1,Electronics,49,39137.26,13085.18,0.3343,Stretch,Commercial Planning,2025,FQ3,2024,12,December
2024-12-01,203,1,Fashion,21,2214.79,745.9,0.3368,Stretch,Commercial Planning,2025,FQ3,2024,12,December
2024-12-01,203,1,Furniture,17,9413.62,2273.29,0.2415,Stretch,Commercial Planning,2025,FQ3,2024,12,December
2024-12-01,203,1,Grocery,61,1292.72,415.51,0.3214,Stretch,Finance Ops,2025,FQ3,2024,12,December
2024-12-01,203,1,Home Appliances,67,27939.28,11514.5,0.4121,Stretch,Finance Ops,2025,FQ3,2024,12,December
2024-12-01,203,1,Office Supplies,38,2211.3,944.0,0.4269,Stretch,Finance Ops,2025,FQ3,2024,12,December
2024-12-01,203,1,Sports,11,1877.74,743.84,0.3961,Stretch,Regional Director,2025,FQ3,2024,12,December
2024-12-01,204,1,Beauty,37,2174.59,865.13,0.3978,Stretch,Finance Ops,2025,FQ3,2024,12,December
2024-12-01,204,1,Electronics,19,18900.42,7591.42,0.4017,Stretch,Commercial Planning,2025,FQ3,2024,12,December
2024-12-01,204,1,Fashion,22,2286.62,911.8,0.3988,Stretch,Finance Ops,2025,FQ3,2024,12,December
2024-12-01,204,1,Furniture,13,10563.17,3504.47,0.3318,Stretch,Commercial Planning,2025,FQ3,2024,12,December
2024-12-01,204,1,Grocery,30,785.86,256.61,0.3265,Stretch,Regional Director,2025,FQ3,2024,12,December
2024-12-01,204,1,Home Appliances,18,2546.22,988.3,0.3881,Stretch,Regional Director,2025,FQ3,2024,12,December
2024-12-01,204,1,Office Supplies,14,609.34,281.42,0.4618,Stretch,Regional Director,2025,FQ3,2024,12,December
2024-12-01,204,1,Sports,24,4384.71,1542.05,0.3517,Stretch,Commercial Planning,2025,FQ3,2024,12,December
2024-12-01,205,1,Beauty,35,1646.57,492.93,0.2994,Stretch,Commercial Planning,2025,FQ3,2024,12,December
2024-12-01,205,1,Electronics,26,27375.84,8995.39,0.3286,Stretch,Finance Ops,2025,FQ3,2024,12,December
2024-12-01,205,1,Fashion,20,1576.46,609.19,0.3864,Stretch,Commercial Planning,2025,FQ3,2024,12,December
2024-12-01,205,1,Furniture,35,21057.16,10022.21,0.476,Stretch,Finance Ops,2025,FQ3,2024,12,December
2024-12-01,205,1,Grocery,48,1577.3,549.74,0.3485,Stretch,Regional Director,2025,FQ3,2024,12,December
2024-12-01,205,1,Home Appliances,55,29085.04,12833.41,0.4412,Stretch,Regional Director,2025,FQ3,2024,12,December
2024-12-01,205,1,Office Supplies,39,1776.15,522.13,0.294,Stretch,Regional Director,2025,FQ3,2024,12,December
2024-12-01,205,1,Sports,19,2813.29,1079.65,0.3838,Stretch,Commercial Planning,2025,FQ3,2024,12,December
2024-12-01,206,1,Beauty,21,1365.58,464.17,0.3399,Stretch,Finance Ops,2025,FQ3,2024,12,December
2024-12-01,206,1,Electronics,38,40636.1,17073.43,0.4202,Stretch,Commercial Planning,2025,FQ3,2024,12,December
2024-12-01,206,1,Fashion,22,2580.97,996.79,0.3862,Stretch,Finance Ops,2025,FQ3,2024,12,December
2024-12-01,206,1,Furniture,34,17532.17,6933.94,0.3955,Stretch,Commercial Planning,2025,FQ3,2024,12,December
2024-12-01,206,1,Grocery,51,1382.26,462.96,0.3349,Stretch,Finance Ops,2025,FQ3,2024,12,December
2024-12-01,206,1,Home Appliances,23,12653.68,5991.79,0.4735,Stretch,Regional Director,2025,FQ3,2024,12,December
2024-12-01,206,1,Office Supplies,11,397.07,154.35,0.3887,Stretch,Commercial Planning,2025,FQ3,2024,12,December
2024-12-01,206,1,Sports,26,3995.04,1359.35,0.3403,Stretch,Commercial Planning,2025,FQ3,2024,12,December
2024-12-01,207,1,Beauty,17,785.42,297.47,0.3787,Stretch,Commercial Planning,2025,FQ3,2024,12,December
2024-12-01,207,1,Electronics,70,81229.46,29466.86,0.3628,Stretch,Regional Director,2025,FQ3,2024,12,December
2024-12-01,207,1,Fashion,24,1535.89,527.49,0.3434,Stretch,Commercial Planning,2025,FQ3,2024,12,December
2024-12-01,207,1,Furniture,36,27414.62,10016.32,0.3654,Stretch,Finance Ops,2025,FQ3,2024,12,December
2024-12-01,207,1,Grocery,34,917.47,356.2,0.3882,Stretch,Finance Ops,2025,FQ3,2024,12,December
2024-12-01,207,1,Home Appliances,29,17190.04,6213.29,0.3614,Stretch,Finance Ops,2025,FQ3,2024,12,December
2024-12-01,207,1,Office Supplies,38,1786.38,867.58,0.4857,Stretch,Commercial Planning,2025,FQ3,2024,12,December
2024-12-01,207,1,Sports,19,3592.91,1452.3,0.4042,Stretch,Commercial Planning,2025,FQ3,2024,12,December
2024-12-01,208,1,Beauty,26,1705.89,604.67,0.3545,Stretch,Commercial Planning,2025,FQ3,2024,12,December
2024-12-01,208,1,Electronics,29,34903.84,13248.84,0.3796,Stretch,Finance Ops,2025,FQ3,2024,12,December
2024-12-01,208,1,Fashion,33,4101.66,1904.31,0.4643,Stretch,Finance Ops,2025,FQ3,2024,12,December
2024-12-01,208,1,Furniture,18,11630.52,5697.77,0.4899,Stretch,Commercial Planning,2025,FQ3,2024,12,December
2024-12-01,208,1,Grocery,69,1663.73,525.43,0.3158,Stretch,Finance Ops,2025,FQ3,2024,12,December
2024-12-01,208,1,Home Appliances,36,15077.23,6323.15,0.4194,Stretch,Commercial Planning,2025,FQ3,2024,12,December
2024-12-01,208,1,Office Supplies,32,1767.04,678.37,0.3839,Stretch,Finance Ops,2025,FQ3,2024,12,December
2024-12-01,208,1,Sports,25,4998.56,1772.49,0.3546,Stretch,Finance Ops,2025,FQ3,2024,12,December
2024-12-01,209,1,Beauty,49,2503.15,906.38,0.3621,Stretch,Commercial Planning,2025,FQ3,2024,12,December
2024-12-01,209,1,Electronics,76,61783.87,24622.79,0.3985,Stretch,Commercial Planning,2025,FQ3,2024,12,December
2024-12-01,209,1,Fashion,20,3101.81,1317.6,0.4248,Stretch,Finance Ops,2025,FQ3,2024,12,December
2024-12-01,209,1,Furniture,14,7745.45,3366.87,0.4347,Stretch,Commercial Planning,2025,FQ3,2024,12,December
2024-12-01,209,1,Grocery,8,135.21,31.92,0.2361,Stretch,Finance Ops,2025,FQ3,2024,12,December
2024-12-01,209,1,Home Appliances,27,11931.19,4956.46,0.4154,Stretch,Finance Ops,2025,FQ3,2024,12,December
2024-12-01,209,1,Office Supplies,28,1102.1,358.41,0.3252,Stretch,Finance Ops,2025,FQ3,2024,12,December
2024-12-01,209,1,Sports,20,4289.03,1643.16,0.3831,Stretch,Commercial Planning,2025,FQ3,2024,12,December
2024-12-01,210,1,Beauty,29,1564.79,503.95,0.3221,Stretch,Regional Director,2025,FQ3,2024,12,December
2024-12-01,210,1,Electronics,15,14891.18,5795.78,0.3892,Stretch,Regional Director,2025,FQ3,2024,12,December
2024-12-01,210,1,Fashion,29,3433.61,1469.06,0.4278,Stretch,Finance Ops,2025,FQ3,2024,12,December
2024-12-01,210,1,Furniture,30,14662.77,5968.05,0.407,Stretch,Commercial Planning,2025,FQ3,2024,12,December
2024-12-01,210,1,Grocery,55,1648.03,667.97,0.4053,Stretch,Finance Ops,2025,FQ3,2024,12,December
2024-12-01,210,1,Home Appliances,29,12907.58,5134.09,0.3978,Stretch,Regional Director,2025,FQ3,2024,12,December
2024-12-01,210,1,Office Supplies,27,1496.74,671.15,0.4484,Stretch,Commercial Planning,2025,FQ3,2024,12,December
2024-12-01,210,1,Sports,61,8037.74,2581.18,0.3211,Stretch,Finance Ops,2025,FQ3,2024,12,December
2024-12-01,211,1,Beauty,14,854.26,301.68,0.3531,Stretch,Finance Ops,2025,FQ3,2024,12,December
2024-12-01,211,1,Electronics,54,43450.24,18214.2,0.4192,Stretch,Finance Ops,2025,FQ3,2024,12,December
2024-12-01,211,1,Fashion,10,1037.53,318.81,0.3073,Stretch,Regional Director,2025,FQ3,2024,12,December
2024-12-01,211,1,Furniture,36,18686.17,5709.44,0.3055,Stretch,Finance Ops,2025,FQ3,2024,12,December
2024-12-01,211,1,Grocery,14,213.91,85.22,0.3984,Stretch,Commercial Planning,2025,FQ3,2024,12,December
2024-12-01,211,1,Home Appliances,36,14870.48,5966.41,0.4012,Stretch,Finance Ops,2025,FQ3,2024,12,December
2024-12-01,211,1,Office Supplies,42,1472.18,505.73,0.3435,Stretch,Commercial Planning,2025,FQ3,2024,12,December
2024-12-01,211,1,Sports,13,1657.54,618.15,0.3729,Stretch,Finance Ops,2025,FQ3,2024,12,December
2024-12-01,212,1,Beauty,32,1567.18,486.9,0.3107,Stretch,Commercial Planning,2025,FQ3,2024,12,December
2024-12-01,212,1,Electronics,56,58374.48,21289.8,0.3647,Stretch,Commercial Planning,2025,FQ3,2024,12,December
2024-12-01,212,1,Fashion,14,1316.96,488.16,0.3707,Stretch,Commercial Planning,2025,FQ3,2024,12,December
2024-12-01,212,1,Furniture,16,10529.74,3209.0,0.3048,Stretch,Commercial Planning,2025,FQ3,2024,12,December
2024-12-01,212,1,Grocery,74,2220.44,778.0,0.3504,Stretch,Commercial Planning,2025,FQ3,2024,12,December
2024-12-01,212,1,Home Appliances,21,12494.9,6459.58,0.517,Stretch,Regional Director,2025,FQ3,2024,12,December
2024-12-01,212,1,Office Supplies,10,380.37,95.94,0.2522,Stretch,Commercial Planning,2025,FQ3,2024,12,December
2024-12-01,212,1,Sports,15,3009.74,796.14,0.2645,Stretch,Regional Director,2025,FQ3,2024,12,December
2024-12-01,213,1,Beauty,30,1332.04,446.23,0.335,Stretch,Commercial Planning,2025,FQ3,2024,12,December
2024-12-01,213,1,Electronics,66,68011.79,25999.67,0.3823,Stretch,Finance Ops,2025,FQ3,2024,12,December
2024-12-01,213,1,Fashion,23,1850.74,762.68,0.4121,Stretch,Finance Ops,2025,FQ3,2024,12,December
2024-12-01,213,1,Furniture,9,3695.38,1165.51,0.3154,Stretch,Finance Ops,2025,FQ3,2024,12,December
2024-12-01,213,1,Grocery,14,259.89,95.31,0.3667,Stretch,Commercial Planning,2025,FQ3,2024,12,December
2024-12-01,213,1,Home Appliances,53,20737.12,6214.13,0.2997,Stretch,Commercial Planning,2025,FQ3,2024,12,December
2024-12-01,213,1,Office Supplies,38,1853.82,604.56,0.3261,Stretch,Commercial Planning,2025,FQ3,2024,12,December
2024-12-01,213,1,Sports,37,4064.13,1510.6,0.3717,Stretch,Finance Ops,2025,FQ3,2024,12,December
2024-12-01,214,1,Beauty,18,1023.91,391.13,0.382,Stretch,Finance Ops,2025,FQ3,2024,12,December
2024-12-01,214,1,Electronics,72,70943.76,29475.92,0.4155,Stretch,Regional Director,2025,FQ3,2024,12,December
2024-12-01,214,1,Fashion,34,2387.8,825.46,0.3457,Stretch,Finance Ops,2025,FQ3,2024,12,December
2024-12-01,214,1,Furniture,30,13335.15,3911.92,0.2934,Stretch,Finance Ops,2025,FQ3,2024,12,December
2024-12-01,214,1,Grocery,25,595.42,194.13,0.326,Stretch,Regional Director,2025,FQ3,2024,12,December
2024-12-01,214,1,Home Appliances,26,13794.63,4679.09,0.3392,Stretch,Commercial Planning,2025,FQ3,2024,12,December
2024-12-01,214,1,Office Supplies,29,1244.2,513.52,0.4127,Stretch,Commercial Planning,2025,FQ3,2024,12,December
2024-12-01,214,1,Sports,62,9597.17,2778.98,0.2896,Stretch,Regional Director,2025,FQ3,2024,12,December
2024-12-01,215,2,Beauty,113,4921.39,1372.4,0.2789,Stretch,Finance Ops,2025,FQ3,2024,12,December
2024-12-01,215,2,Electronics,154,157534.15,57232.61,0.3633,Stretch,Commercial Planning,2025,FQ3,2024,12,December
2024-12-01,215,2,Fashion,157,17054.42,5977.55,0.3505,Stretch,Commercial Planning,2025,FQ3,2024,12,December
2024-12-01,215,2,Furniture,88,43993.23,14628.86,0.3325,Stretch,Commercial Planning,2025,FQ3,2024,12,December
2024-12-01,215,2,Grocery,97,2334.04,818.73,0.3508,Stretch,Regional Director,2025,FQ3,2024,12,December
2024-12-01,215,2,Home Appliances,107,45393.53,19612.21,0.432,Stretch,Regional Director,2025,FQ3,2024,12,December
2024-12-01,215,2,Office Supplies,92,3798.19,1464.25,0.3855,Stretch,Finance Ops,2025,FQ3,2024,12,December
2024-12-01,215,2,Sports,70,10885.72,4152.13,0.3814,Stretch,Finance Ops,2025,FQ3,2024,12,December
2024-12-01,216,2,Beauty,139,6320.05,1996.73,0.3159,Stretch,Finance Ops,2025,FQ3,2024,12,December
2024-12-01,216,2,Electronics,168,136967.21,51132.08,0.3733,Stretch,Finance Ops,2025,FQ3,2024,12,December
2024-12-01,216,2,Fashion,160,15724.2,5616.89,0.3572,Stretch,Finance Ops,2025,FQ3,2024,12,December
2024-12-01,216,2,Furniture,77,38993.29,11575.92,0.2969,Stretch,Commercial Planning,2025,FQ3,2024,12,December
2024-12-01,216,2,Grocery,78,2099.89,726.11,0.3458,Stretch,Commercial Planning,2025,FQ3,2024,12,December
2024-12-01,216,2,Home Appliances,68,30465.53,9902.71,0.325,Stretch,Finance Ops,2025,FQ3,2024,12,December
2024-12-01,216,2,Office Supplies,88,4427.95,1689.1,0.3815,Stretch,Finance Ops,2025,FQ3,2024,12,December
2024-12-01,216,2,Sports,84,15023.01,5198.71,0.346,Stretch,Commercial Planning,2025,FQ3,2024,12,December
2024-12-01,217,2,Beauty,120,6422.17,2293.85,0.3572,Stretch,Finance Ops,2025,FQ3,2024,12,December
2024-12-01,217,2,Electronics,181,195774.56,75558.03,0.3859,Stretch,Finance Ops,2025,FQ3,2024,12,December
2024-12-01,217,2,Fashion,173,15640.62,6175.1,0.3948,Stretch,Finance Ops,2025,FQ3,2024,12,December
2024-12-01,217,2,Furniture,83,37502.79,13063.63,0.3483,Stretch,Regional Director,2025,FQ3,2024,12,December
2024-12-01,217,2,Grocery,76,2009.51,648.95,0.3229,Stretch,Commercial Planning,2025,FQ3,2024,12,December
2024-12-01,217,2,Home Appliances,120,45513.67,19091.27,0.4195,Stretch,Finance Ops,2025,FQ3,2024,12,December
2024-12-01,217,2,Office Supplies,59,2345.33,830.01,0.3539,Stretch,Finance Ops,2025,FQ3,2024,12,December
2024-12-01,217,2,Sports,80,13352.32,5655.75,0.4236,Stretch,Commercial Planning,2025,FQ3,2024,12,December
2024-12-01,218,3,Beauty,368,15498.97,5615.64,0.3623,Stretch,Finance Ops,2025,FQ3,2024,12,December
2024-12-01,218,3,Electronics,617,517036.14,190185.97,0.3678,Stretch,Commercial Planning,2025,FQ3,2024,12,December
2024-12-01,218,3,Fashion,355,33153.18,11938.62,0.3601,Stretch,Commercial Planning,2025,FQ3,2024,12,December
2024-12-01,218,3,Furniture,271,157132.74,56392.55,0.3589,Stretch,Commercial Planning,2025,FQ3,2024,12,December
2024-12-01,218,3,Grocery,562,14238.14,4683.28,0.3289,Stretch,Regional Director,2025,FQ3,2024,12,December
2024-12-01,218,3,Home Appliances,620,244802.05,71800.76,0.2933,Stretch,Finance Ops,2025,FQ3,2024,12,December
2024-12-01,218,3,Office Supplies,487,21770.58,7938.61,0.3646,Stretch,Finance Ops,2025,FQ3,2024,12,December
2024-12-01,218,3,Sports,313,46510.73,18508.32,0.3979,Stretch,Commercial Planning,2025,FQ3,2024,12,December
2024-12-01,219,3,Beauty,470,23550.98,7896.57,0.3353,Stretch,Finance Ops,2025,FQ3,2024,12,December
2024-12-01,219,3,Electronics,883,733623.1,257613.11,0.3512,Stretch,Commercial Planning,2025,FQ3,2024,12,December
2024-12-01,219,3,Fashion,280,31163.95,10965.84,0.3519,Stretch,Finance Ops,2025,FQ3,2024,12,December
2024-12-01,219,3,Furniture,351,194439.86,65986.62,0.3394,Stretch,Commercial Planning,2025,FQ3,2024,12,December
2024-12-01,219,3,Grocery,711,17351.44,5930.41,0.3418,Stretch,Commercial Planning,2025,FQ3,2024,12,December
2024-12-01,219,3,Home Appliances,417,182100.81,65597.46,0.3602,Stretch,Regional Director,2025,FQ3,2024,12,December
2024-12-01,219,3,Office Supplies,376,17976.3,6293.5,0.3501,Stretch,Commercial Planning,2025,FQ3,2024,12,December
2024-12-01,219,3,Sports,331,53001.94,17122.0,0.323,Stretch,Regional Director,2025,FQ3,2024,12,December
2024-12-01,220,4,Beauty,131,6091.14,1851.95,0.304,Stretch,Finance Ops,2025,FQ3,2024,12,December
2024-12-01,220,4,Electronics,149,144433.86,51814.23,0.3587,Stretch,Regional Director,2025,FQ3,2024,12,December
2024-12-01,220,4,Fashion,148,12476.73,4706.98,0.3773,Stretch,Finance Ops,2025,FQ3,2024,12,December
2024-12-01,220,4,Furniture,63,32464.16,9596.28,0.2956,Stretch,Regional Director,2025,FQ3,2024,12,December
2024-12-01,220,4,Grocery,123,2911.94,1054.66,0.3622,Stretch,Finance Ops,2025,FQ3,2024,12,December
2024-12-01,220,4,Home Appliances,111,53772.84,21863.39,0.4066,Stretch,Finance Ops,2025,FQ3,2024,12,December
2024-12-01,220,4,Office Supplies,111,5080.4,1883.91,0.3708,Stretch,Finance Ops,2025,FQ3,2024,12,December
2024-12-01,220,4,Sports,138,23421.09,9207.89,0.3931,Stretch,Commercial Planning,2025,FQ3,2024,12,December
2025-01-01,201,1,Beauty,10,353.68,116.83,0.3303,Aggressive,Finance Ops,2025,FQ4,2025,1,January
2025-01-01,201,1,Electronics,15,13710.93,5731.91,0.4181,Aggressive,Finance Ops,2025,FQ4,2025,1,January
2025-01-01,201,1,Fashion,20,2661.31,1150.65,0.4324,Aggressive,Regional Director,2025,FQ4,2025,1,January
2025-01-01,201,1,Furniture,23,21926.99,9007.45,0.4108,Aggressive,Regional Director,2025,FQ4,2025,1,January
2025-01-01,201,1,Grocery,6,100.04,43.05,0.4303,Aggressive,Commercial Planning,2025,FQ4,2025,1,January
2025-01-01,201,1,Home Appliances,23,9654.85,3454.33,0.3578,Aggressive,Commercial Planning,2025,FQ4,2025,1,January
2025-01-01,201,1,Office Supplies,19,845.07,291.27,0.3447,Aggressive,Regional Director,2025,FQ4,2025,1,January
2025-01-01,201,1,Sports,21,3309.77,915.58,0.2766,Aggressive,Regional Director,2025,FQ4,2025,1,January
2025-01-01,202,1,Beauty,21,1299.99,399.32,0.3072,Aggressive,Finance Ops,2025,FQ4,2025,1,January
2025-01-01,202,1,Electronics,26,34797.3,15329.65,0.4405,Aggressive,Regional Director,2025,FQ4,2025,1,January
2025-01-01,202,1,Fashion,47,5810.55,2218.63,0.3818,Aggressive,Commercial Planning,2025,FQ4,2025,1,January
2025-01-01,202,1,Furniture,9,11458.23,4482.02,0.3912,Aggressive,Regional Director,2025,FQ4,2025,1,January
2025-01-01,202,1,Grocery,27,549.08,205.0,0.3734,Aggressive,Commercial Planning,2025,FQ4,2025,1,January
2025-01-01,202,1,Home Appliances,28,7754.29,2900.65,0.3741,Aggressive,Finance Ops,2025,FQ4,2025,1,January
2025-01-01,202,1,Office Supplies,1,35.82,16.91,0.4721,Aggressive,Commercial Planning,2025,FQ4,2025,1,January
2025-01-01,202,1,Sports,41,6541.74,2900.9,0.4434,Aggressive,Commercial Planning,2025,FQ4,2025,1,January
2025-01-01,203,1,Beauty,5,268.26,89.86,0.335,Aggressive,Regional Director,2025,FQ4,2025,1,January
2025-01-01,203,1,Electronics,32,35137.6,13729.75,0.3907,Aggressive,Finance Ops,2025,FQ4,2025,1,January
2025-01-01,203,1,Fashion,16,2127.35,1001.86,0.4709,Aggressive,Regional Director,2025,FQ4,2025,1,January
2025-01-01,203,1,Furniture,6,2381.91,815.04,0.3422,Aggressive,Commercial Planning,2025,FQ4,2025,1,January
2025-01-01,203,1,Grocery,9,245.38,88.65,0.3613,Aggressive,Finance Ops,2025,FQ4,2025,1,January
2025-01-01,203,1,Home Appliances,47,25579.9,9934.1,0.3884,Aggressive,Finance Ops,2025,FQ4,2025,1,January
2025-01-01,203,1,Office Supplies,10,573.43,212.87,0.3712,Aggressive,Finance Ops,2025,FQ4,2025,1,January
2025-01-01,203,1,Sports,19,3713.86,1408.77,0.3793,Aggressive,Finance Ops,2025,FQ4,2025,1,January
2025-01-01,204,1,Beauty,4,207.64,71.99,0.3467,Aggressive,Finance Ops,2025,FQ4,2025,1,January
2025-01-01,204,1,Electronics,9,11329.1,4652.78,0.4107,Aggressive,Finance Ops,2025,FQ4,2025,1,January
2025-01-01,204,1,Fashion,25,3199.94,1248.27,0.3901,Aggressive,Commercial Planning,2025,FQ4,2025,1,January
2025-01-01,204,1,Furniture,20,8138.02,2734.29,0.336,Aggressive,Regional Director,2025,FQ4,2025,1,January
2025-01-01,204,1,Grocery,10,263.27,95.58,0.363,Aggressive,Finance Ops,2025,FQ4,2025,1,January
2025-01-01,204,1,Home Appliances,52,26449.29,9162.02,0.3464,Aggressive,Commercial Planning,2025,FQ4,2025,1,January
2025-01-01,204,1,Office Supplies,22,1126.69,405.86,0.3602,Aggressive,Commercial Planning,2025,FQ4,2025,1,January
2025-01-01,204,1,Sports,10,2306.52,1264.79,0.5484,Aggressive,Finance Ops,2025,FQ4,2025,1,January
2025-01-01,205,1,Beauty,20,1010.43,458.76,0.454,Aggressive,Regional Director,2025,FQ4,2025,1,January
2025-01-01,205,1,Electronics,26,35664.52,14522.16,0.4072,Aggressive,Regional Director,2025,FQ4,2025,1,January
2025-01-01,205,1,Fashion,12,1145.65,384.82,0.3359,Aggressive,Finance Ops,2025,FQ4,2025,1,January
2025-01-01,205,1,Furniture,2,1004.7,350.62,0.349,Aggressive,Commercial Planning,2025,FQ4,2025,1,January
2025-01-01,205,1,Grocery,7,236.75,76.74,0.3241,Aggressive,Finance Ops,2025,FQ4,2025,1,January
2025-01-01,205,1,Home Appliances,6,3167.04,892.28,0.2817,Aggressive,Commercial Planning,2025,FQ4,2025,1,January
2025-01-01,205,1,Office Supplies,5,205.81,89.0,0.4324,Aggressive,Finance Ops,2025,FQ4,2025,1,January
2025-01-01,205,1,Sports,16,1530.4,622.54,0.4068,Aggressive,Commercial Planning,2025,FQ4,2025,1,January
2025-01-01,206,1,Beauty,22,1264.22,454.37,0.3594,Aggressive,Finance Ops,2025,FQ4,2025,1,January
2025-01-01,206,1,Electronics,21,33709.24,13605.75,0.4036,Aggressive,Finance Ops,2025,FQ4,2025,1,January
2025-01-01,206,1,Fashion,9,593.84,248.32,0.4182,Aggressive,Finance Ops,2025,FQ4,2025,1,January
2025-01-01,206,1,Furniture,9,6858.0,2362.27,0.3445,Aggressive,Commercial Planning,2025,FQ4,2025,1,January
2025-01-01,206,1,Grocery,17,553.05,197.19,0.3566,Aggressive,Regional Director,2025,FQ4,2025,1,January
2025-01-01,206,1,Home Appliances,3,1252.02,579.38,0.4628,Aggressive,Commercial Planning,2025,FQ4,2025,1,January
2025-01-01,206,1,Office Supplies,11,736.11,337.11,0.458,Aggressive,Commercial Planning,2025,FQ4,2025,1,January
2025-01-01,206,1,Sports,14,2499.98,840.03,0.336,Aggressive,Regional Director,2025,FQ4,2025,1,January
2025-01-01,207,1,Beauty,10,763.51,182.33,0.2388,Aggressive,Commercial Planning,2025,FQ4,2025,1,January
2025-01-01,207,1,Electronics,20,20264.88,8283.94,0.4088,Aggressive,Finance Ops,2025,FQ4,2025,1,January
2025-01-01,207,1,Fashion,28,2920.76,1085.84,0.3718,Aggressive,Finance Ops,2025,FQ4,2025,1,January
2025-01-01,207,1,Furniture,34,25000.84,8964.21,0.3586,Aggressive,Finance Ops,2025,FQ4,2025,1,January
2025-01-01,207,1,Grocery,17,405.98,152.77,0.3763,Aggressive,Finance Ops,2025,FQ4,2025,1,January
2025-01-01,207,1,Home Appliances,14,8416.93,3943.6,0.4685,Aggressive,Finance Ops,2025,FQ4,2025,1,January
2025-01-01,207,1,Office Supplies,18,748.33,261.03,0.3488,Aggressive,Regional Director,2025,FQ4,2025,1,January
2025-01-01,207,1,Sports,40,7224.85,3230.42,0.4471,Aggressive,Finance Ops,2025,FQ4,2025,1,January
2025-01-01,208,1,Beauty,12,700.55,220.22,0.3144,Aggressive,Finance Ops,2025,FQ4,2025,1,January
2025-01-01,208,1,Electronics,21,26916.41,11147.31,0.4141,Aggressive,Commercial Planning,2025,FQ4,2025,1,January
2025-01-01,208,1,Fashion,3,299.38,105.33,0.3518,Aggressive,Regional Director,2025,FQ4,2025,1,January
2025-01-01,208,1,Furniture,26,15631.79,4835.82,0.3094,Aggressive,Finance Ops,2025,FQ4,2025,1,January
2025-01-01,208,1,Grocery,35,1022.81,415.1,0.4058,Aggressive,Commercial Planning,2025,FQ4,2025,1,January
2025-01-01,208,1,Home Appliances,29,17273.4,7148.29,0.4138,Aggressive,Finance Ops,2025,FQ4,2025,1,January
2025-01-01,208,1,Office Supplies,16,779.96,334.59,0.429,Aggressive,Regional Director,2025,FQ4,2025,1,January
2025-01-01,208,1,Sports,24,5657.09,1954.71,0.3455,Aggressive,Regional Director,2025,FQ4,2025,1,January
2025-01-01,209,1,Beauty,33,1815.29,519.71,0.2863,Aggressive,Commercial Planning,2025,FQ4,2025,1,January
2025-01-01,209,1,Electronics,24,24266.96,10924.27,0.4502,Aggressive,Commercial Planning,2025,FQ4,2025,1,January
2025-01-01,209,1,Fashion,13,1275.91,541.8,0.4246,Aggressive,Finance Ops,2025,FQ4,2025,1,January
2025-01-01,209,1,Furniture,17,9874.77,4237.05,0.4291,Aggressive,Finance Ops,2025,FQ4,2025,1,January
2025-01-01,209,1,Grocery,30,615.13,256.55,0.4171,Aggressive,Finance Ops,2025,FQ4,2025,1,January
2025-01-01,209,1,Home Appliances,28,17474.9,6812.03,0.3898,Aggressive,Finance Ops,2025,FQ4,2025,1,January
2025-01-01,209,1,Sports,23,4181.82,1698.37,0.4061,Aggressive,Commercial Planning,2025,FQ4,2025,1,January
2025-01-01,210,1,Beauty,23,1248.05,488.88,0.3917,Aggressive,Commercial Planning,2025,FQ4,2025,1,January
2025-01-01,210,1,Electronics,55,40445.76,17073.84,0.4221,Aggressive,Finance Ops,2025,FQ4,2025,1,January
2025-01-01,210,1,Fashion,1,196.68,75.32,0.383,Aggressive,Commercial Planning,2025,FQ4,2025,1,January
2025-01-01,210,1,Furniture,21,13840.27,4515.2,0.3262,Aggressive,Commercial Planning,2025,FQ4,2025,1,January
2025-01-01,210,1,Grocery,2,56.56,17.71,0.3131,Aggressive,Regional Director,2025,FQ4,2025,1,January
2025-01-01,210,1,Home Appliances,10,5637.39,2243.13,0.3979,Aggressive,Commercial Planning,2025,FQ4,2025,1,January
2025-01-01,210,1,Office Supplies,5,196.69,87.25,0.4436,Aggressive,Finance Ops,2025,FQ4,2025,1,January
2025-01-01,210,1,Sports,13,2787.51,1028.9,0.3691,Aggressive,Commercial Planning,2025,FQ4,2025,1,January
2025-01-01,211,1,Beauty,34,1655.7,681.15,0.4114,Aggressive,Commercial Planning,2025,FQ4,2025,1,January
2025-01-01,211,1,Electronics,38,46272.97,17596.96,0.3803,Aggressive,Finance Ops,2025,FQ4,2025,1,January
2025-01-01,211,1,Fashion,2,92.23,30.06,0.3259,Aggressive,Finance Ops,2025,FQ4,2025,1,January
2025-01-01,211,1,Furniture,18,12911.26,5466.69,0.4234,Aggressive,Finance Ops,2025,FQ4,2025,1,January
2025-01-01,211,1,Grocery,11,204.75,79.48,0.3882,Aggressive,Regional Director,2025,FQ4,2025,1,January
2025-01-01,211,1,Home Appliances,35,15143.08,6993.73,0.4618,Aggressive,Regional Director,2025,FQ4,2025,1,January
2025-01-01,211,1,Office Supplies,12,655.33,273.99,0.4181,Aggressive,Finance Ops,2025,FQ4,2025,1,January
2025-01-01,211,1,Sports,22,3288.11,1638.92,0.4984,Aggressive,Commercial Planning,2025,FQ4,2025,1,January
2025-01-01,212,1,Beauty,7,372.58,184.51,0.4952,Aggressive,Regional Director,2025,FQ4,2025,1,January
2025-01-01,212,1,Electronics,7,7610.78,2441.99,0.3209,Aggressive,Commercial Planning,2025,FQ4,2025,1,January
2025-01-01,212,1,Fashion,25,2464.83,1217.23,0.4938,Aggressive,Commercial Planning,2025,FQ4,2025,1,January
2025-01-01,212,1,Furniture,12,3663.85,1416.49,0.3866,Aggressive,Commercial Planning,2025,FQ4,2025,1,January
2025-01-01,212,1,Grocery,10,424.82,186.56,0.4392,Aggressive,Regional Director,2025,FQ4,2025,1,January
2025-01-01,212,1,Home Appliances,9,5687.93,1801.01,0.3166,Aggressive,Commercial Planning,2025,FQ4,2025,1,January
2025-01-01,212,1,Office Supplies,11,423.79,169.12,0.3991,Aggressive,Finance Ops,2025,FQ4,2025,1,January
2025-01-01,212,1,Sports,19,4847.22,1581.4,0.3262,Aggressive,Finance Ops,2025,FQ4,2025,1,January
2025-01-01,213,1,Beauty,25,1085.52,408.21,0.3761,Aggressive,Commercial Planning,2025,FQ4,2025,1,January
2025-01-01,213,1,Electronics,11,9385.83,3653.79,0.3893,Aggressive,Commercial Planning,2025,FQ4,2025,1,January
2025-01-01,213,1,Fashion,17,2043.26,963.95,0.4718,Aggressive,Commercial Planning,2025,FQ4,2025,1,January
2025-01-01,213,1,Furniture,28,20404.03,6076.36,0.2978,Aggressive,Finance Ops,2025,FQ4,2025,1,January
2025-01-01,213,1,Grocery,21,589.35,226.07,0.3836,Aggressive,Regional Director,2025,FQ4,2025,1,January
2025-01-01,213,1,Home Appliances,32,15938.99,7778.17,0.488,Aggressive,Commercial Planning,2025,FQ4,2025,1,January
2025-01-01,213,1,Office Supplies,24,1390.42,647.17,0.4654,Aggressive,Commercial Planning,2025,FQ4,2025,1,January
2025-01-01,213,1,Sports,24,2868.45,1105.61,0.3854,Aggressive,Finance Ops,2025,FQ4,2025,1,January
2025-01-01,214,1,Beauty,17,851.63,290.81,0.3415,Aggressive,Commercial Planning,2025,FQ4,2025,1,January
2025-01-01,214,1,Electronics,42,50511.23,20850.27,0.4128,Aggressive,Finance Ops,2025,FQ4,2025,1,January
2025-01-01,214,1,Fashion,27,3284.61,1414.13,0.4305,Aggressive,Regional Director,2025,FQ4,2025,1,January
2025-01-01,214,1,Furniture,33,23151.41,8085.59,0.3492,Aggressive,Finance Ops,2025,FQ4,2025,1,January
2025-01-01,214,1,Grocery,4,43.05,18.83,0.4374,Aggressive,Finance Ops,2025,FQ4,2025,1,January
2025-01-01,214,1,Home Appliances,24,10348.76,3637.33,0.3515,Aggressive,Regional Director,2025,FQ4,2025,1,January
2025-01-01,214,1,Office Supplies,33,1862.09,647.32,0.3476,Aggressive,Commercial Planning,2025,FQ4,2025,1,January
2025-01-01,215,2,Beauty,65,3357.55,1167.94,0.3479,Aggressive,Regional Director,2025,FQ4,2025,1,January
2025-01-01,215,2,Electronics,65,62027.46,26934.47,0.4342,Aggressive,Finance Ops,2025,FQ4,2025,1,January
2025-01-01,215,2,Fashion,65,7416.66,3369.26,0.4543,Aggressive,Finance Ops,2025,FQ4,2025,1,January
2025-01-01,215,2,Furniture,48,26400.66,10242.49,0.388,Aggressive,Finance Ops,2025,FQ4,2025,1,January
2025-01-01,215,2,Grocery,57,1583.46,566.59,0.3578,Aggressive,Commercial Planning,2025,FQ4,2025,1,January
2025-01-01,215,2,Home Appliances,83,44338.61,17909.91,0.4039,Aggressive,Commercial Planning,2025,FQ4,2025,1,January
2025-01-01,215,2,Office Supplies,53,2442.36,1000.84,0.4098,Aggressive,Finance Ops,2025,FQ4,2025,1,January
2025-01-01,215,2,Sports,87,16632.83,6197.39,0.3726,Aggressive,Finance Ops,2025,FQ4,2025,1,January
2025-01-01,216,2,Beauty,90,4379.26,1403.56,0.3205,Aggressive,Finance Ops,2025,FQ4,2025,1,January
2025-01-01,216,2,Electronics,115,111830.26,43862.82,0.3922,Aggressive,Regional Director,2025,FQ4,2025,1,January
2025-01-01,216,2,Fashion,48,4925.22,1983.16,0.4027,Aggressive,Commercial Planning,2025,FQ4,2025,1,January
2025-01-01,216,2,Furniture,41,33297.27,12208.57,0.3667,Aggressive,Commercial Planning,2025,FQ4,2025,1,January
2025-01-01,216,2,Grocery,78,1916.03,664.15,0.3466,Aggressive,Regional Director,2025,FQ4,2025,1,January
2025-01-01,216,2,Home Appliances,48,20045.27,7456.51,0.372,Aggressive,Finance Ops,2025,FQ4,2025,1,January
2025-01-01,216,2,Office Supplies,70,3114.49,1344.53,0.4317,Aggressive,Finance Ops,2025,FQ4,2025,1,January
2025-01-01,216,2,Sports,88,15819.61,5851.37,0.3699,Aggressive,Regional Director,2025,FQ4,2025,1,January
2025-01-01,217,2,Beauty,85,4543.24,1803.82,0.397,Aggressive,Commercial Planning,2025,FQ4,2025,1,January
2025-01-01,217,2,Electronics,123,125974.25,54439.04,0.4321,Aggressive,Regional Director,2025,FQ4,2025,1,January
2025-01-01,217,2,Fashion,89,8445.31,3595.16,0.4257,Aggressive,Commercial Planning,2025,FQ4,2025,1,January
2025-01-01,217,2,Furniture,84,67362.26,24087.35,0.3576,Aggressive,Regional Director,2025,FQ4,2025,1,January
2025-01-01,217,2,Grocery,40,890.08,365.25,0.4104,Aggressive,Commercial Planning,2025,FQ4,2025,1,January
2025-01-01,217,2,Home Appliances,87,46603.0,18935.7,0.4063,Aggressive,Regional Director,2025,FQ4,2025,1,January
2025-01-01,217,2,Office Supplies,90,3708.52,1598.18,0.4309,Aggressive,Finance Ops,2025,FQ4,2025,1,January
2025-01-01,217,2,Sports,107,19369.6,6803.32,0.3512,Aggressive,Finance Ops,2025,FQ4,2025,1,January
2025-01-01,218,3,Beauty,226,10880.39,3028.64,0.2784,Aggressive,Regional Director,2025,FQ4,2025,1,January
2025-01-01,218,3,Electronics,135,122279.35,52069.92,0.4258,Aggressive,Commercial Planning,2025,FQ4,2025,1,January
2025-01-01,218,3,Fashion,220,24333.44,9130.78,0.3752,Aggressive,Commercial Planning,2025,FQ4,2025,1,January
2025-01-01,218,3,Furniture,174,128226.25,49505.45,0.3861,Aggressive,Commercial Planning,2025,FQ4,2025,1,January
2025-01-01,218,3,Grocery,210,4447.1,1631.46,0.3669,Aggressive,Commercial Planning,2025,FQ4,2025,1,January
2025-01-01,218,3,Home Appliances,337,196562.99,73055.5,0.3717,Aggressive,Commercial Planning,2025,FQ4,2025,1,January
2025-01-01,218,3,Office Supplies,256,9498.59,3657.03,0.385,Aggressive,Finance Ops,2025,FQ4,2025,1,January
2025-01-01,218,3,Sports,333,46324.77,18663.91,0.4029,Aggressive,Commercial Planning,2025,FQ4,2025,1,January
2025-01-01,219,3,Beauty,325,17579.84,6805.66,0.3871,Aggressive,Finance Ops,2025,FQ4,2025,1,January
2025-01-01,219,3,Electronics,306,250698.87,107462.08,0.4287,Aggressive,Commercial Planning,2025,FQ4,2025,1,January
2025-01-01,219,3,Fashion,389,35716.07,12223.52,0.3422,Aggressive,Finance Ops,2025,FQ4,2025,1,January
2025-01-01,219,3,Furniture,146,86733.1,26130.31,0.3013,Aggressive,Commercial Planning,2025,FQ4,2025,1,January
2025-01-01,219,3,Grocery,348,8507.59,3191.73,0.3752,Aggressive,Regional Director,2025,FQ4,2025,1,January
2025-01-01,219,3,Home Appliances,384,154996.43,56305.31,0.3633,Aggressive,Commercial Planning,2025,FQ4,2025,1,January
2025-01-01,219,3,Office Supplies,333,15881.71,7122.59,0.4485,Aggressive,Finance Ops,2025,FQ4,2025,1,January
2025-01-01,219,3,Sports,194,29063.42,12706.58,0.4372,Aggressive,Finance Ops,2025,FQ4,2025,1,January
2025-01-01,220,4,Beauty,84,3551.18,1318.62,0.3713,Aggressive,Commercial Planning,2025,FQ4,2025,1,January
2025-01-01,220,4,Electronics,152,154230.01,61652.05,0.3997,Aggressive,Finance Ops,2025,FQ4,2025,1,January
2025-01-01,220,4,Fashion,119,9929.92,4289.46,0.432,Aggressive,Finance Ops,2025,FQ4,2025,1,January
2025-01-01,220,4,Furniture,82,53628.39,18593.71,0.3467,Aggressive,Regional Director,2025,FQ4,2025,1,January
2025-01-01,220,4,Grocery,108,2119.98,794.81,0.3749,Aggressive,Finance Ops,2025,FQ4,2025,1,January
2025-01-01,220,4,Home Appliances,64,29665.3,13136.74,0.4428,Aggressive,Finance Ops,2025,FQ4,2025,1,January
2025-01-01,220,4,Office Supplies,88,4192.77,1729.58,0.4125,Aggressive,Commercial Planning,2025,FQ4,2025,1,January
2025-01-01,220,4,Sports,132,23734.11,9416.83,0.3968,Aggressive,Commercial Planning,2025,FQ4,2025,1,January
2025-02-01,201,1,Beauty,17,837.11,338.26,0.4041,Aggressive,Commercial Planning,2025,FQ4,2025,2,February
2025-02-01,201,1,Electronics,35,36334.66,14849.52,0.4087,Aggressive,Finance Ops,2025,FQ4,2025,2,February
2025-02-01,201,1,Fashion,33,3893.03,1783.31,0.4581,Aggressive,Regional Director,2025,FQ4,2025,2,February
2025-02-01,201,1,Furniture,9,7255.23,2447.7,0.3374,Aggressive,Regional Director,2025,FQ4,2025,2,February
2025-02-01,201,1,Grocery,21,304.12,132.0,0.434,Aggressive,Finance Ops,2025,FQ4,2025,2,February
2025-02-01,201,1,Home Appliances,16,5457.78,2479.89,0.4544,Aggressive,Finance Ops,2025,FQ4,2025,2,February
2025-02-01,201,1,Office Supplies,11,527.28,186.72,0.3541,Aggressive,Commercial Planning,2025,FQ4,2025,2,February
2025-02-01,201,1,Sports,20,4128.28,1692.7,0.41,Aggressive,Finance Ops,2025,FQ4,2025,2,February
2025-02-01,202,1,Beauty,9,652.11,204.22,0.3132,Aggressive,Commercial Planning,2025,FQ4,2025,2,February
2025-02-01,202,1,Electronics,8,10016.98,4359.08,0.4352,Aggressive,Finance Ops,2025,FQ4,2025,2,February
2025-02-01,202,1,Fashion,14,1032.61,364.6,0.3531,Aggressive,Regional Director,2025,FQ4,2025,2,February
2025-02-01,202,1,Furniture,22,16921.86,6347.97,0.3751,Aggressive,Commercial Planning,2025,FQ4,2025,2,February
2025-02-01,202,1,Grocery,20,743.63,319.76,0.43,Aggressive,Commercial Planning,2025,FQ4,2025,2,February
2025-02-01,202,1,Home Appliances,25,10132.97,4378.36,0.4321,Aggressive,Commercial Planning,2025,FQ4,2025,2,February
2025-02-01,202,1,Office Supplies,3,174.39,63.14,0.3621,Aggressive,Finance Ops,2025,FQ4,2025,2,February
2025-02-01,202,1,Sports,8,1197.91,497.82,0.4156,Aggressive,Commercial Planning,2025,FQ4,2025,2,February
2025-02-01,203,1,Beauty,24,982.8,420.05,0.4274,Aggressive,Commercial Planning,2025,FQ4,2025,2,February
2025-02-01,203,1,Electronics,21,18146.28,7802.43,0.43,Aggressive,Finance Ops,2025,FQ4,2025,2,February
2025-02-01,203,1,Fashion,13,1110.57,347.33,0.3127,Aggressive,Commercial Planning,2025,FQ4,2025,2,February
2025-02-01,203,1,Furniture,10,5305.24,1753.74,0.3306,Aggressive,Commercial Planning,2025,FQ4,2025,2,February
2025-02-01,203,1,Grocery,18,360.51,130.88,0.363,Aggressive,Finance Ops,2025,FQ4,2025,2,February
2025-02-01,203,1,Home Appliances,21,8539.76,3479.74,0.4075,Aggressive,Commercial Planning,2025,FQ4,2025,2,February
2025-02-01,203,1,Office Supplies,26,1101.3,413.21,0.3752,Aggressive,Finance Ops,2025,FQ4,2025,2,February
2025-02-01,203,1,Sports,22,3114.55,1282.14,0.4117,Aggressive,Finance Ops,2025,FQ4,2025,2,February
2025-02-01,204,1,Beauty,12,641.64,190.39,0.2967,Aggressive,Finance Ops,2025,FQ4,2025,2,February
2025-02-01,204,1,Electronics,8,6846.18,3172.34,0.4634,Aggressive,Finance Ops,2025,FQ4,2025,2,February
2025-02-01,204,1,Fashion,12,1030.11,380.31,0.3692,Aggressive,Regional Director,2025,FQ4,2025,2,February
2025-02-01,204,1,Furniture,19,9617.4,3065.15,0.3187,Aggressive,Commercial Planning,2025,FQ4,2025,2,February
2025-02-01,204,1,Grocery,24,669.12,265.38,0.3966,Aggressive,Commercial Planning,2025,FQ4,2025,2,February
2025-02-01,204,1,Home Appliances,27,15533.5,5208.32,0.3353,Aggressive,Regional Director,2025,FQ4,2025,2,February
2025-02-01,204,1,Sports,29,4524.87,1894.22,0.4186,Aggressive,Commercial Planning,2025,FQ4,2025,2,February
2025-02-01,205,1,Beauty,12,907.68,305.75,0.3368,Aggressive,Commercial Planning,2025,FQ4,2025,2,February
2025-02-01,205,1,Electronics,27,38230.58,13816.93,0.3614,Aggressive,Finance Ops,2025,FQ4,2025,2,February
2025-02-01,205,1,Fashion,16,795.6,272.95,0.3431,Aggressive,Regional Director,2025,FQ4,2025,2,February
2025-02-01,205,1,Furniture,17,5184.3,2600.98,0.5017,Aggressive,Commercial Planning,2025,FQ4,2025,2,February
2025-02-01,205,1,Grocery,26,733.08,317.42,0.433,Aggressive,Finance Ops,2025,FQ4,2025,2,February
2025-02-01,205,1,Home Appliances,20,9487.7,3716.17,0.3917,Aggressive,Commercial Planning,2025,FQ4,2025,2,February
2025-02-01,205,1,Office Supplies,23,1333.39,581.41,0.436,Aggressive,Finance Ops,2025,FQ4,2025,2,February
2025-02-01,205,1,Sports,13,2297.34,844.91,0.3678,Aggressive,Commercial Planning,2025,FQ4,2025,2,February
2025-02-01,206,1,Beauty,14,1003.18,336.67,0.3356,Aggressive,Commercial Planning,2025,FQ4,2025,2,February
2025-02-01,206,1,Electronics,27,22815.87,9357.56,0.4101,Aggressive,Commercial Planning,2025,FQ4,2025,2,February
2025-02-01,206,1,Fashion,18,1623.25,508.34,0.3132,Aggressive,Regional Director,2025,FQ4,2025,2,February
2025-02-01,206,1,Furniture,20,17005.34,5972.41,0.3512,Aggressive,Commercial Planning,2025,FQ4,2025,2,February
2025-02-01,206,1,Grocery,4,89.63,33.34,0.372,Aggressive,Finance Ops,2025,FQ4,2025,2,February
2025-02-01,206,1,Home Appliances,6,4220.4,1793.68,0.425,Aggressive,Finance Ops,2025,FQ4,2025,2,February
2025-02-01,206,1,Office Supplies,24,1158.96,489.72,0.4226,Aggressive,Regional Director,2025,FQ4,2025,2,February
2025-02-01,206,1,Sports,10,2134.29,754.77,0.3536,Aggressive,Commercial Planning,2025,FQ4,2025,2,February
2025-02-01,207,1,Beauty,5,131.18,56.92,0.4339,Aggressive,Regional Director,2025,FQ4,2025,2,February
2025-02-01,207,1,Electronics,25,20044.03,6914.25,0.345,Aggressive,Finance Ops,2025,FQ4,2025,2,February
2025-02-01,207,1,Fashion,10,1176.65,473.14,0.4021,Aggressive,Finance Ops,2025,FQ4,2025,2,February
2025-02-01,207,1,Furniture,12,3750.02,1430.29,0.3814,Aggressive,Finance Ops,2025,FQ4,2025,2,February
2025-02-01,207,1,Grocery,18,417.74,164.11,0.3929,Aggressive,Finance Ops,2025,FQ4,2025,2,February
2025-02-01,207,1,Home Appliances,10,4954.15,2078.04,0.4195,Aggressive,Commercial Planning,2025,FQ4,2025,2,February
2025-02-01,207,1,Office Supplies,1,16.24,5.87,0.3615,Aggressive,Finance Ops,2025,FQ4,2025,2,February
2025-02-01,207,1,Sports,11,1537.96,614.51,0.3996,Aggressive,Commercial Planning,2025,FQ4,2025,2,February
2025-02-01,208,1,Beauty,38,2156.58,824.54,0.3823,Aggressive,Commercial Planning,2025,FQ4,2025,2,February
2025-02-01,208,1,Electronics,11,12569.35,5863.38,0.4665,Aggressive,Regional Director,2025,FQ4,2025,2,February
2025-02-01,208,1,Fashion,11,1127.14,414.43,0.3677,Aggressive,Regional Director,2025,FQ4,2025,2,February
2025-02-01,208,1,Furniture,2,692.33,253.62,0.3663,Aggressive,Commercial Planning,2025,FQ4,2025,2,February
2025-02-01,208,1,Grocery,3,90.84,40.63,0.4473,Aggressive,Regional Director,2025,FQ4,2025,2,February
2025-02-01,208,1,Home Appliances,31,14026.84,5438.12,0.3877,Aggressive,Regional Director,2025,FQ4,2025,2,February
2025-02-01,208,1,Office Supplies,35,1804.98,754.01,0.4177,Aggressive,Commercial Planning,2025,FQ4,2025,2,February
2025-02-01,208,1,Sports,8,1118.99,461.1,0.4121,Aggressive,Regional Director,2025,FQ4,2025,2,February
2025-02-01,209,1,Beauty,13,805.42,241.81,0.3002,Aggressive,Finance Ops,2025,FQ4,2025,2,February
2025-02-01,209,1,Electronics,5,3776.62,1497.5,0.3965,Aggressive,Finance Ops,2025,FQ4,2025,2,February
2025-02-01,209,1,Fashion,27,1815.52,758.98,0.4181,Aggressive,Regional Director,2025,FQ4,2025,2,February
2025-02-01,209,1,Furniture,7,4557.98,2015.14,0.4421,Aggressive,Finance Ops,2025,FQ4,2025,2,February
2025-02-01,209,1,Grocery,4,72.78,32.16,0.4419,Aggressive,Commercial Planning,2025,FQ4,2025,2,February
2025-02-01,209,1,Home Appliances,11,5703.33,2728.22,0.4784,Aggressive,Finance Ops,2025,FQ4,2025,2,February
2025-02-01,209,1,Office Supplies,12,596.58,207.69,0.3481,Aggressive,Finance Ops,2025,FQ4,2025,2,February
2025-02-01,209,1,Sports,24,2718.83,1223.96,0.4502,Aggressive,Finance Ops,2025,FQ4,2025,2,February
2025-02-01,210,1,Beauty,13,652.53,282.61,0.4331,Aggressive,Regional Director,2025,FQ4,2025,2,February
2025-02-01,210,1,Electronics,12,14272.55,6216.71,0.4356,Aggressive,Commercial Planning,2025,FQ4,2025,2,February
2025-02-01,210,1,Fashion,21,1446.9,640.5,0.4427,Aggressive,Finance Ops,2025,FQ4,2025,2,February
2025-02-01,210,1,Furniture,15,12106.41,3355.4,0.2772,Aggressive,Commercial Planning,2025,FQ4,2025,2,February
2025-02-01,210,1,Grocery,6,117.57,42.04,0.3576,Aggressive,Commercial Planning,2025,FQ4,2025,2,February
2025-02-01,210,1,Home Appliances,15,8098.49,4262.16,0.5263,Aggressive,Regional Director,2025,FQ4,2025,2,February
2025-02-01,210,1,Office Supplies,19,898.79,365.97,0.4072,Aggressive,Commercial Planning,2025,FQ4,2025,2,February
2025-02-01,210,1,Sports,17,2459.76,1134.01,0.461,Aggressive,Finance Ops,2025,FQ4,2025,2,February
2025-02-01,211,1,Beauty,25,1423.04,449.64,0.316,Aggressive,Regional Director,2025,FQ4,2025,2,February
2025-02-01,211,1,Electronics,22,18104.6,8188.87,0.4523,Aggressive,Commercial Planning,2025,FQ4,2025,2,February
2025-02-01,211,1,Fashion,13,905.78,351.28,0.3878,Aggressive,Regional Director,2025,FQ4,2025,2,February
2025-02-01,211,1,Furniture,9,7310.94,3002.25,0.4107,Aggressive,Regional Director,2025,FQ4,2025,2,February
2025-02-01,211,1,Grocery,2,10.24,5.03,0.4912,Aggressive,Finance Ops,2025,FQ4,2025,2,February
2025-02-01,211,1,Home Appliances,10,2507.69,1161.89,0.4633,Aggressive,Finance Ops,2025,FQ4,2025,2,February
2025-02-01,211,1,Office Supplies,22,1193.16,504.64,0.4229,Aggressive,Finance Ops,2025,FQ4,2025,2,February
2025-02-01,211,1,Sports,6,753.57,330.14,0.4381,Aggressive,Finance Ops,2025,FQ4,2025,2,February
2025-02-01,212,1,Beauty,6,270.94,96.32,0.3555,Aggressive,Commercial Planning,2025,FQ4,2025,2,February
2025-02-01,212,1,Electronics,3,1120.93,601.78,0.5369,Aggressive,Commercial Planning,2025,FQ4,2025,2,February
2025-02-01,212,1,Fashion,10,967.09,466.83,0.4827,Aggressive,Finance Ops,2025,FQ4,2025,2,February
2025-02-01,212,1,Furniture,16,9049.92,3308.66,0.3656,Aggressive,Regional Director,2025,FQ4,2025,2,February
2025-02-01,212,1,Grocery,16,484.2,152.68,0.3153,Aggressive,Regional Director,2025,FQ4,2025,2,February
2025-02-01,212,1,Home Appliances,12,8228.11,3084.7,0.3749,Aggressive,Finance Ops,2025,FQ4,2025,2,February
2025-02-01,212,1,Office Supplies,7,420.65,195.65,0.4651,Aggressive,Commercial Planning,2025,FQ4,2025,2,February
2025-02-01,212,1,Sports,2,612.44,253.18,0.4134,Aggressive,Commercial Planning,2025,FQ4,2025,2,February
2025-02-01,213,1,Beauty,14,846.22,268.86,0.3177,Aggressive,Commercial Planning,2025,FQ4,2025,2,February
2025-02-01,213,1,Electronics,27,25158.87,9673.61,0.3845,Aggressive,Regional Director,2025,FQ4,2025,2,February
2025-02-01,213,1,Fashion,14,1917.3,932.06,0.4861,Aggressive,Regional Director,2025,FQ4,2025,2,February
2025-02-01,213,1,Furniture,8,4929.77,1698.12,0.3445,Aggressive,Commercial Planning,2025,FQ4,2025,2,February
2025-02-01,213,1,Grocery,16,504.47,139.25,0.276,Aggressive,Finance Ops,2025,FQ4,2025,2,February
2025-02-01,213,1,Home Appliances,17,7508.79,3297.18,0.4391,Aggressive,Finance Ops,2025,FQ4,2025,2,February
2025-02-01,213,1,Office Supplies,14,574.23,225.13,0.3921,Aggressive,Finance Ops,2025,FQ4,2025,2,February
2025-02-01,213,1,Sports,13,3134.89,1369.65,0.4369,Aggressive,Finance Ops,2025,FQ4,2025,2,February
2025-02-01,214,1,Beauty,10,538.55,171.76,0.3189,Aggressive,Commercial Planning,2025,FQ4,2025,2,February
2025-02-01,214,1,Electronics,26,16950.46,7465.52,0.4404,Aggressive,Regional Director,2025,FQ4,2025,2,February
2025-02-01,214,1,Fashion,9,622.33,272.7,0.4382,Aggressive,Commercial Planning,2025,FQ4,2025,2,February
2025-02-01,214,1,Furniture,18,6609.17,2225.88,0.3368,Aggressive,Finance Ops,2025,FQ4,2025,2,February
2025-02-01,214,1,Grocery,21,673.06,260.14,0.3865,Aggressive,Finance Ops,2025,FQ4,2025,2,February
2025-02-01,214,1,Home Appliances,8,646.63,291.8,0.4513,Aggressive,Finance Ops,2025,FQ4,2025,2,February
2025-02-01,214,1,Office Supplies,15,1047.67,393.4,0.3755,Aggressive,Commercial Planning,2025,FQ4,2025,2,February
2025-02-01,214,1,Sports,11,2712.82,1134.39,0.4182,Aggressive,Finance Ops,2025,FQ4,2025,2,February
2025-02-01,215,2,Beauty,71,3699.06,1203.38,0.3253,Aggressive,Regional Director,2025,FQ4,2025,2,February
2025-02-01,215,2,Electronics,79,87772.44,33790.89,0.385,Aggressive,Finance Ops,2025,FQ4,2025,2,February
2025-02-01,215,2,Fashion,64,5803.17,2481.22,0.4276,Aggressive,Commercial Planning,2025,FQ4,2025,2,February
2025-02-01,215,2,Furniture,48,37658.57,12640.25,0.3357,Aggressive,Finance Ops,2025,FQ4,2025,2,February
2025-02-01,215,2,Grocery,60,1256.97,522.08,0.4153,Aggressive,Commercial Planning,2025,FQ4,2025,2,February
2025-02-01,215,2,Home Appliances,81,38880.08,17665.14,0.4543,Aggressive,Regional Director,2025,FQ4,2025,2,February
2025-02-01,215,2,Office Supplies,67,3409.86,1479.11,0.4338,Aggressive,Regional Director,2025,FQ4,2025,2,February
2025-02-01,215,2,Sports,36,7543.72,3098.17,0.4107,Aggressive,Regional Director,2025,FQ4,2025,2,February
2025-02-01,216,2,Beauty,90,4501.58,1735.98,0.3856,Aggressive,Regional Director,2025,FQ4,2025,2,February
2025-02-01,216,2,Electronics,56,66886.29,26727.14,0.3996,Aggressive,Finance Ops,2025,FQ4,2025,2,February
2025-02-01,216,2,Fashion,53,4816.14,1881.77,0.3907,Aggressive,Commercial Planning,2025,FQ4,2025,2,February
2025-02-01,216,2,Furniture,51,31977.51,10603.44,0.3316,Aggressive,Finance Ops,2025,FQ4,2025,2,February
2025-02-01,216,2,Grocery,45,1162.64,438.51,0.3772,Aggressive,Finance Ops,2025,FQ4,2025,2,February
2025-02-01,216,2,Home Appliances,105,41385.32,16814.12,0.4063,Aggressive,Finance Ops,2025,FQ4,2025,2,February
2025-02-01,216,2,Office Supplies,95,3933.96,1714.97,0.4359,Aggressive,Commercial Planning,2025,FQ4,2025,2,February
2025-02-01,216,2,Sports,54,8760.87,3824.37,0.4365,Aggressive,Commercial Planning,2025,FQ4,2025,2,February
2025-02-01,217,2,Beauty,80,4818.66,1845.8,0.3831,Aggressive,Regional Director,2025,FQ4,2025,2,February
2025-02-01,217,2,Electronics,107,100679.67,39543.34,0.3928,Aggressive,Regional Director,2025,FQ4,2025,2,February
2025-02-01,217,2,Fashion,69,7960.85,3314.68,0.4164,Aggressive,Commercial Planning,2025,FQ4,2025,2,February
2025-02-01,217,2,Furniture,38,22128.29,7560.39,0.3417,Aggressive,Finance Ops,2025,FQ4,2025,2,February
2025-02-01,217,2,Grocery,51,1629.19,647.93,0.3977,Aggressive,Commercial Planning,2025,FQ4,2025,2,February
2025-02-01,217,2,Home Appliances,81,34686.19,13549.53,0.3906,Aggressive,Finance Ops,2025,FQ4,2025,2,February
2025-02-01,217,2,Office Supplies,83,4307.17,1860.53,0.432,Aggressive,Regional Director,2025,FQ4,2025,2,February
2025-02-01,217,2,Sports,69,11299.01,4386.62,0.3882,Aggressive,Finance Ops,2025,FQ4,2025,2,February
2025-02-01,218,3,Beauty,153,7834.69,2650.17,0.3383,Aggressive,Regional Director,2025,FQ4,2025,2,February
2025-02-01,218,3,Electronics,252,293869.94,115902.32,0.3944,Aggressive,Finance Ops,2025,FQ4,2025,2,February
2025-02-01,218,3,Fashion,263,28223.32,9050.39,0.3207,Aggressive,Commercial Planning,2025,FQ4,2025,2,February
2025-02-01,218,3,Furniture,373,230928.83,92885.56,0.4022,Aggressive,Finance Ops,2025,FQ4,2025,2,February
2025-02-01,218,3,Grocery,401,10614.39,4247.18,0.4001,Aggressive,Finance Ops,2025,FQ4,2025,2,February
2025-02-01,218,3,Home Appliances,614,267277.7,99777.75,0.3733,Aggressive,Regional Director,2025,FQ4,2025,2,February
2025-02-01,218,3,Office Supplies,454,22972.22,8498.79,0.37,Aggressive,Finance Ops,2025,FQ4,2025,2,February
2025-02-01,218,3,Sports,390,78052.75,30488.88,0.3906,Aggressive,Regional Director,2025,FQ4,2025,2,February
2025-02-01,219,3,Beauty,202,12166.42,3743.64,0.3077,Aggressive,Finance Ops,2025,FQ4,2025,2,February
2025-02-01,219,3,Electronics,232,197814.76,77974.59,0.3942,Aggressive,Regional Director,2025,FQ4,2025,2,February
2025-02-01,219,3,Fashion,201,17148.45,6818.59,0.3976,Aggressive,Finance Ops,2025,FQ4,2025,2,February
2025-02-01,219,3,Furniture,280,187296.84,72335.89,0.3862,Aggressive,Commercial Planning,2025,FQ4,2025,2,February
2025-02-01,219,3,Grocery,251,4492.04,1718.09,0.3825,Aggressive,Commercial Planning,2025,FQ4,2025,2,February
2025-02-01,219,3,Home Appliances,361,155729.59,54326.67,0.3489,Aggressive,Commercial Planning,2025,FQ4,2025,2,February
2025-02-01,219,3,Office Supplies,166,7108.03,3047.41,0.4287,Aggressive,Finance Ops,2025,FQ4,2025,2,February
2025-02-01,219,3,Sports,381,67628.11,24998.83,0.3697,Aggressive,Commercial Planning,2025,FQ4,2025,2,February
2025-02-01,220,4,Beauty,82,4806.2,1688.79,0.3514,Aggressive,Commercial Planning,2025,FQ4,2025,2,February
2025-02-01,220,4,Electronics,83,79141.0,32830.73,0.4148,Aggressive,Commercial Planning,2025,FQ4,2025,2,February
2025-02-01,220,4,Fashion,97,10120.96,3928.4,0.3881,Aggressive,Commercial Planning,2025,FQ4,2025,2,February
2025-02-01,220,4,Furniture,79,42707.46,17807.62,0.417,Aggressive,Finance Ops,2025,FQ4,2025,2,February
2025-02-01,220,4,Grocery,47,1192.23,491.33,0.4121,Aggressive,Commercial Planning,2025,FQ4,2025,2,February
2025-02-01,220,4,Home Appliances,154,68273.55,29102.08,0.4263,Aggressive,Finance Ops,2025,FQ4,2025,2,February
2025-02-01,220,4,Office Supplies,85,3956.05,1631.06,0.4123,Aggressive,Commercial Planning,2025,FQ4,2025,2,February
2025-02-01,220,4,Sports,99,16570.96,7011.25,0.4231,Aggressive,Finance Ops,2025,FQ4,2025,2,February
2025-03-01,201,1,Beauty,19,930.84,292.79,0.3145,Aggressive,Commercial Planning,2025,FQ4,2025,3,March
2025-03-01,201,1,Electronics,11,9029.81,3363.78,0.3725,Aggressive,Commercial Planning,2025,FQ4,2025,3,March
2025-03-01,201,1,Fashion,30,2684.02,1048.74,0.3907,Aggressive,Commercial Planning,2025,FQ4,2025,3,March
2025-03-01,201,1,Furniture,48,22142.13,8752.15,0.3953,Aggressive,Commercial Planning,2025,FQ4,2025,3,March
2025-03-01,201,1,Grocery,14,368.77,144.15,0.3909,Aggressive,Regional Director,2025,FQ4,2025,3,March
2025-03-01,201,1,Home Appliances,31,12507.03,4599.63,0.3678,Aggressive,Commercial Planning,2025,FQ4,2025,3,March
2025-03-01,201,1,Office Supplies,27,1317.59,606.2,0.4601,Aggressive,Commercial Planning,2025,FQ4,2025,3,March
2025-03-01,201,1,Sports,40,5014.74,2102.24,0.4192,Aggressive,Regional Director,2025,FQ4,2025,3,March
2025-03-01,202,1,Beauty,11,831.9,288.26,0.3465,Aggressive,Finance Ops,2025,FQ4,2025,3,March
2025-03-01,202,1,Electronics,16,15289.8,6389.73,0.4179,Aggressive,Finance Ops,2025,FQ4,2025,3,March
2025-03-01,202,1,Fashion,20,2490.16,920.76,0.3698,Aggressive,Finance Ops,2025,FQ4,2025,3,March
2025-03-01,202,1,Furniture,29,23785.57,7864.87,0.3307,Aggressive,Regional Director,2025,FQ4,2025,3,March
2025-03-01,202,1,Grocery,27,606.32,213.92,0.3528,Aggressive,Finance Ops,2025,FQ4,2025,3,March
2025-03-01,202,1,Home Appliances,66,36325.09,16428.38,0.4523,Aggressive,Finance Ops,2025,FQ4,2025,3,March
2025-03-01,202,1,Office Supplies,37,1841.21,635.94,0.3454,Aggressive,Commercial Planning,2025,FQ4,2025,3,March
2025-03-01,202,1,Sports,11,2629.86,726.76,0.2763,Aggressive,Finance Ops,2025,FQ4,2025,3,March
2025-03-01,203,1,Beauty,13,649.84,249.28,0.3836,Aggressive,Regional Director,2025,FQ4,2025,3,March
2025-03-01,203,1,Electronics,15,8430.27,3703.31,0.4393,Aggressive,Finance Ops,2025,FQ4,2025,3,March
2025-03-01,203,1,Fashion,8,559.8,236.39,0.4223,Aggressive,Commercial Planning,2025,FQ4,2025,3,March
2025-03-01,203,1,Furniture,2,1454.76,366.27,0.2518,Aggressive,Finance Ops,2025,FQ4,2025,3,March
2025-03-01,203,1,Grocery,9,159.17,54.46,0.3421,Aggressive,Commercial Planning,2025,FQ4,2025,3,March
2025-03-01,203,1,Home Appliances,39,14629.61,6330.38,0.4327,Aggressive,Commercial Planning,2025,FQ4,2025,3,March
2025-03-01,203,1,Office Supplies,3,149.49,54.53,0.3648,Aggressive,Finance Ops,2025,FQ4,2025,3,March
2025-03-01,203,1,Sports,21,4911.75,1808.22,0.3681,Aggressive,Commercial Planning,2025,FQ4,2025,3,March
2025-03-01,204,1,Beauty,4,164.72,47.01,0.2854,Aggressive,Commercial Planning,2025,FQ4,2025,3,March
2025-03-01,204,1,Electronics,19,6514.83,3154.31,0.4842,Aggressive,Finance Ops,2025,FQ4,2025,3,March
2025-03-01,204,1,Fashion,24,2801.34,914.7,0.3265,Aggressive,Regional Director,2025,FQ4,2025,3,March
2025-03-01,204,1,Furniture,28,17031.68,6175.2,0.3626,Aggressive,Regional Director,2025,FQ4,2025,3,March
2025-03-01,204,1,Grocery,11,434.57,156.46,0.36,Aggressive,Finance Ops,2025,FQ4,2025,3,March
2025-03-01,204,1,Home Appliances,12,4912.69,1915.88,0.39,Aggressive,Commercial Planning,2025,FQ4,2025,3,March
2025-03-01,204,1,Office Supplies,43,2210.92,830.06,0.3754,Aggressive,Finance Ops,2025,FQ4,2025,3,March
2025-03-01,204,1,Sports,8,1004.55,409.75,0.4079,Aggressive,Commercial Planning,2025,FQ4,2025,3,March
2025-03-01,205,1,Beauty,11,720.02,162.67,0.2259,Aggressive,Commercial Planning,2025,FQ4,2025,3,March
2025-03-01,205,1,Electronics,33,40797.03,17767.01,0.4355,Aggressive,Finance Ops,2025,FQ4,2025,3,March
2025-03-01,205,1,Fashion,12,970.77,463.43,0.4774,Aggressive,Commercial Planning,2025,FQ4,2025,3,March
2025-03-01,205,1,Furniture,4,1897.27,789.5,0.4161,Aggressive,Finance Ops,2025,FQ4,2025,3,March
2025-03-01,205,1,Grocery,23,415.47,134.68,0.3242,Aggressive,Finance Ops,2025,FQ4,2025,3,March
2025-03-01,205,1,Home Appliances,46,21010.68,8481.64,0.4037,Aggressive,Finance Ops,2025,FQ4,2025,3,March
2025-03-01,205,1,Office Supplies,5,164.66,72.19,0.4384,Aggressive,Commercial Planning,2025,FQ4,2025,3,March
2025-03-01,205,1,Sports,28,4886.86,1805.8,0.3695,Aggressive,Commercial Planning,2025,FQ4,2025,3,March
2025-03-01,206,1,Beauty,16,825.15,320.59,0.3885,Aggressive,Commercial Planning,2025,FQ4,2025,3,March
2025-03-01,206,1,Electronics,6,5889.04,2781.49,0.4723,Aggressive,Regional Director,2025,FQ4,2025,3,March
2025-03-01,206,1,Fashion,21,2086.44,848.3,0.4066,Aggressive,Commercial Planning,2025,FQ4,2025,3,March
2025-03-01,206,1,Furniture,24,9357.15,3600.23,0.3848,Aggressive,Regional Director,2025,FQ4,2025,3,March
2025-03-01,206,1,Grocery,15,276.24,109.29,0.3956,Aggressive,Commercial Planning,2025,FQ4,2025,3,March
2025-03-01,206,1,Home Appliances,33,22784.22,7463.3,0.3276,Aggressive,Commercial Planning,2025,FQ4,2025,3,March
2025-03-01,206,1,Office Supplies,10,641.03,291.26,0.4544,Aggressive,Commercial Planning,2025,FQ4,2025,3,March
2025-03-01,206,1,Sports,29,4959.35,2390.07,0.4819,Aggressive,Regional Director,2025,FQ4,2025,3,March
2025-03-01,207,1,Beauty,11,675.82,225.65,0.3339,Aggressive,Finance Ops,2025,FQ4,2025,3,March
2025-03-01,207,1,Electronics,34,26093.03,8786.07,0.3367,Aggressive,Finance Ops,2025,FQ4,2025,3,March
2025-03-01,207,1,Fashion,11,725.13,227.74,0.3141,Aggressive,Finance Ops,2025,FQ4,2025,3,March
2025-03-01,207,1,Furniture,11,4642.65,1476.12,0.3179,Aggressive,Finance Ops,2025,FQ4,2025,3,March
2025-03-01,207,1,Grocery,19,232.51,94.06,0.4045,Aggressive,Regional Director,2025,FQ4,2025,3,March
2025-03-01,207,1,Home Appliances,36,14813.25,5525.64,0.373,Aggressive,Commercial Planning,2025,FQ4,2025,3,March
2025-03-01,207,1,Office Supplies,10,587.48,275.17,0.4684,Aggressive,Finance Ops,2025,FQ4,2025,3,March
2025-03-01,207,1,Sports,26,4925.15,2200.12,0.4467,Aggressive,Finance Ops,2025,FQ4,2025,3,March
2025-03-01,208,1,Beauty,20,800.05,267.51,0.3344,Aggressive,Finance Ops,2025,FQ4,2025,3,March
2025-03-01,208,1,Electronics,36,45823.52,18018.71,0.3932,Aggressive,Commercial Planning,2025,FQ4,2025,3,March
2025-03-01,208,1,Fashion,17,1836.87,649.7,0.3537,Aggressive,Finance Ops,2025,FQ4,2025,3,March
2025-03-01,208,1,Furniture,15,10558.43,4116.49,0.3899,Aggressive,Commercial Planning,2025,FQ4,2025,3,March
2025-03-01,208,1,Grocery,17,460.1,159.82,0.3474,Aggressive,Finance Ops,2025,FQ4,2025,3,March
2025-03-01,208,1,Home Appliances,14,7504.54,2703.39,0.3602,Aggressive,Regional Director,2025,FQ4,2025,3,March
2025-03-01,208,1,Office Supplies,16,628.18,252.94,0.4027,Aggressive,Commercial Planning,2025,FQ4,2025,3,March
2025-03-01,208,1,Sports,7,1239.23,439.23,0.3544,Aggressive,Finance Ops,2025,FQ4,2025,3,March
2025-03-01,209,1,Beauty,19,1049.51,397.52,0.3788,Aggressive,Finance Ops,2025,FQ4,2025,3,March
2025-03-01,209,1,Electronics,21,23627.91,8909.42,0.3771,Aggressive,Finance Ops,2025,FQ4,2025,3,March
2025-03-01,209,1,Fashion,15,1290.05,457.91,0.355,Aggressive,Finance Ops,2025,FQ4,2025,3,March
2025-03-01,209,1,Furniture,7,6847.9,2519.09,0.3679,Aggressive,Finance Ops,2025,FQ4,2025,3,March
2025-03-01,209,1,Grocery,44,767.43,237.79,0.3099,Aggressive,Finance Ops,2025,FQ4,2025,3,March
2025-03-01,209,1,Home Appliances,23,6827.04,2335.49,0.3421,Aggressive,Finance Ops,2025,FQ4,2025,3,March
2025-03-01,209,1,Office Supplies,16,454.57,221.64,0.4876,Aggressive,Finance Ops,2025,FQ4,2025,3,March
2025-03-01,209,1,Sports,26,5087.8,1855.84,0.3648,Aggressive,Finance Ops,2025,FQ4,2025,3,March
2025-03-01,210,1,Beauty,21,1275.29,500.27,0.3923,Aggressive,Regional Director,2025,FQ4,2025,3,March
2025-03-01,210,1,Electronics,11,13277.78,4188.64,0.3155,Aggressive,Commercial Planning,2025,FQ4,2025,3,March
2025-03-01,210,1,Fashion,14,1285.66,511.45,0.3978,Aggressive,Commercial Planning,2025,FQ4,2025,3,March
2025-03-01,210,1,Furniture,10,4358.5,1585.12,0.3637,Aggressive,Regional Director,2025,FQ4,2025,3,March
2025-03-01,210,1,Grocery,14,381.11,111.73,0.2932,Aggressive,Commercial Planning,2025,FQ4,2025,3,March
2025-03-01,210,1,Home Appliances,18,10965.22,5371.43,0.4899,Aggressive,Finance Ops,2025,FQ4,2025,3,March
2025-03-01,210,1,Office Supplies,14,801.79,364.7,0.4549,Aggressive,Finance Ops,2025,FQ4,2025,3,March
2025-03-01,210,1,Sports,18,2576.6,815.29,0.3164,Aggressive,Finance Ops,2025,FQ4,2025,3,March
2025-03-01,211,1,Beauty,41,2260.17,803.03,0.3553,Aggressive,Commercial Planning,2025,FQ4,2025,3,March
2025-03-01,211,1,Electronics,38,39066.82,12809.86,0.3279,Aggressive,Commercial Planning,2025,FQ4,2025,3,March
2025-03-01,211,1,Fashion,19,1915.06,884.09,0.4617,Aggressive,Finance Ops,2025,FQ4,2025,3,March
2025-03-01,211,1,Furniture,11,4859.55,1899.08,0.3908,Aggressive,Commercial Planning,2025,FQ4,2025,3,March
2025-03-01,211,1,Grocery,32,879.75,268.84,0.3056,Aggressive,Finance Ops,2025,FQ4,2025,3,March
2025-03-01,211,1,Home Appliances,28,12504.34,6146.98,0.4916,Aggressive,Finance Ops,2025,FQ4,2025,3,March
2025-03-01,211,1,Office Supplies,7,397.34,181.51,0.4568,Aggressive,Finance Ops,2025,FQ4,2025,3,March
2025-03-01,211,1,Sports,31,4277.73,1573.26,0.3678,Aggressive,Regional Director,2025,FQ4,2025,3,March
2025-03-01,212,1,Beauty,5,238.34,82.21,0.3449,Aggressive,Finance Ops,2025,FQ4,2025,3,March
2025-03-01,212,1,Electronics,23,32978.54,12075.34,0.3662,Aggressive,Commercial Planning,2025,FQ4,2025,3,March
2025-03-01,212,1,Fashion,20,1343.44,536.74,0.3995,Aggressive,Commercial Planning,2025,FQ4,2025,3,March
2025-03-01,212,1,Furniture,16,8058.04,3042.68,0.3776,Aggressive,Commercial Planning,2025,FQ4,2025,3,March
2025-03-01,212,1,Grocery,18,323.09,141.28,0.4373,Aggressive,Regional Director,2025,FQ4,2025,3,March
2025-03-01,212,1,Home Appliances,39,21463.63,8253.64,0.3845,Aggressive,Commercial Planning,2025,FQ4,2025,3,March
2025-03-01,212,1,Office Supplies,3,134.43,59.13,0.4399,Aggressive,Commercial Planning,2025,FQ4,2025,3,March
2025-03-01,212,1,Sports,16,2049.35,1082.07,0.528,Aggressive,Finance Ops,2025,FQ4,2025,3,March
2025-03-01,213,1,Beauty,13,718.27,215.58,0.3001,Aggressive,Commercial Planning,2025,FQ4,2025,3,March
2025-03-01,213,1,Electronics,29,28061.1,11365.17,0.405,Aggressive,Commercial Planning,2025,FQ4,2025,3,March
2025-03-01,213,1,Fashion,24,2110.41,794.28,0.3764,Aggressive,Finance Ops,2025,FQ4,2025,3,March
2025-03-01,213,1,Furniture,21,10251.12,3777.1,0.3685,Aggressive,Commercial Planning,2025,FQ4,2025,3,March
2025-03-01,213,1,Grocery,11,317.38,127.26,0.401,Aggressive,Commercial Planning,2025,FQ4,2025,3,March
2025-03-01,213,1,Home Appliances,17,7282.24,2650.1,0.3639,Aggressive,Regional Director,2025,FQ4,2025,3,March
2025-03-01,213,1,Office Supplies,8,542.41,259.66,0.4787,Aggressive,Commercial Planning,2025,FQ4,2025,3,March
2025-03-01,213,1,Sports,19,2677.51,972.61,0.3633,Aggressive,Commercial Planning,2025,FQ4,2025,3,March
2025-03-01,214,1,Beauty,10,640.88,221.58,0.3457,Aggressive,Commercial Planning,2025,FQ4,2025,3,March
2025-03-01,214,1,Electronics,15,19071.11,9415.82,0.4937,Aggressive,Finance Ops,2025,FQ4,2025,3,March
2025-03-01,214,1,Fashion,9,965.75,400.73,0.4149,Aggressive,Finance Ops,2025,FQ4,2025,3,March
2025-03-01,214,1,Furniture,20,13855.31,5355.81,0.3866,Aggressive,Finance Ops,2025,FQ4,2025,3,March
2025-03-01,214,1,Grocery,12,201.32,65.45,0.3251,Aggressive,Commercial Planning,2025,FQ4,2025,3,March
2025-03-01,214,1,Home Appliances,48,19097.09,8397.49,0.4397,Aggressive,Regional Director,2025,FQ4,2025,3,March
2025-03-01,214,1,Office Supplies,14,600.29,260.61,0.4341,Aggressive,Finance Ops,2025,FQ4,2025,3,March
2025-03-01,214,1,Sports,11,2008.34,786.59,0.3917,Aggressive,Regional Director,2025,FQ4,2025,3,March
2025-03-01,215,2,Beauty,128,6808.78,2198.37,0.3229,Aggressive,Commercial Planning,2025,FQ4,2025,3,March
2025-03-01,215,2,Electronics,127,109559.66,41272.39,0.3767,Aggressive,Regional Director,2025,FQ4,2025,3,March
2025-03-01,215,2,Fashion,95,9346.3,3789.98,0.4055,Aggressive,Finance Ops,2025,FQ4,2025,3,March
2025-03-01,215,2,Furniture,84,53518.6,19233.68,0.3594,Aggressive,Finance Ops,2025,FQ4,2025,3,March
2025-03-01,215,2,Grocery,62,1613.87,578.36,0.3584,Aggressive,Finance Ops,2025,FQ4,2025,3,March
2025-03-01,215,2,Home Appliances,118,50117.67,18989.9,0.3789,Aggressive,Commercial Planning,2025,FQ4,2025,3,March
2025-03-01,215,2,Office Supplies,60,2462.59,1076.18,0.437,Aggressive,Regional Director,2025,FQ4,2025,3,March
2025-03-01,215,2,Sports,81,14373.44,5505.54,0.383,Aggressive,Finance Ops,2025,FQ4,2025,3,March
2025-03-01,216,2,Beauty,75,4608.0,1493.55,0.3241,Aggressive,Regional Director,2025,FQ4,2025,3,March
2025-03-01,216,2,Electronics,73,76669.29,29581.18,0.3858,Aggressive,Regional Director,2025,FQ4,2025,3,March
2025-03-01,216,2,Fashion,53,5069.51,1952.47,0.3851,Aggressive,Finance Ops,2025,FQ4,2025,3,March
2025-03-01,216,2,Furniture,64,36917.01,11961.86,0.324,Aggressive,Finance Ops,2025,FQ4,2025,3,March
2025-03-01,216,2,Grocery,58,1526.17,566.57,0.3712,Aggressive,Regional Director,2025,FQ4,2025,3,March
2025-03-01,216,2,Home Appliances,91,39757.76,16751.04,0.4213,Aggressive,Commercial Planning,2025,FQ4,2025,3,March
2025-03-01,216,2,Office Supplies,101,4660.83,1903.42,0.4084,Aggressive,Commercial Planning,2025,FQ4,2025,3,March
2025-03-01,216,2,Sports,108,16871.22,6472.21,0.3836,Aggressive,Commercial Planning,2025,FQ4,2025,3,March
2025-03-01,217,2,Beauty,109,5344.05,1958.78,0.3665,Aggressive,Finance Ops,2025,FQ4,2025,3,March
2025-03-01,217,2,Electronics,107,117322.95,47963.03,0.4088,Aggressive,Regional Director,2025,FQ4,2025,3,March
2025-03-01,217,2,Fashion,160,15730.94,5802.73,0.3689,Aggressive,Commercial Planning,2025,FQ4,2025,3,March
2025-03-01,217,2,Furniture,89,54364.76,20256.64,0.3726,Aggressive,Commercial Planning,2025,FQ4,2025,3,March
2025-03-01,217,2,Grocery,90,2341.89,869.08,0.3711,Aggressive,Regional Director,2025,FQ4,2025,3,March
2025-03-01,217,2,Home Appliances,66,37954.11,14486.06,0.3817,Aggressive,Finance Ops,2025,FQ4,2025,3,March
2025-03-01,217,2,Office Supplies,62,2764.23,1102.98,0.399,Aggressive,Finance Ops,2025,FQ4,2025,3,March
2025-03-01,217,2,Sports,51,7389.52,3642.18,0.4929,Aggressive,Commercial Planning,2025,FQ4,2025,3,March
2025-03-01,218,3,Beauty,325,17177.83,4966.13,0.2891,Aggressive,Regional Director,2025,FQ4,2025,3,March
2025-03-01,218,3,Electronics,463,483407.01,190448.64,0.394,Aggressive,Regional Director,2025,FQ4,2025,3,March
2025-03-01,218,3,Fashion,215,21744.49,7518.18,0.3458,Aggressive,Finance Ops,2025,FQ4,2025,3,March
2025-03-01,218,3,Furniture,245,133373.73,52317.48,0.3923,Aggressive,Finance Ops,2025,FQ4,2025,3,March
2025-03-01,218,3,Grocery,452,10198.53,3781.95,0.3708,Aggressive,Finance Ops,2025,FQ4,2025,3,March
2025-03-01,218,3,Home Appliances,461,160027.4,59727.25,0.3732,Aggressive,Commercial Planning,2025,FQ4,2025,3,March
2025-03-01,218,3,Office Supplies,368,15925.5,6226.25,0.391,Aggressive,Commercial Planning,2025,FQ4,2025,3,March
2025-03-01,218,3,Sports,278,49855.5,21402.5,0.4293,Aggressive,Finance Ops,2025,FQ4,2025,3,March
2025-03-01,219,3,Beauty,175,9269.01,3013.66,0.3251,Aggressive,Finance Ops,2025,FQ4,2025,3,March
2025-03-01,219,3,Electronics,421,387190.53,130140.66,0.3361,Aggressive,Commercial Planning,2025,FQ4,2025,3,March
2025-03-01,219,3,Fashion,123,13659.97,4996.21,0.3658,Aggressive,Regional Director,2025,FQ4,2025,3,March
2025-03-01,219,3,Furniture,243,110736.06,35949.59,0.3246,Aggressive,Finance Ops,2025,FQ4,2025,3,March
2025-03-01,219,3,Grocery,378,11560.31,4250.21,0.3677,Aggressive,Finance Ops,2025,FQ4,2025,3,March
2025-03-01,219,3,Home Appliances,635,290663.46,98930.38,0.3404,Aggressive,Regional Director,2025,FQ4,2025,3,March
2025-03-01,219,3,Office Supplies,270,12596.68,5634.75,0.4473,Aggressive,Finance Ops,2025,FQ4,2025,3,March
2025-03-01,219,3,Sports,331,56082.01,22952.86,0.4093,Aggressive,Finance Ops,2025,FQ4,2025,3,March
2025-03-01,220,4,Beauty,79,4156.01,1463.38,0.3521,Aggressive,Finance Ops,2025,FQ4,2025,3,March
2025-03-01,220,4,Electronics,130,109612.49,48327.52,0.4409,Aggressive,Commercial Planning,2025,FQ4,2025,3,March
2025-03-01,220,4,Fashion,143,16092.14,6569.06,0.4082,Aggressive,Regional Director,2025,FQ4,2025,3,March
2025-03-01,220,4,Furniture,107,69742.47,24112.83,0.3457,Aggressive,Commercial Planning,2025,FQ4,2025,3,March
2025-03-01,220,4,Grocery,103,2538.17,914.81,0.3604,Aggressive,Finance Ops,2025,FQ4,2025,3,March
2025-03-01,220,4,Home Appliances,114,56592.2,21257.76,0.3756,Aggressive,Regional Director,2025,FQ4,2025,3,March
2025-03-01,220,4,Office Supplies,93,4169.59,1692.42,0.4059,Aggressive,Commercial Planning,2025,FQ4,2025,3,March
2025-03-01,220,4,Sports,122,24765.49,9341.45,0.3772,Aggressive,Commercial Planning,2025,FQ4,2025,3,March
2025-04-01,201,1,Beauty,21,1288.25,441.37,0.3426,Aggressive,Regional Director,2026,FQ1,2025,4,April
2025-04-01,201,1,Electronics,12,13419.25,4882.3,0.3638,Aggressive,Finance Ops,2026,FQ1,2025,4,April
2025-04-01,201,1,Fashion,16,1920.05,791.44,0.4122,Aggressive,Finance Ops,2026,FQ1,2025,4,April
2025-04-01,201,1,Furniture,30,17801.91,7181.12,0.4034,Aggressive,Regional Director,2026,FQ1,2025,4,April
2025-04-01,201,1,Grocery,14,432.88,151.69,0.3504,Aggressive,Finance Ops,2026,FQ1,2025,4,April
2025-04-01,201,1,Home Appliances,43,13671.58,6638.46,0.4856,Aggressive,Commercial Planning,2026,FQ1,2025,4,April
2025-04-01,201,1,Office Supplies,23,1150.55,539.35,0.4688,Aggressive,Finance Ops,2026,FQ1,2025,4,April
2025-04-01,201,1,Sports,23,5113.42,2252.71,0.4405,Aggressive,Commercial Planning,2026,FQ1,2025,4,April
2025-04-01,202,1,Beauty,16,1165.32,391.31,0.3358,Aggressive,Commercial Planning,2026,FQ1,2025,4,April
2025-04-01,202,1,Electronics,27,19389.76,6694.22,0.3452,Aggressive,Commercial Planning,2026,FQ1,2025,4,April
2025-04-01,202,1,Fashion,24,2629.94,1181.09,0.4491,Aggressive,Commercial Planning,2026,FQ1,2025,4,April
2025-04-01,202,1,Furniture,19,16751.67,5561.66,0.332,Aggressive,Regional Director,2026,FQ1,2025,4,April
2025-04-01,202,1,Grocery,26,699.92,266.64,0.381,Aggressive,Finance Ops,2026,FQ1,2025,4,April
2025-04-01,202,1,Home Appliances,25,8771.77,3387.95,0.3862,Aggressive,Finance Ops,2026,FQ1,2025,4,April
2025-04-01,202,1,Office Supplies,19,929.73,410.93,0.442,Aggressive,Finance Ops,2026,FQ1,2025,4,April
2025-04-01,202,1,Sports,41,7061.47,2868.89,0.4063,Aggressive,Commercial Planning,2026,FQ1,2025,4,April
2025-04-01,203,1,Beauty,20,1040.05,454.12,0.4366,Aggressive,Regional Director,2026,FQ1,2025,4,April
2025-04-01,203,1,Electronics,11,10877.57,3987.18,0.3666,Aggressive,Finance Ops,2026,FQ1,2025,4,April
2025-04-01,203,1,Fashion,5,404.49,155.19,0.3837,Aggressive,Commercial Planning,2026,FQ1,2025,4,April
2025-04-01,203,1,Furniture,7,3696.55,1614.21,0.4367,Aggressive,Finance Ops,2026,FQ1,2025,4,April
2025-04-01,203,1,Grocery,19,380.91,145.59,0.3822,Aggressive,Finance Ops,2026,FQ1,2025,4,April
2025-04-01,203,1,Home Appliances,23,7239.97,3707.6,0.5121,Aggressive,Finance Ops,2026,FQ1,2025,4,April
2025-04-01,203,1,Office Supplies,19,777.24,311.16,0.4003,Aggressive,Regional Director,2026,FQ1,2025,4,April
2025-04-01,203,1,Sports,14,2545.94,853.98,0.3354,Aggressive,Finance Ops,2026,FQ1,2025,4,April
2025-04-01,204,1,Beauty,10,427.6,141.09,0.33,Aggressive,Finance Ops,2026,FQ1,2025,4,April
2025-04-01,204,1,Electronics,44,31988.54,12938.18,0.4045,Aggressive,Commercial Planning,2026,FQ1,2025,4,April
2025-04-01,204,1,Fashion,40,4125.71,1575.7,0.3819,Aggressive,Commercial Planning,2026,FQ1,2025,4,April
2025-04-01,204,1,Furniture,33,31747.54,10023.32,0.3157,Aggressive,Finance Ops,2026,FQ1,2025,4,April
2025-04-01,204,1,Grocery,16,375.98,140.2,0.3729,Aggressive,Regional Director,2026,FQ1,2025,4,April
2025-04-01,204,1,Home Appliances,19,12413.88,5089.82,0.41,Aggressive,Commercial Planning,2026,FQ1,2025,4,April
2025-04-01,204,1,Office Supplies,3,102.39,38.69,0.3779,Aggressive,Commercial Planning,2026,FQ1,2025,4,April
2025-04-01,204,1,Sports,30,5351.26,1906.46,0.3563,Aggressive,Regional Director,2026,FQ1,2025,4,April
2025-04-01,205,1,Beauty,20,873.27,328.9,0.3766,Aggressive,Commercial Planning,2026,FQ1,2025,4,April
2025-04-01,205,1,Electronics,13,18833.61,6646.46,0.3529,Aggressive,Finance Ops,2026,FQ1,2025,4,April
2025-04-01,205,1,Fashion,10,1218.16,543.3,0.446,Aggressive,Finance Ops,2026,FQ1,2025,4,April
2025-04-01,205,1,Furniture,20,10248.66,3879.22,0.3785,Aggressive,Regional Director,2026,FQ1,2025,4,April
2025-04-01,205,1,Home Appliances,34,20922.12,7743.99,0.3701,Aggressive,Commercial Planning,2026,FQ1,2025,4,April
2025-04-01,205,1,Office Supplies,14,831.3,328.28,0.3949,Aggressive,Finance Ops,2026,FQ1,2025,4,April
2025-04-01,205,1,Sports,19,3059.3,1497.85,0.4896,Aggressive,Finance Ops,2026,FQ1,2025,4,April
2025-04-01,206,1,Beauty,32,1538.86,529.66,0.3442,Aggressive,Finance Ops,2026,FQ1,2025,4,April
2025-04-01,206,1,Electronics,31,30316.72,9372.2,0.3091,Aggressive,Finance Ops,2026,FQ1,2025,4,April
2025-04-01,206,1,Fashion,22,2728.54,998.33,0.3659,Aggressive,Finance Ops,2026,FQ1,2025,4,April
2025-04-01,206,1,Furniture,23,18530.23,6748.42,0.3642,Aggressive,Regional Director,2026,FQ1,2025,4,April
2025-04-01,206,1,Grocery,29,933.9,364.73,0.3905,Aggressive,Commercial Planning,2026,FQ1,2025,4,April
2025-04-01,206,1,Home Appliances,36,16603.21,6123.43,0.3688,Aggressive,Commercial Planning,2026,FQ1,2025,4,April
2025-04-01,206,1,Office Supplies,24,1318.58,527.91,0.4004,Aggressive,Commercial Planning,2026,FQ1,2025,4,April
2025-04-01,206,1,Sports,18,3581.77,1327.11,0.3705,Aggressive,Finance Ops,2026,FQ1,2025,4,April
2025-04-01,207,1,Beauty,29,1345.24,524.51,0.3899,Aggressive,Commercial Planning,2026,FQ1,2025,4,April
2025-04-01,207,1,Electronics,19,22222.1,8781.52,0.3952,Aggressive,Finance Ops,2026,FQ1,2025,4,April
2025-04-01,207,1,Fashion,29,3231.02,1256.41,0.3889,Aggressive,Commercial Planning,2026,FQ1,2025,4,April
2025-04-01,207,1,Furniture,17,12859.29,5241.8,0.4076,Aggressive,Finance Ops,2026,FQ1,2025,4,April
2025-04-01,207,1,Grocery,17,570.31,210.57,0.3692,Aggressive,Finance Ops,2026,FQ1,2025,4,April
2025-04-01,207,1,Home Appliances,27,14391.4,4810.61,0.3343,Aggressive,Finance Ops,2026,FQ1,2025,4,April
2025-04-01,207,1,Office Supplies,18,826.48,314.32,0.3803,Aggressive,Finance Ops,2026,FQ1,2025,4,April
2025-04-01,207,1,Sports,12,1646.28,692.66,0.4207,Aggressive,Regional Director,2026,FQ1,2025,4,April
2025-04-01,208,1,Beauty,18,1134.72,407.54,0.3592,Aggressive,Commercial Planning,2026,FQ1,2025,4,April
2025-04-01,208,1,Electronics,20,17587.72,7800.95,0.4435,Aggressive,Regional Director,2026,FQ1,2025,4,April
2025-04-01,208,1,Fashion,8,603.11,280.5,0.4651,Aggressive,Commercial Planning,2026,FQ1,2025,4,April
2025-04-01,208,1,Furniture,15,5405.46,1878.26,0.3475,Aggressive,Regional Director,2026,FQ1,2025,4,April
2025-04-01,208,1,Grocery,19,529.47,199.29,0.3764,Aggressive,Commercial Planning,2026,FQ1,2025,4,April
2025-04-01,208,1,Home Appliances,37,12321.16,5277.95,0.4284,Aggressive,Commercial Planning,2026,FQ1,2025,4,April
2025-04-01,208,1,Office Supplies,17,850.69,368.33,0.433,Aggressive,Regional Director,2026,FQ1,2025,4,April
2025-04-01,208,1,Sports,23,3697.37,1714.4,0.4637,Aggressive,Finance Ops,2026,FQ1,2025,4,April
2025-04-01,209,1,Beauty,11,778.92,310.28,0.3983,Aggressive,Commercial Planning,2026,FQ1,2025,4,April
2025-04-01,209,1,Electronics,8,3328.19,1226.29,0.3685,Aggressive,Commercial Planning,2026,FQ1,2025,4,April
2025-04-01,209,1,Fashion,41,2805.8,1026.5,0.3658,Aggressive,Finance Ops,2026,FQ1,2025,4,April
2025-04-01,209,1,Furniture,25,20055.75,7867.93,0.3923,Aggressive,Finance Ops,2026,FQ1,2025,4,April
2025-04-01,209,1,Grocery,13,267.25,114.46,0.4283,Aggressive,Finance Ops,2026,FQ1,2025,4,April
2025-04-01,209,1,Home Appliances,5,3243.71,1072.22,0.3306,Aggressive,Commercial Planning,2026,FQ1,2025,4,April
2025-04-01,209,1,Office Supplies,22,749.0,303.7,0.4055,Aggressive,Regional Director,2026,FQ1,2025,4,April
2025-04-01,209,1,Sports,15,3471.86,1311.12,0.3776,Aggressive,Finance Ops,2026,FQ1,2025,4,April
2025-04-01,210,1,Beauty,13,819.63,390.75,0.4767,Aggressive,Commercial Planning,2026,FQ1,2025,4,April
2025-04-01,210,1,Electronics,32,21042.98,7905.98,0.3757,Aggressive,Finance Ops,2026,FQ1,2025,4,April
2025-04-01,210,1,Fashion,39,3671.12,1421.41,0.3872,Aggressive,Finance Ops,2026,FQ1,2025,4,April
2025-04-01,210,1,Furniture,9,2276.77,845.07,0.3712,Aggressive,Finance Ops,2026,FQ1,2025,4,April
2025-04-01,210,1,Grocery,8,99.69,37.27,0.3739,Aggressive,Finance Ops,2026,FQ1,2025,4,April
2025-04-01,210,1,Home Appliances,6,3947.26,1289.52,0.3267,Aggressive,Commercial Planning,2026,FQ1,2025,4,April
2025-04-01,210,1,Office Supplies,5,275.96,92.54,0.3353,Aggressive,Commercial Planning,2026,FQ1,2025,4,April
2025-04-01,210,1,Sports,8,1891.98,691.24,0.3654,Aggressive,Finance Ops,2026,FQ1,2025,4,April
2025-04-01,211,1,Beauty,14,595.67,256.45,0.4305,Aggressive,Regional Director,2026,FQ1,2025,4,April
2025-04-01,211,1,Electronics,14,6976.37,3332.31,0.4777,Aggressive,Regional Director,2026,FQ1,2025,4,April
2025-04-01,211,1,Fashion,25,2846.03,1205.08,0.4234,Aggressive,Commercial Planning,2026,FQ1,2025,4,April
2025-04-01,211,1,Furniture,13,5911.55,2702.11,0.4571,Aggressive,Commercial Planning,2026,FQ1,2025,4,April
2025-04-01,211,1,Grocery,23,446.9,179.77,0.4023,Aggressive,Commercial Planning,2026,FQ1,2025,4,April
2025-04-01,211,1,Home Appliances,39,16647.45,6448.71,0.3874,Aggressive,Finance Ops,2026,FQ1,2025,4,April
2025-04-01,211,1,Office Supplies,10,559.28,248.11,0.4436,Aggressive,Finance Ops,2026,FQ1,2025,4,April
2025-04-01,211,1,Sports,12,2566.16,737.85,0.2875,Aggressive,Commercial Planning,2026,FQ1,2025,4,April
2025-04-01,212,1,Beauty,22,1584.0,428.63,0.2706,Aggressive,Regional Director,2026,FQ1,2025,4,April
2025-04-01,212,1,Electronics,26,32047.04,16436.67,0.5129,Aggressive,Regional Director,2026,FQ1,2025,4,April
2025-04-01,212,1,Fashion,17,1860.55,647.4,0.348,Aggressive,Finance Ops,2026,FQ1,2025,4,April
2025-04-01,212,1,Furniture,23,14261.6,5223.33,0.3663,Aggressive,Finance Ops,2026,FQ1,2025,4,April
2025-04-01,212,1,Grocery,7,206.37,73.38,0.3556,Aggressive,Commercial Planning,2026,FQ1,2025,4,April
2025-04-01,212,1,Home Appliances,29,16410.5,5744.96,0.3501,Aggressive,Commercial Planning,2026,FQ1,2025,4,April
2025-04-01,212,1,Office Supplies,28,1277.95,472.52,0.3697,Aggressive,Commercial Planning,2026,FQ1,2025,4,April
2025-04-01,212,1,Sports,22,5373.15,2116.26,0.3939,Aggressive,Finance Ops,2026,FQ1,2025,4,April
2025-04-01,213,1,Beauty,9,620.26,224.39,0.3618,Aggressive,Finance Ops,2026,FQ1,2025,4,April
2025-04-01,213,1,Electronics,21,14248.41,6598.07,0.4631,Aggressive,Finance Ops,2026,FQ1,2025,4,April
2025-04-01,213,1,Fashion,15,1048.55,472.53,0.4507,Aggressive,Commercial Planning,2026,FQ1,2025,4,April
2025-04-01,213,1,Furniture,26,15724.22,5972.22,0.3798,Aggressive,Commercial Planning,2026,FQ1,2025,4,April
2025-04-01,213,1,Grocery,21,524.12,223.19,0.4258,Aggressive,Commercial Planning,2026,FQ1,2025,4,April
2025-04-01,213,1,Home Appliances,32,12598.5,5056.52,0.4014,Aggressive,Finance Ops,2026,FQ1,2025,4,April
2025-04-01,213,1,Office Supplies,3,161.59,74.65,0.462,Aggressive,Commercial Planning,2026,FQ1,2025,4,April
2025-04-01,213,1,Sports,10,1741.59,541.87,0.3111,Aggressive,Regional Director,2026,FQ1,2025,4,April
2025-04-01,214,1,Beauty,25,1352.32,508.78,0.3762,Aggressive,Commercial Planning,2026,FQ1,2025,4,April
2025-04-01,214,1,Electronics,23,30134.76,12098.09,0.4015,Aggressive,Commercial Planning,2026,FQ1,2025,4,April
2025-04-01,214,1,Fashion,7,948.51,445.73,0.4699,Aggressive,Finance Ops,2026,FQ1,2025,4,April
2025-04-01,214,1,Furniture,13,7710.73,2897.11,0.3757,Aggressive,Commercial Planning,2026,FQ1,2025,4,April
2025-04-01,214,1,Grocery,9,154.54,43.63,0.2823,Aggressive,Commercial Planning,2026,FQ1,2025,4,April
2025-04-01,214,1,Home Appliances,7,2169.95,730.73,0.3367,Aggressive,Regional Director,2026,FQ1,2025,4,April
2025-04-01,214,1,Office Supplies,21,1044.24,402.48,0.3854,Aggressive,Finance Ops,2026,FQ1,2025,4,April
2025-04-01,214,1,Sports,18,2599.03,945.44,0.3638,Aggressive,Commercial Planning,2026,FQ1,2025,4,April
2025-04-01,215,2,Beauty,118,5789.28,2212.7,0.3822,Aggressive,Finance Ops,2026,FQ1,2025,4,April
2025-04-01,215,2,Electronics,167,183694.11,71122.04,0.3872,Aggressive,Finance Ops,2026,FQ1,2025,4,April
2025-04-01,215,2,Fashion,114,12161.86,4545.2,0.3737,Aggressive,Finance Ops,2026,FQ1,2025,4,April
2025-04-01,215,2,Furniture,71,38780.94,13071.01,0.337,Aggressive,Finance Ops,2026,FQ1,2025,4,April
2025-04-01,215,2,Grocery,33,877.62,320.08,0.3647,Aggressive,Commercial Planning,2026,FQ1,2025,4,April
2025-04-01,215,2,Home Appliances,101,43916.14,18050.94,0.411,Aggressive,Regional Director,2026,FQ1,2025,4,April
2025-04-01,215,2,Office Supplies,88,4957.12,1889.23,0.3811,Aggressive,Finance Ops,2026,FQ1,2025,4,April
2025-04-01,215,2,Sports,91,15882.07,6093.57,0.3837,Aggressive,Regional Director,2026,FQ1,2025,4,April
2025-04-01,216,2,Beauty,138,5811.81,1904.58,0.3277,Aggressive,Regional Director,2026,FQ1,2025,4,April
2025-04-01,216,2,Electronics,160,167039.79,57936.69,0.3468,Aggressive,Finance Ops,2026,FQ1,2025,4,April
2025-04-01,216,2,Fashion,92,8804.24,3570.73,0.4056,Aggressive,Finance Ops,2026,FQ1,2025,4,April
2025-04-01,216,2,Furniture,59,39961.77,15968.81,0.3996,Aggressive,Regional Director,2026,FQ1,2025,4,April
2025-04-01,216,2,Grocery,64,1434.75,547.78,0.3818,Aggressive,Finance Ops,2026,FQ1,2025,4,April
2025-04-01,216,2,Home Appliances,137,58048.28,22979.44,0.3959,Aggressive,Commercial Planning,2026,FQ1,2025,4,April
2025-04-01,216,2,Office Supplies,39,1933.98,794.21,0.4107,Aggressive,Regional Director,2026,FQ1,2025,4,April
2025-04-01,216,2,Sports,66,9897.26,4349.47,0.4395,Aggressive,Commercial Planning,2026,FQ1,2025,4,April
2025-04-01,217,2,Beauty,78,4320.3,1407.07,0.3257,Aggressive,Finance Ops,2026,FQ1,2025,4,April
2025-04-01,217,2,Electronics,109,96391.63,36425.13,0.3779,Aggressive,Commercial Planning,2026,FQ1,2025,4,April
2025-04-01,217,2,Fashion,106,8376.7,3860.9,0.4609,Aggressive,Commercial Planning,2026,FQ1,2025,4,April
2025-04-01,217,2,Furniture,95,69542.13,25635.24,0.3686,Aggressive,Commercial Planning,2026,FQ1,2025,4,April
2025-04-01,217,2,Grocery,63,1263.99,482.44,0.3817,Aggressive,Regional Director,2026,FQ1,2025,4,April
2025-04-01,217,2,Home Appliances,90,49807.89,19485.36,0.3912,Aggressive,Finance Ops,2026,FQ1,2025,4,April
2025-04-01,217,2,Office Supplies,64,3146.77,1292.89,0.4109,Aggressive,Finance Ops,2026,FQ1,2025,4,April
2025-04-01,217,2,Sports,76,11673.61,4500.83,0.3856,Aggressive,Commercial Planning,2026,FQ1,2025,4,April
2025-04-01,218,3,Beauty,241,11672.71,4170.04,0.3572,Aggressive,Commercial Planning,2026,FQ1,2025,4,April
2025-04-01,218,3,Electronics,492,521889.15,197637.58,0.3787,Aggressive,Finance Ops,2026,FQ1,2025,4,April
2025-04-01,218,3,Fashion,223,20276.82,6425.99,0.3169,Aggressive,Finance Ops,2026,FQ1,2025,4,April
2025-04-01,218,3,Furniture,197,100225.3,38360.39,0.3827,Aggressive,Finance Ops,2026,FQ1,2025,4,April
2025-04-01,218,3,Grocery,307,8596.62,3134.14,0.3646,Aggressive,Finance Ops,2026,FQ1,2025,4,April
2025-04-01,218,3,Home Appliances,506,175101.53,75719.15,0.4324,Aggressive,Finance Ops,2026,FQ1,2025,4,April
2025-04-01,218,3,Office Supplies,280,12748.99,4910.04,0.3851,Aggressive,Commercial Planning,2026,FQ1,2025,4,April
2025-04-01,218,3,Sports,345,60083.41,24523.91,0.4082,Aggressive,Commercial Planning,2026,FQ1,2025,4,April
2025-04-01,219,3,Beauty,202,12774.87,3881.77,0.3039,Aggressive,Finance Ops,2026,FQ1,2025,4,April
2025-04-01,219,3,Electronics,568,515522.76,183519.35,0.356,Aggressive,Finance Ops,2026,FQ1,2025,4,April
2025-04-01,219,3,Fashion,281,28031.32,12538.1,0.4473,Aggressive,Regional Director,2026,FQ1,2025,4,April
2025-04-01,219,3,Furniture,299,208680.5,62531.74,0.2997,Aggressive,Finance Ops,2026,FQ1,2025,4,April
2025-04-01,219,3,Grocery,354,8995.06,3156.83,0.351,Aggressive,Regional Director,2026,FQ1,2025,4,April
2025-04-01,219,3,Home Appliances,763,371351.9,138335.75,0.3725,Aggressive,Finance Ops,2026,FQ1,2025,4,April
2025-04-01,219,3,Office Supplies,393,17255.97,6530.09,0.3784,Aggressive,Regional Director,2026,FQ1,2025,4,April
2025-04-01,219,3,Sports,224,39614.29,16463.82,0.4156,Aggressive,Finance Ops,2026,FQ1,2025,4,April
2025-04-01,220,4,Beauty,85,4772.4,1663.61,0.3486,Aggressive,Finance Ops,2026,FQ1,2025,4,April
2025-04-01,220,4,Electronics,75,84497.37,34785.33,0.4117,Aggressive,Finance Ops,2026,FQ1,2025,4,April
2025-04-01,220,4,Fashion,86,8850.6,3869.76,0.4372,Aggressive,Regional Director,2026,FQ1,2025,4,April
2025-04-01,220,4,Furniture,62,43325.37,16247.18,0.375,Aggressive,Commercial Planning,2026,FQ1,2025,4,April
2025-04-01,220,4,Grocery,112,2753.66,1129.6,0.4102,Aggressive,Commercial Planning,2026,FQ1,2025,4,April
2025-04-01,220,4,Home Appliances,115,46790.87,18234.64,0.3897,Aggressive,Finance Ops,2026,FQ1,2025,4,April
2025-04-01,220,4,Office Supplies,86,3266.42,1366.52,0.4184,Aggressive,Finance Ops,2026,FQ1,2025,4,April
2025-04-01,220,4,Sports,61,9342.98,3163.53,0.3386,Aggressive,Commercial Planning,2026,FQ1,2025,4,April
2025-05-01,201,1,Beauty,16,759.97,276.54,0.3639,Aggressive,Commercial Planning,2026,FQ1,2025,5,May
2025-05-01,201,1,Electronics,18,16962.03,8550.18,0.5041,Aggressive,Finance Ops,2026,FQ1,2025,5,May
2025-05-01,201,1,Fashion,29,2405.81,788.83,0.3279,Aggressive,Commercial Planning,2026,FQ1,2025,5,May
2025-05-01,201,1,Furniture,22,10797.12,4107.09,0.3804,Aggressive,Regional Director,2026,FQ1,2025,5,May
2025-05-01,201,1,Grocery,1,5.96,2.85,0.4782,Aggressive,Regional Director,2026,FQ1,2025,5,May
2025-05-01,201,1,Home Appliances,18,11118.64,4075.07,0.3665,Aggressive,Regional Director,2026,FQ1,2025,5,May
2025-05-01,201,1,Office Supplies,5,284.84,115.39,0.4051,Aggressive,Finance Ops,2026,FQ1,2025,5,May
2025-05-01,201,1,Sports,17,3487.14,1632.14,0.468,Aggressive,Finance Ops,2026,FQ1,2025,5,May
2025-05-01,202,1,Beauty,24,1393.25,580.82,0.4169,Aggressive,Regional Director,2026,FQ1,2025,5,May
2025-05-01,202,1,Electronics,35,39843.23,14643.26,0.3675,Aggressive,Commercial Planning,2026,FQ1,2025,5,May
2025-05-01,202,1,Fashion,34,3759.87,1343.22,0.3573,Aggressive,Finance Ops,2026,FQ1,2025,5,May
2025-05-01,202,1,Furniture,12,6899.8,2431.07,0.3523,Aggressive,Commercial Planning,2026,FQ1,2025,5,May
2025-05-01,202,1,Grocery,31,824.72,368.49,0.4468,Aggressive,Finance Ops,2026,FQ1,2025,5,May
2025-05-01,202,1,Home Appliances,31,17115.6,6830.37,0.3991,Aggressive,Regional Director,2026,FQ1,2025,5,May
2025-05-01,202,1,Office Supplies,33,1298.7,505.37,0.3891,Aggressive,Regional Director,2026,FQ1,2025,5,May
2025-05-01,202,1,Sports,8,1476.71,539.8,0.3655,Aggressive,Commercial Planning,2026,FQ1,2025,5,May
2025-05-01,203,1,Beauty,17,1204.59,301.15,0.25,Aggressive,Commercial Planning,2026,FQ1,2025,5,May
2025-05-01,203,1,Electronics,12,7882.07,3069.72,0.3895,Aggressive,Finance Ops,2026,FQ1,2025,5,May
2025-05-01,203,1,Fashion,15,745.89,290.2,0.3891,Aggressive,Commercial Planning,2026,FQ1,2025,5,May
2025-05-01,203,1,Furniture,28,14949.89,6338.77,0.424,Aggressive,Commercial Planning,2026,FQ1,2025,5,May
2025-05-01,203,1,Grocery,29,738.57,308.11,0.4172,Aggressive,Finance Ops,2026,FQ1,2025,5,May
2025-05-01,203,1,Home Appliances,18,9821.02,4204.72,0.4281,Aggressive,Finance Ops,2026,FQ1,2025,5,May
2025-05-01,203,1,Office Supplies,23,1311.17,609.88,0.4651,Aggressive,Commercial Planning,2026,FQ1,2025,5,May
2025-05-01,203,1,Sports,10,2379.25,954.31,0.4011,Aggressive,Finance Ops,2026,FQ1,2025,5,May
2025-05-01,204,1,Beauty,32,1826.7,654.16,0.3581,Aggressive,Finance Ops,2026,FQ1,2025,5,May
2025-05-01,204,1,Electronics,14,17478.23,6758.92,0.3867,Aggressive,Finance Ops,2026,FQ1,2025,5,May
2025-05-01,204,1,Fashion,8,646.62,336.93,0.5211,Aggressive,Finance Ops,2026,FQ1,2025,5,May
2025-05-01,204,1,Furniture,29,15005.79,5090.26,0.3392,Aggressive,Finance Ops,2026,FQ1,2025,5,May
2025-05-01,204,1,Grocery,12,195.54,89.57,0.4581,Aggressive,Commercial Planning,2026,FQ1,2025,5,May
2025-05-01,204,1,Home Appliances,20,5755.59,2623.97,0.4559,Aggressive,Regional Director,2026,FQ1,2025,5,May
2025-05-01,204,1,Office Supplies,18,659.66,293.37,0.4447,Aggressive,Commercial Planning,2026,FQ1,2025,5,May
2025-05-01,204,1,Sports,13,2078.07,882.6,0.4247,Aggressive,Finance Ops,2026,FQ1,2025,5,May
2025-05-01,205,1,Beauty,9,644.42,200.12,0.3105,Aggressive,Commercial Planning,2026,FQ1,2025,5,May
2025-05-01,205,1,Electronics,22,11755.11,4684.47,0.3985,Aggressive,Regional Director,2026,FQ1,2025,5,May
2025-05-01,205,1,Fashion,16,2076.43,894.39,0.4307,Aggressive,Finance Ops,2026,FQ1,2025,5,May
2025-05-01,205,1,Furniture,30,18424.01,7183.88,0.3899,Aggressive,Regional Director,2026,FQ1,2025,5,May
2025-05-01,205,1,Grocery,28,606.25,249.02,0.4108,Aggressive,Commercial Planning,2026,FQ1,2025,5,May
2025-05-01,205,1,Home Appliances,28,11925.33,5808.36,0.4871,Aggressive,Finance Ops,2026,FQ1,2025,5,May
2025-05-01,205,1,Office Supplies,24,1395.43,598.72,0.4291,Aggressive,Regional Director,2026,FQ1,2025,5,May
2025-05-01,205,1,Sports,25,4212.39,2005.57,0.4761,Aggressive,Finance Ops,2026,FQ1,2025,5,May
2025-05-01,206,1,Beauty,20,705.93,265.86,0.3766,Aggressive,Finance Ops,2026,FQ1,2025,5,May
2025-05-01,206,1,Electronics,16,14712.2,4719.47,0.3208,Aggressive,Commercial Planning,2026,FQ1,2025,5,May
2025-05-01,206,1,Fashion,16,1508.69,719.72,0.477,Aggressive,Finance Ops,2026,FQ1,2025,5,May
2025-05-01,206,1,Furniture,15,8320.38,3836.27,0.4611,Aggressive,Commercial Planning,2026,FQ1,2025,5,May
2025-05-01,206,1,Grocery,1,5.61,2.49,0.4439,Aggressive,Regional Director,2026,FQ1,2025,5,May
2025-05-01,206,1,Home Appliances,5,3316.12,1316.26,0.3969,Aggressive,Finance Ops,2026,FQ1,2025,5,May
2025-05-01,206,1,Office Supplies,25,1011.79,430.02,0.425,Aggressive,Regional Director,2026,FQ1,2025,5,May
2025-05-01,206,1,Sports,11,2102.61,781.36,0.3716,Aggressive,Regional Director,2026,FQ1,2025,5,May
2025-05-01,207,1,Beauty,28,1511.32,530.08,0.3507,Aggressive,Finance Ops,2026,FQ1,2025,5,May
2025-05-01,207,1,Electronics,57,59597.11,22831.92,0.3831,Aggressive,Commercial Planning,2026,FQ1,2025,5,May
2025-05-01,207,1,Fashion,11,820.69,387.38,0.472,Aggressive,Finance Ops,2026,FQ1,2025,5,May
2025-05-01,207,1,Furniture,19,6587.09,2154.99,0.3272,Aggressive,Finance Ops,2026,FQ1,2025,5,May
2025-05-01,207,1,Grocery,17,487.45,189.28,0.3883,Aggressive,Finance Ops,2026,FQ1,2025,5,May
2025-05-01,207,1,Home Appliances,34,11347.2,4649.92,0.4098,Aggressive,Commercial Planning,2026,FQ1,2025,5,May
2025-05-01,207,1,Office Supplies,19,1260.11,592.43,0.4701,Aggressive,Finance Ops,2026,FQ1,2025,5,May
2025-05-01,207,1,Sports,15,3724.38,1602.26,0.4302,Aggressive,Finance Ops,2026,FQ1,2025,5,May
2025-05-01,208,1,Beauty,35,1906.35,567.15,0.2975,Aggressive,Finance Ops,2026,FQ1,2025,5,May
2025-05-01,208,1,Electronics,27,24815.74,11248.54,0.4533,Aggressive,Commercial Planning,2026,FQ1,2025,5,May
2025-05-01,208,1,Fashion,15,1136.22,424.87,0.3739,Aggressive,Regional Director,2026,FQ1,2025,5,May
2025-05-01,208,1,Furniture,14,15613.86,5684.26,0.3641,Aggressive,Regional Director,2026,FQ1,2025,5,May
2025-05-01,208,1,Grocery,16,517.23,213.11,0.412,Aggressive,Finance Ops,2026,FQ1,2025,5,May
2025-05-01,208,1,Home Appliances,40,20357.25,7618.67,0.3742,Aggressive,Commercial Planning,2026,FQ1,2025,5,May
2025-05-01,208,1,Office Supplies,15,630.83,290.43,0.4604,Aggressive,Finance Ops,2026,FQ1,2025,5,May
2025-05-01,208,1,Sports,5,770.78,357.93,0.4644,Aggressive,Finance Ops,2026,FQ1,2025,5,May
2025-05-01,209,1,Beauty,15,855.54,246.22,0.2878,Aggressive,Regional Director,2026,FQ1,2025,5,May
2025-05-01,209,1,Electronics,30,33252.06,14964.23,0.45,Aggressive,Finance Ops,2026,FQ1,2025,5,May
2025-05-01,209,1,Fashion,17,2131.03,811.68,0.3809,Aggressive,Finance Ops,2026,FQ1,2025,5,May
2025-05-01,209,1,Furniture,7,5724.71,2441.25,0.4264,Aggressive,Commercial Planning,2026,FQ1,2025,5,May
2025-05-01,209,1,Grocery,5,152.56,65.61,0.4301,Aggressive,Commercial Planning,2026,FQ1,2025,5,May
2025-05-01,209,1,Home Appliances,11,4560.09,2081.69,0.4565,Aggressive,Finance Ops,2026,FQ1,2025,5,May
2025-05-01,209,1,Office Supplies,14,926.48,363.57,0.3924,Aggressive,Commercial Planning,2026,FQ1,2025,5,May
2025-05-01,209,1,Sports,8,996.7,455.03,0.4565,Aggressive,Regional Director,2026,FQ1,2025,5,May
2025-05-01,210,1,Beauty,24,1081.09,424.13,0.3923,Aggressive,Commercial Planning,2026,FQ1,2025,5,May
2025-05-01,210,1,Electronics,34,40595.34,17562.86,0.4326,Aggressive,Finance Ops,2026,FQ1,2025,5,May
2025-05-01,210,1,Fashion,13,639.76,239.48,0.3743,Aggressive,Finance Ops,2026,FQ1,2025,5,May
2025-05-01,210,1,Furniture,14,8627.39,3489.42,0.4045,Aggressive,Finance Ops,2026,FQ1,2025,5,May
2025-05-01,210,1,Grocery,18,428.03,175.48,0.41,Aggressive,Finance Ops,2026,FQ1,2025,5,May
2025-05-01,210,1,Home Appliances,42,23983.03,10977.2,0.4577,Aggressive,Regional Director,2026,FQ1,2025,5,May
2025-05-01,210,1,Office Supplies,49,2626.82,1060.25,0.4036,Aggressive,Regional Director,2026,FQ1,2025,5,May
2025-05-01,210,1,Sports,37,5301.7,2238.19,0.4222,Aggressive,Finance Ops,2026,FQ1,2025,5,May
2025-05-01,211,1,Beauty,17,1149.96,333.09,0.2897,Aggressive,Commercial Planning,2026,FQ1,2025,5,May
2025-05-01,211,1,Electronics,30,34461.25,13396.6,0.3887,Aggressive,Finance Ops,2026,FQ1,2025,5,May
2025-05-01,211,1,Fashion,31,2574.17,1019.06,0.3959,Aggressive,Commercial Planning,2026,FQ1,2025,5,May
2025-05-01,211,1,Furniture,25,12530.93,5345.13,0.4266,Aggressive,Finance Ops,2026,FQ1,2025,5,May
2025-05-01,211,1,Grocery,23,484.51,188.88,0.3898,Aggressive,Regional Director,2026,FQ1,2025,5,May
2025-05-01,211,1,Home Appliances,16,5652.95,2723.67,0.4818,Aggressive,Commercial Planning,2026,FQ1,2025,5,May
2025-05-01,211,1,Office Supplies,13,687.11,266.24,0.3875,Aggressive,Commercial Planning,2026,FQ1,2025,5,May
2025-05-01,211,1,Sports,29,5080.72,2208.95,0.4348,Aggressive,Regional Director,2026,FQ1,2025,5,May
2025-05-01,212,1,Beauty,8,551.39,160.71,0.2915,Aggressive,Finance Ops,2026,FQ1,2025,5,May
2025-05-01,212,1,Electronics,20,24092.09,10582.38,0.4392,Aggressive,Commercial Planning,2026,FQ1,2025,5,May
2025-05-01,212,1,Fashion,13,1246.38,445.08,0.3571,Aggressive,Commercial Planning,2026,FQ1,2025,5,May
2025-05-01,212,1,Furniture,29,22003.31,7711.08,0.3505,Aggressive,Finance Ops,2026,FQ1,2025,5,May
2025-05-01,212,1,Grocery,29,559.02,190.12,0.3401,Aggressive,Regional Director,2026,FQ1,2025,5,May
2025-05-01,212,1,Home Appliances,37,7559.39,2820.33,0.3731,Aggressive,Commercial Planning,2026,FQ1,2025,5,May
2025-05-01,212,1,Office Supplies,20,800.98,331.18,0.4135,Aggressive,Finance Ops,2026,FQ1,2025,5,May
2025-05-01,212,1,Sports,20,4300.91,1865.31,0.4337,Aggressive,Finance Ops,2026,FQ1,2025,5,May
2025-05-01,213,1,Beauty,8,300.5,115.53,0.3845,Aggressive,Finance Ops,2026,FQ1,2025,5,May
2025-05-01,213,1,Electronics,28,26002.83,10629.29,0.4088,Aggressive,Regional Director,2026,FQ1,2025,5,May
2025-05-01,213,1,Fashion,6,949.69,432.75,0.4557,Aggressive,Regional Director,2026,FQ1,2025,5,May
2025-05-01,213,1,Furniture,16,7792.87,2764.27,0.3547,Aggressive,Commercial Planning,2026,FQ1,2025,5,May
2025-05-01,213,1,Grocery,18,614.61,258.56,0.4207,Aggressive,Regional Director,2026,FQ1,2025,5,May
2025-05-01,213,1,Home Appliances,33,22487.27,9646.59,0.429,Aggressive,Commercial Planning,2026,FQ1,2025,5,May
2025-05-01,213,1,Office Supplies,15,846.43,404.53,0.4779,Aggressive,Commercial Planning,2026,FQ1,2025,5,May
2025-05-01,213,1,Sports,34,8009.35,3125.7,0.3903,Aggressive,Finance Ops,2026,FQ1,2025,5,May
2025-05-01,214,1,Beauty,24,1168.65,424.28,0.3631,Aggressive,Regional Director,2026,FQ1,2025,5,May
2025-05-01,214,1,Electronics,10,5388.84,2178.82,0.4043,Aggressive,Commercial Planning,2026,FQ1,2025,5,May
2025-05-01,214,1,Fashion,11,663.14,286.59,0.4322,Aggressive,Commercial Planning,2026,FQ1,2025,5,May
2025-05-01,214,1,Furniture,20,13156.79,5842.39,0.4441,Aggressive,Regional Director,2026,FQ1,2025,5,May
2025-05-01,214,1,Grocery,26,379.49,145.16,0.3825,Aggressive,Commercial Planning,2026,FQ1,2025,5,May
2025-05-01,214,1,Home Appliances,30,15470.37,5731.18,0.3705,Aggressive,Finance Ops,2026,FQ1,2025,5,May
2025-05-01,214,1,Office Supplies,28,1582.99,668.3,0.4222,Aggressive,Finance Ops,2026,FQ1,2025,5,May
2025-05-01,215,2,Beauty,164,8043.21,2815.91,0.3501,Aggressive,Finance Ops,2026,FQ1,2025,5,May
2025-05-01,215,2,Electronics,126,130553.5,53005.87,0.406,Aggressive,Regional Director,2026,FQ1,2025,5,May
2025-05-01,215,2,Fashion,101,10606.46,4214.78,0.3974,Aggressive,Commercial Planning,2026,FQ1,2025,5,May
2025-05-01,215,2,Furniture,86,52765.23,20031.83,0.3796,Aggressive,Commercial Planning,2026,FQ1,2025,5,May
2025-05-01,215,2,Grocery,56,1448.03,598.48,0.4133,Aggressive,Regional Director,2026,FQ1,2025,5,May
2025-05-01,215,2,Home Appliances,91,38857.52,16145.18,0.4155,Aggressive,Commercial Planning,2026,FQ1,2025,5,May
2025-05-01,215,2,Office Supplies,114,4895.64,2132.56,0.4356,Aggressive,Regional Director,2026,FQ1,2025,5,May
2025-05-01,215,2,Sports,78,14565.29,6233.29,0.428,Aggressive,Finance Ops,2026,FQ1,2025,5,May
2025-05-01,216,2,Beauty,110,5665.78,1919.38,0.3388,Aggressive,Commercial Planning,2026,FQ1,2025,5,May
2025-05-01,216,2,Electronics,88,93031.79,33388.92,0.3589,Aggressive,Finance Ops,2026,FQ1,2025,5,May
2025-05-01,216,2,Fashion,94,9010.94,3513.97,0.39,Aggressive,Commercial Planning,2026,FQ1,2025,5,May
2025-05-01,216,2,Furniture,92,51786.05,21005.35,0.4056,Aggressive,Finance Ops,2026,FQ1,2025,5,May
2025-05-01,216,2,Grocery,94,2582.71,1106.91,0.4286,Aggressive,Regional Director,2026,FQ1,2025,5,May
2025-05-01,216,2,Home Appliances,87,41646.32,15814.21,0.3797,Aggressive,Commercial Planning,2026,FQ1,2025,5,May
2025-05-01,216,2,Office Supplies,70,3258.11,1391.62,0.4271,Aggressive,Commercial Planning,2026,FQ1,2025,5,May
2025-05-01,216,2,Sports,55,11342.83,4845.7,0.4272,Aggressive,Commercial Planning,2026,FQ1,2025,5,May
2025-05-01,217,2,Beauty,103,5098.87,1887.77,0.3702,Aggressive,Finance Ops,2026,FQ1,2025,5,May
2025-05-01,217,2,Electronics,140,135410.06,56756.5,0.4191,Aggressive,Commercial Planning,2026,FQ1,2025,5,May
2025-05-01,217,2,Fashion,91,9724.6,4325.77,0.4448,Aggressive,Finance Ops,2026,FQ1,2025,5,May
2025-05-01,217,2,Furniture,94,64957.83,24187.01,0.3723,Aggressive,Finance Ops,2026,FQ1,2025,5,May
2025-05-01,217,2,Grocery,74,1748.27,686.33,0.3926,Aggressive,Commercial Planning,2026,FQ1,2025,5,May
2025-05-01,217,2,Home Appliances,101,50360.77,20469.29,0.4065,Aggressive,Finance Ops,2026,FQ1,2025,5,May
2025-05-01,217,2,Office Supplies,63,3688.13,1359.29,0.3686,Aggressive,Finance Ops,2026,FQ1,2025,5,May
2025-05-01,217,2,Sports,112,20491.83,8005.39,0.3907,Aggressive,Commercial Planning,2026,FQ1,2025,5,May
2025-05-01,218,3,Beauty,322,18582.51,5772.17,0.3106,Aggressive,Commercial Planning,2026,FQ1,2025,5,May
2025-05-01,218,3,Electronics,261,272654.89,113356.91,0.4158,Aggressive,Finance Ops,2026,FQ1,2025,5,May
2025-05-01,218,3,Fashion,129,12560.97,3590.84,0.2859,Aggressive,Finance Ops,2026,FQ1,2025,5,May
2025-05-01,218,3,Furniture,187,123692.87,50362.65,0.4072,Aggressive,Finance Ops,2026,FQ1,2025,5,May
2025-05-01,218,3,Grocery,368,8697.87,2925.99,0.3364,Aggressive,Finance Ops,2026,FQ1,2025,5,May
2025-05-01,218,3,Home Appliances,517,281505.79,110325.75,0.3919,Aggressive,Commercial Planning,2026,FQ1,2025,5,May
2025-05-01,218,3,Office Supplies,567,24613.58,9234.02,0.3752,Aggressive,Regional Director,2026,FQ1,2025,5,May
2025-05-01,218,3,Sports,251,38578.99,18055.72,0.468,Aggressive,Commercial Planning,2026,FQ1,2025,5,May
2025-05-01,219,3,Beauty,64,3633.05,1156.53,0.3183,Aggressive,Commercial Planning,2026,FQ1,2025,5,May
2025-05-01,219,3,Electronics,313,355530.32,126215.45,0.355,Aggressive,Regional Director,2026,FQ1,2025,5,May
2025-05-01,219,3,Fashion,247,26989.79,11514.81,0.4266,Aggressive,Commercial Planning,2026,FQ1,2025,5,May
2025-05-01,219,3,Furniture,372,255372.04,91981.06,0.3602,Aggressive,Finance Ops,2026,FQ1,2025,5,May
2025-05-01,219,3,Grocery,501,12890.0,4907.56,0.3807,Aggressive,Commercial Planning,2026,FQ1,2025,5,May
2025-05-01,219,3,Home Appliances,473,226551.53,86190.52,0.3804,Aggressive,Commercial Planning,2026,FQ1,2025,5,May
2025-05-01,219,3,Office Supplies,449,18708.83,7457.25,0.3986,Aggressive,Finance Ops,2026,FQ1,2025,5,May
2025-05-01,219,3,Sports,231,39761.45,14809.82,0.3725,Aggressive,Finance Ops,2026,FQ1,2025,5,May
2025-05-01,220,4,Beauty,120,6558.88,2496.14,0.3806,Aggressive,Finance Ops,2026,FQ1,2025,5,May
2025-05-01,220,4,Electronics,166,172356.61,68625.57,0.3982,Aggressive,Commercial Planning,2026,FQ1,2025,5,May
2025-05-01,220,4,Fashion,120,11003.98,4334.82,0.3939,Aggressive,Regional Director,2026,FQ1,2025,5,May
2025-05-01,220,4,Furniture,115,64940.6,24718.97,0.3806,Aggressive,Finance Ops,2026,FQ1,2025,5,May
2025-05-01,220,4,Grocery,86,1988.98,822.58,0.4136,Aggressive,Finance Ops,2026,FQ1,2025,5,May
2025-05-01,220,4,Home Appliances,191,96526.11,41830.8,0.4334,Aggressive,Commercial Planning,2026,FQ1,2025,5,May
2025-05-01,220,4,Office Supplies,91,4540.58,1855.96,0.4087,Aggressive,Finance Ops,2026,FQ1,2025,5,May
2025-05-01,220,4,Sports,99,20817.44,7736.49,0.3716,Aggressive,Regional Director,2026,FQ1,2025,5,May
2025-06-01,201,1,Beauty,30,1529.99,457.55,0.2991,Aggressive,Finance Ops,2026,FQ1,2025,6,June
2025-06-01,201,1,Electronics,30,29175.91,13649.83,0.4678,Aggressive,Finance Ops,2026,FQ1,2025,6,June
2025-06-01,201,1,Fashion,23,2477.46,961.88,0.3883,Aggressive,Commercial Planning,2026,FQ1,2025,6,June
2025-06-01,201,1,Furniture,10,7291.0,2511.95,0.3445,Aggressive,Finance Ops,2026,FQ1,2025,6,June
2025-06-01,201,1,Grocery,15,368.25,152.32,0.4136,Aggressive,Commercial Planning,2026,FQ1,2025,6,June
2025-06-01,201,1,Home Appliances,23,11004.72,4914.91,0.4466,Aggressive,Regional Director,2026,FQ1,2025,6,June
2025-06-01,201,1,Office Supplies,32,1449.91,595.15,0.4105,Aggressive,Finance Ops,2026,FQ1,2025,6,June
2025-06-01,201,1,Sports,2,385.93,181.84,0.4712,Aggressive,Commercial Planning,2026,FQ1,2025,6,June
2025-06-01,202,1,Beauty,19,1269.33,418.74,0.3299,Aggressive,Regional Director,2026,FQ1,2025,6,June
2025-06-01,202,1,Electronics,36,38029.94,14604.92,0.384,Aggressive,Regional Director,2026,FQ1,2025,6,June
2025-06-01,202,1,Fashion,12,1251.79,489.28,0.3909,Aggressive,Finance Ops,2026,FQ1,2025,6,June
2025-06-01,202,1,Furniture,25,17720.82,6074.35,0.3428,Aggressive,Finance Ops,2026,FQ1,2025,6,June
2025-06-01,202,1,Grocery,16,407.34,164.54,0.4039,Aggressive,Regional Director,2026,FQ1,2025,6,June
2025-06-01,202,1,Home Appliances,13,6353.21,2841.12,0.4472,Aggressive,Regional Director,2026,FQ1,2025,6,June
2025-06-01,202,1,Office Supplies,8,325.01,123.06,0.3786,Aggressive,Finance Ops,2026,FQ1,2025,6,June
2025-06-01,202,1,Sports,12,1672.26,635.99,0.3803,Aggressive,Finance Ops,2026,FQ1,2025,6,June
2025-06-01,203,1,Beauty,49,2342.56,913.42,0.3899,Aggressive,Regional Director,2026,FQ1,2025,6,June
2025-06-01,203,1,Electronics,32,28485.85,10815.4,0.3797,Aggressive,Commercial Planning,2026,FQ1,2025,6,June
2025-06-01,203,1,Fashion,35,3739.14,1554.13,0.4156,Aggressive,Finance Ops,2026,FQ1,2025,6,June
2025-06-01,203,1,Furniture,17,11824.17,3316.45,0.2805,Aggressive,Regional Director,2026,FQ1,2025,6,June
2025-06-01,203,1,Grocery,29,733.62,241.36,0.329,Aggressive,Regional Director,2026,FQ1,2025,6,June
2025-06-01,203,1,Home Appliances,34,13966.76,4503.62,0.3225,Aggressive,Regional Director,2026,FQ1,2025,6,June
2025-06-01,203,1,Office Supplies,22,768.32,358.89,0.4671,Aggressive,Commercial Planning,2026,FQ1,2025,6,June
2025-06-01,203,1,Sports,4,590.81,254.88,0.4314,Aggressive,Finance Ops,2026,FQ1,2025,6,June
2025-06-01,204,1,Beauty,13,665.5,280.77,0.4219,Aggressive,Regional Director,2026,FQ1,2025,6,June
2025-06-01,204,1,Electronics,12,8631.93,3229.8,0.3742,Aggressive,Commercial Planning,2026,FQ1,2025,6,June
2025-06-01,204,1,Fashion,15,2038.24,879.21,0.4314,Aggressive,Finance Ops,2026,FQ1,2025,6,June
2025-06-01,204,1,Furniture,11,10206.31,3194.32,0.313,Aggressive,Finance Ops,2026,FQ1,2025,6,June
2025-06-01,204,1,Grocery,28,531.76,180.64,0.3397,Aggressive,Regional Director,2026,FQ1,2025,6,June
2025-06-01,204,1,Home Appliances,6,1464.95,732.16,0.4998,Aggressive,Commercial Planning,2026,FQ1,2025,6,June
2025-06-01,204,1,Office Supplies,8,444.28,161.04,0.3625,Aggressive,Commercial Planning,2026,FQ1,2025,6,June
2025-06-01,204,1,Sports,19,2802.28,1077.2,0.3844,Aggressive,Finance Ops,2026,FQ1,2025,6,June
2025-06-01,205,1,Beauty,22,1339.04,428.42,0.3199,Aggressive,Finance Ops,2026,FQ1,2025,6,June
2025-06-01,205,1,Electronics,27,30372.66,12790.32,0.4211,Aggressive,Finance Ops,2026,FQ1,2025,6,June
2025-06-01,205,1,Fashion,10,1197.3,490.11,0.4093,Aggressive,Finance Ops,2026,FQ1,2025,6,June
2025-06-01,205,1,Furniture,17,13612.64,5379.79,0.3952,Aggressive,Finance Ops,2026,FQ1,2025,6,June
2025-06-01,205,1,Grocery,29,734.94,288.92,0.3931,Aggressive,Finance Ops,2026,FQ1,2025,6,June
2025-06-01,205,1,Home Appliances,19,8046.04,3046.97,0.3787,Aggressive,Finance Ops,2026,FQ1,2025,6,June
2025-06-01,205,1,Office Supplies,13,486.88,207.38,0.4259,Aggressive,Commercial Planning,2026,FQ1,2025,6,June
2025-06-01,205,1,Sports,13,2410.4,771.94,0.3203,Aggressive,Commercial Planning,2026,FQ1,2025,6,June
2025-06-01,206,1,Beauty,18,785.6,298.56,0.38,Aggressive,Commercial Planning,2026,FQ1,2025,6,June
2025-06-01,206,1,Electronics,30,29550.04,13571.19,0.4593,Aggressive,Finance Ops,2026,FQ1,2025,6,June
2025-06-01,206,1,Fashion,27,2675.89,1118.73,0.4181,Aggressive,Regional Director,2026,FQ1,2025,6,June
2025-06-01,206,1,Furniture,28,20417.81,5692.87,0.2788,Aggressive,Commercial Planning,2026,FQ1,2025,6,June
2025-06-01,206,1,Grocery,18,368.41,141.56,0.3842,Aggressive,Commercial Planning,2026,FQ1,2025,6,June
2025-06-01,206,1,Home Appliances,13,5724.69,2246.07,0.3923,Aggressive,Finance Ops,2026,FQ1,2025,6,June
2025-06-01,206,1,Office Supplies,8,597.2,238.6,0.3995,Aggressive,Regional Director,2026,FQ1,2025,6,June
2025-06-01,206,1,Sports,18,2671.21,1080.15,0.4044,Aggressive,Finance Ops,2026,FQ1,2025,6,June
2025-06-01,207,1,Beauty,4,165.39,59.32,0.3587,Aggressive,Finance Ops,2026,FQ1,2025,6,June
2025-06-01,207,1,Electronics,9,6417.77,3009.07,0.4689,Aggressive,Finance Ops,2026,FQ1,2025,6,June
2025-06-01,207,1,Fashion,18,2174.94,909.47,0.4182,Aggressive,Commercial Planning,2026,FQ1,2025,6,June
2025-06-01,207,1,Furniture,12,4053.54,1655.81,0.4085,Aggressive,Finance Ops,2026,FQ1,2025,6,June
2025-06-01,207,1,Grocery,23,674.97,288.45,0.4274,Aggressive,Commercial Planning,2026,FQ1,2025,6,June
2025-06-01,207,1,Home Appliances,32,14855.84,5624.07,0.3786,Aggressive,Finance Ops,2026,FQ1,2025,6,June
2025-06-01,207,1,Office Supplies,21,887.28,424.09,0.478,Aggressive,Commercial Planning,2026,FQ1,2025,6,June
2025-06-01,207,1,Sports,28,4828.34,1982.42,0.4106,Aggressive,Finance Ops,2026,FQ1,2025,6,June
2025-06-01,208,1,Beauty,8,428.33,147.65,0.3447,Aggressive,Finance Ops,2026,FQ1,2025,6,June
2025-06-01,208,1,Electronics,11,8566.96,2973.85,0.3471,Aggressive,Commercial Planning,2026,FQ1,2025,6,June
2025-06-01,208,1,Fashion,22,1675.59,840.74,0.5018,Aggressive,Commercial Planning,2026,FQ1,2025,6,June
2025-06-01,208,1,Furniture,28,14629.4,6426.45,0.4393,Aggressive,Regional Director,2026,FQ1,2025,6,June
2025-06-01,208,1,Grocery,9,198.09,62.09,0.3134,Aggressive,Regional Director,2026,FQ1,2025,6,June
2025-06-01,208,1,Home Appliances,19,3940.08,1645.72,0.4177,Aggressive,Finance Ops,2026,FQ1,2025,6,June
2025-06-01,208,1,Office Supplies,7,388.64,165.86,0.4268,Aggressive,Regional Director,2026,FQ1,2025,6,June
2025-06-01,208,1,Sports,8,1362.14,708.78,0.5203,Aggressive,Finance Ops,2026,FQ1,2025,6,June
2025-06-01,209,1,Beauty,22,1172.91,475.73,0.4056,Aggressive,Finance Ops,2026,FQ1,2025,6,June
2025-06-01,209,1,Electronics,14,7588.36,3088.11,0.407,Aggressive,Finance Ops,2026,FQ1,2025,6,June
2025-06-01,209,1,Fashion,15,1375.69,458.84,0.3335,Aggressive,Finance Ops,2026,FQ1,2025,6,June
2025-06-01,209,1,Furniture,18,8259.34,3603.7,0.4363,Aggressive,Regional Director,2026,FQ1,2025,6,June
2025-06-01,209,1,Grocery,7,138.24,48.93,0.3539,Aggressive,Regional Director,2026,FQ1,2025,6,June
2025-06-01,209,1,Home Appliances,27,15536.04,5599.32,0.3604,Aggressive,Regional Director,2026,FQ1,2025,6,June
2025-06-01,209,1,Office Supplies,19,707.54,256.09,0.3619,Aggressive,Regional Director,2026,FQ1,2025,6,June
2025-06-01,209,1,Sports,26,5394.24,2141.51,0.397,Aggressive,Finance Ops,2026,FQ1,2025,6,June
2025-06-01,210,1,Beauty,11,601.48,263.34,0.4378,Aggressive,Finance Ops,2026,FQ1,2025,6,June
2025-06-01,210,1,Electronics,32,36950.65,13466.11,0.3644,Aggressive,Commercial Planning,2026,FQ1,2025,6,June
2025-06-01,210,1,Fashion,10,868.79,280.68,0.3231,Aggressive,Finance Ops,2026,FQ1,2025,6,June
2025-06-01,210,1,Furniture,30,17534.79,6357.23,0.3625,Aggressive,Commercial Planning,2026,FQ1,2025,6,June
2025-06-01,210,1,Grocery,34,1088.63,416.12,0.3822,Aggressive,Finance Ops,2026,FQ1,2025,6,June
2025-06-01,210,1,Home Appliances,24,10563.37,3873.93,0.3667,Aggressive,Commercial Planning,2026,FQ1,2025,6,June
2025-06-01,210,1,Office Supplies,24,831.1,276.82,0.3331,Aggressive,Finance Ops,2026,FQ1,2025,6,June
2025-06-01,210,1,Sports,21,3324.6,1522.34,0.4579,Aggressive,Finance Ops,2026,FQ1,2025,6,June
2025-06-01,211,1,Beauty,15,721.12,321.92,0.4464,Aggressive,Commercial Planning,2026,FQ1,2025,6,June
2025-06-01,211,1,Electronics,24,25629.37,9395.44,0.3666,Aggressive,Finance Ops,2026,FQ1,2025,6,June
2025-06-01,211,1,Fashion,28,3430.68,1301.06,0.3792,Aggressive,Commercial Planning,2026,FQ1,2025,6,June
2025-06-01,211,1,Furniture,19,14628.95,3978.23,0.2719,Aggressive,Finance Ops,2026,FQ1,2025,6,June
2025-06-01,211,1,Grocery,10,214.02,93.9,0.4387,Aggressive,Commercial Planning,2026,FQ1,2025,6,June
2025-06-01,211,1,Home Appliances,22,8746.47,4028.68,0.4606,Aggressive,Commercial Planning,2026,FQ1,2025,6,June
2025-06-01,211,1,Office Supplies,25,1217.22,498.91,0.4099,Aggressive,Regional Director,2026,FQ1,2025,6,June
2025-06-01,211,1,Sports,19,3283.52,1302.91,0.3968,Aggressive,Finance Ops,2026,FQ1,2025,6,June
2025-06-01,212,1,Beauty,5,151.7,30.93,0.2039,Aggressive,Commercial Planning,2026,FQ1,2025,6,June
2025-06-01,212,1,Electronics,23,13236.66,6212.87,0.4694,Aggressive,Commercial Planning,2026,FQ1,2025,6,June
2025-06-01,212,1,Fashion,22,3218.79,1156.26,0.3592,Aggressive,Commercial Planning,2026,FQ1,2025,6,June
2025-06-01,212,1,Furniture,8,5345.07,1554.91,0.2909,Aggressive,Finance Ops,2026,FQ1,2025,6,June
2025-06-01,212,1,Grocery,4,60.7,26.65,0.439,Aggressive,Commercial Planning,2026,FQ1,2025,6,June
2025-06-01,212,1,Home Appliances,37,19131.61,5934.39,0.3102,Aggressive,Finance Ops,2026,FQ1,2025,6,June
2025-06-01,212,1,Office Supplies,24,957.41,334.0,0.3489,Aggressive,Finance Ops,2026,FQ1,2025,6,June
2025-06-01,212,1,Sports,49,7765.74,2264.86,0.2916,Aggressive,Finance Ops,2026,FQ1,2025,6,June
2025-06-01,213,1,Beauty,25,1212.27,377.96,0.3118,Aggressive,Regional Director,2026,FQ1,2025,6,June
2025-06-01,213,1,Electronics,29,20201.34,8660.01,0.4287,Aggressive,Finance Ops,2026,FQ1,2025,6,June
2025-06-01,213,1,Fashion,15,672.04,226.12,0.3365,Aggressive,Finance Ops,2026,FQ1,2025,6,June
2025-06-01,213,1,Furniture,10,7010.39,2252.34,0.3213,Aggressive,Finance Ops,2026,FQ1,2025,6,June
2025-06-01,213,1,Grocery,8,171.81,70.95,0.413,Aggressive,Commercial Planning,2026,FQ1,2025,6,June
2025-06-01,213,1,Home Appliances,46,13501.74,5187.61,0.3842,Aggressive,Finance Ops,2026,FQ1,2025,6,June
2025-06-01,213,1,Office Supplies,20,784.46,282.88,0.3606,Aggressive,Finance Ops,2026,FQ1,2025,6,June
2025-06-01,213,1,Sports,22,3079.19,1477.79,0.4799,Aggressive,Regional Director,2026,FQ1,2025,6,June
2025-06-01,214,1,Beauty,12,468.68,172.8,0.3687,Aggressive,Finance Ops,2026,FQ1,2025,6,June
2025-06-01,214,1,Electronics,32,26192.32,10658.27,0.4069,Aggressive,Commercial Planning,2026,FQ1,2025,6,June
2025-06-01,214,1,Fashion,15,1328.42,657.37,0.4949,Aggressive,Finance Ops,2026,FQ1,2025,6,June
2025-06-01,214,1,Furniture,18,12586.03,4001.14,0.3179,Aggressive,Regional Director,2026,FQ1,2025,6,June
2025-06-01,214,1,Grocery,13,295.32,108.0,0.3657,Aggressive,Commercial Planning,2026,FQ1,2025,6,June
2025-06-01,214,1,Home Appliances,29,12753.83,4512.55,0.3538,Aggressive,Commercial Planning,2026,FQ1,2025,6,June
2025-06-01,214,1,Office Supplies,16,688.27,236.39,0.3435,Aggressive,Commercial Planning,2026,FQ1,2025,6,June
2025-06-01,214,1,Sports,10,2001.14,666.22,0.3329,Aggressive,Regional Director,2026,FQ1,2025,6,June
2025-06-01,215,2,Beauty,150,8375.81,3049.03,0.364,Aggressive,Finance Ops,2026,FQ1,2025,6,June
2025-06-01,215,2,Electronics,177,162289.82,60901.51,0.3753,Aggressive,Commercial Planning,2026,FQ1,2025,6,June
2025-06-01,215,2,Fashion,78,6059.33,2469.99,0.4076,Aggressive,Regional Director,2026,FQ1,2025,6,June
2025-06-01,215,2,Furniture,75,48128.75,18516.16,0.3847,Aggressive,Finance Ops,2026,FQ1,2025,6,June
2025-06-01,215,2,Grocery,94,2111.08,831.86,0.394,Aggressive,Finance Ops,2026,FQ1,2025,6,June
2025-06-01,215,2,Home Appliances,101,46195.74,15756.06,0.3411,Aggressive,Finance Ops,2026,FQ1,2025,6,June
2025-06-01,215,2,Office Supplies,77,3295.29,1265.9,0.3842,Aggressive,Finance Ops,2026,FQ1,2025,6,June
2025-06-01,215,2,Sports,60,10626.05,3825.43,0.36,Aggressive,Commercial Planning,2026,FQ1,2025,6,June
2025-06-01,216,2,Beauty,92,4137.76,1405.73,0.3397,Aggressive,Finance Ops,2026,FQ1,2025,6,June
2025-06-01,216,2,Electronics,127,98697.53,34674.84,0.3513,Aggressive,Commercial Planning,2026,FQ1,2025,6,June
2025-06-01,216,2,Fashion,70,8126.34,3313.2,0.4077,Aggressive,Regional Director,2026,FQ1,2025,6,June
2025-06-01,216,2,Furniture,106,67146.4,24611.86,0.3665,Aggressive,Commercial Planning,2026,FQ1,2025,6,June
2025-06-01,216,2,Grocery,50,1177.75,514.39,0.4368,Aggressive,Commercial Planning,2026,FQ1,2025,6,June
2025-06-01,216,2,Home Appliances,82,38269.69,16627.9,0.4345,Aggressive,Finance Ops,2026,FQ1,2025,6,June
2025-06-01,216,2,Office Supplies,117,5840.0,2293.44,0.3927,Aggressive,Commercial Planning,2026,FQ1,2025,6,June
2025-06-01,216,2,Sports,52,10146.65,4358.21,0.4295,Aggressive,Commercial Planning,2026,FQ1,2025,6,June
2025-06-01,217,2,Beauty,89,5035.6,1732.97,0.3441,Aggressive,Finance Ops,2026,FQ1,2025,6,June
2025-06-01,217,2,Electronics,121,143848.12,58203.1,0.4046,Aggressive,Commercial Planning,2026,FQ1,2025,6,June
2025-06-01,217,2,Fashion,76,6224.34,2588.16,0.4158,Aggressive,Commercial Planning,2026,FQ1,2025,6,June
2025-06-01,217,2,Furniture,72,37882.52,15138.68,0.3996,Aggressive,Finance Ops,2026,FQ1,2025,6,June
2025-06-01,217,2,Grocery,89,2073.59,770.1,0.3714,Aggressive,Commercial Planning,2026,FQ1,2025,6,June
2025-06-01,217,2,Home Appliances,130,54652.85,23779.34,0.4351,Aggressive,Regional Director,2026,FQ1,2025,6,June
2025-06-01,217,2,Office Supplies,94,4624.58,1784.73,0.3859,Aggressive,Regional Director,2026,FQ1,2025,6,June
2025-06-01,217,2,Sports,79,13419.29,4466.58,0.3328,Aggressive,Commercial Planning,2026,FQ1,2025,6,June
2025-06-01,218,3,Beauty,180,8363.34,2386.72,0.2854,Aggressive,Finance Ops,2026,FQ1,2025,6,June
2025-06-01,218,3,Electronics,418,401063.27,151142.73,0.3769,Aggressive,Regional Director,2026,FQ1,2025,6,June
2025-06-01,218,3,Fashion,411,35860.78,14260.25,0.3977,Aggressive,Finance Ops,2026,FQ1,2025,6,June
2025-06-01,218,3,Furniture,216,173629.84,56957.35,0.328,Aggressive,Commercial Planning,2026,FQ1,2025,6,June
2025-06-01,218,3,Grocery,335,6737.38,2341.24,0.3475,Aggressive,Regional Director,2026,FQ1,2025,6,June
2025-06-01,218,3,Home Appliances,415,180545.39,68025.95,0.3768,Aggressive,Finance Ops,2026,FQ1,2025,6,June
2025-06-01,218,3,Office Supplies,299,14752.53,5975.37,0.405,Aggressive,Regional Director,2026,FQ1,2025,6,June
2025-06-01,218,3,Sports,679,110385.7,38263.56,0.3466,Aggressive,Commercial Planning,2026,FQ1,2025,6,June
2025-06-01,219,3,Beauty,340,14679.62,5215.53,0.3553,Aggressive,Finance Ops,2026,FQ1,2025,6,June
2025-06-01,219,3,Electronics,615,573102.59,220728.11,0.3851,Aggressive,Finance Ops,2026,FQ1,2025,6,June
2025-06-01,219,3,Fashion,263,19714.41,6248.66,0.317,Aggressive,Finance Ops,2026,FQ1,2025,6,June
2025-06-01,219,3,Furniture,241,140509.73,49571.57,0.3528,Aggressive,Finance Ops,2026,FQ1,2025,6,June
2025-06-01,219,3,Grocery,382,9388.12,3678.2,0.3918,Aggressive,Commercial Planning,2026,FQ1,2025,6,June
2025-06-01,219,3,Home Appliances,559,256934.78,102915.34,0.4006,Aggressive,Finance Ops,2026,FQ1,2025,6,June
2025-06-01,219,3,Office Supplies,461,20200.55,8296.18,0.4107,Aggressive,Regional Director,2026,FQ1,2025,6,June
2025-06-01,219,3,Sports,349,56813.78,22190.61,0.3906,Aggressive,Regional Director,2026,FQ1,2025,6,June
2025-06-01,220,4,Beauty,135,7705.81,2698.88,0.3502,Aggressive,Commercial Planning,2026,FQ1,2025,6,June
2025-06-01,220,4,Electronics,95,86589.17,33475.39,0.3866,Aggressive,Finance Ops,2026,FQ1,2025,6,June
2025-06-01,220,4,Fashion,120,10427.74,4195.05,0.4023,Aggressive,Commercial Planning,2026,FQ1,2025,6,June
2025-06-01,220,4,Furniture,100,53353.94,19099.57,0.358,Aggressive,Commercial Planning,2026,FQ1,2025,6,June
2025-06-01,220,4,Grocery,73,2108.28,805.09,0.3819,Aggressive,Commercial Planning,2026,FQ1,2025,6,June
2025-06-01,220,4,Home Appliances,121,47255.8,20254.01,0.4286,Aggressive,Finance Ops,2026,FQ1,2025,6,June
2025-06-01,220,4,Office Supplies,62,3222.57,1406.28,0.4364,Aggressive,Commercial Planning,2026,FQ1,2025,6,June
2025-06-01,220,4,Sports,98,18556.09,7375.59,0.3975,Aggressive,Commercial Planning,2026,FQ1,2025,6,June
2025-07-01,201,1,Beauty,13,631.87,226.02,0.3577,Aggressive,Commercial Planning,2026,FQ2,2025,7,July
2025-07-01,201,1,Electronics,30,28723.45,9993.66,0.3479,Aggressive,Commercial Planning,2026,FQ2,2025,7,July
2025-07-01,201,1,Fashion,31,2613.3,1165.95,0.4462,Aggressive,Regional Director,2026,FQ2,2025,7,July
2025-07-01,201,1,Furniture,12,7578.72,2234.14,0.2948,Aggressive,Commercial Planning,2026,FQ2,2025,7,July
2025-07-01,201,1,Grocery,11,225.08,101.14,0.4494,Aggressive,Finance Ops,2026,FQ2,2025,7,July
2025-07-01,201,1,Home Appliances,30,15546.67,7160.83,0.4606,Aggressive,Finance Ops,2026,FQ2,2025,7,July
2025-07-01,201,1,Office Supplies,17,816.93,384.68,0.4709,Aggressive,Commercial Planning,2026,FQ2,2025,7,July
2025-07-01,201,1,Sports,17,3458.57,1283.24,0.371,Aggressive,Finance Ops,2026,FQ2,2025,7,July
2025-07-01,202,1,Beauty,23,1050.73,363.18,0.3456,Aggressive,Commercial Planning,2026,FQ2,2025,7,July
2025-07-01,202,1,Electronics,30,35973.3,14110.72,0.3923,Aggressive,Regional Director,2026,FQ2,2025,7,July
2025-07-01,202,1,Fashion,29,2957.96,1343.58,0.4542,Aggressive,Commercial Planning,2026,FQ2,2025,7,July
2025-07-01,202,1,Furniture,15,10625.35,2670.83,0.2514,Aggressive,Commercial Planning,2026,FQ2,2025,7,July
2025-07-01,202,1,Grocery,5,81.56,44.86,0.55,Aggressive,Finance Ops,2026,FQ2,2025,7,July
2025-07-01,202,1,Home Appliances,31,15313.54,7458.14,0.487,Aggressive,Finance Ops,2026,FQ2,2025,7,July
2025-07-01,202,1,Office Supplies,36,2130.93,923.54,0.4334,Aggressive,Finance Ops,2026,FQ2,2025,7,July
2025-07-01,202,1,Sports,28,5793.08,1830.63,0.316,Aggressive,Regional Director,2026,FQ2,2025,7,July
2025-07-01,203,1,Beauty,14,692.72,225.69,0.3258,Aggressive,Commercial Planning,2026,FQ2,2025,7,July
2025-07-01,203,1,Electronics,38,34584.78,13825.44,0.3998,Aggressive,Commercial Planning,2026,FQ2,2025,7,July
2025-07-01,203,1,Fashion,29,3252.58,1342.72,0.4128,Aggressive,Commercial Planning,2026,FQ2,2025,7,July
2025-07-01,203,1,Furniture,33,21185.2,7698.82,0.3634,Aggressive,Finance Ops,2026,FQ2,2025,7,July
2025-07-01,203,1,Grocery,4,91.39,33.72,0.369,Aggressive,Commercial Planning,2026,FQ2,2025,7,July
2025-07-01,203,1,Home Appliances,35,14798.66,5721.22,0.3866,Aggressive,Commercial Planning,2026,FQ2,2025,7,July
2025-07-01,203,1,Office Supplies,40,2016.97,854.85,0.4238,Aggressive,Finance Ops,2026,FQ2,2025,7,July
2025-07-01,203,1,Sports,18,2215.16,1019.61,0.4603,Aggressive,Finance Ops,2026,FQ2,2025,7,July
2025-07-01,204,1,Beauty,17,1053.85,336.93,0.3197,Aggressive,Commercial Planning,2026,FQ2,2025,7,July
2025-07-01,204,1,Electronics,25,24269.05,9800.35,0.4038,Aggressive,Commercial Planning,2026,FQ2,2025,7,July
2025-07-01,204,1,Fashion,23,2327.36,936.68,0.4025,Aggressive,Finance Ops,2026,FQ2,2025,7,July
2025-07-01,204,1,Furniture,47,24908.22,9039.44,0.3629,Aggressive,Commercial Planning,2026,FQ2,2025,7,July
2025-07-01,204,1,Grocery,27,564.02,221.05,0.3919,Aggressive,Finance Ops,2026,FQ2,2025,7,July
2025-07-01,204,1,Home Appliances,39,12601.68,4557.05,0.3616,Aggressive,Regional Director,2026,FQ2,2025,7,July
2025-07-01,204,1,Office Supplies,11,609.61,266.18,0.4366,Aggressive,Commercial Planning,2026,FQ2,2025,7,July
2025-07-01,204,1,Sports,28,4101.37,1751.99,0.4272,Aggressive,Commercial Planning,2026,FQ2,2025,7,July
2025-07-01,205,1,Beauty,40,2292.01,707.46,0.3087,Aggressive,Commercial Planning,2026,FQ2,2025,7,July
2025-07-01,205,1,Electronics,7,3862.83,1704.96,0.4414,Aggressive,Finance Ops,2026,FQ2,2025,7,July
2025-07-01,205,1,Fashion,27,2604.67,839.43,0.3223,Aggressive,Regional Director,2026,FQ2,2025,7,July
2025-07-01,205,1,Furniture,6,3750.7,1565.17,0.4173,Aggressive,Finance Ops,2026,FQ2,2025,7,July
2025-07-01,205,1,Grocery,33,1179.38,460.56,0.3905,Aggressive,Regional Director,2026,FQ2,2025,7,July
2025-07-01,205,1,Home Appliances,40,18289.23,6077.27,0.3323,Aggressive,Commercial Planning,2026,FQ2,2025,7,July
2025-07-01,205,1,Office Supplies,24,1250.27,501.15,0.4008,Aggressive,Finance Ops,2026,FQ2,2025,7,July
2025-07-01,205,1,Sports,28,2998.65,1487.8,0.4962,Aggressive,Finance Ops,2026,FQ2,2025,7,July
2025-07-01,206,1,Beauty,36,1770.95,663.43,0.3746,Aggressive,Finance Ops,2026,FQ2,2025,7,July
2025-07-01,206,1,Electronics,28,31663.15,13100.62,0.4137,Aggressive,Commercial Planning,2026,FQ2,2025,7,July
2025-07-01,206,1,Fashion,37,3442.93,1281.69,0.3723,Aggressive,Commercial Planning,2026,FQ2,2025,7,July
2025-07-01,206,1,Furniture,25,14237.41,5375.73,0.3776,Aggressive,Commercial Planning,2026,FQ2,2025,7,July
2025-07-01,206,1,Grocery,48,829.6,333.26,0.4017,Aggressive,Finance Ops,2026,FQ2,2025,7,July
2025-07-01,206,1,Home Appliances,37,24781.96,10663.04,0.4303,Aggressive,Commercial Planning,2026,FQ2,2025,7,July
2025-07-01,206,1,Office Supplies,30,1473.74,545.92,0.3704,Aggressive,Finance Ops,2026,FQ2,2025,7,July
2025-07-01,206,1,Sports,25,5017.91,1729.21,0.3446,Aggressive,Commercial Planning,2026,FQ2,2025,7,July
2025-07-01,207,1,Beauty,4,237.45,44.02,0.1854,Aggressive,Finance Ops,2026,FQ2,2025,7,July
2025-07-01,207,1,Electronics,33,34148.72,14138.56,0.414,Aggressive,Commercial Planning,2026,FQ2,2025,7,July
2025-07-01,207,1,Fashion,35,1893.71,650.67,0.3436,Aggressive,Regional Director,2026,FQ2,2025,7,July
2025-07-01,207,1,Furniture,15,9837.89,3319.08,0.3374,Aggressive,Finance Ops,2026,FQ2,2025,7,July
2025-07-01,207,1,Grocery,43,626.22,254.03,0.4057,Aggressive,Finance Ops,2026,FQ2,2025,7,July
2025-07-01,207,1,Home Appliances,27,12637.88,4524.32,0.358,Aggressive,Commercial Planning,2026,FQ2,2025,7,July
2025-07-01,207,1,Office Supplies,41,1936.69,790.06,0.4079,Aggressive,Finance Ops,2026,FQ2,2025,7,July
2025-07-01,207,1,Sports,30,3637.19,1474.87,0.4055,Aggressive,Regional Director,2026,FQ2,2025,7,July
2025-07-01,208,1,Beauty,8,429.74,176.76,0.4113,Aggressive,Regional Director,2026,FQ2,2025,7,July
2025-07-01,208,1,Electronics,27,20737.75,9221.06,0.4447,Aggressive,Finance Ops,2026,FQ2,2025,7,July
2025-07-01,208,1,Fashion,17,1266.35,561.08,0.4431,Aggressive,Commercial Planning,2026,FQ2,2025,7,July
2025-07-01,208,1,Furniture,17,7842.18,2495.78,0.3183,Aggressive,Regional Director,2026,FQ2,2025,7,July
2025-07-01,208,1,Grocery,9,167.25,55.04,0.3291,Aggressive,Finance Ops,2026,FQ2,2025,7,July
2025-07-01,208,1,Home Appliances,13,8050.89,3197.54,0.3972,Aggressive,Regional Director,2026,FQ2,2025,7,July
2025-07-01,208,1,Office Supplies,33,1375.28,590.38,0.4293,Aggressive,Regional Director,2026,FQ2,2025,7,July
2025-07-01,208,1,Sports,16,3864.32,1260.72,0.3262,Aggressive,Commercial Planning,2026,FQ2,2025,7,July
2025-07-01,209,1,Beauty,30,1299.85,443.55,0.3412,Aggressive,Regional Director,2026,FQ2,2025,7,July
2025-07-01,209,1,Electronics,30,37505.71,16767.09,0.4471,Aggressive,Finance Ops,2026,FQ2,2025,7,July
2025-07-01,209,1,Fashion,25,2649.03,909.09,0.3432,Aggressive,Commercial Planning,2026,FQ2,2025,7,July
2025-07-01,209,1,Furniture,11,8930.53,2515.53,0.2817,Aggressive,Regional Director,2026,FQ2,2025,7,July
2025-07-01,209,1,Grocery,10,184.61,87.39,0.4734,Aggressive,Regional Director,2026,FQ2,2025,7,July
2025-07-01,209,1,Home Appliances,17,7860.65,2593.54,0.3299,Aggressive,Regional Director,2026,FQ2,2025,7,July
2025-07-01,209,1,Office Supplies,22,929.52,335.04,0.3604,Aggressive,Commercial Planning,2026,FQ2,2025,7,July
2025-07-01,209,1,Sports,14,2469.73,818.01,0.3312,Aggressive,Finance Ops,2026,FQ2,2025,7,July
2025-07-01,210,1,Beauty,25,1256.71,470.59,0.3745,Aggressive,Regional Director,2026,FQ2,2025,7,July
2025-07-01,210,1,Electronics,28,27301.89,10899.68,0.3992,Aggressive,Commercial Planning,2026,FQ2,2025,7,July
2025-07-01,210,1,Fashion,18,2025.14,731.87,0.3614,Aggressive,Finance Ops,2026,FQ2,2025,7,July
2025-07-01,210,1,Furniture,20,7922.48,3196.27,0.4034,Aggressive,Commercial Planning,2026,FQ2,2025,7,July
2025-07-01,210,1,Grocery,50,1230.81,493.37,0.4008,Aggressive,Finance Ops,2026,FQ2,2025,7,July
2025-07-01,210,1,Home Appliances,19,10727.97,4861.83,0.4532,Aggressive,Finance Ops,2026,FQ2,2025,7,July
2025-07-01,210,1,Office Supplies,32,1744.24,634.51,0.3638,Aggressive,Commercial Planning,2026,FQ2,2025,7,July
2025-07-01,210,1,Sports,25,3458.4,1211.02,0.3502,Aggressive,Finance Ops,2026,FQ2,2025,7,July
2025-07-01,211,1,Beauty,41,2083.71,846.83,0.4064,Aggressive,Finance Ops,2026,FQ2,2025,7,July
2025-07-01,211,1,Electronics,27,23634.7,9543.21,0.4038,Aggressive,Finance Ops,2026,FQ2,2025,7,July
2025-07-01,211,1,Fashion,23,2481.91,1054.71,0.425,Aggressive,Finance Ops,2026,FQ2,2025,7,July
2025-07-01,211,1,Furniture,32,25968.27,8172.76,0.3147,Aggressive,Finance Ops,2026,FQ2,2025,7,July
2025-07-01,211,1,Grocery,22,696.97,238.6,0.3423,Aggressive,Finance Ops,2026,FQ2,2025,7,July
2025-07-01,211,1,Home Appliances,29,8541.08,4186.04,0.4901,Aggressive,Finance Ops,2026,FQ2,2025,7,July
2025-07-01,211,1,Office Supplies,28,771.54,346.51,0.4491,Aggressive,Commercial Planning,2026,FQ2,2025,7,July
2025-07-01,211,1,Sports,12,2234.0,920.46,0.412,Aggressive,Finance Ops,2026,FQ2,2025,7,July
2025-07-01,212,1,Beauty,19,973.79,389.32,0.3998,Aggressive,Commercial Planning,2026,FQ2,2025,7,July
2025-07-01,212,1,Electronics,34,24061.13,9710.43,0.4036,Aggressive,Finance Ops,2026,FQ2,2025,7,July
2025-07-01,212,1,Fashion,11,916.3,395.85,0.432,Aggressive,Finance Ops,2026,FQ2,2025,7,July
2025-07-01,212,1,Furniture,18,8423.85,3822.04,0.4537,Aggressive,Regional Director,2026,FQ2,2025,7,July
2025-07-01,212,1,Grocery,36,1035.22,406.37,0.3925,Aggressive,Finance Ops,2026,FQ2,2025,7,July
2025-07-01,212,1,Home Appliances,12,5347.21,2207.63,0.4129,Aggressive,Regional Director,2026,FQ2,2025,7,July
2025-07-01,212,1,Office Supplies,16,668.64,256.55,0.3837,Aggressive,Regional Director,2026,FQ2,2025,7,July
2025-07-01,212,1,Sports,21,3699.15,1353.73,0.366,Aggressive,Commercial Planning,2026,FQ2,2025,7,July
2025-07-01,213,1,Beauty,9,397.24,165.39,0.4163,Aggressive,Finance Ops,2026,FQ2,2025,7,July
2025-07-01,213,1,Electronics,26,21404.4,8960.28,0.4186,Aggressive,Finance Ops,2026,FQ2,2025,7,July
2025-07-01,213,1,Fashion,18,2097.12,962.2,0.4588,Aggressive,Commercial Planning,2026,FQ2,2025,7,July
2025-07-01,213,1,Furniture,4,3450.3,1442.39,0.418,Aggressive,Finance Ops,2026,FQ2,2025,7,July
2025-07-01,213,1,Grocery,14,349.56,116.4,0.333,Aggressive,Regional Director,2026,FQ2,2025,7,July
2025-07-01,213,1,Home Appliances,29,12689.07,4300.66,0.3389,Aggressive,Commercial Planning,2026,FQ2,2025,7,July
2025-07-01,213,1,Office Supplies,27,1642.59,635.28,0.3868,Aggressive,Commercial Planning,2026,FQ2,2025,7,July
2025-07-01,213,1,Sports,23,4438.91,1944.16,0.438,Aggressive,Regional Director,2026,FQ2,2025,7,July
2025-07-01,214,1,Beauty,15,563.07,232.43,0.4128,Aggressive,Regional Director,2026,FQ2,2025,7,July
2025-07-01,214,1,Electronics,25,27623.12,11800.49,0.4272,Aggressive,Regional Director,2026,FQ2,2025,7,July
2025-07-01,214,1,Fashion,14,1221.39,426.43,0.3491,Aggressive,Finance Ops,2026,FQ2,2025,7,July
2025-07-01,214,1,Furniture,48,28610.55,9377.33,0.3278,Aggressive,Regional Director,2026,FQ2,2025,7,July
2025-07-01,214,1,Grocery,12,384.42,155.15,0.4036,Aggressive,Finance Ops,2026,FQ2,2025,7,July
2025-07-01,214,1,Home Appliances,16,5868.55,2587.86,0.441,Aggressive,Commercial Planning,2026,FQ2,2025,7,July
2025-07-01,214,1,Office Supplies,45,2167.44,948.4,0.4376,Aggressive,Regional Director,2026,FQ2,2025,7,July
2025-07-01,214,1,Sports,59,10589.73,4312.88,0.4073,Aggressive,Commercial Planning,2026,FQ2,2025,7,July
2025-07-01,215,2,Beauty,103,5817.81,2007.66,0.3451,Aggressive,Commercial Planning,2026,FQ2,2025,7,July
2025-07-01,215,2,Electronics,91,89050.25,33308.38,0.374,Aggressive,Finance Ops,2026,FQ2,2025,7,July
2025-07-01,215,2,Fashion,113,11378.55,4313.94,0.3791,Aggressive,Regional Director,2026,FQ2,2025,7,July
2025-07-01,215,2,Furniture,79,55609.13,18456.09,0.3319,Aggressive,Commercial Planning,2026,FQ2,2025,7,July
2025-07-01,215,2,Grocery,59,1709.67,626.88,0.3667,Aggressive,Finance Ops,2026,FQ2,2025,7,July
2025-07-01,215,2,Home Appliances,124,47598.49,18910.48,0.3973,Aggressive,Commercial Planning,2026,FQ2,2025,7,July
2025-07-01,215,2,Office Supplies,78,4191.67,1765.76,0.4213,Aggressive,Finance Ops,2026,FQ2,2025,7,July
2025-07-01,215,2,Sports,101,16559.13,7084.58,0.4278,Aggressive,Finance Ops,2026,FQ2,2025,7,July
2025-07-01,216,2,Beauty,131,6634.52,1920.68,0.2895,Aggressive,Commercial Planning,2026,FQ2,2025,7,July
2025-07-01,216,2,Electronics,162,140248.51,46313.02,0.3302,Aggressive,Regional Director,2026,FQ2,2025,7,July
2025-07-01,216,2,Fashion,83,9702.11,3579.24,0.3689,Aggressive,Regional Director,2026,FQ2,2025,7,July
2025-07-01,216,2,Furniture,132,87498.35,33873.01,0.3871,Aggressive,Finance Ops,2026,FQ2,2025,7,July
2025-07-01,216,2,Grocery,78,1551.3,558.63,0.3601,Aggressive,Commercial Planning,2026,FQ2,2025,7,July
2025-07-01,216,2,Home Appliances,106,43517.74,19392.27,0.4456,Aggressive,Commercial Planning,2026,FQ2,2025,7,July
2025-07-01,216,2,Office Supplies,50,2072.81,849.36,0.4098,Aggressive,Commercial Planning,2026,FQ2,2025,7,July
2025-07-01,216,2,Sports,60,11843.03,3523.48,0.2975,Aggressive,Regional Director,2026,FQ2,2025,7,July
2025-07-01,217,2,Beauty,138,7267.48,2710.61,0.373,Aggressive,Finance Ops,2026,FQ2,2025,7,July
2025-07-01,217,2,Electronics,146,136715.53,51456.67,0.3764,Aggressive,Finance Ops,2026,FQ2,2025,7,July
2025-07-01,217,2,Fashion,111,11850.65,5177.9,0.4369,Aggressive,Finance Ops,2026,FQ2,2025,7,July
2025-07-01,217,2,Furniture,39,26330.99,9186.75,0.3489,Aggressive,Commercial Planning,2026,FQ2,2025,7,July
2025-07-01,217,2,Grocery,65,1401.87,502.66,0.3586,Aggressive,Commercial Planning,2026,FQ2,2025,7,July
2025-07-01,217,2,Home Appliances,88,42170.27,19068.09,0.4522,Aggressive,Regional Director,2026,FQ2,2025,7,July
2025-07-01,217,2,Office Supplies,88,5031.51,2056.43,0.4087,Aggressive,Regional Director,2026,FQ2,2025,7,July
2025-07-01,217,2,Sports,83,15914.01,6361.01,0.3997,Aggressive,Regional Director,2026,FQ2,2025,7,July
2025-07-01,218,3,Beauty,418,24182.72,7221.09,0.2986,Aggressive,Finance Ops,2026,FQ2,2025,7,July
2025-07-01,218,3,Electronics,444,415736.59,141316.79,0.3399,Aggressive,Finance Ops,2026,FQ2,2025,7,July
2025-07-01,218,3,Fashion,429,37075.0,14007.33,0.3778,Aggressive,Commercial Planning,2026,FQ2,2025,7,July
2025-07-01,218,3,Furniture,289,198378.33,63650.6,0.3209,Aggressive,Commercial Planning,2026,FQ2,2025,7,July
2025-07-01,218,3,Grocery,484,11807.89,4183.14,0.3543,Aggressive,Finance Ops,2026,FQ2,2025,7,July
2025-07-01,218,3,Home Appliances,468,198191.21,80345.03,0.4054,Aggressive,Commercial Planning,2026,FQ2,2025,7,July
2025-07-01,218,3,Office Supplies,535,21776.55,8538.27,0.3921,Aggressive,Commercial Planning,2026,FQ2,2025,7,July
2025-07-01,218,3,Sports,343,62776.05,21990.8,0.3503,Aggressive,Commercial Planning,2026,FQ2,2025,7,July
2025-07-01,219,3,Beauty,305,16078.83,4233.83,0.2633,Aggressive,Finance Ops,2026,FQ2,2025,7,July
2025-07-01,219,3,Electronics,504,511329.28,186244.19,0.3642,Aggressive,Finance Ops,2026,FQ2,2025,7,July
2025-07-01,219,3,Fashion,312,35528.86,14109.53,0.3971,Aggressive,Finance Ops,2026,FQ2,2025,7,July
2025-07-01,219,3,Furniture,357,218181.85,77474.7,0.3551,Aggressive,Regional Director,2026,FQ2,2025,7,July
2025-07-01,219,3,Grocery,430,11329.52,4443.21,0.3922,Aggressive,Regional Director,2026,FQ2,2025,7,July
2025-07-01,219,3,Home Appliances,523,229073.14,94508.78,0.4126,Aggressive,Regional Director,2026,FQ2,2025,7,July
2025-07-01,219,3,Office Supplies,195,9785.2,3395.43,0.347,Aggressive,Regional Director,2026,FQ2,2025,7,July
2025-07-01,219,3,Sports,456,75903.17,27874.55,0.3672,Aggressive,Finance Ops,2026,FQ2,2025,7,July
2025-07-01,220,4,Beauty,65,3013.03,1099.67,0.365,Aggressive,Finance Ops,2026,FQ2,2025,7,July
2025-07-01,220,4,Electronics,122,117130.58,47823.9,0.4083,Aggressive,Commercial Planning,2026,FQ2,2025,7,July
2025-07-01,220,4,Fashion,133,11582.35,4438.56,0.3832,Aggressive,Finance Ops,2026,FQ2,2025,7,July
2025-07-01,220,4,Furniture,77,53457.29,17415.05,0.3258,Aggressive,Finance Ops,2026,FQ2,2025,7,July
2025-07-01,220,4,Grocery,136,3545.24,1344.28,0.3792,Aggressive,Finance Ops,2026,FQ2,2025,7,July
2025-07-01,220,4,Home Appliances,148,74572.29,27839.57,0.3733,Aggressive,Finance Ops,2026,FQ2,2025,7,July
2025-07-01,220,4,Office Supplies,148,6069.33,2324.21,0.3829,Aggressive,Finance Ops,2026,FQ2,2025,7,July
2025-07-01,220,4,Sports,102,19430.69,7702.61,0.3964,Aggressive,Commercial Planning,2026,FQ2,2025,7,July
2025-08-01,201,1,Beauty,6,277.51,104.54,0.3767,Aggressive,Finance Ops,2026,FQ2,2025,8,August
2025-08-01,201,1,Electronics,34,25597.37,8500.87,0.3321,Aggressive,Commercial Planning,2026,FQ2,2025,8,August
2025-08-01,201,1,Fashion,13,1289.71,565.87,0.4388,Aggressive,Finance Ops,2026,FQ2,2025,8,August
2025-08-01,201,1,Furniture,21,15377.62,5293.77,0.3443,Aggressive,Regional Director,2026,FQ2,2025,8,August
2025-08-01,201,1,Grocery,10,84.01,33.41,0.3977,Aggressive,Finance Ops,2026,FQ2,2025,8,August
2025-08-01,201,1,Home Appliances,21,7622.89,2681.83,0.3518,Aggressive,Commercial Planning,2026,FQ2,2025,8,August
2025-08-01,201,1,Office Supplies,24,1039.89,429.1,0.4126,Aggressive,Commercial Planning,2026,FQ2,2025,8,August
2025-08-01,201,1,Sports,11,1707.26,908.97,0.5324,Aggressive,Regional Director,2026,FQ2,2025,8,August
2025-08-01,202,1,Beauty,13,762.18,227.58,0.2986,Aggressive,Commercial Planning,2026,FQ2,2025,8,August
2025-08-01,202,1,Electronics,29,31480.87,10082.97,0.3203,Aggressive,Commercial Planning,2026,FQ2,2025,8,August
2025-08-01,202,1,Fashion,43,4801.15,1856.1,0.3866,Aggressive,Commercial Planning,2026,FQ2,2025,8,August
2025-08-01,202,1,Furniture,26,15987.63,6175.0,0.3862,Aggressive,Finance Ops,2026,FQ2,2025,8,August
2025-08-01,202,1,Grocery,9,179.22,64.04,0.3573,Aggressive,Finance Ops,2026,FQ2,2025,8,August
2025-08-01,202,1,Home Appliances,40,19174.88,9203.27,0.48,Aggressive,Finance Ops,2026,FQ2,2025,8,August
2025-08-01,202,1,Office Supplies,21,781.01,348.1,0.4457,Aggressive,Regional Director,2026,FQ2,2025,8,August
2025-08-01,202,1,Sports,19,3365.33,1256.21,0.3733,Aggressive,Finance Ops,2026,FQ2,2025,8,August
2025-08-01,203,1,Beauty,10,681.37,203.89,0.2992,Aggressive,Commercial Planning,2026,FQ2,2025,8,August
2025-08-01,203,1,Electronics,45,25504.76,10833.87,0.4248,Aggressive,Finance Ops,2026,FQ2,2025,8,August
2025-08-01,203,1,Fashion,29,3047.91,1128.24,0.3702,Aggressive,Finance Ops,2026,FQ2,2025,8,August
2025-08-01,203,1,Furniture,17,7205.25,2675.79,0.3714,Aggressive,Finance Ops,2026,FQ2,2025,8,August
2025-08-01,203,1,Grocery,26,640.05,243.0,0.3797,Aggressive,Commercial Planning,2026,FQ2,2025,8,August
2025-08-01,203,1,Home Appliances,51,29063.59,12192.16,0.4195,Aggressive,Finance Ops,2026,FQ2,2025,8,August
2025-08-01,203,1,Office Supplies,42,1910.25,722.46,0.3782,Aggressive,Regional Director,2026,FQ2,2025,8,August
2025-08-01,203,1,Sports,17,2640.31,1350.88,0.5116,Aggressive,Finance Ops,2026,FQ2,2025,8,August
2025-08-01,204,1,Beauty,21,915.42,320.37,0.35,Aggressive,Commercial Planning,2026,FQ2,2025,8,August
2025-08-01,204,1,Electronics,53,46488.71,19016.42,0.4091,Aggressive,Finance Ops,2026,FQ2,2025,8,August
2025-08-01,204,1,Fashion,32,3514.24,1326.41,0.3774,Aggressive,Regional Director,2026,FQ2,2025,8,August
2025-08-01,204,1,Furniture,28,14948.4,6725.23,0.4499,Aggressive,Finance Ops,2026,FQ2,2025,8,August
2025-08-01,204,1,Grocery,27,451.47,206.11,0.4565,Aggressive,Finance Ops,2026,FQ2,2025,8,August
2025-08-01,204,1,Home Appliances,18,8001.76,2945.17,0.3681,Aggressive,Finance Ops,2026,FQ2,2025,8,August
2025-08-01,204,1,Office Supplies,28,1115.68,411.52,0.3689,Aggressive,Commercial Planning,2026,FQ2,2025,8,August
2025-08-01,204,1,Sports,33,4650.61,2131.39,0.4583,Aggressive,Finance Ops,2026,FQ2,2025,8,August
2025-08-01,205,1,Beauty,5,123.51,55.39,0.4485,Aggressive,Finance Ops,2026,FQ2,2025,8,August
2025-08-01,205,1,Electronics,27,29574.69,12136.55,0.4104,Aggressive,Finance Ops,2026,FQ2,2025,8,August
2025-08-01,205,1,Fashion,17,1715.34,563.28,0.3284,Aggressive,Finance Ops,2026,FQ2,2025,8,August
2025-08-01,205,1,Furniture,7,2187.37,815.22,0.3727,Aggressive,Finance Ops,2026,FQ2,2025,8,August
2025-08-01,205,1,Grocery,15,394.53,157.94,0.4003,Aggressive,Finance Ops,2026,FQ2,2025,8,August
2025-08-01,205,1,Home Appliances,38,18089.15,7688.93,0.4251,Aggressive,Commercial Planning,2026,FQ2,2025,8,August
2025-08-01,205,1,Office Supplies,38,1996.41,847.01,0.4243,Aggressive,Commercial Planning,2026,FQ2,2025,8,August
2025-08-01,205,1,Sports,27,5253.97,2438.89,0.4642,Aggressive,Regional Director,2026,FQ2,2025,8,August
2025-08-01,206,1,Beauty,18,1013.45,416.87,0.4113,Aggressive,Commercial Planning,2026,FQ2,2025,8,August
2025-08-01,206,1,Electronics,34,34863.57,13195.3,0.3785,Aggressive,Commercial Planning,2026,FQ2,2025,8,August
2025-08-01,206,1,Fashion,7,649.87,221.56,0.3409,Aggressive,Commercial Planning,2026,FQ2,2025,8,August
2025-08-01,206,1,Furniture,13,11216.61,3647.75,0.3252,Aggressive,Finance Ops,2026,FQ2,2025,8,August
2025-08-01,206,1,Grocery,7,159.56,62.75,0.3933,Aggressive,Finance Ops,2026,FQ2,2025,8,August
2025-08-01,206,1,Home Appliances,41,14921.81,5656.03,0.379,Aggressive,Commercial Planning,2026,FQ2,2025,8,August
2025-08-01,206,1,Office Supplies,12,534.32,227.27,0.4253,Aggressive,Finance Ops,2026,FQ2,2025,8,August
2025-08-01,206,1,Sports,25,4031.27,1920.39,0.4764,Aggressive,Commercial Planning,2026,FQ2,2025,8,August
2025-08-01,207,1,Beauty,19,865.83,270.89,0.3129,Aggressive,Regional Director,2026,FQ2,2025,8,August
2025-08-01,207,1,Electronics,36,34158.74,13545.75,0.3966,Aggressive,Finance Ops,2026,FQ2,2025,8,August
2025-08-01,207,1,Fashion,28,2165.92,951.8,0.4394,Aggressive,Commercial Planning,2026,FQ2,2025,8,August
2025-08-01,207,1,Furniture,27,13832.33,4670.45,0.3376,Aggressive,Finance Ops,2026,FQ2,2025,8,August
2025-08-01,207,1,Grocery,16,352.64,130.51,0.3701,Aggressive,Commercial Planning,2026,FQ2,2025,8,August
2025-08-01,207,1,Home Appliances,16,9018.91,3686.02,0.4087,Aggressive,Finance Ops,2026,FQ2,2025,8,August
2025-08-01,207,1,Office Supplies,28,951.96,362.93,0.3812,Aggressive,Regional Director,2026,FQ2,2025,8,August
2025-08-01,207,1,Sports,12,1685.96,593.75,0.3522,Aggressive,Commercial Planning,2026,FQ2,2025,8,August
2025-08-01,208,1,Beauty,18,833.5,294.03,0.3528,Aggressive,Regional Director,2026,FQ2,2025,8,August
2025-08-01,208,1,Electronics,23,22212.22,8026.16,0.3613,Aggressive,Regional Director,2026,FQ2,2025,8,August
2025-08-01,208,1,Fashion,48,4961.55,1765.31,0.3558,Aggressive,Finance Ops,2026,FQ2,2025,8,August
2025-08-01,208,1,Furniture,21,9740.67,4054.73,0.4163,Aggressive,Finance Ops,2026,FQ2,2025,8,August
2025-08-01,208,1,Grocery,8,176.14,79.06,0.4488,Aggressive,Finance Ops,2026,FQ2,2025,8,August
2025-08-01,208,1,Home Appliances,31,22091.52,9060.71,0.4101,Aggressive,Regional Director,2026,FQ2,2025,8,August
2025-08-01,208,1,Office Supplies,48,2203.39,887.71,0.4029,Aggressive,Regional Director,2026,FQ2,2025,8,August
2025-08-01,209,1,Beauty,13,693.04,226.74,0.3272,Aggressive,Finance Ops,2026,FQ2,2025,8,August
2025-08-01,209,1,Electronics,28,34349.82,13727.52,0.3996,Aggressive,Commercial Planning,2026,FQ2,2025,8,August
2025-08-01,209,1,Fashion,30,2745.63,1143.78,0.4166,Aggressive,Commercial Planning,2026,FQ2,2025,8,August
2025-08-01,209,1,Furniture,11,9646.46,3001.7,0.3112,Aggressive,Commercial Planning,2026,FQ2,2025,8,August
2025-08-01,209,1,Grocery,13,457.51,172.77,0.3776,Aggressive,Commercial Planning,2026,FQ2,2025,8,August
2025-08-01,209,1,Home Appliances,15,9640.27,3735.56,0.3875,Aggressive,Commercial Planning,2026,FQ2,2025,8,August
2025-08-01,209,1,Office Supplies,32,1534.34,562.84,0.3668,Aggressive,Regional Director,2026,FQ2,2025,8,August
2025-08-01,209,1,Sports,7,1632.44,519.57,0.3183,Aggressive,Regional Director,2026,FQ2,2025,8,August
2025-08-01,210,1,Beauty,4,245.0,115.32,0.4707,Aggressive,Finance Ops,2026,FQ2,2025,8,August
2025-08-01,210,1,Electronics,21,28522.61,10923.14,0.383,Aggressive,Regional Director,2026,FQ2,2025,8,August
2025-08-01,210,1,Fashion,27,2549.5,1012.24,0.397,Aggressive,Finance Ops,2026,FQ2,2025,8,August
2025-08-01,210,1,Furniture,25,13118.49,4882.65,0.3722,Aggressive,Commercial Planning,2026,FQ2,2025,8,August
2025-08-01,210,1,Grocery,14,386.4,129.66,0.3356,Aggressive,Finance Ops,2026,FQ2,2025,8,August
2025-08-01,210,1,Home Appliances,36,14018.21,5383.53,0.384,Aggressive,Commercial Planning,2026,FQ2,2025,8,August
2025-08-01,210,1,Office Supplies,44,2193.42,940.48,0.4288,Aggressive,Commercial Planning,2026,FQ2,2025,8,August
2025-08-01,210,1,Sports,56,8842.81,3244.23,0.3669,Aggressive,Finance Ops,2026,FQ2,2025,8,August
2025-08-01,211,1,Beauty,20,920.47,374.5,0.4069,Aggressive,Regional Director,2026,FQ2,2025,8,August
2025-08-01,211,1,Electronics,31,24026.24,8491.48,0.3534,Aggressive,Finance Ops,2026,FQ2,2025,8,August
2025-08-01,211,1,Fashion,26,2223.14,828.14,0.3725,Aggressive,Finance Ops,2026,FQ2,2025,8,August
2025-08-01,211,1,Furniture,31,16678.94,6976.99,0.4183,Aggressive,Finance Ops,2026,FQ2,2025,8,August
2025-08-01,211,1,Grocery,17,396.03,171.0,0.4318,Aggressive,Commercial Planning,2026,FQ2,2025,8,August
2025-08-01,211,1,Home Appliances,26,8166.6,3700.87,0.4532,Aggressive,Finance Ops,2026,FQ2,2025,8,August
2025-08-01,211,1,Office Supplies,21,923.28,379.27,0.4108,Aggressive,Regional Director,2026,FQ2,2025,8,August
2025-08-01,211,1,Sports,7,1742.36,691.03,0.3966,Aggressive,Finance Ops,2026,FQ2,2025,8,August
2025-08-01,212,1,Beauty,9,572.85,197.87,0.3454,Aggressive,Commercial Planning,2026,FQ2,2025,8,August
2025-08-01,212,1,Electronics,18,26859.18,11125.58,0.4142,Aggressive,Regional Director,2026,FQ2,2025,8,August
2025-08-01,212,1,Fashion,28,2711.41,1030.14,0.3799,Aggressive,Finance Ops,2026,FQ2,2025,8,August
2025-08-01,212,1,Furniture,36,25509.17,9158.85,0.359,Aggressive,Finance Ops,2026,FQ2,2025,8,August
2025-08-01,212,1,Grocery,27,816.37,339.83,0.4163,Aggressive,Finance Ops,2026,FQ2,2025,8,August
2025-08-01,212,1,Home Appliances,15,4339.96,1974.56,0.455,Aggressive,Finance Ops,2026,FQ2,2025,8,August
2025-08-01,212,1,Office Supplies,23,1108.16,429.72,0.3878,Aggressive,Finance Ops,2026,FQ2,2025,8,August
2025-08-01,212,1,Sports,21,3938.46,1282.56,0.3257,Aggressive,Finance Ops,2026,FQ2,2025,8,August
2025-08-01,213,1,Beauty,7,406.44,149.67,0.3682,Aggressive,Finance Ops,2026,FQ2,2025,8,August
2025-08-01,213,1,Electronics,16,17311.61,5535.95,0.3198,Aggressive,Commercial Planning,2026,FQ2,2025,8,August
2025-08-01,213,1,Fashion,20,1470.48,507.15,0.3449,Aggressive,Commercial Planning,2026,FQ2,2025,8,August
2025-08-01,213,1,Furniture,11,4342.25,1674.42,0.3856,Aggressive,Commercial Planning,2026,FQ2,2025,8,August
2025-08-01,213,1,Grocery,52,1925.38,781.42,0.4059,Aggressive,Finance Ops,2026,FQ2,2025,8,August
2025-08-01,213,1,Home Appliances,14,7169.2,2436.72,0.3399,Aggressive,Regional Director,2026,FQ2,2025,8,August
2025-08-01,213,1,Office Supplies,37,1854.5,724.5,0.3907,Aggressive,Finance Ops,2026,FQ2,2025,8,August
2025-08-01,213,1,Sports,19,3965.05,1305.37,0.3292,Aggressive,Finance Ops,2026,FQ2,2025,8,August
2025-08-01,214,1,Beauty,36,1686.82,600.61,0.3561,Aggressive,Commercial Planning,2026,FQ2,2025,8,August
2025-08-01,214,1,Electronics,23,25645.51,10503.29,0.4096,Aggressive,Finance Ops,2026,FQ2,2025,8,August
2025-08-01,214,1,Fashion,28,2695.54,1135.07,0.4211,Aggressive,Commercial Planning,2026,FQ2,2025,8,August
2025-08-01,214,1,Furniture,72,46655.03,18727.94,0.4014,Aggressive,Commercial Planning,2026,FQ2,2025,8,August
2025-08-01,214,1,Grocery,25,745.36,281.48,0.3776,Aggressive,Commercial Planning,2026,FQ2,2025,8,August
2025-08-01,214,1,Home Appliances,33,23455.64,9798.19,0.4177,Aggressive,Commercial Planning,2026,FQ2,2025,8,August
2025-08-01,214,1,Office Supplies,37,1611.55,722.74,0.4485,Aggressive,Finance Ops,2026,FQ2,2025,8,August
2025-08-01,214,1,Sports,20,4370.57,1530.29,0.3501,Aggressive,Commercial Planning,2026,FQ2,2025,8,August
2025-08-01,215,2,Beauty,114,5472.42,1903.02,0.3477,Aggressive,Finance Ops,2026,FQ2,2025,8,August
2025-08-01,215,2,Electronics,128,124951.41,48522.32,0.3883,Aggressive,Finance Ops,2026,FQ2,2025,8,August
2025-08-01,215,2,Fashion,122,12476.51,5303.8,0.4251,Aggressive,Finance Ops,2026,FQ2,2025,8,August
2025-08-01,215,2,Furniture,68,48377.43,19512.98,0.4033,Aggressive,Commercial Planning,2026,FQ2,2025,8,August
2025-08-01,215,2,Grocery,38,1076.67,409.49,0.3803,Aggressive,Commercial Planning,2026,FQ2,2025,8,August
2025-08-01,215,2,Home Appliances,103,50157.38,19703.8,0.3928,Aggressive,Finance Ops,2026,FQ2,2025,8,August
2025-08-01,215,2,Office Supplies,117,5845.79,2322.33,0.3973,Aggressive,Regional Director,2026,FQ2,2025,8,August
2025-08-01,215,2,Sports,101,19673.69,8395.94,0.4268,Aggressive,Commercial Planning,2026,FQ2,2025,8,August
2025-08-01,216,2,Beauty,90,5332.61,1851.82,0.3473,Aggressive,Commercial Planning,2026,FQ2,2025,8,August
2025-08-01,216,2,Electronics,129,135816.19,55202.0,0.4064,Aggressive,Finance Ops,2026,FQ2,2025,8,August
2025-08-01,216,2,Fashion,134,12386.04,4542.78,0.3668,Aggressive,Commercial Planning,2026,FQ2,2025,8,August
2025-08-01,216,2,Furniture,99,55405.87,19505.46,0.352,Aggressive,Commercial Planning,2026,FQ2,2025,8,August
2025-08-01,216,2,Grocery,105,2967.08,1209.48,0.4076,Aggressive,Finance Ops,2026,FQ2,2025,8,August
2025-08-01,216,2,Home Appliances,94,47181.21,18034.54,0.3822,Aggressive,Regional Director,2026,FQ2,2025,8,August
2025-08-01,216,2,Office Supplies,75,3678.54,1672.21,0.4546,Aggressive,Finance Ops,2026,FQ2,2025,8,August
2025-08-01,216,2,Sports,60,11501.46,4808.37,0.4181,Aggressive,Regional Director,2026,FQ2,2025,8,August
2025-08-01,217,2,Beauty,67,3973.84,1483.31,0.3733,Aggressive,Commercial Planning,2026,FQ2,2025,8,August
2025-08-01,217,2,Electronics,123,115587.52,49120.16,0.425,Aggressive,Finance Ops,2026,FQ2,2025,8,August
2025-08-01,217,2,Fashion,82,7649.89,3115.8,0.4073,Aggressive,Regional Director,2026,FQ2,2025,8,August
2025-08-01,217,2,Furniture,78,50521.08,18494.46,0.3661,Aggressive,Regional Director,2026,FQ2,2025,8,August
2025-08-01,217,2,Grocery,64,1504.0,605.72,0.4027,Aggressive,Finance Ops,2026,FQ2,2025,8,August
2025-08-01,217,2,Home Appliances,129,58964.47,23916.98,0.4056,Aggressive,Commercial Planning,2026,FQ2,2025,8,August
2025-08-01,217,2,Office Supplies,67,2427.42,997.57,0.411,Aggressive,Finance Ops,2026,FQ2,2025,8,August
2025-08-01,217,2,Sports,95,15437.51,6962.76,0.451,Aggressive,Regional Director,2026,FQ2,2025,8,August
2025-08-01,218,3,Beauty,395,20124.45,7244.58,0.36,Aggressive,Finance Ops,2026,FQ2,2025,8,August
2025-08-01,218,3,Electronics,458,443580.92,169419.1,0.3819,Aggressive,Commercial Planning,2026,FQ2,2025,8,August
2025-08-01,218,3,Fashion,405,41944.92,16482.15,0.3929,Aggressive,Finance Ops,2026,FQ2,2025,8,August
2025-08-01,218,3,Furniture,379,240063.85,84073.29,0.3502,Aggressive,Finance Ops,2026,FQ2,2025,8,August
2025-08-01,218,3,Grocery,497,13339.03,4701.13,0.3524,Aggressive,Commercial Planning,2026,FQ2,2025,8,August
2025-08-01,218,3,Home Appliances,410,239820.93,88580.87,0.3694,Aggressive,Commercial Planning,2026,FQ2,2025,8,August
2025-08-01,218,3,Office Supplies,535,22523.89,8529.71,0.3787,Aggressive,Regional Director,2026,FQ2,2025,8,August
2025-08-01,218,3,Sports,205,35809.19,13141.98,0.367,Aggressive,Commercial Planning,2026,FQ2,2025,8,August
2025-08-01,219,3,Beauty,189,10203.8,3637.72,0.3565,Aggressive,Commercial Planning,2026,FQ2,2025,8,August
2025-08-01,219,3,Electronics,323,305829.74,114331.1,0.3738,Aggressive,Commercial Planning,2026,FQ2,2025,8,August
2025-08-01,219,3,Fashion,444,46128.99,17339.61,0.3759,Aggressive,Finance Ops,2026,FQ2,2025,8,August
2025-08-01,219,3,Furniture,382,235692.14,83170.16,0.3529,Aggressive,Commercial Planning,2026,FQ2,2025,8,August
2025-08-01,219,3,Grocery,339,10169.04,4215.73,0.4146,Aggressive,Finance Ops,2026,FQ2,2025,8,August
2025-08-01,219,3,Home Appliances,620,332525.63,122217.88,0.3675,Aggressive,Commercial Planning,2026,FQ2,2025,8,August
2025-08-01,219,3,Office Supplies,368,16964.75,6657.0,0.3924,Aggressive,Regional Director,2026,FQ2,2025,8,August
2025-08-01,219,3,Sports,230,40239.68,16096.62,0.4,Aggressive,Finance Ops,2026,FQ2,2025,8,August
2025-08-01,220,4,Beauty,62,3882.07,1362.17,0.3509,Aggressive,Commercial Planning,2026,FQ2,2025,8,August
2025-08-01,220,4,Electronics,193,193831.09,74747.94,0.3856,Aggressive,Finance Ops,2026,FQ2,2025,8,August
2025-08-01,220,4,Fashion,197,18724.08,7539.52,0.4027,Aggressive,Finance Ops,2026,FQ2,2025,8,August
2025-08-01,220,4,Furniture,97,54784.43,17966.58,0.328,Aggressive,Commercial Planning,2026,FQ2,2025,8,August
2025-08-01,220,4,Grocery,107,2694.4,1033.66,0.3836,Aggressive,Regional Director,2026,FQ2,2025,8,August
2025-08-01,220,4,Home Appliances,129,61280.6,23597.96,0.3851,Aggressive,Finance Ops,2026,FQ2,2025,8,August
2025-08-01,220,4,Office Supplies,182,8681.7,3310.24,0.3813,Aggressive,Regional Director,2026,FQ2,2025,8,August
2025-08-01,220,4,Sports,84,15878.77,5799.01,0.3652,Aggressive,Commercial Planning,2026,FQ2,2025,8,August
2025-09-01,201,1,Beauty,21,1209.19,519.83,0.4299,Aggressive,Commercial Planning,2026,FQ2,2025,9,September
2025-09-01,201,1,Electronics,28,29533.95,12120.01,0.4104,Aggressive,Finance Ops,2026,FQ2,2025,9,September
2025-09-01,201,1,Fashion,12,1166.17,432.56,0.3709,Aggressive,Finance Ops,2026,FQ2,2025,9,September
2025-09-01,201,1,Furniture,20,7954.11,3289.07,0.4135,Aggressive,Commercial Planning,2026,FQ2,2025,9,September
2025-09-01,201,1,Grocery,15,432.43,168.48,0.3896,Aggressive,Commercial Planning,2026,FQ2,2025,9,September
2025-09-01,201,1,Home Appliances,10,6598.01,1817.39,0.2754,Aggressive,Commercial Planning,2026,FQ2,2025,9,September
2025-09-01,201,1,Office Supplies,12,556.9,208.61,0.3746,Aggressive,Finance Ops,2026,FQ2,2025,9,September
2025-09-01,201,1,Sports,28,5426.32,2007.42,0.3699,Aggressive,Finance Ops,2026,FQ2,2025,9,September
2025-09-01,202,1,Beauty,29,1202.29,467.5,0.3888,Aggressive,Finance Ops,2026,FQ2,2025,9,September
2025-09-01,202,1,Electronics,16,9559.61,3586.93,0.3752,Aggressive,Commercial Planning,2026,FQ2,2025,9,September
2025-09-01,202,1,Fashion,11,1192.8,449.68,0.377,Aggressive,Commercial Planning,2026,FQ2,2025,9,September
2025-09-01,202,1,Furniture,19,11328.61,5567.16,0.4914,Aggressive,Commercial Planning,2026,FQ2,2025,9,September
2025-09-01,202,1,Grocery,7,198.22,69.69,0.3516,Aggressive,Commercial Planning,2026,FQ2,2025,9,September
2025-09-01,202,1,Home Appliances,35,16210.57,5094.84,0.3143,Aggressive,Finance Ops,2026,FQ2,2025,9,September
2025-09-01,202,1,Office Supplies,20,706.78,288.54,0.4082,Aggressive,Commercial Planning,2026,FQ2,2025,9,September
2025-09-01,202,1,Sports,23,2974.38,1103.29,0.3709,Aggressive,Commercial Planning,2026,FQ2,2025,9,September
2025-09-01,203,1,Beauty,13,528.72,167.74,0.3173,Aggressive,Regional Director,2026,FQ2,2025,9,September
2025-09-01,203,1,Electronics,26,13887.84,6082.17,0.4379,Aggressive,Commercial Planning,2026,FQ2,2025,9,September
2025-09-01,203,1,Fashion,13,1421.24,617.64,0.4346,Aggressive,Regional Director,2026,FQ2,2025,9,September
2025-09-01,203,1,Furniture,1,293.23,105.51,0.3598,Aggressive,Finance Ops,2026,FQ2,2025,9,September
2025-09-01,203,1,Grocery,2,42.75,13.11,0.3067,Aggressive,Finance Ops,2026,FQ2,2025,9,September
2025-09-01,203,1,Home Appliances,33,10337.75,4623.82,0.4473,Aggressive,Finance Ops,2026,FQ2,2025,9,September
2025-09-01,203,1,Office Supplies,23,1181.05,471.75,0.3994,Aggressive,Finance Ops,2026,FQ2,2025,9,September
2025-09-01,203,1,Sports,40,5769.79,3024.79,0.5242,Aggressive,Regional Director,2026,FQ2,2025,9,September
2025-09-01,204,1,Beauty,1,39.12,15.57,0.398,Aggressive,Finance Ops,2026,FQ2,2025,9,September
2025-09-01,204,1,Electronics,30,32340.76,12352.02,0.3819,Aggressive,Finance Ops,2026,FQ2,2025,9,September
2025-09-01,204,1,Fashion,18,1349.44,555.74,0.4118,Aggressive,Finance Ops,2026,FQ2,2025,9,September
2025-09-01,204,1,Furniture,8,5997.72,2257.08,0.3763,Aggressive,Commercial Planning,2026,FQ2,2025,9,September
2025-09-01,204,1,Grocery,19,391.54,163.51,0.4176,Aggressive,Finance Ops,2026,FQ2,2025,9,September
2025-09-01,204,1,Home Appliances,9,2830.53,1005.53,0.3552,Aggressive,Finance Ops,2026,FQ2,2025,9,September
2025-09-01,204,1,Office Supplies,29,1469.21,526.53,0.3584,Aggressive,Commercial Planning,2026,FQ2,2025,9,September
2025-09-01,204,1,Sports,21,3000.96,1231.6,0.4104,Aggressive,Finance Ops,2026,FQ2,2025,9,September
2025-09-01,205,1,Beauty,23,1323.73,446.61,0.3374,Aggressive,Regional Director,2026,FQ2,2025,9,September
2025-09-01,205,1,Electronics,8,7032.29,3554.02,0.5054,Aggressive,Commercial Planning,2026,FQ2,2025,9,September
2025-09-01,205,1,Fashion,17,2094.71,735.78,0.3513,Aggressive,Finance Ops,2026,FQ2,2025,9,September
2025-09-01,205,1,Furniture,34,26536.88,10272.25,0.3871,Aggressive,Finance Ops,2026,FQ2,2025,9,September
2025-09-01,205,1,Grocery,18,481.5,166.2,0.3452,Aggressive,Commercial Planning,2026,FQ2,2025,9,September
2025-09-01,205,1,Home Appliances,13,4316.73,1804.24,0.418,Aggressive,Finance Ops,2026,FQ2,2025,9,September
2025-09-01,205,1,Office Supplies,21,1106.5,483.87,0.4373,Aggressive,Commercial Planning,2026,FQ2,2025,9,September
2025-09-01,205,1,Sports,29,4846.91,1607.14,0.3316,Aggressive,Regional Director,2026,FQ2,2025,9,September
2025-09-01,206,1,Beauty,14,726.37,231.1,0.3182,Aggressive,Finance Ops,2026,FQ2,2025,9,September
2025-09-01,206,1,Electronics,29,17328.63,6440.92,0.3717,Aggressive,Finance Ops,2026,FQ2,2025,9,September
2025-09-01,206,1,Fashion,15,1678.13,651.55,0.3883,Aggressive,Finance Ops,2026,FQ2,2025,9,September
2025-09-01,206,1,Furniture,4,2865.34,1397.04,0.4876,Aggressive,Finance Ops,2026,FQ2,2025,9,September
2025-09-01,206,1,Grocery,18,209.52,92.72,0.4425,Aggressive,Finance Ops,2026,FQ2,2025,9,September
2025-09-01,206,1,Home Appliances,22,10634.68,4089.51,0.3845,Aggressive,Finance Ops,2026,FQ2,2025,9,September
2025-09-01,206,1,Office Supplies,26,1219.4,473.5,0.3883,Aggressive,Commercial Planning,2026,FQ2,2025,9,September
2025-09-01,206,1,Sports,39,7664.12,3161.88,0.4126,Aggressive,Finance Ops,2026,FQ2,2025,9,September
2025-09-01,207,1,Beauty,26,1180.43,346.15,0.2932,Aggressive,Finance Ops,2026,FQ2,2025,9,September
2025-09-01,207,1,Electronics,38,39945.94,15727.03,0.3937,Aggressive,Commercial Planning,2026,FQ2,2025,9,September
2025-09-01,207,1,Fashion,12,1424.0,491.06,0.3448,Aggressive,Finance Ops,2026,FQ2,2025,9,September
2025-09-01,207,1,Furniture,20,14137.31,5303.47,0.3751,Aggressive,Finance Ops,2026,FQ2,2025,9,September
2025-09-01,207,1,Grocery,3,27.27,13.3,0.4877,Aggressive,Finance Ops,2026,FQ2,2025,9,September
2025-09-01,207,1,Home Appliances,32,14395.87,5960.8,0.4141,Aggressive,Regional Director,2026,FQ2,2025,9,September
2025-09-01,207,1,Office Supplies,21,1131.53,424.76,0.3754,Aggressive,Commercial Planning,2026,FQ2,2025,9,September
2025-09-01,207,1,Sports,10,1457.41,695.27,0.4771,Aggressive,Commercial Planning,2026,FQ2,2025,9,September
2025-09-01,208,1,Beauty,13,754.56,291.15,0.3859,Aggressive,Commercial Planning,2026,FQ2,2025,9,September
2025-09-01,208,1,Electronics,31,34767.27,11687.34,0.3362,Aggressive,Commercial Planning,2026,FQ2,2025,9,September
2025-09-01,208,1,Fashion,2,93.88,42.19,0.4494,Aggressive,Finance Ops,2026,FQ2,2025,9,September
2025-09-01,208,1,Furniture,21,14745.44,4427.99,0.3003,Aggressive,Finance Ops,2026,FQ2,2025,9,September
2025-09-01,208,1,Grocery,31,500.67,195.07,0.3896,Aggressive,Finance Ops,2026,FQ2,2025,9,September
2025-09-01,208,1,Home Appliances,18,6107.64,2150.25,0.3521,Aggressive,Regional Director,2026,FQ2,2025,9,September
2025-09-01,208,1,Office Supplies,34,1605.79,586.2,0.3651,Aggressive,Finance Ops,2026,FQ2,2025,9,September
2025-09-01,208,1,Sports,2,568.1,132.3,0.2329,Aggressive,Finance Ops,2026,FQ2,2025,9,September
2025-09-01,209,1,Beauty,18,973.64,426.58,0.4381,Aggressive,Finance Ops,2026,FQ2,2025,9,September
2025-09-01,209,1,Electronics,20,21835.06,8826.52,0.4042,Aggressive,Finance Ops,2026,FQ2,2025,9,September
2025-09-01,209,1,Fashion,11,923.01,352.84,0.3823,Aggressive,Regional Director,2026,FQ2,2025,9,September
2025-09-01,209,1,Furniture,7,3030.12,1390.49,0.4589,Aggressive,Commercial Planning,2026,FQ2,2025,9,September
2025-09-01,209,1,Grocery,47,1562.71,599.47,0.3836,Aggressive,Commercial Planning,2026,FQ2,2025,9,September
2025-09-01,209,1,Home Appliances,34,17926.89,6151.58,0.3431,Aggressive,Commercial Planning,2026,FQ2,2025,9,September
2025-09-01,209,1,Office Supplies,42,1982.99,880.17,0.4439,Aggressive,Finance Ops,2026,FQ2,2025,9,September
2025-09-01,209,1,Sports,16,3875.7,1397.63,0.3606,Aggressive,Finance Ops,2026,FQ2,2025,9,September
2025-09-01,210,1,Beauty,22,1383.39,549.86,0.3975,Aggressive,Commercial Planning,2026,FQ2,2025,9,September
2025-09-01,210,1,Electronics,3,3718.49,1425.55,0.3834,Aggressive,Commercial Planning,2026,FQ2,2025,9,September
2025-09-01,210,1,Fashion,37,3731.33,1206.5,0.3233,Aggressive,Regional Director,2026,FQ2,2025,9,September
2025-09-01,210,1,Furniture,19,8112.22,3232.68,0.3985,Aggressive,Regional Director,2026,FQ2,2025,9,September
2025-09-01,210,1,Grocery,24,688.14,236.32,0.3434,Aggressive,Finance Ops,2026,FQ2,2025,9,September
2025-09-01,210,1,Home Appliances,20,13991.05,5354.33,0.3827,Aggressive,Finance Ops,2026,FQ2,2025,9,September
2025-09-01,210,1,Office Supplies,30,1731.7,823.49,0.4755,Aggressive,Regional Director,2026,FQ2,2025,9,September
2025-09-01,210,1,Sports,23,4101.57,1767.08,0.4308,Aggressive,Commercial Planning,2026,FQ2,2025,9,September
2025-09-01,211,1,Beauty,13,763.22,286.73,0.3757,Aggressive,Commercial Planning,2026,FQ2,2025,9,September
2025-09-01,211,1,Electronics,15,12888.1,4470.48,0.3469,Aggressive,Finance Ops,2026,FQ2,2025,9,September
2025-09-01,211,1,Fashion,19,2614.37,1107.73,0.4237,Aggressive,Finance Ops,2026,FQ2,2025,9,September
2025-09-01,211,1,Furniture,8,4863.17,1659.02,0.3411,Aggressive,Finance Ops,2026,FQ2,2025,9,September
2025-09-01,211,1,Grocery,20,752.27,333.54,0.4434,Aggressive,Commercial Planning,2026,FQ2,2025,9,September
2025-09-01,211,1,Home Appliances,10,4206.91,1684.61,0.4004,Aggressive,Finance Ops,2026,FQ2,2025,9,September
2025-09-01,211,1,Office Supplies,8,234.89,101.5,0.4321,Aggressive,Regional Director,2026,FQ2,2025,9,September
2025-09-01,211,1,Sports,16,2911.94,1195.78,0.4106,Aggressive,Finance Ops,2026,FQ2,2025,9,September
2025-09-01,212,1,Beauty,27,1687.94,658.21,0.3899,Aggressive,Commercial Planning,2026,FQ2,2025,9,September
2025-09-01,212,1,Electronics,27,21118.46,7811.33,0.3699,Aggressive,Finance Ops,2026,FQ2,2025,9,September
2025-09-01,212,1,Fashion,13,1419.58,590.75,0.4161,Aggressive,Finance Ops,2026,FQ2,2025,9,September
2025-09-01,212,1,Furniture,27,19208.63,6586.87,0.3429,Aggressive,Finance Ops,2026,FQ2,2025,9,September
2025-09-01,212,1,Grocery,11,237.16,89.31,0.3766,Aggressive,Finance Ops,2026,FQ2,2025,9,September
2025-09-01,212,1,Home Appliances,16,8544.72,2890.51,0.3383,Aggressive,Commercial Planning,2026,FQ2,2025,9,September
2025-09-01,212,1,Office Supplies,23,1170.7,567.99,0.4852,Aggressive,Regional Director,2026,FQ2,2025,9,September
2025-09-01,212,1,Sports,38,5449.4,2336.76,0.4288,Aggressive,Commercial Planning,2026,FQ2,2025,9,September
2025-09-01,213,1,Beauty,26,1527.38,582.87,0.3816,Aggressive,Finance Ops,2026,FQ2,2025,9,September
2025-09-01,213,1,Electronics,16,13144.65,4582.7,0.3486,Aggressive,Regional Director,2026,FQ2,2025,9,September
2025-09-01,213,1,Fashion,27,2119.59,836.37,0.3946,Aggressive,Finance Ops,2026,FQ2,2025,9,September
2025-09-01,213,1,Furniture,14,15430.72,4402.84,0.2853,Aggressive,Finance Ops,2026,FQ2,2025,9,September
2025-09-01,213,1,Grocery,16,386.15,106.94,0.2769,Aggressive,Finance Ops,2026,FQ2,2025,9,September
2025-09-01,213,1,Home Appliances,15,4292.91,1951.28,0.4545,Aggressive,Commercial Planning,2026,FQ2,2025,9,September
2025-09-01,213,1,Office Supplies,23,1314.69,575.76,0.4379,Aggressive,Regional Director,2026,FQ2,2025,9,September
2025-09-01,213,1,Sports,18,2550.31,1248.32,0.4895,Aggressive,Regional Director,2026,FQ2,2025,9,September
2025-09-01,214,1,Beauty,31,2060.94,751.41,0.3646,Aggressive,Commercial Planning,2026,FQ2,2025,9,September
2025-09-01,214,1,Electronics,19,18472.01,7529.84,0.4076,Aggressive,Finance Ops,2026,FQ2,2025,9,September
2025-09-01,214,1,Fashion,7,828.67,379.97,0.4585,Aggressive,Commercial Planning,2026,FQ2,2025,9,September
2025-09-01,214,1,Furniture,6,2901.91,803.38,0.2768,Aggressive,Regional Director,2026,FQ2,2025,9,September
2025-09-01,214,1,Grocery,24,662.22,232.22,0.3507,Aggressive,Commercial Planning,2026,FQ2,2025,9,September
2025-09-01,214,1,Home Appliances,10,5221.03,2203.76,0.4221,Aggressive,Finance Ops,2026,FQ2,2025,9,September
2025-09-01,214,1,Office Supplies,26,949.68,376.91,0.3969,Aggressive,Regional Director,2026,FQ2,2025,9,September
2025-09-01,214,1,Sports,18,3038.26,1182.31,0.3891,Aggressive,Commercial Planning,2026,FQ2,2025,9,September
2025-09-01,215,2,Beauty,111,6268.74,2185.74,0.3487,Aggressive,Finance Ops,2026,FQ2,2025,9,September
2025-09-01,215,2,Electronics,151,130304.39,48323.91,0.3709,Aggressive,Finance Ops,2026,FQ2,2025,9,September
2025-09-01,215,2,Fashion,69,6132.11,2303.6,0.3757,Aggressive,Regional Director,2026,FQ2,2025,9,September
2025-09-01,215,2,Furniture,58,37108.0,15048.33,0.4055,Aggressive,Finance Ops,2026,FQ2,2025,9,September
2025-09-01,215,2,Grocery,75,2208.03,889.03,0.4026,Aggressive,Finance Ops,2026,FQ2,2025,9,September
2025-09-01,215,2,Home Appliances,113,54702.86,20798.3,0.3802,Aggressive,Finance Ops,2026,FQ2,2025,9,September
2025-09-01,215,2,Office Supplies,76,3384.79,1431.83,0.423,Aggressive,Regional Director,2026,FQ2,2025,9,September
2025-09-01,215,2,Sports,58,9982.4,4096.0,0.4103,Aggressive,Finance Ops,2026,FQ2,2025,9,September
2025-09-01,216,2,Beauty,63,3804.85,1115.48,0.2932,Aggressive,Regional Director,2026,FQ2,2025,9,September
2025-09-01,216,2,Electronics,124,114552.71,43078.36,0.3761,Aggressive,Regional Director,2026,FQ2,2025,9,September
2025-09-01,216,2,Fashion,125,15560.46,6833.11,0.4391,Aggressive,Commercial Planning,2026,FQ2,2025,9,September
2025-09-01,216,2,Furniture,75,55026.1,23020.47,0.4184,Aggressive,Regional Director,2026,FQ2,2025,9,September
2025-09-01,216,2,Grocery,79,1971.59,715.87,0.3631,Aggressive,Commercial Planning,2026,FQ2,2025,9,September
2025-09-01,216,2,Home Appliances,120,43721.46,18305.32,0.4187,Aggressive,Finance Ops,2026,FQ2,2025,9,September
2025-09-01,216,2,Office Supplies,114,5452.8,2336.33,0.4285,Aggressive,Regional Director,2026,FQ2,2025,9,September
2025-09-01,216,2,Sports,72,12031.18,4654.26,0.3868,Aggressive,Finance Ops,2026,FQ2,2025,9,September
2025-09-01,217,2,Beauty,112,6202.71,2000.39,0.3225,Aggressive,Finance Ops,2026,FQ2,2025,9,September
2025-09-01,217,2,Electronics,104,134309.28,53724.18,0.4,Aggressive,Commercial Planning,2026,FQ2,2025,9,September
2025-09-01,217,2,Fashion,93,8044.1,3344.53,0.4158,Aggressive,Commercial Planning,2026,FQ2,2025,9,September
2025-09-01,217,2,Furniture,67,36036.73,15520.78,0.4307,Aggressive,Commercial Planning,2026,FQ2,2025,9,September
2025-09-01,217,2,Grocery,112,2902.71,1159.61,0.3995,Aggressive,Commercial Planning,2026,FQ2,2025,9,September
2025-09-01,217,2,Home Appliances,77,30967.43,12682.58,0.4095,Aggressive,Commercial Planning,2026,FQ2,2025,9,September
2025-09-01,217,2,Office Supplies,61,2461.43,920.39,0.3739,Aggressive,Commercial Planning,2026,FQ2,2025,9,September
2025-09-01,217,2,Sports,71,13332.26,6032.18,0.4524,Aggressive,Finance Ops,2026,FQ2,2025,9,September
2025-09-01,218,3,Beauty,244,13749.44,4436.86,0.3227,Aggressive,Finance Ops,2026,FQ2,2025,9,September
2025-09-01,218,3,Electronics,486,476010.1,158725.13,0.3334,Aggressive,Regional Director,2026,FQ2,2025,9,September
2025-09-01,218,3,Fashion,298,27574.48,9873.5,0.3581,Aggressive,Finance Ops,2026,FQ2,2025,9,September
2025-09-01,218,3,Furniture,167,100811.47,30952.95,0.307,Aggressive,Commercial Planning,2026,FQ2,2025,9,September
2025-09-01,218,3,Grocery,321,6394.42,2344.16,0.3666,Aggressive,Commercial Planning,2026,FQ2,2025,9,September
2025-09-01,218,3,Home Appliances,357,150844.8,57453.13,0.3809,Aggressive,Finance Ops,2026,FQ2,2025,9,September
2025-09-01,218,3,Office Supplies,453,21099.54,8829.33,0.4185,Aggressive,Finance Ops,2026,FQ2,2025,9,September
2025-09-01,218,3,Sports,166,23097.08,9688.23,0.4195,Aggressive,Commercial Planning,2026,FQ2,2025,9,September
2025-09-01,219,3,Beauty,365,16385.64,5834.0,0.356,Aggressive,Finance Ops,2026,FQ2,2025,9,September
2025-09-01,219,3,Electronics,460,536337.54,202071.26,0.3768,Aggressive,Finance Ops,2026,FQ2,2025,9,September
2025-09-01,219,3,Fashion,247,22135.75,8652.69,0.3909,Aggressive,Commercial Planning,2026,FQ2,2025,9,September
2025-09-01,219,3,Furniture,373,233184.12,90206.3,0.3868,Aggressive,Finance Ops,2026,FQ2,2025,9,September
2025-09-01,219,3,Grocery,411,7721.5,2859.38,0.3703,Aggressive,Regional Director,2026,FQ2,2025,9,September
2025-09-01,219,3,Home Appliances,526,217985.37,89992.83,0.4128,Aggressive,Commercial Planning,2026,FQ2,2025,9,September
2025-09-01,219,3,Office Supplies,572,25037.79,10291.8,0.4111,Aggressive,Commercial Planning,2026,FQ2,2025,9,September
2025-09-01,219,3,Sports,194,28854.39,11276.01,0.3908,Aggressive,Finance Ops,2026,FQ2,2025,9,September
2025-09-01,220,4,Beauty,110,5397.51,2060.45,0.3817,Aggressive,Commercial Planning,2026,FQ2,2025,9,September
2025-09-01,220,4,Electronics,132,130723.13,50446.45,0.3859,Aggressive,Commercial Planning,2026,FQ2,2025,9,September
2025-09-01,220,4,Fashion,93,6997.57,2703.9,0.3864,Aggressive,Finance Ops,2026,FQ2,2025,9,September
2025-09-01,220,4,Furniture,85,64045.68,24632.38,0.3846,Aggressive,Finance Ops,2026,FQ2,2025,9,September
2025-09-01,220,4,Grocery,141,3670.09,1469.47,0.4004,Aggressive,Commercial Planning,2026,FQ2,2025,9,September
2025-09-01,220,4,Home Appliances,73,31709.71,14120.26,0.4453,Aggressive,Commercial Planning,2026,FQ2,2025,9,September
2025-09-01,220,4,Office Supplies,103,5213.93,2210.13,0.4239,Aggressive,Finance Ops,2026,FQ2,2025,9,September
2025-09-01,220,4,Sports,137,22477.13,9725.87,0.4327,Aggressive,Regional Director,2026,FQ2,2025,9,September
2025-10-01,201,1,Beauty,20,730.02,234.37,0.321,Aggressive,Commercial Planning,2026,FQ3,2025,10,October
2025-10-01,201,1,Electronics,23,27695.85,9216.65,0.3328,Aggressive,Finance Ops,2026,FQ3,2025,10,October
2025-10-01,201,1,Fashion,10,806.42,286.77,0.3556,Aggressive,Commercial Planning,2026,FQ3,2025,10,October
2025-10-01,201,1,Furniture,28,13324.46,2703.38,0.2029,Aggressive,Finance Ops,2026,FQ3,2025,10,October
2025-10-01,201,1,Grocery,42,1046.78,280.18,0.2677,Aggressive,Regional Director,2026,FQ3,2025,10,October
2025-10-01,201,1,Home Appliances,40,17193.56,6576.88,0.3825,Aggressive,Commercial Planning,2026,FQ3,2025,10,October
2025-10-01,201,1,Office Supplies,26,838.73,339.37,0.4046,Aggressive,Finance Ops,2026,FQ3,2025,10,October
2025-10-01,201,1,Sports,31,5030.27,1558.72,0.3099,Aggressive,Regional Director,2026,FQ3,2025,10,October
2025-10-01,202,1,Beauty,19,1017.95,343.67,0.3376,Aggressive,Finance Ops,2026,FQ3,2025,10,October
2025-10-01,202,1,Electronics,11,7582.81,2408.28,0.3176,Aggressive,Finance Ops,2026,FQ3,2025,10,October
2025-10-01,202,1,Fashion,21,2373.54,941.11,0.3965,Aggressive,Finance Ops,2026,FQ3,2025,10,October
2025-10-01,202,1,Furniture,22,8507.47,3068.76,0.3607,Aggressive,Regional Director,2026,FQ3,2025,10,October
2025-10-01,202,1,Grocery,48,1212.36,526.76,0.4345,Aggressive,Finance Ops,2026,FQ3,2025,10,October
2025-10-01,202,1,Home Appliances,29,16943.57,8291.92,0.4894,Aggressive,Regional Director,2026,FQ3,2025,10,October
2025-10-01,202,1,Office Supplies,6,318.28,126.2,0.3965,Aggressive,Commercial Planning,2026,FQ3,2025,10,October
2025-10-01,202,1,Sports,18,1966.52,703.05,0.3575,Aggressive,Commercial Planning,2026,FQ3,2025,10,October
2025-10-01,203,1,Beauty,19,1019.68,497.23,0.4876,Aggressive,Commercial Planning,2026,FQ3,2025,10,October
2025-10-01,203,1,Electronics,21,22943.92,7923.72,0.3454,Aggressive,Commercial Planning,2026,FQ3,2025,10,October
2025-10-01,203,1,Fashion,17,1894.24,735.7,0.3884,Aggressive,Commercial Planning,2026,FQ3,2025,10,October
2025-10-01,203,1,Furniture,10,6778.49,3188.7,0.4704,Aggressive,Commercial Planning,2026,FQ3,2025,10,October
2025-10-01,203,1,Grocery,31,745.24,242.43,0.3253,Aggressive,Finance Ops,2026,FQ3,2025,10,October
2025-10-01,203,1,Home Appliances,25,14582.29,5787.84,0.3969,Aggressive,Commercial Planning,2026,FQ3,2025,10,October
2025-10-01,203,1,Office Supplies,18,800.78,311.49,0.389,Aggressive,Commercial Planning,2026,FQ3,2025,10,October
2025-10-01,203,1,Sports,14,1587.71,721.87,0.4547,Aggressive,Finance Ops,2026,FQ3,2025,10,October
2025-10-01,204,1,Beauty,18,847.93,282.92,0.3337,Aggressive,Commercial Planning,2026,FQ3,2025,10,October
2025-10-01,204,1,Electronics,41,43953.47,18597.1,0.4231,Aggressive,Commercial Planning,2026,FQ3,2025,10,October
2025-10-01,204,1,Fashion,22,1626.18,509.39,0.3132,Aggressive,Commercial Planning,2026,FQ3,2025,10,October
2025-10-01,204,1,Furniture,14,7053.75,1971.68,0.2795,Aggressive,Finance Ops,2026,FQ3,2025,10,October
2025-10-01,204,1,Grocery,20,494.48,101.25,0.2048,Aggressive,Regional Director,2026,FQ3,2025,10,October
2025-10-01,204,1,Home Appliances,12,4963.92,1853.53,0.3734,Aggressive,Finance Ops,2026,FQ3,2025,10,October
2025-10-01,204,1,Office Supplies,41,1695.52,857.24,0.5056,Aggressive,Commercial Planning,2026,FQ3,2025,10,October
2025-10-01,204,1,Sports,21,2273.7,1069.44,0.4704,Aggressive,Commercial Planning,2026,FQ3,2025,10,October
2025-10-01,205,1,Beauty,27,1447.26,466.55,0.3224,Aggressive,Finance Ops,2026,FQ3,2025,10,October
2025-10-01,205,1,Electronics,29,30862.91,9740.67,0.3156,Aggressive,Finance Ops,2026,FQ3,2025,10,October
2025-10-01,205,1,Fashion,33,3966.69,1528.69,0.3854,Aggressive,Commercial Planning,2026,FQ3,2025,10,October
2025-10-01,205,1,Furniture,11,7239.18,2431.17,0.3358,Aggressive,Commercial Planning,2026,FQ3,2025,10,October
2025-10-01,205,1,Grocery,46,1405.59,495.9,0.3528,Aggressive,Finance Ops,2026,FQ3,2025,10,October
2025-10-01,205,1,Home Appliances,43,26076.89,9688.42,0.3715,Aggressive,Finance Ops,2026,FQ3,2025,10,October
2025-10-01,205,1,Office Supplies,29,1212.43,441.66,0.3643,Aggressive,Commercial Planning,2026,FQ3,2025,10,October
2025-10-01,205,1,Sports,8,1311.96,474.3,0.3615,Aggressive,Finance Ops,2026,FQ3,2025,10,October
2025-10-01,206,1,Beauty,35,1184.83,303.32,0.256,Aggressive,Regional Director,2026,FQ3,2025,10,October
2025-10-01,206,1,Electronics,24,9002.07,4273.12,0.4747,Aggressive,Finance Ops,2026,FQ3,2025,10,October
2025-10-01,206,1,Fashion,23,2121.04,731.97,0.3451,Aggressive,Finance Ops,2026,FQ3,2025,10,October
2025-10-01,206,1,Furniture,15,10964.69,3885.79,0.3544,Aggressive,Regional Director,2026,FQ3,2025,10,October
2025-10-01,206,1,Grocery,15,393.38,144.0,0.3661,Aggressive,Finance Ops,2026,FQ3,2025,10,October
2025-10-01,206,1,Home Appliances,35,15224.69,6139.45,0.4033,Aggressive,Finance Ops,2026,FQ3,2025,10,October
2025-10-01,206,1,Office Supplies,27,985.79,386.01,0.3916,Aggressive,Finance Ops,2026,FQ3,2025,10,October
2025-10-01,206,1,Sports,6,1053.62,338.53,0.3213,Aggressive,Finance Ops,2026,FQ3,2025,10,October
2025-10-01,207,1,Beauty,25,1333.5,403.15,0.3023,Aggressive,Commercial Planning,2026,FQ3,2025,10,October
2025-10-01,207,1,Electronics,47,43257.3,16815.78,0.3887,Aggressive,Finance Ops,2026,FQ3,2025,10,October
2025-10-01,207,1,Fashion,24,2974.09,1261.37,0.4241,Aggressive,Finance Ops,2026,FQ3,2025,10,October
2025-10-01,207,1,Furniture,11,3889.74,1481.63,0.3809,Aggressive,Finance Ops,2026,FQ3,2025,10,October
2025-10-01,207,1,Grocery,28,375.22,122.69,0.327,Aggressive,Finance Ops,2026,FQ3,2025,10,October
2025-10-01,207,1,Home Appliances,24,12031.42,4401.41,0.3658,Aggressive,Finance Ops,2026,FQ3,2025,10,October
2025-10-01,207,1,Office Supplies,23,1067.01,336.83,0.3157,Aggressive,Commercial Planning,2026,FQ3,2025,10,October
2025-10-01,207,1,Sports,21,2973.44,1150.81,0.387,Aggressive,Commercial Planning,2026,FQ3,2025,10,October
2025-10-01,208,1,Beauty,52,2189.66,538.61,0.246,Aggressive,Regional Director,2026,FQ3,2025,10,October
2025-10-01,208,1,Electronics,38,43093.12,18090.81,0.4198,Aggressive,Regional Director,2026,FQ3,2025,10,October
2025-10-01,208,1,Fashion,29,2502.56,945.67,0.3779,Aggressive,Commercial Planning,2026,FQ3,2025,10,October
2025-10-01,208,1,Furniture,33,16181.04,6260.32,0.3869,Aggressive,Regional Director,2026,FQ3,2025,10,October
2025-10-01,208,1,Grocery,21,458.4,118.33,0.2581,Aggressive,Finance Ops,2026,FQ3,2025,10,October
2025-10-01,208,1,Home Appliances,30,21679.75,8521.27,0.3931,Aggressive,Finance Ops,2026,FQ3,2025,10,October
2025-10-01,208,1,Office Supplies,11,520.77,199.08,0.3823,Aggressive,Finance Ops,2026,FQ3,2025,10,October
2025-10-01,208,1,Sports,11,1674.89,374.97,0.2239,Aggressive,Commercial Planning,2026,FQ3,2025,10,October
2025-10-01,209,1,Beauty,30,1551.31,571.85,0.3686,Aggressive,Finance Ops,2026,FQ3,2025,10,October
2025-10-01,209,1,Electronics,28,30145.99,10713.76,0.3554,Aggressive,Finance Ops,2026,FQ3,2025,10,October
2025-10-01,209,1,Fashion,6,485.39,158.18,0.3259,Aggressive,Commercial Planning,2026,FQ3,2025,10,October
2025-10-01,209,1,Furniture,38,24598.53,10615.66,0.4316,Aggressive,Finance Ops,2026,FQ3,2025,10,October
2025-10-01,209,1,Grocery,27,701.69,265.8,0.3788,Aggressive,Regional Director,2026,FQ3,2025,10,October
2025-10-01,209,1,Home Appliances,21,11036.31,5004.48,0.4535,Aggressive,Finance Ops,2026,FQ3,2025,10,October
2025-10-01,209,1,Office Supplies,16,1001.92,459.54,0.4587,Aggressive,Finance Ops,2026,FQ3,2025,10,October
2025-10-01,209,1,Sports,32,6236.47,912.38,0.1463,Aggressive,Finance Ops,2026,FQ3,2025,10,October
2025-10-01,210,1,Beauty,13,666.99,235.67,0.3533,Aggressive,Finance Ops,2026,FQ3,2025,10,October
2025-10-01,210,1,Electronics,26,17387.67,6942.94,0.3993,Aggressive,Finance Ops,2026,FQ3,2025,10,October
2025-10-01,210,1,Fashion,36,3629.4,1398.85,0.3854,Aggressive,Finance Ops,2026,FQ3,2025,10,October
2025-10-01,210,1,Furniture,37,26563.26,9546.77,0.3594,Aggressive,Regional Director,2026,FQ3,2025,10,October
2025-10-01,210,1,Grocery,14,312.39,99.1,0.3172,Aggressive,Finance Ops,2026,FQ3,2025,10,October
2025-10-01,210,1,Home Appliances,68,27248.17,8945.31,0.3283,Aggressive,Commercial Planning,2026,FQ3,2025,10,October
2025-10-01,210,1,Office Supplies,23,1042.47,340.92,0.327,Aggressive,Finance Ops,2026,FQ3,2025,10,October
2025-10-01,210,1,Sports,4,544.14,123.65,0.2272,Aggressive,Regional Director,2026,FQ3,2025,10,October
2025-10-01,211,1,Beauty,32,1559.07,589.15,0.3779,Aggressive,Finance Ops,2026,FQ3,2025,10,October
2025-10-01,211,1,Electronics,33,24821.63,8899.65,0.3585,Aggressive,Finance Ops,2026,FQ3,2025,10,October
2025-10-01,211,1,Fashion,31,4018.58,1431.45,0.3562,Aggressive,Commercial Planning,2026,FQ3,2025,10,October
2025-10-01,211,1,Furniture,8,4413.81,1224.49,0.2774,Aggressive,Finance Ops,2026,FQ3,2025,10,October
2025-10-01,211,1,Grocery,11,241.91,85.12,0.3519,Aggressive,Commercial Planning,2026,FQ3,2025,10,October
2025-10-01,211,1,Home Appliances,33,14429.24,5342.54,0.3703,Aggressive,Finance Ops,2026,FQ3,2025,10,October
2025-10-01,211,1,Office Supplies,10,726.66,320.57,0.4412,Aggressive,Finance Ops,2026,FQ3,2025,10,October
2025-10-01,211,1,Sports,6,1118.13,387.59,0.3466,Aggressive,Finance Ops,2026,FQ3,2025,10,October
2025-10-01,212,1,Beauty,33,1737.84,630.12,0.3626,Aggressive,Commercial Planning,2026,FQ3,2025,10,October
2025-10-01,212,1,Electronics,54,42528.31,15717.73,0.3696,Aggressive,Finance Ops,2026,FQ3,2025,10,October
2025-10-01,212,1,Fashion,15,1903.24,804.91,0.4229,Aggressive,Finance Ops,2026,FQ3,2025,10,October
2025-10-01,212,1,Furniture,3,2972.39,865.38,0.2911,Aggressive,Commercial Planning,2026,FQ3,2025,10,October
2025-10-01,212,1,Grocery,20,422.6,177.92,0.421,Aggressive,Finance Ops,2026,FQ3,2025,10,October
2025-10-01,212,1,Home Appliances,29,14292.35,5649.01,0.3952,Aggressive,Finance Ops,2026,FQ3,2025,10,October
2025-10-01,212,1,Office Supplies,19,582.46,205.83,0.3534,Aggressive,Finance Ops,2026,FQ3,2025,10,October
2025-10-01,212,1,Sports,45,8771.61,3573.89,0.4074,Aggressive,Finance Ops,2026,FQ3,2025,10,October
2025-10-01,213,1,Beauty,20,1102.49,321.55,0.2917,Aggressive,Regional Director,2026,FQ3,2025,10,October
2025-10-01,213,1,Electronics,27,24349.98,9195.27,0.3776,Aggressive,Finance Ops,2026,FQ3,2025,10,October
2025-10-01,213,1,Fashion,28,2063.0,793.71,0.3847,Aggressive,Finance Ops,2026,FQ3,2025,10,October
2025-10-01,213,1,Furniture,26,18437.95,5318.45,0.2885,Aggressive,Finance Ops,2026,FQ3,2025,10,October
2025-10-01,213,1,Grocery,14,293.07,83.56,0.2851,Aggressive,Finance Ops,2026,FQ3,2025,10,October
2025-10-01,213,1,Home Appliances,16,10380.46,4636.24,0.4466,Aggressive,Finance Ops,2026,FQ3,2025,10,October
2025-10-01,213,1,Office Supplies,24,1053.68,444.31,0.4217,Aggressive,Finance Ops,2026,FQ3,2025,10,October
2025-10-01,213,1,Sports,9,1400.46,468.01,0.3342,Aggressive,Finance Ops,2026,FQ3,2025,10,October
2025-10-01,214,1,Beauty,12,775.71,181.66,0.2342,Aggressive,Commercial Planning,2026,FQ3,2025,10,October
2025-10-01,214,1,Electronics,69,60270.52,22724.88,0.377,Aggressive,Finance Ops,2026,FQ3,2025,10,October
2025-10-01,214,1,Fashion,18,1497.63,536.08,0.358,Aggressive,Finance Ops,2026,FQ3,2025,10,October
2025-10-01,214,1,Furniture,30,25698.45,8881.64,0.3456,Aggressive,Commercial Planning,2026,FQ3,2025,10,October
2025-10-01,214,1,Grocery,35,1006.31,317.41,0.3154,Aggressive,Commercial Planning,2026,FQ3,2025,10,October
2025-10-01,214,1,Home Appliances,35,14255.04,3999.45,0.2806,Aggressive,Finance Ops,2026,FQ3,2025,10,October
2025-10-01,214,1,Office Supplies,25,944.03,341.66,0.3619,Aggressive,Commercial Planning,2026,FQ3,2025,10,October
2025-10-01,214,1,Sports,14,1559.88,471.8,0.3025,Aggressive,Commercial Planning,2026,FQ3,2025,10,October
2025-10-01,215,2,Beauty,164,7646.92,2478.83,0.3242,Aggressive,Commercial Planning,2026,FQ3,2025,10,October
2025-10-01,215,2,Electronics,119,102238.03,36952.63,0.3614,Aggressive,Commercial Planning,2026,FQ3,2025,10,October
2025-10-01,215,2,Fashion,115,12114.67,4325.88,0.3571,Aggressive,Commercial Planning,2026,FQ3,2025,10,October
2025-10-01,215,2,Furniture,109,65792.9,22374.01,0.3401,Aggressive,Finance Ops,2026,FQ3,2025,10,October
2025-10-01,215,2,Grocery,56,1418.05,544.79,0.3842,Aggressive,Regional Director,2026,FQ3,2025,10,October
2025-10-01,215,2,Home Appliances,164,81592.47,33584.39,0.4116,Aggressive,Finance Ops,2026,FQ3,2025,10,October
2025-10-01,215,2,Office Supplies,135,7039.77,2736.01,0.3887,Aggressive,Finance Ops,2026,FQ3,2025,10,October
2025-10-01,215,2,Sports,64,12692.99,4469.3,0.3521,Aggressive,Regional Director,2026,FQ3,2025,10,October
2025-10-01,216,2,Beauty,132,6749.52,2016.48,0.2988,Aggressive,Commercial Planning,2026,FQ3,2025,10,October
2025-10-01,216,2,Electronics,153,152867.88,53369.84,0.3491,Aggressive,Finance Ops,2026,FQ3,2025,10,October
2025-10-01,216,2,Fashion,105,9834.31,3274.38,0.333,Aggressive,Commercial Planning,2026,FQ3,2025,10,October
2025-10-01,216,2,Furniture,75,54489.26,20114.21,0.3691,Aggressive,Commercial Planning,2026,FQ3,2025,10,October
2025-10-01,216,2,Grocery,74,1834.95,675.45,0.3681,Aggressive,Regional Director,2026,FQ3,2025,10,October
2025-10-01,216,2,Home Appliances,103,36007.14,14767.53,0.4101,Aggressive,Regional Director,2026,FQ3,2025,10,October
2025-10-01,216,2,Office Supplies,141,5541.84,1898.13,0.3425,Aggressive,Regional Director,2026,FQ3,2025,10,October
2025-10-01,216,2,Sports,100,15939.78,6408.52,0.402,Aggressive,Finance Ops,2026,FQ3,2025,10,October
2025-10-01,217,2,Beauty,107,5601.89,1876.82,0.335,Aggressive,Finance Ops,2026,FQ3,2025,10,October
2025-10-01,217,2,Electronics,102,69486.53,26065.98,0.3751,Aggressive,Commercial Planning,2026,FQ3,2025,10,October
2025-10-01,217,2,Fashion,112,9575.96,3892.31,0.4065,Aggressive,Commercial Planning,2026,FQ3,2025,10,October
2025-10-01,217,2,Furniture,30,16923.48,6087.81,0.3597,Aggressive,Commercial Planning,2026,FQ3,2025,10,October
2025-10-01,217,2,Grocery,68,1372.93,520.95,0.3794,Aggressive,Commercial Planning,2026,FQ3,2025,10,October
2025-10-01,217,2,Home Appliances,136,52226.97,16904.96,0.3237,Aggressive,Finance Ops,2026,FQ3,2025,10,October
2025-10-01,217,2,Office Supplies,88,3569.53,1208.77,0.3386,Aggressive,Finance Ops,2026,FQ3,2025,10,October
2025-10-01,217,2,Sports,84,12825.44,4921.91,0.3838,Aggressive,Finance Ops,2026,FQ3,2025,10,October
2025-10-01,218,3,Beauty,381,19246.74,5864.71,0.3047,Aggressive,Finance Ops,2026,FQ3,2025,10,October
2025-10-01,218,3,Electronics,311,337799.24,127282.17,0.3768,Aggressive,Finance Ops,2026,FQ3,2025,10,October
2025-10-01,218,3,Fashion,327,26873.89,10029.11,0.3732,Aggressive,Finance Ops,2026,FQ3,2025,10,October
2025-10-01,218,3,Furniture,450,249370.28,84441.06,0.3386,Aggressive,Finance Ops,2026,FQ3,2025,10,October
2025-10-01,218,3,Grocery,636,12844.38,4774.46,0.3717,Aggressive,Commercial Planning,2026,FQ3,2025,10,October
2025-10-01,218,3,Home Appliances,907,416861.72,161473.51,0.3874,Aggressive,Finance Ops,2026,FQ3,2025,10,October
2025-10-01,218,3,Office Supplies,407,16619.54,6549.65,0.3941,Aggressive,Finance Ops,2026,FQ3,2025,10,October
2025-10-01,218,3,Sports,305,51430.39,19566.54,0.3804,Aggressive,Finance Ops,2026,FQ3,2025,10,October
2025-10-01,219,3,Beauty,228,10774.73,3709.45,0.3443,Aggressive,Regional Director,2026,FQ3,2025,10,October
2025-10-01,219,3,Electronics,309,210809.72,87322.79,0.4142,Aggressive,Finance Ops,2026,FQ3,2025,10,October
2025-10-01,219,3,Fashion,434,45311.1,15851.45,0.3498,Aggressive,Commercial Planning,2026,FQ3,2025,10,October
2025-10-01,219,3,Furniture,315,235873.26,69043.96,0.2927,Aggressive,Finance Ops,2026,FQ3,2025,10,October
2025-10-01,219,3,Grocery,432,7050.03,2343.74,0.3324,Aggressive,Finance Ops,2026,FQ3,2025,10,October
2025-10-01,219,3,Home Appliances,672,274695.98,94466.76,0.3439,Aggressive,Commercial Planning,2026,FQ3,2025,10,October
2025-10-01,219,3,Office Supplies,325,12988.02,5110.06,0.3934,Aggressive,Finance Ops,2026,FQ3,2025,10,October
2025-10-01,219,3,Sports,372,61987.68,20339.27,0.3281,Aggressive,Commercial Planning,2026,FQ3,2025,10,October
2025-10-01,220,4,Beauty,95,4421.09,1497.37,0.3387,Aggressive,Commercial Planning,2026,FQ3,2025,10,October
2025-10-01,220,4,Electronics,135,133140.81,51736.75,0.3886,Aggressive,Finance Ops,2026,FQ3,2025,10,October
2025-10-01,220,4,Fashion,170,15339.35,5538.71,0.3611,Aggressive,Regional Director,2026,FQ3,2025,10,October
2025-10-01,220,4,Furniture,119,67211.11,23079.07,0.3434,Aggressive,Regional Director,2026,FQ3,2025,10,October
2025-10-01,220,4,Grocery,68,1300.05,484.7,0.3728,Aggressive,Regional Director,2026,FQ3,2025,10,October
2025-10-01,220,4,Home Appliances,142,63766.87,22592.8,0.3543,Aggressive,Commercial Planning,2026,FQ3,2025,10,October
2025-10-01,220,4,Office Supplies,130,5259.82,2103.42,0.3999,Aggressive,Commercial Planning,2026,FQ3,2025,10,October
2025-10-01,220,4,Sports,136,24007.2,8698.46,0.3623,Aggressive,Commercial Planning,2026,FQ3,2025,10,October
2025-11-01,201,1,Beauty,42,1239.47,397.06,0.3203,Aggressive,Regional Director,2026,FQ3,2025,11,November
2025-11-01,201,1,Electronics,30,37166.79,11926.33,0.3209,Aggressive,Commercial Planning,2026,FQ3,2025,11,November
2025-11-01,201,1,Fashion,14,1354.04,540.92,0.3995,Aggressive,Finance Ops,2026,FQ3,2025,11,November
2025-11-01,201,1,Furniture,8,5196.19,1842.5,0.3546,Aggressive,Finance Ops,2026,FQ3,2025,11,November
2025-11-01,201,1,Grocery,37,1030.91,376.41,0.3651,Aggressive,Finance Ops,2026,FQ3,2025,11,November
2025-11-01,201,1,Home Appliances,35,8623.94,3294.84,0.3821,Aggressive,Commercial Planning,2026,FQ3,2025,11,November
2025-11-01,201,1,Office Supplies,20,709.69,298.11,0.4201,Aggressive,Finance Ops,2026,FQ3,2025,11,November
2025-11-01,201,1,Sports,22,3616.59,1023.55,0.283,Aggressive,Regional Director,2026,FQ3,2025,11,November
2025-11-01,202,1,Beauty,10,485.06,184.58,0.3805,Aggressive,Finance Ops,2026,FQ3,2025,11,November
2025-11-01,202,1,Electronics,37,45067.31,16570.62,0.3677,Aggressive,Finance Ops,2026,FQ3,2025,11,November
2025-11-01,202,1,Fashion,39,4100.6,1477.85,0.3604,Aggressive,Regional Director,2026,FQ3,2025,11,November
2025-11-01,202,1,Furniture,21,15981.95,4876.39,0.3051,Aggressive,Regional Director,2026,FQ3,2025,11,November
2025-11-01,202,1,Grocery,18,438.76,158.9,0.3622,Aggressive,Commercial Planning,2026,FQ3,2025,11,November
2025-11-01,202,1,Home Appliances,56,32251.46,12545.26,0.389,Aggressive,Regional Director,2026,FQ3,2025,11,November
2025-11-01,202,1,Office Supplies,21,1113.52,420.28,0.3774,Aggressive,Regional Director,2026,FQ3,2025,11,November
2025-11-01,202,1,Sports,23,4896.78,1667.04,0.3404,Aggressive,Commercial Planning,2026,FQ3,2025,11,November
2025-11-01,203,1,Beauty,19,555.19,153.12,0.2758,Aggressive,Commercial Planning,2026,FQ3,2025,11,November
2025-11-01,203,1,Electronics,21,11697.17,4254.59,0.3637,Aggressive,Finance Ops,2026,FQ3,2025,11,November
2025-11-01,203,1,Fashion,23,2333.91,994.8,0.4262,Aggressive,Finance Ops,2026,FQ3,2025,11,November
2025-11-01,203,1,Furniture,7,5616.89,1702.15,0.303,Aggressive,Finance Ops,2026,FQ3,2025,11,November
2025-11-01,203,1,Grocery,38,984.88,300.06,0.3047,Aggressive,Regional Director,2026,FQ3,2025,11,November
2025-11-01,203,1,Home Appliances,11,4161.46,1630.19,0.3917,Aggressive,Regional Director,2026,FQ3,2025,11,November
2025-11-01,203,1,Office Supplies,37,1149.24,353.52,0.3076,Aggressive,Finance Ops,2026,FQ3,2025,11,November
2025-11-01,203,1,Sports,18,3779.33,856.59,0.2267,Aggressive,Commercial Planning,2026,FQ3,2025,11,November
2025-11-01,204,1,Beauty,12,556.07,229.82,0.4133,Aggressive,Commercial Planning,2026,FQ3,2025,11,November
2025-11-01,204,1,Electronics,41,52633.42,22861.01,0.4343,Aggressive,Commercial Planning,2026,FQ3,2025,11,November
2025-11-01,204,1,Fashion,8,543.23,125.39,0.2308,Aggressive,Regional Director,2026,FQ3,2025,11,November
2025-11-01,204,1,Furniture,25,14159.1,3543.74,0.2503,Aggressive,Commercial Planning,2026,FQ3,2025,11,November
2025-11-01,204,1,Grocery,26,660.12,236.84,0.3588,Aggressive,Finance Ops,2026,FQ3,2025,11,November
2025-11-01,204,1,Home Appliances,73,30729.1,9364.65,0.3047,Aggressive,Commercial Planning,2026,FQ3,2025,11,November
2025-11-01,204,1,Office Supplies,29,1501.75,600.04,0.3996,Aggressive,Commercial Planning,2026,FQ3,2025,11,November
2025-11-01,204,1,Sports,23,5989.78,2316.12,0.3867,Aggressive,Finance Ops,2026,FQ3,2025,11,November
2025-11-01,205,1,Beauty,17,693.68,206.69,0.298,Aggressive,Commercial Planning,2026,FQ3,2025,11,November
2025-11-01,205,1,Electronics,42,40130.45,14884.53,0.3709,Aggressive,Commercial Planning,2026,FQ3,2025,11,November
2025-11-01,205,1,Fashion,33,3228.0,1238.55,0.3837,Aggressive,Finance Ops,2026,FQ3,2025,11,November
2025-11-01,205,1,Furniture,43,26655.82,11080.42,0.4157,Aggressive,Finance Ops,2026,FQ3,2025,11,November
2025-11-01,205,1,Grocery,20,488.56,135.86,0.2781,Aggressive,Regional Director,2026,FQ3,2025,11,November
2025-11-01,205,1,Home Appliances,45,25431.14,10002.66,0.3933,Aggressive,Finance Ops,2026,FQ3,2025,11,November
2025-11-01,205,1,Office Supplies,34,1399.73,551.98,0.3943,Aggressive,Regional Director,2026,FQ3,2025,11,November
2025-11-01,205,1,Sports,17,3371.41,845.22,0.2507,Aggressive,Regional Director,2026,FQ3,2025,11,November
2025-11-01,206,1,Beauty,49,2947.06,970.12,0.3292,Aggressive,Commercial Planning,2026,FQ3,2025,11,November
2025-11-01,206,1,Electronics,44,31506.51,10920.3,0.3466,Aggressive,Regional Director,2026,FQ3,2025,11,November
2025-11-01,206,1,Fashion,12,986.74,425.45,0.4312,Aggressive,Regional Director,2026,FQ3,2025,11,November
2025-11-01,206,1,Furniture,15,11905.01,4898.16,0.4114,Aggressive,Commercial Planning,2026,FQ3,2025,11,November
2025-11-01,206,1,Grocery,5,136.25,51.05,0.3747,Aggressive,Commercial Planning,2026,FQ3,2025,11,November
2025-11-01,206,1,Home Appliances,58,19404.88,4632.75,0.2387,Aggressive,Finance Ops,2026,FQ3,2025,11,November
2025-11-01,206,1,Office Supplies,25,982.79,357.1,0.3634,Aggressive,Commercial Planning,2026,FQ3,2025,11,November
2025-11-01,206,1,Sports,27,5017.61,1617.37,0.3223,Aggressive,Commercial Planning,2026,FQ3,2025,11,November
2025-11-01,207,1,Beauty,34,1653.52,482.9,0.292,Aggressive,Finance Ops,2026,FQ3,2025,11,November
2025-11-01,207,1,Electronics,28,26120.38,8755.26,0.3352,Aggressive,Finance Ops,2026,FQ3,2025,11,November
2025-11-01,207,1,Fashion,19,1408.74,567.11,0.4026,Aggressive,Finance Ops,2026,FQ3,2025,11,November
2025-11-01,207,1,Furniture,31,20988.23,6349.59,0.3025,Aggressive,Commercial Planning,2026,FQ3,2025,11,November
2025-11-01,207,1,Grocery,33,743.83,239.85,0.3225,Aggressive,Finance Ops,2026,FQ3,2025,11,November
2025-11-01,207,1,Home Appliances,45,23289.53,8229.71,0.3534,Aggressive,Regional Director,2026,FQ3,2025,11,November
2025-11-01,207,1,Office Supplies,43,1902.2,763.01,0.4011,Aggressive,Finance Ops,2026,FQ3,2025,11,November
2025-11-01,207,1,Sports,23,3679.0,931.75,0.2533,Aggressive,Finance Ops,2026,FQ3,2025,11,November
2025-11-01,208,1,Beauty,25,725.07,249.55,0.3442,Aggressive,Finance Ops,2026,FQ3,2025,11,November
2025-11-01,208,1,Electronics,55,60895.46,24596.4,0.4039,Aggressive,Commercial Planning,2026,FQ3,2025,11,November
2025-11-01,208,1,Fashion,13,976.57,239.76,0.2455,Aggressive,Finance Ops,2026,FQ3,2025,11,November
2025-11-01,208,1,Furniture,52,41275.8,15073.92,0.3652,Aggressive,Finance Ops,2026,FQ3,2025,11,November
2025-11-01,208,1,Grocery,49,1171.63,363.48,0.3102,Aggressive,Finance Ops,2026,FQ3,2025,11,November
2025-11-01,208,1,Home Appliances,47,22926.47,8608.15,0.3755,Aggressive,Regional Director,2026,FQ3,2025,11,November
2025-11-01,208,1,Office Supplies,9,336.46,160.98,0.4785,Aggressive,Regional Director,2026,FQ3,2025,11,November
2025-11-01,208,1,Sports,22,2884.44,1078.01,0.3737,Aggressive,Regional Director,2026,FQ3,2025,11,November
2025-11-01,209,1,Beauty,33,1896.93,607.23,0.3201,Aggressive,Finance Ops,2026,FQ3,2025,11,November
2025-11-01,209,1,Electronics,24,14585.61,4675.22,0.3205,Aggressive,Regional Director,2026,FQ3,2025,11,November
2025-11-01,209,1,Fashion,9,1210.03,472.86,0.3908,Aggressive,Finance Ops,2026,FQ3,2025,11,November
2025-11-01,209,1,Furniture,39,36939.56,10896.28,0.295,Aggressive,Regional Director,2026,FQ3,2025,11,November
2025-11-01,209,1,Grocery,27,363.73,147.0,0.4041,Aggressive,Finance Ops,2026,FQ3,2025,11,November
2025-11-01,209,1,Home Appliances,16,8332.56,2406.67,0.2888,Aggressive,Regional Director,2026,FQ3,2025,11,November
2025-11-01,209,1,Office Supplies,34,1655.1,670.67,0.4052,Aggressive,Regional Director,2026,FQ3,2025,11,November
2025-11-01,209,1,Sports,39,5855.35,2130.69,0.3639,Aggressive,Finance Ops,2026,FQ3,2025,11,November
2025-11-01,210,1,Beauty,25,1559.94,426.77,0.2736,Aggressive,Commercial Planning,2026,FQ3,2025,11,November
2025-11-01,210,1,Electronics,33,23393.95,8290.49,0.3544,Aggressive,Regional Director,2026,FQ3,2025,11,November
2025-11-01,210,1,Fashion,8,611.65,190.61,0.3116,Aggressive,Finance Ops,2026,FQ3,2025,11,November
2025-11-01,210,1,Furniture,55,26561.55,9732.57,0.3664,Aggressive,Finance Ops,2026,FQ3,2025,11,November
2025-11-01,210,1,Grocery,25,454.83,149.63,0.329,Aggressive,Finance Ops,2026,FQ3,2025,11,November
2025-11-01,210,1,Home Appliances,55,25069.03,10675.25,0.4258,Aggressive,Finance Ops,2026,FQ3,2025,11,November
2025-11-01,210,1,Office Supplies,33,1853.58,699.16,0.3772,Aggressive,Commercial Planning,2026,FQ3,2025,11,November
2025-11-01,210,1,Sports,13,2333.77,905.78,0.3881,Aggressive,Finance Ops,2026,FQ3,2025,11,November
2025-11-01,211,1,Beauty,33,1900.52,688.26,0.3621,Aggressive,Commercial Planning,2026,FQ3,2025,11,November
2025-11-01,211,1,Electronics,22,24289.37,9970.62,0.4105,Aggressive,Commercial Planning,2026,FQ3,2025,11,November
2025-11-01,211,1,Fashion,31,2909.94,943.66,0.3243,Aggressive,Finance Ops,2026,FQ3,2025,11,November
2025-11-01,211,1,Furniture,22,19244.82,8447.99,0.439,Aggressive,Finance Ops,2026,FQ3,2025,11,November
2025-11-01,211,1,Grocery,16,188.58,75.65,0.4012,Aggressive,Commercial Planning,2026,FQ3,2025,11,November
2025-11-01,211,1,Home Appliances,40,21386.43,7701.05,0.3601,Aggressive,Finance Ops,2026,FQ3,2025,11,November
2025-11-01,211,1,Office Supplies,36,1634.64,578.87,0.3541,Aggressive,Regional Director,2026,FQ3,2025,11,November
2025-11-01,211,1,Sports,25,4994.48,1897.53,0.3799,Aggressive,Commercial Planning,2026,FQ3,2025,11,November
2025-11-01,212,1,Beauty,70,4229.36,1258.14,0.2975,Aggressive,Commercial Planning,2026,FQ3,2025,11,November
2025-11-01,212,1,Electronics,22,21360.54,10139.63,0.4747,Aggressive,Finance Ops,2026,FQ3,2025,11,November
2025-11-01,212,1,Fashion,32,3290.44,1043.54,0.3171,Aggressive,Regional Director,2026,FQ3,2025,11,November
2025-11-01,212,1,Furniture,5,3134.79,1516.25,0.4837,Aggressive,Regional Director,2026,FQ3,2025,11,November
2025-11-01,212,1,Grocery,14,272.41,83.3,0.3058,Aggressive,Finance Ops,2026,FQ3,2025,11,November
2025-11-01,212,1,Home Appliances,25,12382.73,5263.72,0.4251,Aggressive,Regional Director,2026,FQ3,2025,11,November
2025-11-01,212,1,Office Supplies,16,610.56,259.99,0.4258,Aggressive,Finance Ops,2026,FQ3,2025,11,November
2025-11-01,212,1,Sports,12,1898.85,612.97,0.3228,Aggressive,Regional Director,2026,FQ3,2025,11,November
2025-11-01,213,1,Beauty,37,2009.26,729.42,0.363,Aggressive,Finance Ops,2026,FQ3,2025,11,November
2025-11-01,213,1,Electronics,51,35242.77,13579.85,0.3853,Aggressive,Commercial Planning,2026,FQ3,2025,11,November
2025-11-01,213,1,Fashion,19,1892.68,659.96,0.3487,Aggressive,Regional Director,2026,FQ3,2025,11,November
2025-11-01,213,1,Furniture,30,22391.98,8143.57,0.3637,Aggressive,Finance Ops,2026,FQ3,2025,11,November
2025-11-01,213,1,Grocery,40,651.66,208.1,0.3193,Aggressive,Regional Director,2026,FQ3,2025,11,November
2025-11-01,213,1,Home Appliances,54,27173.49,11035.28,0.4061,Aggressive,Regional Director,2026,FQ3,2025,11,November
2025-11-01,213,1,Office Supplies,22,1210.43,527.06,0.4354,Aggressive,Commercial Planning,2026,FQ3,2025,11,November
2025-11-01,213,1,Sports,45,6718.86,2777.0,0.4133,Aggressive,Regional Director,2026,FQ3,2025,11,November
2025-11-01,214,1,Beauty,11,676.94,232.14,0.3429,Aggressive,Finance Ops,2026,FQ3,2025,11,November
2025-11-01,214,1,Electronics,54,57306.23,18024.89,0.3145,Aggressive,Finance Ops,2026,FQ3,2025,11,November
2025-11-01,214,1,Fashion,27,2981.14,1107.34,0.3714,Aggressive,Finance Ops,2026,FQ3,2025,11,November
2025-11-01,214,1,Furniture,39,27267.91,10038.14,0.3681,Aggressive,Regional Director,2026,FQ3,2025,11,November
2025-11-01,214,1,Grocery,5,132.82,62.78,0.4727,Aggressive,Regional Director,2026,FQ3,2025,11,November
2025-11-01,214,1,Home Appliances,39,13220.73,4106.88,0.3106,Aggressive,Commercial Planning,2026,FQ3,2025,11,November
2025-11-01,214,1,Office Supplies,21,813.22,320.29,0.3939,Aggressive,Commercial Planning,2026,FQ3,2025,11,November
2025-11-01,214,1,Sports,9,2070.99,545.44,0.2634,Aggressive,Finance Ops,2026,FQ3,2025,11,November
2025-11-01,215,2,Beauty,122,6791.8,2396.96,0.3529,Aggressive,Commercial Planning,2026,FQ3,2025,11,November
2025-11-01,215,2,Electronics,251,212186.98,76649.04,0.3612,Aggressive,Finance Ops,2026,FQ3,2025,11,November
2025-11-01,215,2,Fashion,103,10564.06,4364.42,0.4131,Aggressive,Finance Ops,2026,FQ3,2025,11,November
2025-11-01,215,2,Furniture,66,35949.43,9647.86,0.2684,Aggressive,Finance Ops,2026,FQ3,2025,11,November
2025-11-01,215,2,Grocery,124,3050.33,1140.9,0.374,Aggressive,Finance Ops,2026,FQ3,2025,11,November
2025-11-01,215,2,Home Appliances,153,62161.49,23388.06,0.3762,Aggressive,Regional Director,2026,FQ3,2025,11,November
2025-11-01,215,2,Office Supplies,77,2745.84,1021.79,0.3721,Aggressive,Finance Ops,2026,FQ3,2025,11,November
2025-11-01,215,2,Sports,87,16015.4,5626.58,0.3513,Aggressive,Commercial Planning,2026,FQ3,2025,11,November
2025-11-01,216,2,Beauty,168,7757.52,2565.59,0.3307,Aggressive,Finance Ops,2026,FQ3,2025,11,November
2025-11-01,216,2,Electronics,131,130658.62,48953.28,0.3747,Aggressive,Commercial Planning,2026,FQ3,2025,11,November
2025-11-01,216,2,Fashion,103,9684.09,3815.82,0.394,Aggressive,Commercial Planning,2026,FQ3,2025,11,November
2025-11-01,216,2,Furniture,118,81190.54,25189.25,0.3102,Aggressive,Finance Ops,2026,FQ3,2025,11,November
2025-11-01,216,2,Grocery,114,2572.59,954.7,0.3711,Aggressive,Commercial Planning,2026,FQ3,2025,11,November
2025-11-01,216,2,Home Appliances,92,34672.73,11426.22,0.3295,Aggressive,Finance Ops,2026,FQ3,2025,11,November
2025-11-01,216,2,Office Supplies,118,6216.81,2202.36,0.3543,Aggressive,Finance Ops,2026,FQ3,2025,11,November
2025-11-01,216,2,Sports,125,26514.63,9660.06,0.3643,Aggressive,Finance Ops,2026,FQ3,2025,11,November
2025-11-01,217,2,Beauty,135,6619.68,2157.38,0.3259,Aggressive,Commercial Planning,2026,FQ3,2025,11,November
2025-11-01,217,2,Electronics,209,180900.36,62079.78,0.3432,Aggressive,Regional Director,2026,FQ3,2025,11,November
2025-11-01,217,2,Fashion,116,10487.43,4120.07,0.3929,Aggressive,Commercial Planning,2026,FQ3,2025,11,November
2025-11-01,217,2,Furniture,92,51800.7,17921.47,0.346,Aggressive,Commercial Planning,2026,FQ3,2025,11,November
2025-11-01,217,2,Grocery,107,2692.86,966.91,0.3591,Aggressive,Commercial Planning,2026,FQ3,2025,11,November
2025-11-01,217,2,Home Appliances,125,59130.68,17838.46,0.3017,Aggressive,Regional Director,2026,FQ3,2025,11,November
2025-11-01,217,2,Office Supplies,69,3038.23,1035.78,0.3409,Aggressive,Commercial Planning,2026,FQ3,2025,11,November
2025-11-01,217,2,Sports,73,11451.25,4208.9,0.3675,Aggressive,Commercial Planning,2026,FQ3,2025,11,November
2025-11-01,218,3,Beauty,397,20708.38,7014.14,0.3387,Aggressive,Finance Ops,2026,FQ3,2025,11,November
2025-11-01,218,3,Electronics,548,535815.18,190847.95,0.3562,Aggressive,Commercial Planning,2026,FQ3,2025,11,November
2025-11-01,218,3,Fashion,411,37646.95,14808.55,0.3934,Aggressive,Finance Ops,2026,FQ3,2025,11,November
2025-11-01,218,3,Furniture,434,318945.83,106725.63,0.3346,Aggressive,Finance Ops,2026,FQ3,2025,11,November
2025-11-01,218,3,Grocery,433,10613.44,3654.52,0.3443,Aggressive,Regional Director,2026,FQ3,2025,11,November
2025-11-01,218,3,Home Appliances,913,363279.72,134256.18,0.3696,Aggressive,Commercial Planning,2026,FQ3,2025,11,November
2025-11-01,218,3,Office Supplies,622,30217.78,11317.7,0.3745,Aggressive,Regional Director,2026,FQ3,2025,11,November
2025-11-01,218,3,Sports,356,55270.79,17891.09,0.3237,Aggressive,Commercial Planning,2026,FQ3,2025,11,November
2025-11-01,219,3,Beauty,400,22300.01,7627.8,0.3421,Aggressive,Finance Ops,2026,FQ3,2025,11,November
2025-11-01,219,3,Electronics,792,827223.87,313660.7,0.3792,Aggressive,Regional Director,2026,FQ3,2025,11,November
2025-11-01,219,3,Fashion,269,27626.72,11628.59,0.4209,Aggressive,Finance Ops,2026,FQ3,2025,11,November
2025-11-01,219,3,Furniture,181,131647.97,43180.37,0.328,Aggressive,Finance Ops,2026,FQ3,2025,11,November
2025-11-01,219,3,Grocery,548,17311.04,6252.09,0.3612,Aggressive,Commercial Planning,2026,FQ3,2025,11,November
2025-11-01,219,3,Home Appliances,697,301790.27,122927.66,0.4073,Aggressive,Regional Director,2026,FQ3,2025,11,November
2025-11-01,219,3,Office Supplies,383,18662.13,7412.42,0.3972,Aggressive,Finance Ops,2026,FQ3,2025,11,November
2025-11-01,219,3,Sports,435,77809.04,30751.74,0.3952,Aggressive,Commercial Planning,2026,FQ3,2025,11,November
2025-11-01,220,4,Beauty,189,9432.55,2913.52,0.3089,Aggressive,Finance Ops,2026,FQ3,2025,11,November
2025-11-01,220,4,Electronics,237,191422.0,72875.38,0.3807,Aggressive,Finance Ops,2026,FQ3,2025,11,November
2025-11-01,220,4,Fashion,146,15105.83,5772.52,0.3821,Aggressive,Finance Ops,2026,FQ3,2025,11,November
2025-11-01,220,4,Furniture,102,56058.3,19840.04,0.3539,Aggressive,Finance Ops,2026,FQ3,2025,11,November
2025-11-01,220,4,Grocery,178,3454.99,1170.32,0.3387,Aggressive,Regional Director,2026,FQ3,2025,11,November
2025-11-01,220,4,Home Appliances,119,53974.65,21071.88,0.3904,Aggressive,Finance Ops,2026,FQ3,2025,11,November
2025-11-01,220,4,Office Supplies,67,2873.94,1143.04,0.3977,Aggressive,Regional Director,2026,FQ3,2025,11,November
2025-11-01,220,4,Sports,147,25015.83,9160.02,0.3662,Aggressive,Finance Ops,2026,FQ3,2025,11,November
2025-12-01,201,1,Beauty,20,1378.44,492.98,0.3576,Aggressive,Commercial Planning,2026,FQ3,2025,12,December
2025-12-01,201,1,Electronics,68,60780.58,19359.33,0.3185,Aggressive,Regional Director,2026,FQ3,2025,12,December
2025-12-01,201,1,Fashion,42,3830.79,1401.91,0.366,Aggressive,Finance Ops,2026,FQ3,2025,12,December
2025-12-01,201,1,Furniture,21,14896.28,4692.57,0.315,Aggressive,Commercial Planning,2026,FQ3,2025,12,December
2025-12-01,201,1,Grocery,15,347.32,89.85,0.2587,Aggressive,Finance Ops,2026,FQ3,2025,12,December
2025-12-01,201,1,Home Appliances,22,12919.35,5863.09,0.4538,Aggressive,Commercial Planning,2026,FQ3,2025,12,December
2025-12-01,201,1,Office Supplies,24,1035.84,295.66,0.2854,Aggressive,Regional Director,2026,FQ3,2025,12,December
2025-12-01,201,1,Sports,19,3193.59,1111.75,0.3481,Aggressive,Commercial Planning,2026,FQ3,2025,12,December
2025-12-01,202,1,Beauty,33,1820.26,541.02,0.2972,Aggressive,Commercial Planning,2026,FQ3,2025,12,December
2025-12-01,202,1,Electronics,52,45101.08,15105.35,0.3349,Aggressive,Regional Director,2026,FQ3,2025,12,December
2025-12-01,202,1,Fashion,35,3929.38,1576.0,0.4011,Aggressive,Commercial Planning,2026,FQ3,2025,12,December
2025-12-01,202,1,Furniture,21,10647.05,4084.58,0.3836,Aggressive,Finance Ops,2026,FQ3,2025,12,December
2025-12-01,202,1,Grocery,31,671.65,258.72,0.3852,Aggressive,Commercial Planning,2026,FQ3,2025,12,December
2025-12-01,202,1,Home Appliances,38,14335.46,6348.89,0.4429,Aggressive,Finance Ops,2026,FQ3,2025,12,December
2025-12-01,202,1,Office Supplies,21,795.83,237.18,0.298,Aggressive,Regional Director,2026,FQ3,2025,12,December
2025-12-01,202,1,Sports,41,5365.35,1662.73,0.3099,Aggressive,Regional Director,2026,FQ3,2025,12,December
2025-12-01,203,1,Beauty,42,1858.94,706.93,0.3803,Aggressive,Finance Ops,2026,FQ3,2025,12,December
2025-12-01,203,1,Electronics,41,34663.37,12149.64,0.3505,Aggressive,Finance Ops,2026,FQ3,2025,12,December
2025-12-01,203,1,Fashion,46,3923.28,1339.67,0.3415,Aggressive,Commercial Planning,2026,FQ3,2025,12,December
2025-12-01,203,1,Furniture,32,15820.07,5894.36,0.3726,Aggressive,Finance Ops,2026,FQ3,2025,12,December
2025-12-01,203,1,Grocery,43,898.63,262.52,0.2921,Aggressive,Finance Ops,2026,FQ3,2025,12,December
2025-12-01,203,1,Home Appliances,25,13327.98,4918.46,0.369,Aggressive,Commercial Planning,2026,FQ3,2025,12,December
2025-12-01,203,1,Office Supplies,26,1312.26,549.29,0.4186,Aggressive,Commercial Planning,2026,FQ3,2025,12,December
2025-12-01,203,1,Sports,35,5537.98,1714.75,0.3096,Aggressive,Finance Ops,2026,FQ3,2025,12,December
2025-12-01,204,1,Beauty,44,1980.75,644.47,0.3254,Aggressive,Commercial Planning,2026,FQ3,2025,12,December
2025-12-01,204,1,Electronics,17,21795.11,7214.03,0.331,Aggressive,Regional Director,2026,FQ3,2025,12,December
2025-12-01,204,1,Fashion,29,1554.59,533.38,0.3431,Aggressive,Commercial Planning,2026,FQ3,2025,12,December
2025-12-01,204,1,Furniture,32,16687.7,6041.73,0.362,Aggressive,Finance Ops,2026,FQ3,2025,12,December
2025-12-01,204,1,Grocery,29,662.44,210.25,0.3174,Aggressive,Commercial Planning,2026,FQ3,2025,12,December
2025-12-01,204,1,Home Appliances,31,10519.16,3594.43,0.3417,Aggressive,Finance Ops,2026,FQ3,2025,12,December
2025-12-01,204,1,Office Supplies,26,1219.85,456.53,0.3743,Aggressive,Commercial Planning,2026,FQ3,2025,12,December
2025-12-01,204,1,Sports,29,4435.27,1228.4,0.277,Aggressive,Commercial Planning,2026,FQ3,2025,12,December
2025-12-01,205,1,Beauty,37,2140.26,526.98,0.2462,Aggressive,Finance Ops,2026,FQ3,2025,12,December
2025-12-01,205,1,Electronics,51,36455.73,11899.87,0.3264,Aggressive,Commercial Planning,2026,FQ3,2025,12,December
2025-12-01,205,1,Fashion,56,6173.41,2780.67,0.4504,Aggressive,Regional Director,2026,FQ3,2025,12,December
2025-12-01,205,1,Furniture,25,11800.78,3308.49,0.2804,Aggressive,Commercial Planning,2026,FQ3,2025,12,December
2025-12-01,205,1,Grocery,46,1184.79,384.61,0.3246,Aggressive,Regional Director,2026,FQ3,2025,12,December
2025-12-01,205,1,Home Appliances,18,10128.13,3191.09,0.3151,Aggressive,Regional Director,2026,FQ3,2025,12,December
2025-12-01,205,1,Office Supplies,41,1905.58,645.52,0.3388,Aggressive,Regional Director,2026,FQ3,2025,12,December
2025-12-01,205,1,Sports,48,8264.8,2133.94,0.2582,Aggressive,Finance Ops,2026,FQ3,2025,12,December
2025-12-01,206,1,Beauty,28,1049.03,362.16,0.3452,Aggressive,Commercial Planning,2026,FQ3,2025,12,December
2025-12-01,206,1,Electronics,43,32701.14,12262.8,0.375,Aggressive,Finance Ops,2026,FQ3,2025,12,December
2025-12-01,206,1,Fashion,40,3838.45,1582.3,0.4122,Aggressive,Finance Ops,2026,FQ3,2025,12,December
2025-12-01,206,1,Furniture,27,17034.62,5154.16,0.3026,Aggressive,Regional Director,2026,FQ3,2025,12,December
2025-12-01,206,1,Grocery,30,824.1,294.31,0.3571,Aggressive,Regional Director,2026,FQ3,2025,12,December
2025-12-01,206,1,Home Appliances,35,18011.91,7462.93,0.4143,Aggressive,Finance Ops,2026,FQ3,2025,12,December
2025-12-01,206,1,Office Supplies,23,1095.79,444.3,0.4055,Aggressive,Commercial Planning,2026,FQ3,2025,12,December
2025-12-01,206,1,Sports,26,3983.64,1435.17,0.3603,Aggressive,Commercial Planning,2026,FQ3,2025,12,December
2025-12-01,207,1,Beauty,23,1020.72,227.34,0.2227,Aggressive,Finance Ops,2026,FQ3,2025,12,December
2025-12-01,207,1,Electronics,58,74332.01,33589.33,0.4519,Aggressive,Finance Ops,2026,FQ3,2025,12,December
2025-12-01,207,1,Fashion,20,1667.86,664.81,0.3986,Aggressive,Finance Ops,2026,FQ3,2025,12,December
2025-12-01,207,1,Furniture,29,24376.37,8485.15,0.3481,Aggressive,Commercial Planning,2026,FQ3,2025,12,December
2025-12-01,207,1,Grocery,64,1357.39,502.48,0.3702,Aggressive,Regional Director,2026,FQ3,2025,12,December
2025-12-01,207,1,Home Appliances,49,20571.87,8836.84,0.4296,Aggressive,Finance Ops,2026,FQ3,2025,12,December
2025-12-01,207,1,Office Supplies,20,712.6,264.26,0.3708,Aggressive,Finance Ops,2026,FQ3,2025,12,December
2025-12-01,207,1,Sports,39,6040.59,2106.61,0.3487,Aggressive,Finance Ops,2026,FQ3,2025,12,December
2025-12-01,208,1,Beauty,26,1578.96,567.92,0.3597,Aggressive,Finance Ops,2026,FQ3,2025,12,December
2025-12-01,208,1,Electronics,123,103545.24,37111.76,0.3584,Aggressive,Commercial Planning,2026,FQ3,2025,12,December
2025-12-01,208,1,Fashion,16,1361.52,501.49,0.3683,Aggressive,Commercial Planning,2026,FQ3,2025,12,December
2025-12-01,208,1,Furniture,22,20478.02,6174.81,0.3015,Aggressive,Commercial Planning,2026,FQ3,2025,12,December
2025-12-01,208,1,Grocery,30,814.59,259.84,0.319,Aggressive,Finance Ops,2026,FQ3,2025,12,December
2025-12-01,208,1,Home Appliances,43,27633.48,11009.19,0.3984,Aggressive,Commercial Planning,2026,FQ3,2025,12,December
2025-12-01,208,1,Office Supplies,23,863.98,299.41,0.3465,Aggressive,Regional Director,2026,FQ3,2025,12,December
2025-12-01,208,1,Sports,21,3154.22,1185.88,0.376,Aggressive,Commercial Planning,2026,FQ3,2025,12,December
2025-12-01,209,1,Beauty,10,597.52,203.57,0.3407,Aggressive,Commercial Planning,2026,FQ3,2025,12,December
2025-12-01,209,1,Electronics,45,38063.88,12555.64,0.3299,Aggressive,Finance Ops,2026,FQ3,2025,12,December
2025-12-01,209,1,Fashion,39,3822.35,1604.54,0.4198,Aggressive,Finance Ops,2026,FQ3,2025,12,December
2025-12-01,209,1,Furniture,32,14455.12,5452.23,0.3772,Aggressive,Finance Ops,2026,FQ3,2025,12,December
2025-12-01,209,1,Grocery,26,739.56,231.03,0.3124,Aggressive,Finance Ops,2026,FQ3,2025,12,December
2025-12-01,209,1,Home Appliances,25,11870.74,4158.72,0.3503,Aggressive,Finance Ops,2026,FQ3,2025,12,December
2025-12-01,209,1,Office Supplies,28,1518.09,562.75,0.3707,Aggressive,Regional Director,2026,FQ3,2025,12,December
2025-12-01,209,1,Sports,37,5911.53,2007.37,0.3396,Aggressive,Finance Ops,2026,FQ3,2025,12,December
2025-12-01,210,1,Beauty,30,1769.33,704.71,0.3983,Aggressive,Finance Ops,2026,FQ3,2025,12,December
2025-12-01,210,1,Electronics,74,80366.17,29384.81,0.3656,Aggressive,Commercial Planning,2026,FQ3,2025,12,December
2025-12-01,210,1,Fashion,25,1648.69,581.56,0.3527,Aggressive,Finance Ops,2026,FQ3,2025,12,December
2025-12-01,210,1,Furniture,41,22291.21,8026.03,0.3601,Aggressive,Finance Ops,2026,FQ3,2025,12,December
2025-12-01,210,1,Grocery,10,282.21,56.85,0.2014,Aggressive,Regional Director,2026,FQ3,2025,12,December
2025-12-01,210,1,Home Appliances,34,14671.65,4688.25,0.3195,Aggressive,Finance Ops,2026,FQ3,2025,12,December
2025-12-01,210,1,Office Supplies,36,1731.05,722.73,0.4175,Aggressive,Commercial Planning,2026,FQ3,2025,12,December
2025-12-01,210,1,Sports,16,2252.03,814.06,0.3615,Aggressive,Regional Director,2026,FQ3,2025,12,December
2025-12-01,211,1,Beauty,40,2298.85,733.76,0.3192,Aggressive,Commercial Planning,2026,FQ3,2025,12,December
2025-12-01,211,1,Electronics,26,25074.4,10481.04,0.418,Aggressive,Finance Ops,2026,FQ3,2025,12,December
2025-12-01,211,1,Fashion,24,2161.82,778.09,0.3599,Aggressive,Commercial Planning,2026,FQ3,2025,12,December
2025-12-01,211,1,Furniture,23,14569.11,4483.52,0.3077,Aggressive,Regional Director,2026,FQ3,2025,12,December
2025-12-01,211,1,Grocery,24,706.73,225.64,0.3193,Aggressive,Commercial Planning,2026,FQ3,2025,12,December
2025-12-01,211,1,Home Appliances,46,14171.62,5028.22,0.3548,Aggressive,Finance Ops,2026,FQ3,2025,12,December
2025-12-01,211,1,Office Supplies,12,671.53,273.42,0.4072,Aggressive,Commercial Planning,2026,FQ3,2025,12,December
2025-12-01,211,1,Sports,7,1555.76,498.27,0.3203,Aggressive,Regional Director,2026,FQ3,2025,12,December
2025-12-01,212,1,Beauty,21,933.69,297.81,0.319,Aggressive,Commercial Planning,2026,FQ3,2025,12,December
2025-12-01,212,1,Electronics,67,63575.87,25653.58,0.4035,Aggressive,Finance Ops,2026,FQ3,2025,12,December
2025-12-01,212,1,Fashion,49,6206.53,2534.98,0.4084,Aggressive,Commercial Planning,2026,FQ3,2025,12,December
2025-12-01,212,1,Furniture,20,9294.7,3159.14,0.3399,Aggressive,Finance Ops,2026,FQ3,2025,12,December
2025-12-01,212,1,Grocery,48,907.78,292.75,0.3225,Aggressive,Finance Ops,2026,FQ3,2025,12,December
2025-12-01,212,1,Home Appliances,4,1703.4,823.14,0.4832,Aggressive,Commercial Planning,2026,FQ3,2025,12,December
2025-12-01,212,1,Office Supplies,8,494.76,187.67,0.3793,Aggressive,Regional Director,2026,FQ3,2025,12,December
2025-12-01,212,1,Sports,24,3801.89,1688.17,0.444,Aggressive,Commercial Planning,2026,FQ3,2025,12,December
2025-12-01,213,1,Beauty,31,1560.86,528.37,0.3385,Aggressive,Finance Ops,2026,FQ3,2025,12,December
2025-12-01,213,1,Electronics,32,21181.92,7951.01,0.3754,Aggressive,Finance Ops,2026,FQ3,2025,12,December
2025-12-01,213,1,Fashion,26,2154.59,756.12,0.3509,Aggressive,Commercial Planning,2026,FQ3,2025,12,December
2025-12-01,213,1,Furniture,34,16678.88,5429.4,0.3255,Aggressive,Finance Ops,2026,FQ3,2025,12,December
2025-12-01,213,1,Grocery,16,331.95,106.16,0.3198,Aggressive,Commercial Planning,2026,FQ3,2025,12,December
2025-12-01,213,1,Home Appliances,54,18151.16,7209.66,0.3972,Aggressive,Finance Ops,2026,FQ3,2025,12,December
2025-12-01,213,1,Office Supplies,15,694.78,294.3,0.4236,Aggressive,Finance Ops,2026,FQ3,2025,12,December
2025-12-01,213,1,Sports,26,3125.56,969.17,0.3101,Aggressive,Commercial Planning,2026,FQ3,2025,12,December
2025-12-01,214,1,Beauty,30,1696.22,386.73,0.228,Aggressive,Commercial Planning,2026,FQ3,2025,12,December
2025-12-01,214,1,Electronics,30,24700.67,8994.39,0.3641,Aggressive,Finance Ops,2026,FQ3,2025,12,December
2025-12-01,214,1,Fashion,16,2197.23,917.31,0.4175,Aggressive,Finance Ops,2026,FQ3,2025,12,December
2025-12-01,214,1,Furniture,23,7975.17,1930.78,0.2421,Aggressive,Finance Ops,2026,FQ3,2025,12,December
2025-12-01,214,1,Grocery,46,1203.21,448.68,0.3729,Aggressive,Finance Ops,2026,FQ3,2025,12,December
2025-12-01,214,1,Home Appliances,29,9515.45,4041.75,0.4248,Aggressive,Commercial Planning,2026,FQ3,2025,12,December
2025-12-01,214,1,Office Supplies,15,725.1,234.22,0.323,Aggressive,Regional Director,2026,FQ3,2025,12,December
2025-12-01,214,1,Sports,22,3008.25,968.36,0.3219,Aggressive,Finance Ops,2026,FQ3,2025,12,December
2025-12-01,215,2,Beauty,122,6046.32,1844.0,0.305,Aggressive,Finance Ops,2026,FQ3,2025,12,December
2025-12-01,215,2,Electronics,284,277098.57,103138.53,0.3722,Aggressive,Regional Director,2026,FQ3,2025,12,December
2025-12-01,215,2,Fashion,133,13039.91,4342.01,0.333,Aggressive,Regional Director,2026,FQ3,2025,12,December
2025-12-01,215,2,Furniture,51,26733.92,8778.87,0.3284,Aggressive,Regional Director,2026,FQ3,2025,12,December
2025-12-01,215,2,Grocery,110,2559.1,873.8,0.3414,Aggressive,Regional Director,2026,FQ3,2025,12,December
2025-12-01,215,2,Home Appliances,161,68972.13,26739.43,0.3877,Aggressive,Finance Ops,2026,FQ3,2025,12,December
2025-12-01,215,2,Office Supplies,94,4466.54,1573.06,0.3522,Aggressive,Finance Ops,2026,FQ3,2025,12,December
2025-12-01,215,2,Sports,80,15475.62,5961.83,0.3852,Aggressive,Finance Ops,2026,FQ3,2025,12,December
2025-12-01,216,2,Beauty,155,8183.69,2816.46,0.3442,Aggressive,Commercial Planning,2026,FQ3,2025,12,December
2025-12-01,216,2,Electronics,213,197192.4,66800.04,0.3388,Aggressive,Finance Ops,2026,FQ3,2025,12,December
2025-12-01,216,2,Fashion,176,17688.78,6209.81,0.3511,Aggressive,Regional Director,2026,FQ3,2025,12,December
2025-12-01,216,2,Furniture,99,80738.29,25109.38,0.311,Aggressive,Regional Director,2026,FQ3,2025,12,December
2025-12-01,216,2,Grocery,120,2944.47,1013.16,0.3441,Aggressive,Commercial Planning,2026,FQ3,2025,12,December
2025-12-01,216,2,Home Appliances,129,59468.73,19663.71,0.3307,Aggressive,Commercial Planning,2026,FQ3,2025,12,December
2025-12-01,216,2,Office Supplies,107,5631.37,2269.93,0.4031,Aggressive,Commercial Planning,2026,FQ3,2025,12,December
2025-12-01,216,2,Sports,68,12897.99,4734.67,0.3671,Aggressive,Regional Director,2026,FQ3,2025,12,December
2025-12-01,217,2,Beauty,182,7891.89,2386.63,0.3024,Aggressive,Regional Director,2026,FQ3,2025,12,December
2025-12-01,217,2,Electronics,272,263210.74,94962.26,0.3608,Aggressive,Regional Director,2026,FQ3,2025,12,December
2025-12-01,217,2,Fashion,153,14886.73,5792.1,0.3891,Aggressive,Regional Director,2026,FQ3,2025,12,December
2025-12-01,217,2,Furniture,74,48878.34,16729.24,0.3423,Aggressive,Regional Director,2026,FQ3,2025,12,December
2025-12-01,217,2,Grocery,73,1742.36,596.09,0.3421,Aggressive,Finance Ops,2026,FQ3,2025,12,December
2025-12-01,217,2,Home Appliances,112,43981.64,15473.93,0.3518,Aggressive,Finance Ops,2026,FQ3,2025,12,December
2025-12-01,217,2,Office Supplies,138,5972.99,2381.45,0.3987,Aggressive,Commercial Planning,2026,FQ3,2025,12,December
2025-12-01,217,2,Sports,107,15307.78,5410.99,0.3535,Aggressive,Commercial Planning,2026,FQ3,2025,12,December
2025-12-01,218,3,Beauty,539,29798.52,9441.27,0.3168,Aggressive,Regional Director,2026,FQ3,2025,12,December
2025-12-01,218,3,Electronics,609,636465.54,225223.95,0.3539,Aggressive,Finance Ops,2026,FQ3,2025,12,December
2025-12-01,218,3,Fashion,532,51945.77,17847.18,0.3436,Aggressive,Regional Director,2026,FQ3,2025,12,December
2025-12-01,218,3,Furniture,550,358121.61,116361.86,0.3249,Aggressive,Finance Ops,2026,FQ3,2025,12,December
2025-12-01,218,3,Grocery,716,16067.14,5543.41,0.345,Aggressive,Commercial Planning,2026,FQ3,2025,12,December
2025-12-01,218,3,Home Appliances,614,327237.22,139232.66,0.4255,Aggressive,Regional Director,2026,FQ3,2025,12,December
2025-12-01,218,3,Office Supplies,354,16171.84,6515.77,0.4029,Aggressive,Regional Director,2026,FQ3,2025,12,December
2025-12-01,218,3,Sports,470,72838.85,21080.63,0.2894,Aggressive,Regional Director,2026,FQ3,2025,12,December
2025-12-01,219,3,Beauty,320,16614.4,4811.19,0.2896,Aggressive,Finance Ops,2026,FQ3,2025,12,December
2025-12-01,219,3,Electronics,691,694693.83,244483.34,0.3519,Aggressive,Commercial Planning,2026,FQ3,2025,12,December
2025-12-01,219,3,Fashion,617,56345.81,18374.42,0.3261,Aggressive,Commercial Planning,2026,FQ3,2025,12,December
2025-12-01,219,3,Furniture,490,266495.37,97137.77,0.3645,Aggressive,Regional Director,2026,FQ3,2025,12,December
2025-12-01,219,3,Grocery,547,14135.17,4705.09,0.3329,Aggressive,Finance Ops,2026,FQ3,2025,12,December
2025-12-01,219,3,Home Appliances,856,413604.67,133846.52,0.3236,Aggressive,Regional Director,2026,FQ3,2025,12,December
2025-12-01,219,3,Office Supplies,534,22658.52,9113.74,0.4022,Aggressive,Finance Ops,2026,FQ3,2025,12,December
2025-12-01,219,3,Sports,376,65774.4,20443.59,0.3108,Aggressive,Regional Director,2026,FQ3,2025,12,December
2025-12-01,220,4,Beauty,229,12042.52,3921.45,0.3256,Aggressive,Commercial Planning,2026,FQ3,2025,12,December
2025-12-01,220,4,Electronics,272,278044.02,104098.48,0.3744,Aggressive,Finance Ops,2026,FQ3,2025,12,December
2025-12-01,220,4,Fashion,167,16528.32,6215.0,0.376,Aggressive,Commercial Planning,2026,FQ3,2025,12,December
2025-12-01,220,4,Furniture,127,89780.2,29276.25,0.3261,Aggressive,Finance Ops,2026,FQ3,2025,12,December
2025-12-01,220,4,Grocery,151,3539.18,1277.24,0.3609,Aggressive,Commercial Planning,2026,FQ3,2025,12,December
2025-12-01,220,4,Home Appliances,213,99743.95,35795.83,0.3589,Aggressive,Commercial Planning,2026,FQ3,2025,12,December
2025-12-01,220,4,Office Supplies,184,8087.23,2965.09,0.3666,Aggressive,Finance Ops,2026,FQ3,2025,12,December
2025-12-01,220,4,Sports,191,29590.48,10296.25,0.348,Aggressive,Finance Ops,2026,FQ3,2025,12,December
