CustomerKey,CustomerName,Segment,Gender,AgeBand,City,Region,Country,JoinDate,LoyaltyTier,IncomeBand,IsCorporate,PreferredChannelKey
5001,Alex King 1,Home Office,NA,25-34,Philadelphia,East,USA,2025-05-14,Silver,Mid,0,1
5002,Alex Johnson 2,Consumer,F,25-34,Seattle,West,USA,2021-06-15,Bronze,Mid,0,1
5003,Taylor Green 3,Consumer,M,18-24,Houston,South,USA,2020-08-28,Silver,High,0,3
5004,Rowan Lewis 4,Consumer,NA,18-24,New York,East,USA,2022-05-21,Bronze,High,0,3
5005,Taylor King 5,Corporate,NA,45-54,Phoenix,West,USA,2023-01-01,Bronze,Mid,0,1
5006,Alex King 6,Consumer,NA,25-34,Boston,East,USA,2025-05-13,Bronze,Mid,0,4
5007,Taylor Clark 7,Home Office,NA,18-24,Dallas,South,USA,2022-11-21,Platinum,Lower-Mid,0,4
5008,Riley Brown 8,Consumer,F,45-54,Minneapolis,North,USA,2022-12-06,Bronze,Low,0,1
5009,Taylor Green 9,Small Business,M,35-44,Phoenix,West,USA,2023-04-01,Bronze,Mid,1,3
5010,Logan Scott 10,Consumer,F,25-34,Houston,South,USA,2022-07-29,Bronze,Low,0,2
5011,Parker Green 11,Small Business,F,25-34,San Francisco,West,USA,2024-05-31,Gold,Mid,1,2
5012,Sam Brown 12,Consumer,F,25-34,San Francisco,West,USA,2025-03-19,Gold,Upper-Mid,0,1
5013,Alex Lewis 13,Consumer,NA,35-44,Philadelphia,East,USA,2024-07-03,Bronze,Mid,0,2
5014,Alex Brown 14,Consumer,F,35-44,Washington,East,USA,2019-12-02,Silver,Low,0,3
5015,Riley Johnson 15,Small Business,NA,35-44,Phoenix,West,USA,2021-01-27,Bronze,Mid,0,1
5016,Drew Davis 16,Consumer,NA,18-24,Phoenix,West,USA,2020-02-01,Bronze,Lower-Mid,0,2
5017,Drew Hall 17,Small Business,M,55+,Dallas,South,USA,2024-04-28,Silver,Lower-Mid,0,2
5018,Logan Walker 18,Consumer,F,55+,Detroit,North,USA,2020-11-15,Platinum,Upper-Mid,0,1
5019,Casey Brown 19,Home Office,NA,25-34,Los Angeles,West,USA,2025-09-03,Bronze,High,0,4
5020,Casey Hall 20,Consumer,M,45-54,Chicago,North,USA,2024-10-29,Silver,Upper-Mid,0,3
5021,Taylor Allen 21,Consumer,NA,35-44,Los Angeles,West,USA,2020-02-15,Platinum,Mid,0,1
5022,Riley Lewis 22,Small Business,NA,35-44,Philadelphia,East,USA,2025-10-30,Silver,Lower-Mid,1,2
5023,Cameron Clark 23,Consumer,NA,25-34,Los Angeles,West,USA,2024-04-30,Platinum,Upper-Mid,0,1
5024,Avery Scott 24,Consumer,NA,35-44,Philadelphia,East,USA,2021-07-22,Bronze,High,0,2
5025,Skyler Young 25,Small Business,F,25-34,Philadelphia,East,USA,2021-05-15,Platinum,Mid,1,2
5026,Taylor Johnson 26,Consumer,M,45-54,New York,East,USA,2023-07-11,Bronze,Upper-Mid,0,4
5027,Drew Brown 27,Consumer,F,25-34,Detroit,North,USA,2024-02-13,Bronze,Mid,0,1
5028,Rowan Green 28,Consumer,F,35-44,Washington,East,USA,2021-09-17,Bronze,Mid,0,1
5029,Drew Green 29,Consumer,M,45-54,Seattle,West,USA,2020-01-06,Bronze,Mid,0,1
5030,Rowan Brown 30,Corporate,M,35-44,Houston,South,USA,2024-10-03,Bronze,Upper-Mid,1,1
5031,Alex Brown 31,Corporate,M,35-44,Houston,South,USA,2022-06-05,Gold,Upper-Mid,0,4
5032,Avery Davis 32,Consumer,NA,35-44,Washington,East,USA,2023-06-15,Silver,Low,0,4
5033,Jordan Walker 33,Consumer,F,25-34,Philadelphia,East,USA,2022-02-06,Silver,Upper-Mid,0,1
5034,Logan Brown 34,Consumer,F,45-54,Boston,East,USA,2025-09-23,Silver,Lower-Mid,0,1
5035,Riley Green 35,Home Office,M,25-34,Cleveland,North,USA,2019-05-25,Silver,High,0,3
5036,Rowan Wright 36,Corporate,M,55+,Boston,East,USA,2023-01-08,Silver,Upper-Mid,1,4
5037,Taylor King 37,Consumer,M,45-54,Atlanta,South,USA,2025-04-08,Gold,Lower-Mid,0,2
5038,Morgan King 38,Consumer,M,25-34,New York,East,USA,2022-09-19,Bronze,Mid,0,2
5039,Rowan Allen 39,Consumer,NA,55+,Cleveland,North,USA,2019-10-19,Silver,Lower-Mid,0,1
5040,Drew Scott 40,Consumer,F,25-34,Seattle,West,USA,2021-03-31,Bronze,High,0,4
5041,Jamie Lee 41,Consumer,F,35-44,San Francisco,West,USA,2020-12-25,Bronze,Low,0,2
5042,Taylor Walker 42,Corporate,F,25-34,Houston,South,USA,2023-11-12,Silver,Mid,1,2
5043,Alex Green 43,Small Business,M,45-54,Detroit,North,USA,2024-12-15,Bronze,Mid,1,1
5044,Casey Hall 44,Consumer,NA,25-34,Philadelphia,East,USA,2019-09-25,Gold,Lower-Mid,0,1
5045,Taylor Clark 45,Small Business,M,25-34,Washington,East,USA,2021-02-10,Bronze,High,1,1
5046,Alex Allen 46,Consumer,NA,25-34,Houston,South,USA,2023-02-10,Gold,Upper-Mid,0,2
5047,Alex Young 47,Corporate,F,35-44,New York,East,USA,2019-03-22,Bronze,Low,1,1
5048,Morgan King 48,Small Business,NA,35-44,Washington,East,USA,2022-05-18,Silver,Low,1,2
5049,Jordan Hall 49,Small Business,NA,35-44,Miami,South,USA,2022-03-03,Bronze,Low,0,1
5050,Casey Davis 50,Consumer,F,18-24,Boston,East,USA,2024-07-26,Platinum,Mid,0,2
5051,Jordan Green 51,Consumer,F,45-54,Dallas,South,USA,2024-07-16,Bronze,Low,0,2
5052,Avery Davis 52,Corporate,M,35-44,Minneapolis,North,USA,2020-02-13,Gold,Upper-Mid,1,2
5053,Jordan Scott 53,Small Business,F,18-24,Washington,East,USA,2020-07-20,Silver,Lower-Mid,1,2
5054,Sam Lee 54,Consumer,F,25-34,New York,East,USA,2024-02-13,Bronze,Mid,0,4
5055,Jamie King 55,Consumer,F,55+,San Francisco,West,USA,2020-10-14,Bronze,High,0,2
5056,Logan Clark 56,Corporate,NA,18-24,San Francisco,West,USA,2020-06-19,Silver,Mid,1,2
5057,Alex King 57,Corporate,NA,35-44,Minneapolis,North,USA,2025-06-19,Gold,Lower-Mid,1,4
5058,Morgan Walker 58,Corporate,M,35-44,Cleveland,North,USA,2023-04-26,Bronze,Upper-Mid,1,2
5059,Avery Scott 59,Consumer,M,45-54,Detroit,North,USA,2019-11-03,Gold,Lower-Mid,0,1
5060,Parker Young 60,Consumer,M,25-34,New York,East,USA,2021-08-20,Bronze,Mid,0,2
5061,Jordan Walker 61,Consumer,NA,35-44,Cleveland,North,USA,2020-02-25,Silver,Low,0,2
5062,Parker Brown 62,Small Business,NA,35-44,Minneapolis,North,USA,2022-10-28,Bronze,Low,0,2
5063,Jordan Johnson 63,Small Business,NA,25-34,Seattle,West,USA,2022-10-30,Bronze,Mid,1,2
5064,Taylor Walker 64,Consumer,F,45-54,New York,East,USA,2023-08-04,Bronze,Mid,0,1
5065,Logan Brown 65,Consumer,NA,25-34,San Francisco,West,USA,2023-08-25,Bronze,Mid,0,2
5066,Skyler Hall 66,Consumer,F,55+,Cleveland,North,USA,2019-01-18,Silver,Low,0,4
5067,Taylor King 67,Corporate,F,18-24,San Francisco,West,USA,2025-09-25,Silver,Lower-Mid,1,2
5068,Sam Davis 68,Consumer,M,45-54,Atlanta,South,USA,2020-07-19,Silver,Upper-Mid,0,3
5069,Cameron Hall 69,Small Business,NA,25-34,Philadelphia,East,USA,2021-05-08,Silver,Lower-Mid,1,2
5070,Logan Clark 70,Small Business,NA,35-44,Atlanta,South,USA,2025-05-26,Platinum,Upper-Mid,1,4
5071,Parker Johnson 71,Small Business,F,25-34,Washington,East,USA,2019-08-06,Silver,Lower-Mid,1,1
5072,Alex King 72,Consumer,M,25-34,Philadelphia,East,USA,2025-01-25,Bronze,Upper-Mid,0,1
5073,Logan Wright 73,Consumer,NA,25-34,Miami,South,USA,2019-07-12,Platinum,Mid,0,4
5074,Riley Brown 74,Consumer,NA,45-54,New York,East,USA,2023-12-20,Gold,High,0,2
5075,Morgan Davis 75,Small Business,M,25-34,Boston,East,USA,2019-11-02,Bronze,Lower-Mid,1,2
5076,Taylor Lee 76,Corporate,NA,45-54,Seattle,West,USA,2019-01-24,Bronze,Upper-Mid,0,1
5077,Rowan Allen 77,Small Business,NA,25-34,New York,East,USA,2025-06-03,Silver,Low,1,2
5078,Taylor Lewis 78,Small Business,NA,35-44,Dallas,South,USA,2020-01-12,Bronze,Upper-Mid,1,1
5079,Skyler Hall 79,Home Office,M,55+,Boston,East,USA,2019-02-06,Bronze,Lower-Mid,0,1
5080,Sam Lewis 80,Corporate,F,25-34,Dallas,South,USA,2025-01-21,Gold,Low,1,3
5081,Cameron Young 81,Consumer,F,25-34,Phoenix,West,USA,2019-12-04,Platinum,Lower-Mid,0,4
5082,Rowan Wright 82,Consumer,F,45-54,Chicago,North,USA,2023-10-04,Gold,Lower-Mid,0,3
5083,Taylor Smith 83,Small Business,M,45-54,Los Angeles,West,USA,2019-06-05,Bronze,Low,1,2
5084,Avery Young 84,Consumer,M,25-34,Atlanta,South,USA,2019-03-11,Silver,Low,0,1
5085,Jordan Clark 85,Small Business,NA,18-24,Chicago,North,USA,2022-05-19,Silver,Lower-Mid,1,2
5086,Morgan Lee 86,Consumer,NA,25-34,Cleveland,North,USA,2025-02-13,Bronze,Mid,0,1
5087,Parker Lee 87,Corporate,F,18-24,New York,East,USA,2025-06-03,Silver,Mid,1,1
5088,Rowan Scott 88,Consumer,NA,25-34,Boston,East,USA,2021-01-23,Bronze,Upper-Mid,0,1
5089,Cameron Hall 89,Small Business,M,35-44,Dallas,South,USA,2019-10-27,Bronze,Low,0,3
5090,Rowan Young 90,Consumer,F,18-24,Seattle,West,USA,2019-10-13,Platinum,Lower-Mid,0,2
5091,Sam Wright 91,Corporate,M,55+,Boston,East,USA,2020-11-21,Bronze,Lower-Mid,0,3
5092,Taylor Young 92,Small Business,NA,25-34,Seattle,West,USA,2024-05-19,Silver,Mid,1,2
5093,Drew Scott 93,Small Business,F,55+,Dallas,South,USA,2021-03-15,Bronze,Upper-Mid,0,1
5094,Skyler Lewis 94,Small Business,NA,25-34,Chicago,North,USA,2019-05-31,Silver,Mid,1,2
5095,Cameron Wright 95,Consumer,NA,45-54,Atlanta,South,USA,2022-04-06,Bronze,Mid,0,1
5096,Drew Wright 96,Corporate,NA,35-44,New York,East,USA,2024-10-06,Bronze,Lower-Mid,1,2
5097,Alex Brown 97,Home Office,M,25-34,Miami,South,USA,2021-12-18,Bronze,Low,0,1
5098,Avery Green 98,Consumer,F,18-24,Washington,East,USA,2022-08-20,Bronze,High,0,2
5099,Skyler Lee 99,Corporate,M,35-44,Philadelphia,East,USA,2023-02-05,Silver,Upper-Mid,0,1
5100,Drew Clark 100,Consumer,M,45-54,Miami,South,USA,2025-10-10,Bronze,Upper-Mid,0,2
5101,Riley Brown 101,Consumer,F,25-34,Dallas,South,USA,2023-01-23,Silver,Upper-Mid,0,2
5102,Avery Young 102,Small Business,M,35-44,Seattle,West,USA,2025-08-16,Bronze,Upper-Mid,0,1
5103,Alex Green 103,Corporate,NA,25-34,Houston,South,USA,2020-11-12,Bronze,Lower-Mid,1,2
5104,Morgan Walker 104,Home Office,NA,55+,Minneapolis,North,USA,2024-05-26,Bronze,Upper-Mid,0,2
5105,Rowan Clark 105,Consumer,M,35-44,Atlanta,South,USA,2019-10-09,Bronze,Mid,0,1
5106,Skyler Johnson 106,Small Business,F,35-44,Miami,South,USA,2025-09-22,Bronze,Upper-Mid,1,1
5107,Parker Scott 107,Home Office,F,55+,San Francisco,West,USA,2023-11-03,Silver,Mid,0,1
5108,Avery Wright 108,Home Office,M,25-34,San Francisco,West,USA,2025-06-17,Bronze,Lower-Mid,0,2
5109,Cameron Hall 109,Consumer,M,25-34,Dallas,South,USA,2019-01-23,Gold,Upper-Mid,0,2
5110,Morgan King 110,Consumer,M,25-34,Chicago,North,USA,2020-03-12,Bronze,Mid,0,1
5111,Rowan Lewis 111,Corporate,F,25-34,Seattle,West,USA,2025-04-02,Silver,Mid,1,1
5112,Casey King 112,Small Business,F,45-54,Philadelphia,East,USA,2020-05-02,Gold,Mid,1,1
5113,Logan Hall 113,Small Business,NA,45-54,Miami,South,USA,2019-08-02,Bronze,High,0,1
5114,Casey Johnson 114,Home Office,F,25-34,Miami,South,USA,2023-02-27,Bronze,Low,0,2
5115,Skyler Smith 115,Small Business,F,35-44,Seattle,West,USA,2023-12-04,Bronze,Upper-Mid,1,2
5116,Parker Hall 116,Small Business,NA,25-34,Dallas,South,USA,2020-11-25,Silver,Mid,1,4
5117,Sam Young 117,Small Business,M,25-34,Minneapolis,North,USA,2021-03-31,Silver,Upper-Mid,0,1
5118,Drew Davis 118,Consumer,F,35-44,Philadelphia,East,USA,2021-03-07,Silver,Mid,0,1
5119,Parker Johnson 119,Consumer,NA,25-34,Miami,South,USA,2020-04-24,Gold,High,0,4
5120,Skyler Walker 120,Home Office,F,45-54,Washington,East,USA,2024-02-23,Silver,Upper-Mid,0,4
5121,Casey Young 121,Consumer,F,35-44,Los Angeles,West,USA,2021-07-30,Gold,Mid,0,2
5122,Jordan Lewis 122,Consumer,NA,45-54,Minneapolis,North,USA,2022-11-01,Bronze,High,0,2
5123,Riley Lee 123,Small Business,NA,35-44,Boston,East,USA,2021-02-17,Silver,Lower-Mid,1,4
5124,Morgan Scott 124,Consumer,NA,25-34,Houston,South,USA,2020-03-12,Bronze,Low,0,4
5125,Parker Smith 125,Small Business,M,25-34,Los Angeles,West,USA,2022-07-15,Silver,High,1,4
5126,Cameron Hall 126,Home Office,M,25-34,San Francisco,West,USA,2025-06-20,Bronze,Mid,0,2
5127,Rowan Wright 127,Consumer,F,35-44,Minneapolis,North,USA,2020-05-08,Silver,Mid,0,2
5128,Jordan Clark 128,Consumer,M,35-44,Detroit,North,USA,2021-11-29,Bronze,Lower-Mid,0,1
5129,Casey Brown 129,Consumer,M,45-54,Philadelphia,East,USA,2023-03-05,Bronze,Mid,0,2
5130,Jamie Davis 130,Small Business,F,35-44,Houston,South,USA,2023-04-10,Bronze,Upper-Mid,1,2
5131,Taylor Green 131,Consumer,NA,35-44,Detroit,North,USA,2022-07-17,Gold,Lower-Mid,0,2
5132,Taylor Smith 132,Consumer,F,45-54,Cleveland,North,USA,2024-05-05,Gold,Low,0,3
5133,Parker Green 133,Consumer,M,25-34,Philadelphia,East,USA,2023-08-14,Bronze,Upper-Mid,0,4
5134,Riley Clark 134,Home Office,M,35-44,Houston,South,USA,2024-06-19,Gold,Mid,0,1
5135,Taylor Scott 135,Corporate,F,35-44,Washington,East,USA,2022-10-13,Silver,Mid,1,4
5136,Sam Clark 136,Consumer,NA,25-34,Detroit,North,USA,2021-12-31,Silver,Mid,0,4
5137,Taylor Scott 137,Consumer,F,25-34,Washington,East,USA,2021-08-19,Silver,High,0,2
5138,Jordan Johnson 138,Consumer,F,55+,Detroit,North,USA,2024-04-22,Silver,Low,0,2
5139,Taylor Johnson 139,Consumer,NA,55+,Chicago,North,USA,2023-05-16,Bronze,Lower-Mid,0,1
5140,Taylor Smith 140,Consumer,F,35-44,Houston,South,USA,2022-08-25,Gold,Mid,0,4
5141,Jamie Hall 141,Consumer,F,35-44,Washington,East,USA,2024-02-14,Silver,Mid,0,2
5142,Morgan Wright 142,Consumer,F,35-44,Philadelphia,East,USA,2023-02-07,Silver,Lower-Mid,0,1
5143,Parker Smith 143,Consumer,NA,55+,Atlanta,South,USA,2024-05-08,Bronze,Upper-Mid,0,3
5144,Morgan Lewis 144,Consumer,NA,25-34,Dallas,South,USA,2021-10-20,Bronze,Upper-Mid,0,2
5145,Casey Young 145,Consumer,F,35-44,San Francisco,West,USA,2022-01-18,Bronze,Upper-Mid,0,3
5146,Taylor Lee 146,Small Business,M,18-24,San Francisco,West,USA,2024-02-09,Silver,Lower-Mid,1,1
5147,Parker Smith 147,Consumer,F,55+,Detroit,North,USA,2022-03-01,Bronze,Upper-Mid,0,3
5148,Avery Brown 148,Consumer,M,25-34,Dallas,South,USA,2024-08-03,Platinum,Mid,0,3
5149,Taylor Smith 149,Small Business,M,45-54,New York,East,USA,2019-10-20,Silver,Lower-Mid,1,1
5150,Logan King 150,Consumer,F,25-34,Los Angeles,West,USA,2023-12-20,Bronze,High,0,1
5151,Rowan Davis 151,Consumer,M,25-34,Detroit,North,USA,2019-06-22,Gold,Mid,0,1
5152,Cameron Smith 152,Consumer,NA,25-34,Seattle,West,USA,2020-04-07,Bronze,Mid,0,1
5153,Morgan Smith 153,Consumer,F,35-44,New York,East,USA,2024-04-30,Silver,Lower-Mid,0,3
5154,Rowan Allen 154,Consumer,M,55+,Houston,South,USA,2019-09-03,Bronze,Mid,0,2
5155,Sam Hall 155,Consumer,NA,45-54,Detroit,North,USA,2023-12-02,Gold,Low,0,2
5156,Avery King 156,Small Business,M,35-44,Atlanta,South,USA,2025-02-01,Silver,Lower-Mid,0,2
5157,Skyler Green 157,Small Business,NA,25-34,Seattle,West,USA,2024-12-15,Bronze,Lower-Mid,0,2
5158,Cameron Smith 158,Small Business,NA,45-54,Cleveland,North,USA,2021-09-05,Bronze,Low,1,3
5159,Taylor Allen 159,Small Business,M,25-34,Miami,South,USA,2022-08-12,Bronze,Mid,0,3
5160,Morgan Johnson 160,Small Business,M,25-34,Houston,South,USA,2019-05-11,Silver,Upper-Mid,1,2
5161,Skyler King 161,Consumer,F,18-24,New York,East,USA,2021-05-04,Silver,High,0,3
5162,Jamie Green 162,Consumer,M,45-54,Los Angeles,West,USA,2019-08-27,Gold,Lower-Mid,0,1
5163,Morgan Hall 163,Consumer,F,18-24,Minneapolis,North,USA,2021-08-04,Silver,Lower-Mid,0,2
5164,Parker Lewis 164,Corporate,NA,18-24,Houston,South,USA,2025-06-19,Bronze,Mid,1,4
5165,Parker Clark 165,Consumer,NA,25-34,Houston,South,USA,2025-09-23,Silver,Mid,0,1
5166,Rowan Lewis 166,Consumer,NA,25-34,Philadelphia,East,USA,2021-09-12,Silver,Lower-Mid,0,3
5167,Avery Lewis 167,Home Office,F,45-54,Philadelphia,East,USA,2022-03-11,Silver,Mid,0,4
5168,Morgan Brown 168,Consumer,M,18-24,New York,East,USA,2022-02-04,Platinum,Mid,0,2
5169,Sam Lee 169,Consumer,F,25-34,Dallas,South,USA,2025-07-12,Bronze,Lower-Mid,0,1
5170,Jamie Clark 170,Small Business,M,25-34,San Francisco,West,USA,2025-06-18,Gold,Low,1,1
5171,Cameron Wright 171,Small Business,M,25-34,Los Angeles,West,USA,2023-11-14,Silver,Upper-Mid,1,1
5172,Parker Smith 172,Consumer,M,35-44,Cleveland,North,USA,2020-09-04,Bronze,Upper-Mid,0,1
5173,Skyler Hall 173,Small Business,F,25-34,Phoenix,West,USA,2022-04-01,Gold,Lower-Mid,1,2
5174,Casey Hall 174,Consumer,M,45-54,Cleveland,North,USA,2020-06-18,Gold,Mid,0,1
5175,Jamie Hall 175,Corporate,F,25-34,San Francisco,West,USA,2021-12-26,Gold,Lower-Mid,1,1
5176,Morgan Clark 176,Consumer,M,35-44,Phoenix,West,USA,2019-04-10,Gold,Lower-Mid,0,2
5177,Cameron Scott 177,Consumer,F,25-34,San Francisco,West,USA,2023-03-12,Bronze,Upper-Mid,0,1
5178,Cameron Lee 178,Home Office,M,18-24,Detroit,North,USA,2020-03-31,Bronze,Mid,0,1
5179,Logan Davis 179,Consumer,NA,35-44,Houston,South,USA,2020-08-01,Silver,Mid,0,2
5180,Riley Brown 180,Consumer,NA,35-44,Minneapolis,North,USA,2019-08-06,Silver,High,0,1
5181,Alex Davis 181,Small Business,NA,25-34,Philadelphia,East,USA,2023-04-09,Silver,Upper-Mid,1,2
5182,Avery Hall 182,Consumer,NA,18-24,Detroit,North,USA,2021-10-10,Platinum,Lower-Mid,0,2
5183,Sam Clark 183,Consumer,NA,25-34,Dallas,South,USA,2024-08-15,Bronze,Low,0,1
5184,Riley Brown 184,Home Office,F,25-34,Los Angeles,West,USA,2023-05-29,Silver,Low,0,2
5185,Taylor Lewis 185,Consumer,M,55+,Miami,South,USA,2022-09-10,Silver,Lower-Mid,0,2
5186,Jamie Green 186,Consumer,NA,55+,Houston,South,USA,2023-10-28,Platinum,High,0,1
5187,Parker King 187,Consumer,F,25-34,Atlanta,South,USA,2020-08-19,Gold,Upper-Mid,0,4
5188,Jamie Green 188,Consumer,NA,55+,Phoenix,West,USA,2022-01-26,Bronze,Lower-Mid,0,1
5189,Skyler Brown 189,Corporate,NA,25-34,Minneapolis,North,USA,2019-04-17,Bronze,Mid,1,2
5190,Casey Walker 190,Consumer,M,25-34,Seattle,West,USA,2021-03-02,Bronze,Mid,0,4
5191,Rowan Brown 191,Consumer,F,18-24,Washington,East,USA,2023-12-05,Gold,Mid,0,1
5192,Logan Smith 192,Consumer,NA,45-54,San Francisco,West,USA,2023-04-08,Gold,Mid,0,4
5193,Drew Green 193,Consumer,F,55+,Chicago,North,USA,2021-10-03,Silver,Mid,0,3
5194,Avery Lewis 194,Consumer,M,45-54,Los Angeles,West,USA,2022-03-17,Silver,Mid,0,2
5195,Rowan Walker 195,Consumer,F,45-54,Detroit,North,USA,2020-04-08,Bronze,Mid,0,4
5196,Avery Smith 196,Consumer,F,35-44,Miami,South,USA,2021-04-07,Gold,Low,0,1
5197,Jamie Walker 197,Consumer,NA,25-34,Dallas,South,USA,2024-11-15,Gold,Upper-Mid,0,4
5198,Alex Wright 198,Corporate,F,55+,Miami,South,USA,2025-05-05,Gold,Upper-Mid,0,1
5199,Jamie Wright 199,Consumer,M,25-34,Cleveland,North,USA,2021-01-10,Bronze,Lower-Mid,0,1
5200,Drew Walker 200,Consumer,NA,45-54,New York,East,USA,2025-10-26,Gold,Lower-Mid,0,2
5201,Jordan Allen 201,Consumer,NA,18-24,Phoenix,West,USA,2025-02-19,Bronze,Mid,0,3
5202,Alex Young 202,Consumer,M,18-24,Dallas,South,USA,2019-05-13,Silver,Upper-Mid,0,1
5203,Taylor Lee 203,Consumer,NA,25-34,Chicago,North,USA,2025-09-02,Silver,Mid,0,4
5204,Riley Clark 204,Consumer,M,55+,New York,East,USA,2019-10-05,Gold,Upper-Mid,0,1
5205,Drew Davis 205,Consumer,M,35-44,San Francisco,West,USA,2024-11-18,Bronze,Lower-Mid,0,1
5206,Skyler Green 206,Small Business,NA,25-34,Cleveland,North,USA,2025-10-29,Gold,Lower-Mid,1,2
5207,Rowan Walker 207,Consumer,M,45-54,Miami,South,USA,2025-11-01,Bronze,Lower-Mid,0,1
5208,Logan Johnson 208,Consumer,NA,45-54,Chicago,North,USA,2023-08-26,Silver,Lower-Mid,0,2
5209,Jamie Davis 209,Corporate,M,45-54,Dallas,South,USA,2022-06-14,Bronze,Mid,1,1
5210,Skyler Allen 210,Consumer,F,45-54,Philadelphia,East,USA,2021-03-05,Bronze,Lower-Mid,0,2
5211,Avery Lee 211,Corporate,NA,35-44,Los Angeles,West,USA,2025-01-08,Gold,Mid,1,4
5212,Rowan Clark 212,Corporate,NA,35-44,Minneapolis,North,USA,2021-05-03,Silver,Lower-Mid,1,3
5213,Alex Clark 213,Consumer,M,35-44,Detroit,North,USA,2020-11-10,Silver,Mid,0,2
5214,Riley Lewis 214,Small Business,F,35-44,Philadelphia,East,USA,2021-08-31,Bronze,Upper-Mid,1,2
5215,Alex Wright 215,Consumer,F,55+,Dallas,South,USA,2023-12-23,Silver,Upper-Mid,0,4
5216,Avery King 216,Consumer,NA,25-34,Houston,South,USA,2022-09-02,Bronze,Upper-Mid,0,3
5217,Avery Lewis 217,Small Business,NA,45-54,Houston,South,USA,2020-04-19,Bronze,High,1,2
5218,Alex Johnson 218,Consumer,NA,45-54,Minneapolis,North,USA,2022-07-03,Bronze,Upper-Mid,0,2
5219,Riley Davis 219,Consumer,NA,25-34,Atlanta,South,USA,2023-12-12,Silver,Lower-Mid,0,1
5220,Parker Hall 220,Home Office,F,25-34,Chicago,North,USA,2022-12-05,Silver,Lower-Mid,0,4
5221,Riley Allen 221,Consumer,M,35-44,Boston,East,USA,2019-07-27,Bronze,Mid,0,2
5222,Casey Lewis 222,Consumer,F,45-54,Cleveland,North,USA,2025-08-24,Silver,Upper-Mid,0,2
5223,Morgan King 223,Consumer,NA,45-54,Philadelphia,East,USA,2019-11-18,Platinum,Upper-Mid,0,2
5224,Cameron King 224,Small Business,M,18-24,Dallas,South,USA,2022-06-25,Silver,Upper-Mid,1,1
5225,Skyler Davis 225,Small Business,M,25-34,Houston,South,USA,2022-09-15,Gold,Upper-Mid,1,1
5226,Avery Scott 226,Consumer,F,25-34,Los Angeles,West,USA,2022-11-28,Silver,Lower-Mid,0,1
5227,Jordan Wright 227,Corporate,M,35-44,Minneapolis,North,USA,2023-06-30,Silver,Lower-Mid,0,1
5228,Morgan Scott 228,Consumer,NA,35-44,Phoenix,West,USA,2023-11-19,Silver,Lower-Mid,0,2
5229,Jamie Allen 229,Small Business,M,18-24,Dallas,South,USA,2025-09-07,Silver,Mid,1,1
5230,Rowan Scott 230,Corporate,NA,45-54,Los Angeles,West,USA,2023-04-02,Bronze,Mid,0,1
5231,Rowan Lee 231,Small Business,M,35-44,Dallas,South,USA,2023-05-17,Silver,Mid,0,4
5232,Cameron Lewis 232,Home Office,NA,55+,Philadelphia,East,USA,2022-11-11,Platinum,Mid,0,2
5233,Alex Clark 233,Small Business,NA,55+,San Francisco,West,USA,2019-01-04,Gold,Upper-Mid,1,4
5234,Skyler Lewis 234,Consumer,NA,25-34,Detroit,North,USA,2023-04-17,Silver,Mid,0,1
5235,Parker Lewis 235,Consumer,M,45-54,Miami,South,USA,2020-09-23,Bronze,Upper-Mid,0,1
5236,Taylor King 236,Corporate,M,35-44,Chicago,North,USA,2020-07-10,Bronze,Mid,1,2
5237,Casey Hall 237,Consumer,M,25-34,San Francisco,West,USA,2021-07-13,Bronze,Mid,0,2
5238,Parker Allen 238,Consumer,M,18-24,Atlanta,South,USA,2019-06-05,Silver,Upper-Mid,0,1
5239,Jamie Hall 239,Consumer,M,35-44,Los Angeles,West,USA,2019-11-17,Silver,Mid,0,1
5240,Cameron Clark 240,Corporate,NA,45-54,Minneapolis,North,USA,2024-04-04,Silver,High,1,1
5241,Alex King 241,Consumer,NA,45-54,Philadelphia,East,USA,2025-04-27,Bronze,Mid,0,2
5242,Skyler Smith 242,Small Business,M,35-44,Minneapolis,North,USA,2020-06-03,Silver,Upper-Mid,0,1
5243,Alex King 243,Small Business,F,35-44,Philadelphia,East,USA,2025-08-20,Gold,Mid,1,1
5244,Parker Scott 244,Consumer,F,25-34,Miami,South,USA,2019-12-12,Platinum,Mid,0,3
5245,Morgan Young 245,Small Business,M,45-54,Phoenix,West,USA,2020-11-16,Bronze,Upper-Mid,1,2
5246,Casey Walker 246,Consumer,M,35-44,Chicago,North,USA,2024-12-21,Bronze,Mid,0,2
5247,Casey Smith 247,Consumer,M,55+,Boston,East,USA,2024-01-13,Silver,Lower-Mid,0,2
5248,Rowan Clark 248,Home Office,M,35-44,Chicago,North,USA,2022-01-21,Bronze,Lower-Mid,0,1
5249,Jamie Brown 249,Small Business,NA,35-44,Phoenix,West,USA,2021-03-09,Silver,Mid,1,1
5250,Alex Lewis 250,Small Business,F,35-44,Chicago,North,USA,2024-01-01,Bronze,Upper-Mid,0,1
5251,Rowan Green 251,Home Office,F,55+,Chicago,North,USA,2020-05-13,Gold,Low,0,4
5252,Cameron Young 252,Corporate,NA,45-54,Miami,South,USA,2021-01-26,Gold,Upper-Mid,0,2
5253,Riley Wright 253,Home Office,M,45-54,Cleveland,North,USA,2022-08-17,Bronze,Upper-Mid,0,1
5254,Alex Davis 254,Consumer,M,25-34,Cleveland,North,USA,2019-10-12,Silver,High,0,2
5255,Parker Wright 255,Consumer,M,25-34,Miami,South,USA,2020-03-11,Platinum,Upper-Mid,0,1
5256,Riley Wright 256,Corporate,M,18-24,Chicago,North,USA,2024-07-31,Bronze,Mid,1,2
5257,Cameron Lewis 257,Small Business,NA,18-24,Boston,East,USA,2024-07-02,Silver,Mid,1,3
5258,Jamie Scott 258,Consumer,M,25-34,Detroit,North,USA,2025-01-01,Platinum,Mid,0,2
5259,Rowan Johnson 259,Corporate,M,35-44,Los Angeles,West,USA,2022-10-24,Bronze,Mid,1,2
5260,Rowan Brown 260,Home Office,M,45-54,Dallas,South,USA,2020-03-13,Silver,Mid,0,1
5261,Morgan Smith 261,Consumer,NA,55+,San Francisco,West,USA,2021-09-03,Silver,Low,0,2
5262,Drew Wright 262,Consumer,M,55+,Washington,East,USA,2019-03-09,Bronze,Low,0,3
5263,Logan Young 263,Consumer,NA,35-44,Cleveland,North,USA,2025-01-06,Bronze,Mid,0,4
5264,Alex Walker 264,Consumer,NA,18-24,Detroit,North,USA,2020-06-18,Bronze,Mid,0,4
5265,Drew Allen 265,Corporate,F,45-54,Cleveland,North,USA,2020-03-11,Bronze,Mid,1,1
5266,Drew King 266,Consumer,NA,25-34,Miami,South,USA,2020-05-09,Platinum,Mid,0,1
5267,Sam Johnson 267,Corporate,F,25-34,Dallas,South,USA,2023-08-28,Bronze,Mid,0,1
5268,Drew Young 268,Consumer,NA,25-34,Detroit,North,USA,2020-10-08,Bronze,Mid,0,1
5269,Skyler Green 269,Small Business,M,25-34,Dallas,South,USA,2024-05-03,Silver,Lower-Mid,1,2
5270,Skyler King 270,Home Office,F,35-44,San Francisco,West,USA,2024-08-09,Silver,Low,0,3
5271,Parker Brown 271,Consumer,F,18-24,Philadelphia,East,USA,2024-12-11,Platinum,Mid,0,4
5272,Rowan Brown 272,Small Business,M,18-24,Miami,South,USA,2020-04-06,Gold,Mid,1,2
5273,Alex Smith 273,Corporate,NA,25-34,Houston,South,USA,2021-05-08,Silver,Lower-Mid,1,3
5274,Cameron Hall 274,Small Business,F,25-34,Chicago,North,USA,2019-04-30,Silver,Low,1,3
5275,Rowan Green 275,Consumer,M,25-34,Washington,East,USA,2020-03-27,Bronze,Low,0,3
5276,Jordan Walker 276,Small Business,NA,35-44,Miami,South,USA,2023-11-21,Bronze,High,1,2
5277,Rowan Clark 277,Small Business,M,25-34,Miami,South,USA,2020-06-05,Bronze,Mid,0,1
5278,Logan Clark 278,Consumer,F,55+,Phoenix,West,USA,2025-10-08,Bronze,Upper-Mid,0,4
5279,Drew Hall 279,Consumer,M,45-54,Houston,South,USA,2021-06-05,Silver,Upper-Mid,0,1
5280,Casey Allen 280,Consumer,F,55+,San Francisco,West,USA,2025-08-20,Platinum,High,0,4
5281,Avery King 281,Consumer,NA,18-24,Los Angeles,West,USA,2024-12-15,Silver,Upper-Mid,0,2
5282,Jordan Hall 282,Consumer,F,45-54,Cleveland,North,USA,2023-07-24,Platinum,Lower-Mid,0,1
5283,Riley Lee 283,Consumer,NA,35-44,Chicago,North,USA,2025-05-25,Gold,Low,0,2
5284,Drew Clark 284,Consumer,NA,35-44,Miami,South,USA,2019-01-06,Gold,Low,0,4
5285,Logan Davis 285,Consumer,NA,55+,New York,East,USA,2025-01-30,Silver,Lower-Mid,0,2
5286,Cameron Young 286,Consumer,M,55+,New York,East,USA,2020-03-30,Silver,Mid,0,1
5287,Jamie Johnson 287,Corporate,NA,45-54,Boston,East,USA,2021-04-18,Bronze,Lower-Mid,1,2
5288,Cameron Davis 288,Consumer,NA,35-44,Houston,South,USA,2022-02-09,Bronze,Mid,0,2
5289,Rowan Scott 289,Small Business,NA,55+,Cleveland,North,USA,2024-01-26,Silver,Upper-Mid,1,3
5290,Avery Johnson 290,Small Business,F,25-34,Detroit,North,USA,2021-01-02,Bronze,High,0,1
5291,Morgan Hall 291,Consumer,NA,18-24,Miami,South,USA,2023-09-03,Platinum,Mid,0,1
5292,Rowan Smith 292,Consumer,M,25-34,Washington,East,USA,2019-04-01,Gold,Lower-Mid,0,4
5293,Rowan Young 293,Corporate,M,35-44,Washington,East,USA,2024-12-11,Gold,Mid,1,1
5294,Morgan Walker 294,Small Business,M,55+,Boston,East,USA,2019-07-13,Bronze,Lower-Mid,1,2
5295,Taylor Scott 295,Consumer,NA,45-54,Atlanta,South,USA,2020-09-20,Bronze,Low,0,4
5296,Taylor Brown 296,Consumer,NA,45-54,Miami,South,USA,2022-07-22,Platinum,Lower-Mid,0,2
5297,Alex Lewis 297,Consumer,M,45-54,Atlanta,South,USA,2024-02-20,Platinum,Lower-Mid,0,4
5298,Riley Wright 298,Consumer,NA,35-44,Philadelphia,East,USA,2025-05-04,Gold,High,0,1
5299,Taylor Young 299,Home Office,NA,18-24,Cleveland,North,USA,2019-04-12,Silver,Upper-Mid,0,2
5300,Rowan Brown 300,Consumer,NA,35-44,Minneapolis,North,USA,2022-02-12,Bronze,Low,0,3
5301,Sam Allen 301,Consumer,NA,35-44,Cleveland,North,USA,2019-08-18,Platinum,Mid,0,1
5302,Alex Davis 302,Consumer,M,25-34,Seattle,West,USA,2023-12-31,Gold,Low,0,3
5303,Riley Lee 303,Small Business,NA,55+,Phoenix,West,USA,2023-10-03,Gold,Mid,1,2
5304,Drew Hall 304,Consumer,M,18-24,Houston,South,USA,2025-08-16,Gold,Low,0,2
5305,Avery King 305,Consumer,NA,45-54,Washington,East,USA,2020-07-14,Bronze,Upper-Mid,0,1
5306,Riley Scott 306,Small Business,NA,25-34,Los Angeles,West,USA,2025-04-09,Gold,Lower-Mid,1,1
5307,Rowan Green 307,Consumer,M,25-34,Washington,East,USA,2024-07-07,Platinum,Mid,0,1
5308,Jordan Allen 308,Home Office,NA,25-34,Washington,East,USA,2024-05-22,Silver,Upper-Mid,0,2
5309,Jamie Allen 309,Consumer,F,45-54,Los Angeles,West,USA,2020-10-29,Silver,Lower-Mid,0,2
5310,Riley Clark 310,Consumer,M,35-44,Atlanta,South,USA,2022-12-29,Bronze,Lower-Mid,0,2
5311,Taylor Wright 311,Small Business,F,35-44,Detroit,North,USA,2020-11-15,Silver,Upper-Mid,1,2
5312,Jamie Clark 312,Corporate,F,35-44,Philadelphia,East,USA,2022-12-11,Gold,Low,1,2
5313,Cameron Lee 313,Consumer,F,25-34,Phoenix,West,USA,2024-08-23,Bronze,Lower-Mid,0,4
5314,Jordan Johnson 314,Consumer,F,55+,Cleveland,North,USA,2024-05-18,Bronze,Upper-Mid,0,1
5315,Riley Smith 315,Consumer,NA,45-54,Seattle,West,USA,2021-06-29,Bronze,Upper-Mid,0,2
5316,Jordan Lewis 316,Consumer,NA,45-54,Boston,East,USA,2020-04-02,Bronze,Upper-Mid,0,3
5317,Logan Young 317,Consumer,NA,35-44,Detroit,North,USA,2024-04-05,Bronze,Lower-Mid,0,1
5318,Cameron Allen 318,Small Business,F,35-44,Chicago,North,USA,2021-03-30,Bronze,Mid,0,3
5319,Drew Hall 319,Consumer,NA,35-44,Philadelphia,East,USA,2024-08-30,Silver,Low,0,2
5320,Riley Lee 320,Small Business,NA,18-24,Detroit,North,USA,2020-02-09,Platinum,High,1,2
5321,Jordan Lee 321,Corporate,M,55+,Miami,South,USA,2023-10-04,Bronze,Lower-Mid,0,4
5322,Taylor Walker 322,Consumer,M,45-54,Cleveland,North,USA,2025-04-01,Gold,Low,0,2
5323,Jamie Davis 323,Consumer,NA,55+,Seattle,West,USA,2023-12-24,Bronze,Mid,0,4
5324,Cameron Scott 324,Small Business,M,55+,San Francisco,West,USA,2023-02-14,Bronze,High,1,1
5325,Casey Lewis 325,Consumer,NA,35-44,Los Angeles,West,USA,2020-02-21,Gold,Upper-Mid,0,1
5326,Skyler Scott 326,Consumer,M,25-34,Boston,East,USA,2023-10-06,Gold,Lower-Mid,0,2
5327,Rowan Allen 327,Consumer,M,55+,Washington,East,USA,2024-09-25,Bronze,Upper-Mid,0,1
5328,Rowan Lee 328,Consumer,F,18-24,Washington,East,USA,2019-08-05,Gold,Mid,0,1
5329,Sam Lee 329,Corporate,M,35-44,Miami,South,USA,2020-01-30,Gold,Mid,1,2
5330,Avery Walker 330,Consumer,NA,25-34,San Francisco,West,USA,2022-11-08,Gold,Mid,0,1
5331,Jordan Lewis 331,Small Business,M,25-34,Cleveland,North,USA,2023-03-22,Silver,Low,0,2
5332,Taylor Davis 332,Consumer,NA,25-34,Boston,East,USA,2020-03-24,Silver,Mid,0,2
5333,Taylor Hall 333,Corporate,F,25-34,Phoenix,West,USA,2024-07-19,Silver,Mid,1,3
5334,Skyler Smith 334,Consumer,F,45-54,Philadelphia,East,USA,2022-11-29,Gold,Mid,0,3
5335,Sam Clark 335,Consumer,M,25-34,Washington,East,USA,2021-09-27,Bronze,Mid,0,2
5336,Taylor Smith 336,Consumer,NA,25-34,Minneapolis,North,USA,2024-03-02,Silver,Mid,0,2
5337,Avery Allen 337,Consumer,F,55+,Seattle,West,USA,2023-03-28,Silver,Lower-Mid,0,1
5338,Morgan Clark 338,Corporate,M,35-44,Los Angeles,West,USA,2022-10-22,Bronze,Lower-Mid,1,1
5339,Alex Davis 339,Consumer,NA,25-34,Detroit,North,USA,2021-07-14,Silver,High,0,2
5340,Skyler Wright 340,Consumer,NA,35-44,Minneapolis,North,USA,2021-05-09,Bronze,Low,0,3
5341,Sam Brown 341,Corporate,M,25-34,Washington,East,USA,2024-10-11,Silver,Upper-Mid,0,1
5342,Drew King 342,Consumer,M,25-34,Miami,South,USA,2024-12-22,Gold,Upper-Mid,0,4
5343,Taylor Brown 343,Consumer,F,45-54,Detroit,North,USA,2022-05-14,Gold,Mid,0,4
5344,Riley Scott 344,Small Business,M,35-44,Detroit,North,USA,2021-11-16,Silver,Lower-Mid,0,1
5345,Riley Walker 345,Small Business,M,35-44,Detroit,North,USA,2023-11-22,Silver,High,0,1
5346,Riley Young 346,Small Business,NA,25-34,Minneapolis,North,USA,2019-06-22,Platinum,Mid,0,4
5347,Drew Johnson 347,Corporate,M,55+,Minneapolis,North,USA,2020-01-05,Silver,Upper-Mid,1,1
5348,Jordan Brown 348,Consumer,NA,25-34,Minneapolis,North,USA,2022-07-07,Bronze,Mid,0,2
5349,Jordan Lee 349,Consumer,F,55+,Miami,South,USA,2023-12-06,Silver,Upper-Mid,0,1
5350,Casey Walker 350,Consumer,NA,25-34,New York,East,USA,2022-02-11,Gold,High,0,2
5351,Cameron Allen 351,Consumer,F,45-54,Philadelphia,East,USA,2019-08-12,Silver,Upper-Mid,0,1
5352,Jamie Clark 352,Corporate,NA,25-34,Seattle,West,USA,2021-08-26,Gold,Mid,1,2
5353,Drew Wright 353,Consumer,F,25-34,Philadelphia,East,USA,2020-10-18,Platinum,Mid,0,4
5354,Jordan Scott 354,Consumer,M,35-44,Los Angeles,West,USA,2023-08-19,Platinum,Lower-Mid,0,2
5355,Parker Johnson 355,Corporate,M,25-34,Detroit,North,USA,2025-02-21,Gold,Mid,0,1
5356,Taylor Smith 356,Small Business,M,25-34,Miami,South,USA,2022-06-05,Bronze,Low,0,2
5357,Sam Walker 357,Small Business,M,55+,Miami,South,USA,2020-06-30,Bronze,Mid,1,3
5358,Taylor Lewis 358,Consumer,M,55+,Dallas,South,USA,2025-05-25,Bronze,High,0,4
5359,Morgan Davis 359,Home Office,NA,45-54,Dallas,South,USA,2019-07-23,Silver,Mid,0,1
5360,Skyler Johnson 360,Consumer,F,45-54,Minneapolis,North,USA,2023-11-18,Gold,High,0,3
5361,Morgan Brown 361,Consumer,M,25-34,Los Angeles,West,USA,2024-07-17,Silver,Mid,0,1
5362,Morgan Lewis 362,Small Business,F,25-34,Atlanta,South,USA,2020-08-20,Bronze,High,0,2
5363,Rowan Walker 363,Corporate,F,18-24,Atlanta,South,USA,2020-06-29,Gold,High,1,1
5364,Riley Johnson 364,Small Business,F,35-44,Phoenix,West,USA,2019-08-02,Bronze,Lower-Mid,1,4
5365,Skyler Lewis 365,Consumer,M,55+,Chicago,North,USA,2023-02-28,Bronze,Upper-Mid,0,1
5366,Avery Green 366,Consumer,M,55+,Atlanta,South,USA,2020-06-24,Bronze,Upper-Mid,0,2
5367,Taylor Walker 367,Consumer,M,45-54,New York,East,USA,2023-10-28,Bronze,Upper-Mid,0,2
5368,Taylor Clark 368,Consumer,NA,55+,Philadelphia,East,USA,2020-09-11,Silver,High,0,2
5369,Alex Brown 369,Consumer,F,18-24,Los Angeles,West,USA,2021-12-01,Bronze,Mid,0,1
5370,Jamie Hall 370,Consumer,M,35-44,Los Angeles,West,USA,2020-04-05,Gold,Upper-Mid,0,1
5371,Taylor Scott 371,Small Business,F,45-54,Detroit,North,USA,2022-01-22,Silver,Mid,0,4
5372,Jordan Brown 372,Consumer,M,35-44,Detroit,North,USA,2022-09-08,Bronze,Mid,0,2
5373,Jordan Scott 373,Corporate,M,25-34,Seattle,West,USA,2019-11-29,Silver,Upper-Mid,1,2
5374,Alex Young 374,Consumer,NA,55+,New York,East,USA,2022-08-23,Platinum,High,0,4
5375,Logan Young 375,Small Business,M,25-34,Houston,South,USA,2019-08-16,Gold,Mid,1,1
5376,Logan Scott 376,Consumer,M,18-24,Boston,East,USA,2021-05-02,Bronze,Upper-Mid,0,1
5377,Logan Lewis 377,Consumer,NA,45-54,Dallas,South,USA,2022-06-24,Platinum,Mid,0,2
5378,Avery Walker 378,Consumer,M,35-44,Minneapolis,North,USA,2025-04-25,Silver,Low,0,2
5379,Casey Johnson 379,Consumer,F,35-44,Boston,East,USA,2024-03-13,Silver,Mid,0,2
5380,Casey Johnson 380,Consumer,M,25-34,Los Angeles,West,USA,2020-06-07,Silver,Lower-Mid,0,1
5381,Parker Johnson 381,Corporate,F,35-44,Seattle,West,USA,2024-09-22,Silver,Low,1,2
5382,Jordan Wright 382,Consumer,NA,18-24,Philadelphia,East,USA,2024-03-10,Bronze,Lower-Mid,0,2
5383,Riley Clark 383,Small Business,NA,45-54,Cleveland,North,USA,2024-01-17,Silver,Lower-Mid,1,4
5384,Jamie Allen 384,Consumer,M,55+,Houston,South,USA,2020-03-11,Silver,Low,0,2
5385,Avery King 385,Corporate,M,45-54,Detroit,North,USA,2025-10-01,Gold,Lower-Mid,1,2
5386,Taylor Smith 386,Consumer,F,18-24,Seattle,West,USA,2019-03-07,Silver,Lower-Mid,0,1
5387,Casey Scott 387,Corporate,NA,45-54,San Francisco,West,USA,2025-01-15,Bronze,Lower-Mid,1,2
5388,Taylor King 388,Consumer,NA,35-44,Chicago,North,USA,2024-06-09,Silver,Upper-Mid,0,2
5389,Drew Lewis 389,Corporate,F,25-34,Atlanta,South,USA,2020-02-25,Silver,Upper-Mid,1,3
5390,Avery Hall 390,Consumer,NA,45-54,New York,East,USA,2024-06-21,Bronze,Low,0,1
5391,Rowan Lewis 391,Consumer,M,18-24,New York,East,USA,2022-11-21,Silver,Mid,0,1
5392,Morgan Hall 392,Consumer,F,35-44,Miami,South,USA,2022-10-21,Platinum,Upper-Mid,0,2
5393,Jamie King 393,Small Business,M,55+,San Francisco,West,USA,2023-01-15,Gold,Upper-Mid,1,2
5394,Taylor Lee 394,Corporate,F,25-34,New York,East,USA,2024-07-08,Bronze,Mid,1,1
5395,Sam Green 395,Home Office,M,25-34,Dallas,South,USA,2020-10-11,Bronze,Upper-Mid,0,2
5396,Skyler Brown 396,Consumer,F,35-44,Minneapolis,North,USA,2024-06-15,Bronze,Lower-Mid,0,2
5397,Drew King 397,Small Business,NA,35-44,Minneapolis,North,USA,2020-03-02,Gold,High,1,2
5398,Skyler Wright 398,Small Business,F,45-54,Chicago,North,USA,2019-06-21,Silver,Lower-Mid,0,1
5399,Jamie Walker 399,Small Business,NA,35-44,Boston,East,USA,2020-02-11,Bronze,Mid,1,1
5400,Logan Wright 400,Home Office,F,25-34,Miami,South,USA,2024-04-24,Bronze,Mid,0,1
5401,Rowan Brown 401,Consumer,F,45-54,Washington,East,USA,2024-12-09,Silver,Lower-Mid,0,3
5402,Drew Hall 402,Small Business,NA,25-34,Phoenix,West,USA,2019-05-02,Silver,Upper-Mid,1,2
5403,Casey Wright 403,Consumer,F,25-34,Chicago,North,USA,2023-05-30,Gold,Mid,0,2
5404,Cameron Young 404,Consumer,NA,35-44,Minneapolis,North,USA,2022-05-31,Gold,Lower-Mid,0,2
5405,Avery Young 405,Small Business,F,55+,Boston,East,USA,2023-12-17,Silver,Upper-Mid,1,2
5406,Parker Clark 406,Consumer,M,45-54,Atlanta,South,USA,2020-05-31,Silver,Mid,0,1
5407,Taylor Smith 407,Small Business,F,55+,Philadelphia,East,USA,2025-01-20,Silver,Lower-Mid,1,3
5408,Riley Young 408,Small Business,NA,25-34,Chicago,North,USA,2019-07-15,Gold,High,1,2
5409,Morgan Wright 409,Consumer,NA,55+,Cleveland,North,USA,2025-05-05,Gold,High,0,2
5410,Rowan Wright 410,Consumer,NA,35-44,Atlanta,South,USA,2020-07-27,Gold,Mid,0,1
5411,Sam Walker 411,Small Business,F,25-34,Boston,East,USA,2023-10-10,Gold,Low,0,4
5412,Sam Young 412,Consumer,NA,25-34,San Francisco,West,USA,2025-04-08,Silver,Mid,0,1
5413,Jamie Green 413,Home Office,M,45-54,Phoenix,West,USA,2023-09-04,Gold,Lower-Mid,0,1
5414,Parker Scott 414,Home Office,NA,18-24,San Francisco,West,USA,2021-05-20,Silver,Low,0,1
5415,Casey Johnson 415,Corporate,F,25-34,New York,East,USA,2022-04-01,Bronze,Lower-Mid,1,4
5416,Logan Lee 416,Consumer,F,45-54,Philadelphia,East,USA,2023-09-24,Bronze,Upper-Mid,0,4
5417,Avery Smith 417,Small Business,F,35-44,Houston,South,USA,2019-10-04,Gold,Mid,1,2
5418,Jamie Scott 418,Consumer,NA,25-34,Washington,East,USA,2020-07-21,Silver,Mid,0,2
5419,Sam Johnson 419,Small Business,NA,35-44,San Francisco,West,USA,2023-08-05,Silver,High,1,1
5420,Drew Lee 420,Corporate,NA,18-24,Seattle,West,USA,2022-06-19,Silver,Lower-Mid,1,1
5421,Parker Green 421,Small Business,F,25-34,Detroit,North,USA,2024-12-18,Bronze,Low,1,1
5422,Skyler Clark 422,Small Business,M,35-44,Los Angeles,West,USA,2024-07-06,Gold,Low,1,2
5423,Jordan Johnson 423,Consumer,NA,25-34,Washington,East,USA,2020-08-12,Bronze,Upper-Mid,0,1
5424,Sam Lee 424,Consumer,F,45-54,San Francisco,West,USA,2022-05-05,Silver,Lower-Mid,0,2
5425,Drew Green 425,Consumer,F,18-24,Philadelphia,East,USA,2021-09-08,Gold,Mid,0,2
5426,Sam Walker 426,Consumer,NA,25-34,Los Angeles,West,USA,2024-06-06,Bronze,Mid,0,4
5427,Skyler Young 427,Corporate,F,25-34,Minneapolis,North,USA,2025-03-22,Silver,Lower-Mid,1,2
5428,Taylor Wright 428,Consumer,F,35-44,Houston,South,USA,2023-10-02,Platinum,Mid,0,1
5429,Taylor Smith 429,Corporate,F,55+,Seattle,West,USA,2024-05-29,Bronze,Lower-Mid,1,4
5430,Jamie Hall 430,Consumer,NA,18-24,Atlanta,South,USA,2020-01-03,Silver,Lower-Mid,0,1
5431,Parker Wright 431,Consumer,M,55+,Washington,East,USA,2022-11-04,Silver,High,0,2
5432,Sam Clark 432,Corporate,F,35-44,Boston,East,USA,2025-09-21,Bronze,High,0,4
5433,Rowan Lee 433,Home Office,M,35-44,Los Angeles,West,USA,2024-06-25,Gold,Mid,0,3
5434,Drew Young 434,Small Business,M,35-44,Chicago,North,USA,2022-12-16,Platinum,Mid,1,2
5435,Cameron Brown 435,Consumer,M,18-24,Chicago,North,USA,2019-03-23,Gold,Mid,0,2
5436,Rowan Davis 436,Small Business,NA,25-34,Dallas,South,USA,2024-07-15,Platinum,Low,1,2
5437,Drew Young 437,Consumer,M,18-24,Dallas,South,USA,2022-02-10,Silver,Mid,0,2
5438,Jamie Johnson 438,Corporate,F,25-34,Dallas,South,USA,2025-05-23,Gold,Upper-Mid,1,1
5439,Cameron Walker 439,Corporate,F,55+,Minneapolis,North,USA,2019-08-01,Gold,Lower-Mid,1,2
5440,Parker Wright 440,Consumer,F,55+,Cleveland,North,USA,2021-07-08,Bronze,High,0,2
5441,Sam Johnson 441,Consumer,NA,45-54,New York,East,USA,2021-07-13,Platinum,Mid,0,1
5442,Riley Johnson 442,Consumer,NA,35-44,Houston,South,USA,2019-04-25,Silver,Upper-Mid,0,2
5443,Avery Brown 443,Consumer,M,45-54,Philadelphia,East,USA,2022-09-28,Silver,Lower-Mid,0,1
5444,Skyler Johnson 444,Corporate,F,55+,Los Angeles,West,USA,2019-05-17,Bronze,Upper-Mid,1,3
5445,Skyler Young 445,Consumer,M,18-24,Cleveland,North,USA,2019-08-17,Silver,Lower-Mid,0,2
5446,Skyler Wright 446,Consumer,NA,35-44,Cleveland,North,USA,2024-02-01,Silver,Upper-Mid,0,4
5447,Rowan Wright 447,Corporate,F,35-44,Minneapolis,North,USA,2022-09-06,Silver,Low,0,2
5448,Riley Clark 448,Corporate,M,35-44,Houston,South,USA,2023-12-27,Bronze,Lower-Mid,0,1
5449,Cameron Hall 449,Consumer,F,25-34,Seattle,West,USA,2022-06-18,Silver,Lower-Mid,0,4
5450,Drew Scott 450,Consumer,NA,45-54,Dallas,South,USA,2023-09-25,Bronze,High,0,2
5451,Rowan Walker 451,Consumer,NA,45-54,Dallas,South,USA,2024-03-29,Silver,Lower-Mid,0,2
5452,Taylor Johnson 452,Consumer,M,55+,Philadelphia,East,USA,2019-06-22,Silver,High,0,2
5453,Morgan Walker 453,Corporate,NA,45-54,Miami,South,USA,2022-09-19,Gold,Mid,1,3
5454,Sam Smith 454,Consumer,NA,18-24,Minneapolis,North,USA,2022-04-05,Silver,Mid,0,4
5455,Morgan Brown 455,Home Office,M,25-34,New York,East,USA,2021-12-09,Gold,Lower-Mid,0,2
5456,Drew Davis 456,Consumer,F,18-24,Houston,South,USA,2020-07-16,Bronze,Upper-Mid,0,1
5457,Sam Wright 457,Consumer,M,35-44,Atlanta,South,USA,2024-11-28,Platinum,High,0,4
5458,Cameron Lee 458,Consumer,F,25-34,Chicago,North,USA,2023-03-30,Silver,Lower-Mid,0,2
5459,Skyler Brown 459,Small Business,NA,25-34,Dallas,South,USA,2020-08-31,Bronze,Low,1,4
5460,Logan Walker 460,Small Business,NA,35-44,San Francisco,West,USA,2020-11-16,Silver,Upper-Mid,1,2
5461,Jamie Clark 461,Consumer,NA,45-54,Phoenix,West,USA,2024-07-19,Silver,Mid,0,2
5462,Morgan Walker 462,Consumer,F,25-34,Detroit,North,USA,2022-06-07,Silver,Mid,0,1
5463,Taylor Wright 463,Corporate,F,25-34,Philadelphia,East,USA,2024-10-26,Bronze,Mid,1,2
5464,Casey Clark 464,Consumer,M,25-34,Phoenix,West,USA,2023-04-16,Bronze,Mid,0,1
5465,Riley Scott 465,Home Office,NA,35-44,Minneapolis,North,USA,2019-11-17,Gold,High,0,1
5466,Morgan Clark 466,Consumer,F,35-44,Minneapolis,North,USA,2021-10-21,Bronze,Upper-Mid,0,2
5467,Taylor Scott 467,Small Business,NA,45-54,Boston,East,USA,2021-12-05,Bronze,Lower-Mid,1,3
5468,Logan Young 468,Small Business,F,35-44,Phoenix,West,USA,2024-09-30,Platinum,High,1,1
5469,Skyler Wright 469,Consumer,NA,45-54,Miami,South,USA,2024-03-04,Bronze,Low,0,3
5470,Avery Scott 470,Consumer,NA,18-24,Phoenix,West,USA,2020-07-23,Silver,Lower-Mid,0,4
5471,Drew Clark 471,Small Business,M,25-34,Cleveland,North,USA,2023-10-10,Silver,Mid,1,2
5472,Alex Green 472,Corporate,F,25-34,New York,East,USA,2022-09-14,Silver,Upper-Mid,1,2
5473,Casey Johnson 473,Consumer,NA,25-34,Phoenix,West,USA,2024-04-28,Bronze,Mid,0,2
5474,Rowan Hall 474,Consumer,F,18-24,New York,East,USA,2025-10-07,Silver,Lower-Mid,0,1
5475,Riley Young 475,Consumer,NA,18-24,Seattle,West,USA,2019-08-24,Bronze,Low,0,1
5476,Jordan Lee 476,Consumer,NA,25-34,Phoenix,West,USA,2019-10-09,Silver,High,0,1
5477,Jamie Young 477,Consumer,M,25-34,Atlanta,South,USA,2025-06-13,Platinum,Mid,0,2
5478,Taylor Walker 478,Consumer,F,45-54,Seattle,West,USA,2025-10-13,Gold,Mid,0,4
5479,Alex King 479,Consumer,F,25-34,Phoenix,West,USA,2024-02-13,Bronze,Upper-Mid,0,3
5480,Taylor Green 480,Consumer,NA,45-54,San Francisco,West,USA,2024-02-19,Silver,Mid,0,2
5481,Alex Brown 481,Corporate,F,25-34,Cleveland,North,USA,2025-01-11,Bronze,High,1,3
5482,Logan Hall 482,Consumer,F,55+,Miami,South,USA,2019-11-10,Gold,Mid,0,3
5483,Morgan Hall 483,Consumer,F,35-44,Phoenix,West,USA,2019-10-27,Silver,Mid,0,2
5484,Casey Smith 484,Small Business,F,25-34,Washington,East,USA,2020-07-13,Bronze,Upper-Mid,1,1
5485,Drew Davis 485,Consumer,F,25-34,Miami,South,USA,2019-03-15,Silver,Lower-Mid,0,1
5486,Logan Smith 486,Consumer,NA,25-34,San Francisco,West,USA,2023-12-10,Bronze,Lower-Mid,0,1
5487,Drew Young 487,Corporate,NA,35-44,Miami,South,USA,2020-02-26,Silver,Lower-Mid,0,1
5488,Sam Green 488,Home Office,F,25-34,San Francisco,West,USA,2019-03-07,Silver,High,0,1
5489,Cameron Johnson 489,Consumer,NA,25-34,Dallas,South,USA,2020-11-15,Bronze,Mid,0,3
5490,Cameron Hall 490,Corporate,M,55+,Boston,East,USA,2020-05-09,Bronze,Low,1,1
5491,Avery Brown 491,Consumer,F,35-44,New York,East,USA,2022-02-14,Silver,Mid,0,1
5492,Skyler Walker 492,Consumer,F,45-54,Miami,South,USA,2025-05-20,Bronze,High,0,2
5493,Rowan Wright 493,Consumer,NA,25-34,San Francisco,West,USA,2024-05-28,Bronze,Low,0,4
5494,Jamie Brown 494,Consumer,NA,35-44,Phoenix,West,USA,2019-02-24,Bronze,Mid,0,4
5495,Logan Brown 495,Small Business,NA,18-24,Boston,East,USA,2020-07-17,Bronze,Lower-Mid,0,1
5496,Skyler Walker 496,Home Office,NA,55+,Detroit,North,USA,2020-07-03,Bronze,Mid,0,3
5497,Morgan Scott 497,Small Business,NA,25-34,Seattle,West,USA,2021-09-19,Bronze,Low,1,4
5498,Taylor Walker 498,Consumer,NA,18-24,Miami,South,USA,2024-07-06,Bronze,Lower-Mid,0,2
5499,Taylor Allen 499,Consumer,NA,45-54,Houston,South,USA,2021-04-17,Bronze,Low,0,3
5500,Morgan Lewis 500,Small Business,F,35-44,Boston,East,USA,2022-05-26,Bronze,Mid,1,1
5501,Sam Lewis 501,Home Office,M,25-34,Los Angeles,West,USA,2023-12-13,Silver,Mid,0,2
5502,Casey Lewis 502,Consumer,F,45-54,Miami,South,USA,2022-05-14,Silver,Lower-Mid,0,3
5503,Avery Davis 503,Consumer,M,35-44,Washington,East,USA,2024-05-23,Bronze,Lower-Mid,0,2
5504,Drew Hall 504,Consumer,NA,45-54,Houston,South,USA,2024-07-05,Silver,Mid,0,2
5505,Rowan Allen 505,Consumer,F,25-34,Washington,East,USA,2019-06-09,Platinum,Lower-Mid,0,4
5506,Riley Wright 506,Small Business,NA,25-34,Houston,South,USA,2024-06-24,Silver,Mid,0,2
5507,Alex Green 507,Consumer,M,35-44,San Francisco,West,USA,2019-04-26,Silver,Mid,0,1
5508,Skyler Allen 508,Consumer,NA,45-54,San Francisco,West,USA,2019-02-20,Bronze,Low,0,2
5509,Cameron Johnson 509,Small Business,NA,55+,Phoenix,West,USA,2023-09-29,Bronze,Mid,1,2
5510,Logan Green 510,Small Business,NA,45-54,Seattle,West,USA,2020-03-23,Silver,Upper-Mid,1,1
5511,Alex Lee 511,Corporate,M,18-24,Miami,South,USA,2019-10-14,Gold,Mid,1,1
5512,Taylor King 512,Consumer,F,25-34,San Francisco,West,USA,2021-01-15,Silver,Low,0,2
5513,Jamie Lee 513,Consumer,F,25-34,Houston,South,USA,2023-08-02,Silver,High,0,1
5514,Casey Johnson 514,Consumer,M,18-24,Dallas,South,USA,2019-05-02,Silver,Mid,0,2
5515,Logan Smith 515,Consumer,NA,35-44,Chicago,North,USA,2019-06-21,Bronze,Mid,0,1
5516,Sam Allen 516,Consumer,M,25-34,Washington,East,USA,2022-11-06,Platinum,Upper-Mid,0,4
5517,Sam Scott 517,Corporate,M,45-54,Phoenix,West,USA,2019-01-13,Silver,Upper-Mid,1,4
5518,Drew Hall 518,Corporate,M,55+,Dallas,South,USA,2021-10-15,Bronze,Mid,1,2
5519,Rowan Scott 519,Consumer,M,18-24,San Francisco,West,USA,2023-01-15,Gold,High,0,3
5520,Casey King 520,Corporate,NA,45-54,San Francisco,West,USA,2022-11-27,Silver,High,1,4
5521,Morgan King 521,Consumer,F,45-54,Cleveland,North,USA,2025-05-31,Gold,Upper-Mid,0,1
5522,Rowan Hall 522,Consumer,M,25-34,Los Angeles,West,USA,2024-01-02,Platinum,Mid,0,2
5523,Rowan King 523,Consumer,F,18-24,Houston,South,USA,2019-04-30,Bronze,High,0,4
5524,Rowan Walker 524,Small Business,NA,25-34,Boston,East,USA,2020-07-10,Platinum,Mid,1,3
5525,Logan Green 525,Home Office,NA,18-24,Boston,East,USA,2022-11-06,Bronze,Upper-Mid,0,3
5526,Morgan Davis 526,Small Business,F,25-34,Phoenix,West,USA,2020-04-01,Bronze,Upper-Mid,1,3
5527,Sam Lewis 527,Consumer,NA,45-54,Minneapolis,North,USA,2022-06-27,Bronze,Mid,0,3
5528,Logan Young 528,Small Business,F,35-44,Seattle,West,USA,2025-09-30,Silver,Low,0,4
5529,Riley Scott 529,Small Business,F,35-44,Boston,East,USA,2024-02-10,Bronze,Lower-Mid,1,3
5530,Jamie Johnson 530,Consumer,M,55+,Minneapolis,North,USA,2025-06-08,Silver,Upper-Mid,0,2
5531,Sam Lee 531,Home Office,NA,25-34,Los Angeles,West,USA,2021-07-10,Gold,Low,0,4
5532,Riley Scott 532,Small Business,NA,55+,Miami,South,USA,2020-10-14,Platinum,Mid,1,2
5533,Parker King 533,Consumer,M,25-34,Washington,East,USA,2021-03-10,Gold,Mid,0,1
5534,Jamie Davis 534,Small Business,M,35-44,New York,East,USA,2025-06-22,Bronze,Upper-Mid,0,1
5535,Alex Clark 535,Small Business,NA,45-54,Houston,South,USA,2020-02-22,Silver,High,0,4
5536,Jordan Clark 536,Home Office,M,25-34,San Francisco,West,USA,2019-08-03,Bronze,Mid,0,1
5537,Casey Brown 537,Corporate,F,18-24,San Francisco,West,USA,2023-06-13,Silver,Mid,1,2
5538,Drew Scott 538,Small Business,NA,25-34,Los Angeles,West,USA,2023-12-29,Bronze,Lower-Mid,0,2
5539,Skyler Walker 539,Corporate,M,45-54,Dallas,South,USA,2020-01-23,Gold,Lower-Mid,1,2
5540,Jordan Clark 540,Corporate,F,45-54,Seattle,West,USA,2025-01-10,Bronze,Upper-Mid,0,2
5541,Skyler Hall 541,Consumer,NA,45-54,Los Angeles,West,USA,2020-05-23,Gold,Lower-Mid,0,2
5542,Jamie Lee 542,Small Business,F,35-44,Detroit,North,USA,2022-07-11,Bronze,Lower-Mid,0,1
5543,Jordan Hall 543,Consumer,M,25-34,New York,East,USA,2025-02-07,Bronze,High,0,2
5544,Parker Green 544,Consumer,M,35-44,Atlanta,South,USA,2023-12-28,Bronze,Mid,0,1
5545,Rowan Scott 545,Corporate,F,25-34,Boston,East,USA,2021-02-09,Bronze,Upper-Mid,0,1
5546,Jamie Allen 546,Consumer,M,18-24,Atlanta,South,USA,2021-11-10,Bronze,Mid,0,1
5547,Rowan Lewis 547,Home Office,NA,25-34,Los Angeles,West,USA,2021-04-14,Bronze,Upper-Mid,0,4
5548,Rowan Scott 548,Corporate,NA,35-44,Atlanta,South,USA,2023-09-16,Gold,Lower-Mid,1,2
5549,Parker Johnson 549,Consumer,NA,35-44,Dallas,South,USA,2019-09-28,Bronze,Low,0,4
5550,Morgan Davis 550,Small Business,F,18-24,Boston,East,USA,2021-06-29,Bronze,Low,1,1
5551,Sam King 551,Consumer,NA,45-54,Washington,East,USA,2025-03-09,Bronze,Low,0,1
5552,Logan King 552,Consumer,NA,55+,Washington,East,USA,2024-12-17,Silver,Upper-Mid,0,2
5553,Parker King 553,Consumer,F,35-44,Atlanta,South,USA,2020-08-07,Bronze,Upper-Mid,0,1
5554,Casey King 554,Corporate,M,25-34,Boston,East,USA,2022-12-20,Gold,Mid,0,2
5555,Jordan Davis 555,Corporate,M,45-54,Atlanta,South,USA,2020-01-05,Silver,Low,0,1
5556,Parker Green 556,Small Business,M,45-54,Chicago,North,USA,2019-02-13,Platinum,Mid,1,3
5557,Rowan Green 557,Consumer,NA,45-54,Phoenix,West,USA,2023-07-19,Bronze,Lower-Mid,0,3
5558,Jamie Clark 558,Small Business,F,55+,Cleveland,North,USA,2024-12-03,Silver,Low,1,1
5559,Drew Lee 559,Consumer,NA,25-34,Houston,South,USA,2019-07-28,Silver,Mid,0,2
5560,Morgan Scott 560,Home Office,NA,45-54,Minneapolis,North,USA,2020-04-27,Bronze,Mid,0,1
5561,Riley Green 561,Consumer,NA,35-44,Cleveland,North,USA,2019-05-26,Platinum,Upper-Mid,0,3
5562,Avery Clark 562,Consumer,M,25-34,Minneapolis,North,USA,2019-01-22,Bronze,Upper-Mid,0,2
5563,Morgan Johnson 563,Consumer,NA,35-44,Chicago,North,USA,2020-09-21,Silver,High,0,1
5564,Sam Davis 564,Consumer,M,25-34,Boston,East,USA,2021-01-16,Silver,Lower-Mid,0,4
5565,Jamie Lewis 565,Consumer,F,25-34,San Francisco,West,USA,2021-03-23,Bronze,Lower-Mid,0,1
5566,Taylor Young 566,Home Office,F,55+,Seattle,West,USA,2021-12-24,Bronze,Mid,0,2
5567,Logan Green 567,Small Business,M,35-44,Atlanta,South,USA,2023-05-12,Bronze,High,1,1
5568,Morgan Smith 568,Small Business,NA,45-54,New York,East,USA,2023-10-26,Platinum,Upper-Mid,1,1
5569,Morgan Allen 569,Small Business,F,45-54,Los Angeles,West,USA,2021-02-04,Bronze,Upper-Mid,1,4
5570,Jamie Wright 570,Consumer,F,45-54,Miami,South,USA,2024-08-19,Silver,Lower-Mid,0,4
5571,Casey Smith 571,Consumer,M,55+,Houston,South,USA,2020-08-21,Silver,Mid,0,1
5572,Riley King 572,Consumer,NA,55+,Cleveland,North,USA,2021-06-27,Bronze,Mid,0,2
5573,Sam Davis 573,Consumer,M,45-54,Minneapolis,North,USA,2021-10-08,Bronze,Low,0,1
5574,Avery Davis 574,Consumer,NA,18-24,Minneapolis,North,USA,2021-01-27,Bronze,Mid,0,1
5575,Rowan Hall 575,Corporate,F,25-34,Chicago,North,USA,2023-01-20,Gold,Mid,1,1
5576,Jordan Green 576,Corporate,F,25-34,Boston,East,USA,2025-10-01,Bronze,Mid,1,2
5577,Cameron Johnson 577,Small Business,F,55+,Houston,South,USA,2022-11-05,Bronze,Mid,1,2
5578,Casey Hall 578,Consumer,NA,25-34,Dallas,South,USA,2025-04-14,Platinum,Upper-Mid,0,2
5579,Casey Hall 579,Consumer,NA,45-54,Cleveland,North,USA,2020-11-14,Silver,Upper-Mid,0,1
5580,Jamie Brown 580,Small Business,NA,45-54,Chicago,North,USA,2024-07-20,Silver,Upper-Mid,1,1
5581,Riley Brown 581,Consumer,F,18-24,Phoenix,West,USA,2025-05-31,Bronze,Upper-Mid,0,4
5582,Morgan Davis 582,Consumer,NA,25-34,Seattle,West,USA,2020-05-02,Bronze,Low,0,1
5583,Riley Green 583,Home Office,F,25-34,Detroit,North,USA,2019-07-31,Silver,Lower-Mid,0,3
5584,Rowan Allen 584,Corporate,M,25-34,Chicago,North,USA,2025-02-27,Bronze,Lower-Mid,1,1
5585,Morgan King 585,Small Business,M,25-34,Chicago,North,USA,2019-03-06,Silver,High,1,3
5586,Riley Scott 586,Home Office,NA,35-44,Cleveland,North,USA,2025-03-06,Bronze,Mid,0,1
5587,Morgan King 587,Consumer,NA,25-34,Miami,South,USA,2020-08-30,Platinum,Low,0,1
5588,Avery King 588,Consumer,F,35-44,Houston,South,USA,2019-03-28,Bronze,Upper-Mid,0,3
5589,Casey Brown 589,Consumer,M,55+,Dallas,South,USA,2023-07-07,Bronze,Mid,0,3
5590,Alex Johnson 590,Consumer,F,45-54,Chicago,North,USA,2019-06-29,Bronze,Upper-Mid,0,1
5591,Jordan Hall 591,Home Office,NA,45-54,Chicago,North,USA,2019-12-15,Bronze,Mid,0,2
5592,Avery Lee 592,Consumer,F,18-24,San Francisco,West,USA,2021-12-31,Silver,Lower-Mid,0,3
5593,Cameron Scott 593,Consumer,M,25-34,Minneapolis,North,USA,2021-07-07,Bronze,Mid,0,1
5594,Rowan Lewis 594,Home Office,NA,55+,Boston,East,USA,2020-04-05,Silver,High,0,1
5595,Sam Johnson 595,Consumer,M,55+,Philadelphia,East,USA,2019-12-14,Gold,Mid,0,1
5596,Taylor Green 596,Corporate,NA,35-44,Boston,East,USA,2022-03-21,Bronze,Low,1,2
5597,Drew Green 597,Small Business,F,45-54,New York,East,USA,2020-08-23,Bronze,Mid,1,3
5598,Casey King 598,Consumer,M,25-34,Los Angeles,West,USA,2022-08-16,Platinum,Lower-Mid,0,2
5599,Jamie Lewis 599,Consumer,NA,45-54,Washington,East,USA,2022-09-27,Bronze,High,0,4
5600,Parker Hall 600,Consumer,M,35-44,Phoenix,West,USA,2021-07-31,Silver,Mid,0,2
5601,Alex Brown 601,Consumer,F,25-34,Dallas,South,USA,2024-04-25,Platinum,High,0,1
5602,Drew Wright 602,Small Business,F,25-34,Philadelphia,East,USA,2020-08-13,Gold,Mid,1,2
5603,Taylor Johnson 603,Consumer,NA,45-54,Houston,South,USA,2023-03-27,Gold,Upper-Mid,0,2
5604,Jordan Walker 604,Corporate,NA,55+,Chicago,North,USA,2019-05-04,Bronze,Lower-Mid,0,1
5605,Avery King 605,Small Business,F,45-54,San Francisco,West,USA,2022-05-11,Silver,Upper-Mid,1,2
5606,Alex Green 606,Consumer,NA,18-24,Minneapolis,North,USA,2020-12-11,Silver,Low,0,3
5607,Parker Davis 607,Home Office,NA,25-34,Seattle,West,USA,2020-10-04,Bronze,Low,0,2
5608,Alex Brown 608,Consumer,M,25-34,Houston,South,USA,2025-04-09,Silver,Low,0,2
5609,Casey Scott 609,Corporate,M,25-34,Seattle,West,USA,2023-03-02,Silver,Lower-Mid,0,1
5610,Taylor Hall 610,Consumer,F,18-24,New York,East,USA,2025-09-11,Bronze,High,0,1
5611,Jordan Allen 611,Consumer,NA,18-24,Dallas,South,USA,2024-06-04,Bronze,Lower-Mid,0,4
5612,Casey Hall 612,Small Business,F,25-34,Minneapolis,North,USA,2023-05-20,Gold,High,1,1
5613,Logan Lee 613,Consumer,F,35-44,Los Angeles,West,USA,2023-04-15,Silver,Upper-Mid,0,1
5614,Jordan Green 614,Corporate,NA,18-24,Houston,South,USA,2021-08-06,Gold,Upper-Mid,1,3
5615,Taylor Clark 615,Consumer,M,25-34,Atlanta,South,USA,2023-10-31,Bronze,Upper-Mid,0,2
5616,Skyler Johnson 616,Home Office,F,35-44,Houston,South,USA,2024-07-30,Bronze,Low,0,3
5617,Avery Clark 617,Consumer,F,55+,New York,East,USA,2020-10-23,Bronze,Mid,0,2
5618,Avery Davis 618,Small Business,M,55+,Detroit,North,USA,2023-12-16,Silver,Lower-Mid,0,2
5619,Casey Lewis 619,Small Business,NA,55+,Minneapolis,North,USA,2020-06-12,Silver,Mid,1,1
5620,Riley Green 620,Consumer,NA,18-24,Cleveland,North,USA,2019-08-22,Gold,Lower-Mid,0,3
5621,Riley Lewis 621,Small Business,F,35-44,Detroit,North,USA,2019-10-26,Bronze,Upper-Mid,1,2
5622,Taylor King 622,Consumer,F,55+,Phoenix,West,USA,2023-06-14,Gold,Lower-Mid,0,1
5623,Avery Brown 623,Home Office,NA,45-54,Philadelphia,East,USA,2020-04-13,Bronze,Low,0,1
5624,Sam Allen 624,Corporate,F,55+,San Francisco,West,USA,2023-04-07,Bronze,Upper-Mid,1,4
5625,Alex Wright 625,Consumer,NA,25-34,Dallas,South,USA,2021-10-29,Silver,Low,0,1
5626,Jamie Walker 626,Consumer,M,35-44,Los Angeles,West,USA,2021-11-28,Bronze,Low,0,4
5627,Riley Lee 627,Home Office,F,25-34,Seattle,West,USA,2023-09-13,Silver,Mid,0,3
5628,Skyler Lewis 628,Home Office,F,35-44,Seattle,West,USA,2025-09-11,Bronze,Upper-Mid,0,2
5629,Drew King 629,Corporate,NA,45-54,Atlanta,South,USA,2022-07-20,Bronze,Upper-Mid,1,2
5630,Rowan Lewis 630,Small Business,M,35-44,New York,East,USA,2019-01-16,Platinum,High,1,2
5631,Morgan Lewis 631,Consumer,NA,35-44,Chicago,North,USA,2020-11-11,Silver,Lower-Mid,0,1
5632,Sam Smith 632,Consumer,M,55+,Dallas,South,USA,2024-08-18,Gold,Lower-Mid,0,2
5633,Sam Scott 633,Consumer,NA,25-34,Phoenix,West,USA,2022-10-07,Bronze,Lower-Mid,0,2
5634,Casey Davis 634,Consumer,NA,35-44,Houston,South,USA,2023-11-27,Silver,Upper-Mid,0,4
5635,Jordan Johnson 635,Small Business,NA,18-24,Chicago,North,USA,2023-08-12,Bronze,Upper-Mid,1,2
5636,Drew Lewis 636,Corporate,F,25-34,Los Angeles,West,USA,2024-02-06,Silver,Low,1,4
5637,Drew Young 637,Consumer,NA,45-54,Washington,East,USA,2023-06-10,Bronze,Mid,0,1
5638,Riley Davis 638,Small Business,M,35-44,Philadelphia,East,USA,2019-01-18,Platinum,Mid,0,1
5639,Skyler Lewis 639,Consumer,F,35-44,Philadelphia,East,USA,2023-05-23,Bronze,Mid,0,3
5640,Casey King 640,Home Office,F,25-34,San Francisco,West,USA,2022-07-27,Silver,Mid,0,1
5641,Logan Lewis 641,Corporate,NA,55+,Dallas,South,USA,2025-03-14,Bronze,Lower-Mid,0,1
5642,Jamie Hall 642,Consumer,F,35-44,Detroit,North,USA,2019-04-14,Gold,Lower-Mid,0,2
5643,Cameron Brown 643,Consumer,M,25-34,Boston,East,USA,2021-10-01,Gold,Upper-Mid,0,2
5644,Cameron Lee 644,Consumer,NA,18-24,New York,East,USA,2025-07-01,Gold,Low,0,4
5645,Riley Green 645,Consumer,F,18-24,Chicago,North,USA,2024-07-17,Gold,High,0,1
5646,Casey Johnson 646,Small Business,M,55+,Cleveland,North,USA,2019-11-09,Bronze,Mid,1,2
5647,Alex Green 647,Consumer,F,35-44,San Francisco,West,USA,2025-10-20,Gold,Low,0,2
5648,Skyler Hall 648,Home Office,F,25-34,Washington,East,USA,2021-11-08,Platinum,Lower-Mid,0,1
5649,Sam Johnson 649,Consumer,F,18-24,Detroit,North,USA,2020-07-21,Bronze,Upper-Mid,0,4
5650,Jordan Clark 650,Consumer,NA,35-44,Philadelphia,East,USA,2022-04-20,Silver,Upper-Mid,0,2
5651,Morgan Young 651,Consumer,NA,25-34,San Francisco,West,USA,2023-05-29,Bronze,Upper-Mid,0,2
5652,Avery Lewis 652,Home Office,M,25-34,Houston,South,USA,2022-01-17,Gold,Mid,0,2
5653,Sam Green 653,Corporate,NA,45-54,San Francisco,West,USA,2024-01-15,Bronze,Low,1,2
5654,Jordan Lee 654,Consumer,M,25-34,Philadelphia,East,USA,2021-01-31,Bronze,Low,0,2
5655,Jordan Smith 655,Small Business,M,35-44,Boston,East,USA,2022-09-09,Bronze,Mid,1,1
5656,Morgan Hall 656,Consumer,F,18-24,Cleveland,North,USA,2022-02-12,Gold,High,0,3
5657,Casey Clark 657,Corporate,M,25-34,Cleveland,North,USA,2019-07-23,Gold,Mid,1,2
5658,Sam Allen 658,Consumer,M,25-34,Cleveland,North,USA,2019-03-29,Bronze,Mid,0,4
5659,Drew Lewis 659,Consumer,F,55+,Cleveland,North,USA,2024-11-30,Bronze,Mid,0,1
5660,Riley Clark 660,Small Business,M,25-34,Cleveland,North,USA,2025-03-29,Gold,Mid,0,1
5661,Cameron Johnson 661,Small Business,M,55+,Phoenix,West,USA,2020-02-25,Bronze,Low,0,1
5662,Jordan Brown 662,Consumer,NA,55+,Washington,East,USA,2023-02-19,Gold,Mid,0,1
5663,Alex Johnson 663,Small Business,F,55+,Minneapolis,North,USA,2019-11-04,Bronze,Mid,1,2
5664,Jordan Lee 664,Corporate,M,45-54,Houston,South,USA,2025-07-20,Gold,High,1,2
5665,Rowan Walker 665,Corporate,M,25-34,Detroit,North,USA,2024-05-31,Bronze,Lower-Mid,0,1
5666,Jordan Walker 666,Corporate,F,25-34,Houston,South,USA,2021-06-04,Silver,Mid,1,2
5667,Rowan Lee 667,Small Business,NA,18-24,Philadelphia,East,USA,2020-06-16,Bronze,Mid,1,4
5668,Riley Lewis 668,Consumer,F,35-44,Miami,South,USA,2025-06-22,Silver,Lower-Mid,0,4
5669,Avery Lee 669,Consumer,M,18-24,Detroit,North,USA,2024-12-14,Silver,Lower-Mid,0,4
5670,Taylor Lewis 670,Consumer,NA,25-34,Minneapolis,North,USA,2022-09-28,Bronze,Lower-Mid,0,1
5671,Morgan Lewis 671,Consumer,F,35-44,Phoenix,West,USA,2024-12-09,Silver,Mid,0,1
5672,Morgan Johnson 672,Home Office,F,55+,Detroit,North,USA,2025-06-14,Bronze,Low,0,1
5673,Jordan Brown 673,Consumer,NA,45-54,Miami,South,USA,2022-01-03,Silver,Lower-Mid,0,1
5674,Jordan Lee 674,Small Business,NA,55+,Philadelphia,East,USA,2024-05-06,Gold,Upper-Mid,1,1
5675,Cameron Walker 675,Consumer,F,55+,Detroit,North,USA,2024-04-27,Silver,Low,0,4
5676,Drew Smith 676,Corporate,NA,25-34,Detroit,North,USA,2024-04-24,Silver,Mid,0,1
5677,Parker Hall 677,Small Business,F,45-54,Minneapolis,North,USA,2020-01-20,Bronze,Upper-Mid,1,2
5678,Riley Clark 678,Corporate,M,18-24,Philadelphia,East,USA,2022-12-15,Bronze,Lower-Mid,1,2
5679,Parker King 679,Consumer,NA,18-24,Los Angeles,West,USA,2023-08-08,Gold,Mid,0,1
5680,Jamie King 680,Consumer,M,25-34,Los Angeles,West,USA,2020-01-01,Bronze,High,0,2
5681,Cameron Hall 681,Home Office,F,25-34,Washington,East,USA,2022-11-29,Gold,Mid,0,2
5682,Skyler Hall 682,Consumer,NA,25-34,Philadelphia,East,USA,2020-05-18,Silver,Mid,0,4
5683,Alex Walker 683,Consumer,NA,25-34,Philadelphia,East,USA,2020-09-07,Silver,Lower-Mid,0,2
5684,Jordan Wright 684,Consumer,M,18-24,Atlanta,South,USA,2019-06-17,Bronze,Upper-Mid,0,1
5685,Sam Young 685,Consumer,F,18-24,Seattle,West,USA,2020-07-18,Bronze,Lower-Mid,0,4
5686,Taylor King 686,Small Business,F,25-34,Dallas,South,USA,2019-11-27,Bronze,Low,1,1
5687,Cameron Johnson 687,Consumer,M,55+,Phoenix,West,USA,2025-09-11,Bronze,Mid,0,2
5688,Morgan Davis 688,Corporate,F,25-34,Boston,East,USA,2021-03-28,Bronze,Low,1,2
5689,Drew Lewis 689,Small Business,F,25-34,Miami,South,USA,2023-12-16,Silver,Mid,1,2
5690,Casey Walker 690,Consumer,F,55+,Washington,East,USA,2019-04-19,Platinum,Mid,0,3
5691,Sam Lee 691,Corporate,NA,35-44,Boston,East,USA,2025-05-05,Gold,Low,1,1
5692,Drew Hall 692,Small Business,M,45-54,Cleveland,North,USA,2019-12-13,Bronze,Upper-Mid,1,1
5693,Jamie Clark 693,Corporate,F,25-34,Minneapolis,North,USA,2025-07-22,Silver,Upper-Mid,0,1
5694,Cameron Young 694,Consumer,NA,45-54,Miami,South,USA,2022-05-17,Silver,Upper-Mid,0,4
5695,Alex Lee 695,Consumer,NA,55+,San Francisco,West,USA,2024-10-30,Bronze,Lower-Mid,0,2
5696,Jordan Davis 696,Consumer,M,35-44,Phoenix,West,USA,2021-01-23,Gold,Upper-Mid,0,2
5697,Rowan Smith 697,Consumer,F,25-34,Los Angeles,West,USA,2021-09-12,Bronze,Upper-Mid,0,2
5698,Rowan Johnson 698,Consumer,NA,35-44,Phoenix,West,USA,2022-02-01,Silver,Upper-Mid,0,1
5699,Riley Walker 699,Consumer,F,35-44,Phoenix,West,USA,2019-02-15,Silver,Low,0,2
5700,Sam Lee 700,Home Office,M,55+,Los Angeles,West,USA,2024-02-21,Bronze,High,0,2
5701,Parker Lewis 701,Home Office,NA,18-24,Atlanta,South,USA,2020-09-12,Bronze,Upper-Mid,0,1
5702,Rowan Davis 702,Small Business,M,18-24,Atlanta,South,USA,2024-06-04,Bronze,Mid,1,2
5703,Skyler Allen 703,Corporate,M,35-44,Boston,East,USA,2023-07-12,Bronze,Low,1,1
5704,Avery Clark 704,Home Office,F,55+,Cleveland,North,USA,2021-08-27,Bronze,Upper-Mid,0,3
5705,Alex Allen 705,Home Office,M,18-24,Phoenix,West,USA,2019-10-26,Silver,Mid,0,2
5706,Jamie Walker 706,Consumer,M,25-34,Detroit,North,USA,2025-06-08,Silver,Lower-Mid,0,2
5707,Taylor Lewis 707,Consumer,NA,45-54,Boston,East,USA,2021-02-26,Bronze,Low,0,4
5708,Taylor Green 708,Consumer,F,25-34,Detroit,North,USA,2023-07-30,Silver,Upper-Mid,0,2
5709,Skyler Scott 709,Small Business,M,35-44,San Francisco,West,USA,2022-12-31,Silver,Mid,0,1
5710,Skyler Johnson 710,Small Business,F,45-54,Phoenix,West,USA,2022-05-06,Bronze,Mid,0,2
5711,Riley Green 711,Small Business,M,25-34,Detroit,North,USA,2023-01-05,Bronze,Upper-Mid,1,1
5712,Alex Hall 712,Consumer,NA,55+,Atlanta,South,USA,2025-07-15,Silver,High,0,1
5713,Riley Brown 713,Consumer,M,55+,Chicago,North,USA,2019-09-01,Bronze,Mid,0,3
5714,Logan Allen 714,Consumer,NA,45-54,Detroit,North,USA,2019-05-25,Bronze,Low,0,2
5715,Riley King 715,Home Office,F,18-24,Cleveland,North,USA,2024-07-27,Silver,Mid,0,2
5716,Alex Smith 716,Consumer,F,35-44,Boston,East,USA,2023-04-03,Silver,Upper-Mid,0,2
5717,Jamie Lee 717,Small Business,M,45-54,Cleveland,North,USA,2025-02-28,Bronze,Mid,1,4
5718,Casey Green 718,Consumer,F,25-34,Philadelphia,East,USA,2020-01-12,Silver,Lower-Mid,0,3
5719,Morgan Scott 719,Small Business,F,18-24,Chicago,North,USA,2020-06-03,Silver,Lower-Mid,1,2
5720,Casey Walker 720,Consumer,NA,25-34,Atlanta,South,USA,2019-11-11,Bronze,High,0,1
5721,Riley Clark 721,Consumer,NA,25-34,Boston,East,USA,2021-09-27,Silver,Lower-Mid,0,2
5722,Casey King 722,Consumer,NA,35-44,Chicago,North,USA,2019-11-18,Bronze,Lower-Mid,0,4
5723,Morgan Johnson 723,Small Business,M,45-54,Atlanta,South,USA,2020-08-04,Bronze,Lower-Mid,1,3
5724,Alex Davis 724,Consumer,M,35-44,Chicago,North,USA,2022-05-15,Gold,Low,0,1
5725,Casey Lewis 725,Consumer,M,18-24,Phoenix,West,USA,2021-04-22,Bronze,Mid,0,2
5726,Sam Green 726,Consumer,F,55+,New York,East,USA,2022-10-09,Platinum,High,0,3
5727,Drew Allen 727,Consumer,M,45-54,Dallas,South,USA,2019-08-22,Gold,Mid,0,4
5728,Jamie Allen 728,Consumer,NA,25-34,Washington,East,USA,2023-04-11,Silver,High,0,1
5729,Riley Johnson 729,Small Business,F,45-54,Minneapolis,North,USA,2022-04-26,Bronze,Mid,1,2
5730,Skyler Young 730,Consumer,M,45-54,New York,East,USA,2021-01-02,Silver,Low,0,1
5731,Drew Hall 731,Consumer,F,25-34,Minneapolis,North,USA,2025-07-01,Platinum,Lower-Mid,0,2
5732,Riley Wright 732,Consumer,M,25-34,New York,East,USA,2024-07-20,Bronze,Mid,0,1
5733,Alex Lee 733,Consumer,NA,35-44,Detroit,North,USA,2023-12-09,Silver,Low,0,2
5734,Alex Young 734,Home Office,M,35-44,Minneapolis,North,USA,2019-07-03,Silver,Lower-Mid,0,1
5735,Morgan Brown 735,Consumer,M,35-44,Los Angeles,West,USA,2023-08-31,Bronze,Mid,0,1
5736,Sam Clark 736,Corporate,M,55+,Minneapolis,North,USA,2023-03-15,Silver,High,1,1
5737,Cameron Allen 737,Home Office,F,18-24,Minneapolis,North,USA,2021-05-16,Gold,Mid,0,3
5738,Skyler Smith 738,Consumer,NA,45-54,Boston,East,USA,2023-04-10,Gold,Mid,0,4
5739,Jordan Scott 739,Consumer,NA,45-54,Miami,South,USA,2025-10-22,Silver,Mid,0,2
5740,Riley Green 740,Small Business,F,25-34,Boston,East,USA,2023-01-22,Bronze,Lower-Mid,1,2
5741,Sam Hall 741,Consumer,NA,18-24,Phoenix,West,USA,2023-01-23,Silver,Mid,0,2
5742,Drew Lee 742,Corporate,NA,25-34,San Francisco,West,USA,2023-07-28,Silver,Mid,1,3
5743,Casey Lewis 743,Consumer,NA,55+,Philadelphia,East,USA,2025-06-17,Silver,Upper-Mid,0,1
5744,Jordan Lewis 744,Consumer,M,45-54,Miami,South,USA,2024-04-08,Gold,Lower-Mid,0,1
5745,Jordan Lee 745,Corporate,NA,45-54,Los Angeles,West,USA,2023-05-09,Platinum,Mid,1,2
5746,Drew Green 746,Consumer,M,35-44,New York,East,USA,2020-03-17,Platinum,Low,0,3
5747,Rowan Walker 747,Home Office,NA,45-54,Washington,East,USA,2022-03-30,Gold,Upper-Mid,0,3
5748,Skyler Allen 748,Small Business,M,35-44,Detroit,North,USA,2024-02-01,Bronze,Mid,1,2
5749,Sam Smith 749,Consumer,NA,35-44,Detroit,North,USA,2024-11-21,Silver,Upper-Mid,0,2
5750,Taylor Lee 750,Consumer,F,45-54,Washington,East,USA,2021-05-12,Silver,Lower-Mid,0,4
5751,Taylor Johnson 751,Consumer,M,25-34,New York,East,USA,2023-12-03,Bronze,Lower-Mid,0,4
5752,Rowan Davis 752,Home Office,F,18-24,New York,East,USA,2025-03-11,Gold,Upper-Mid,0,1
5753,Drew Scott 753,Consumer,F,25-34,Detroit,North,USA,2022-02-28,Platinum,Mid,0,3
5754,Jordan King 754,Consumer,NA,55+,Miami,South,USA,2020-05-06,Silver,Mid,0,1
5755,Jordan Clark 755,Small Business,F,45-54,Atlanta,South,USA,2021-06-30,Gold,Lower-Mid,1,1
5756,Alex Lewis 756,Small Business,F,55+,Minneapolis,North,USA,2024-11-05,Bronze,Upper-Mid,1,4
5757,Skyler Lewis 757,Consumer,F,35-44,Chicago,North,USA,2021-12-22,Silver,Mid,0,1
5758,Rowan Green 758,Consumer,F,55+,Seattle,West,USA,2021-05-27,Bronze,Low,0,2
5759,Jamie Davis 759,Consumer,NA,25-34,Houston,South,USA,2025-07-19,Bronze,Lower-Mid,0,2
5760,Cameron Davis 760,Small Business,NA,35-44,Atlanta,South,USA,2023-05-26,Silver,Mid,0,1
5761,Sam Brown 761,Home Office,NA,25-34,Washington,East,USA,2020-12-22,Silver,Lower-Mid,0,1
5762,Avery Scott 762,Small Business,M,35-44,San Francisco,West,USA,2021-08-19,Bronze,Lower-Mid,0,4
5763,Sam Davis 763,Corporate,NA,25-34,Los Angeles,West,USA,2023-05-23,Gold,Mid,0,1
5764,Drew Smith 764,Consumer,M,35-44,San Francisco,West,USA,2021-06-25,Silver,Lower-Mid,0,1
5765,Parker Smith 765,Consumer,NA,18-24,Minneapolis,North,USA,2023-04-03,Bronze,Upper-Mid,0,4
5766,Sam Hall 766,Consumer,F,55+,Chicago,North,USA,2025-01-03,Silver,Upper-Mid,0,1
5767,Morgan Hall 767,Consumer,NA,25-34,Atlanta,South,USA,2019-02-25,Bronze,Low,0,4
5768,Alex Lee 768,Small Business,M,25-34,Cleveland,North,USA,2021-07-31,Silver,Mid,0,3
5769,Jamie Green 769,Consumer,M,45-54,Phoenix,West,USA,2019-11-10,Bronze,Upper-Mid,0,3
5770,Drew Hall 770,Consumer,NA,55+,Los Angeles,West,USA,2020-01-27,Gold,Upper-Mid,0,1
5771,Jamie Smith 771,Consumer,M,25-34,Philadelphia,East,USA,2021-04-10,Bronze,High,0,2
5772,Morgan Lewis 772,Consumer,NA,25-34,Seattle,West,USA,2022-03-10,Platinum,Mid,0,1
5773,Sam Wright 773,Small Business,NA,45-54,Cleveland,North,USA,2024-01-27,Bronze,High,1,1
5774,Rowan Davis 774,Corporate,M,25-34,Washington,East,USA,2019-12-09,Bronze,Lower-Mid,1,2
5775,Skyler Scott 775,Consumer,M,35-44,Dallas,South,USA,2025-05-09,Gold,Low,0,2
5776,Drew Lee 776,Small Business,F,25-34,Seattle,West,USA,2025-05-04,Silver,Upper-Mid,0,1
5777,Rowan Brown 777,Consumer,M,35-44,Phoenix,West,USA,2024-06-01,Silver,Upper-Mid,0,4
5778,Jordan Lewis 778,Consumer,F,45-54,Chicago,North,USA,2020-10-25,Silver,Lower-Mid,0,1
5779,Avery Lee 779,Small Business,NA,45-54,Chicago,North,USA,2024-06-18,Bronze,Upper-Mid,1,1
5780,Jamie Green 780,Home Office,NA,25-34,Cleveland,North,USA,2022-08-13,Silver,Mid,0,2
5781,Morgan Wright 781,Consumer,NA,55+,Atlanta,South,USA,2023-03-01,Silver,Lower-Mid,0,2
5782,Jamie Scott 782,Consumer,M,18-24,Boston,East,USA,2023-09-02,Bronze,Mid,0,4
5783,Morgan King 783,Small Business,F,35-44,Minneapolis,North,USA,2022-09-17,Bronze,Mid,1,1
5784,Cameron Brown 784,Corporate,M,25-34,Atlanta,South,USA,2023-10-12,Silver,Lower-Mid,1,2
5785,Taylor Johnson 785,Consumer,NA,25-34,Boston,East,USA,2020-12-31,Bronze,Low,0,3
5786,Drew Allen 786,Corporate,NA,25-34,Seattle,West,USA,2024-04-23,Bronze,Low,0,1
5787,Drew Smith 787,Consumer,M,18-24,Houston,South,USA,2019-08-02,Bronze,Upper-Mid,0,2
5788,Logan Johnson 788,Consumer,F,35-44,Seattle,West,USA,2023-03-26,Gold,Upper-Mid,0,2
5789,Drew Brown 789,Small Business,F,55+,New York,East,USA,2022-02-11,Gold,Upper-Mid,1,2
5790,Casey Young 790,Corporate,M,25-34,New York,East,USA,2023-02-06,Gold,Upper-Mid,1,2
5791,Cameron King 791,Consumer,F,25-34,Miami,South,USA,2023-01-18,Silver,Low,0,1
5792,Parker Green 792,Home Office,F,35-44,Minneapolis,North,USA,2019-05-18,Silver,Mid,0,2
5793,Skyler Scott 793,Corporate,F,45-54,Philadelphia,East,USA,2024-04-12,Platinum,Mid,1,2
5794,Skyler Green 794,Consumer,NA,25-34,Chicago,North,USA,2020-12-25,Gold,Lower-Mid,0,2
5795,Jamie Smith 795,Consumer,M,18-24,Chicago,North,USA,2025-02-06,Bronze,Upper-Mid,0,2
5796,Drew Green 796,Small Business,M,55+,Minneapolis,North,USA,2020-11-24,Platinum,Mid,1,2
5797,Rowan Smith 797,Small Business,F,25-34,Phoenix,West,USA,2024-08-16,Bronze,Lower-Mid,0,1
5798,Jamie Scott 798,Consumer,F,25-34,Miami,South,USA,2025-04-15,Bronze,Lower-Mid,0,2
5799,Cameron Johnson 799,Consumer,F,45-54,Cleveland,North,USA,2021-01-30,Bronze,Mid,0,1
5800,Sam Walker 800,Consumer,F,55+,Dallas,South,USA,2021-10-07,Bronze,Mid,0,4
5801,Casey King 801,Consumer,M,25-34,Houston,South,USA,2020-07-29,Silver,Mid,0,3
5802,Riley Davis 802,Consumer,NA,25-34,Boston,East,USA,2020-01-14,Silver,Mid,0,2
5803,Drew Allen 803,Consumer,M,25-34,San Francisco,West,USA,2025-05-18,Bronze,Upper-Mid,0,2
5804,Parker Hall 804,Consumer,NA,45-54,Boston,East,USA,2020-01-07,Silver,Lower-Mid,0,1
5805,Parker Young 805,Home Office,NA,25-34,New York,East,USA,2020-07-26,Silver,Lower-Mid,0,2
5806,Rowan Clark 806,Small Business,F,25-34,Minneapolis,North,USA,2024-05-01,Bronze,Mid,0,4
5807,Taylor Wright 807,Consumer,F,25-34,Boston,East,USA,2024-02-13,Silver,Upper-Mid,0,3
5808,Sam Allen 808,Consumer,M,35-44,San Francisco,West,USA,2023-07-02,Bronze,High,0,4
5809,Riley Allen 809,Consumer,M,35-44,Cleveland,North,USA,2020-11-02,Silver,High,0,4
5810,Sam Wright 810,Consumer,F,55+,Houston,South,USA,2022-06-20,Gold,Lower-Mid,0,2
5811,Rowan Lee 811,Consumer,F,55+,San Francisco,West,USA,2022-05-19,Bronze,Lower-Mid,0,4
5812,Taylor Young 812,Small Business,NA,45-54,Los Angeles,West,USA,2023-03-13,Bronze,Lower-Mid,0,2
5813,Rowan Lewis 813,Home Office,M,45-54,San Francisco,West,USA,2020-01-28,Silver,Lower-Mid,0,4
5814,Drew Young 814,Small Business,NA,55+,Seattle,West,USA,2025-09-11,Silver,Low,1,3
5815,Taylor Wright 815,Small Business,F,25-34,Detroit,North,USA,2022-10-24,Silver,Low,1,2
5816,Morgan Smith 816,Consumer,F,25-34,Detroit,North,USA,2020-01-16,Bronze,Mid,0,2
5817,Drew Walker 817,Consumer,F,25-34,Philadelphia,East,USA,2023-09-24,Bronze,Mid,0,2
5818,Sam Young 818,Small Business,NA,18-24,Cleveland,North,USA,2023-07-15,Gold,Low,1,2
5819,Rowan Young 819,Consumer,M,25-34,Phoenix,West,USA,2019-08-12,Bronze,Lower-Mid,0,2
5820,Jamie Clark 820,Small Business,NA,55+,Seattle,West,USA,2020-04-02,Gold,High,1,2
5821,Cameron King 821,Consumer,NA,25-34,Detroit,North,USA,2024-10-10,Gold,Upper-Mid,0,2
5822,Jordan Scott 822,Consumer,M,35-44,Cleveland,North,USA,2019-07-25,Gold,Mid,0,1
5823,Alex Hall 823,Small Business,M,25-34,Philadelphia,East,USA,2023-01-01,Silver,Mid,0,1
5824,Parker King 824,Small Business,M,25-34,Minneapolis,North,USA,2019-12-11,Silver,Lower-Mid,0,2
5825,Jamie Allen 825,Home Office,F,55+,Philadelphia,East,USA,2024-11-14,Silver,Low,0,1
5826,Jamie Young 826,Corporate,F,25-34,Detroit,North,USA,2019-11-19,Bronze,Mid,1,2
5827,Jamie Green 827,Small Business,F,45-54,Atlanta,South,USA,2023-11-11,Platinum,Upper-Mid,1,4
5828,Avery Brown 828,Consumer,M,25-34,Dallas,South,USA,2021-01-30,Bronze,Mid,0,2
5829,Casey Brown 829,Consumer,F,45-54,Atlanta,South,USA,2020-06-15,Bronze,Mid,0,3
5830,Alex King 830,Consumer,M,25-34,New York,East,USA,2022-03-24,Gold,Mid,0,2
5831,Avery Green 831,Consumer,NA,18-24,Seattle,West,USA,2022-10-27,Bronze,Upper-Mid,0,1
5832,Taylor Young 832,Consumer,M,25-34,San Francisco,West,USA,2019-05-13,Silver,Mid,0,1
5833,Jamie Hall 833,Consumer,M,25-34,Seattle,West,USA,2022-07-15,Silver,Mid,0,1
5834,Casey Wright 834,Corporate,F,45-54,Atlanta,South,USA,2022-03-08,Silver,Mid,0,4
5835,Drew Johnson 835,Corporate,F,25-34,Miami,South,USA,2021-05-15,Platinum,Mid,0,1
5836,Morgan Lewis 836,Consumer,NA,25-34,Phoenix,West,USA,2023-01-27,Silver,Mid,0,2
5837,Casey Walker 837,Consumer,M,25-34,Washington,East,USA,2024-01-15,Bronze,Upper-Mid,0,2
5838,Rowan Lee 838,Small Business,NA,55+,Minneapolis,North,USA,2023-04-20,Silver,Mid,1,1
5839,Skyler Hall 839,Consumer,F,35-44,Detroit,North,USA,2023-08-02,Platinum,Lower-Mid,0,1
5840,Alex King 840,Home Office,NA,55+,Los Angeles,West,USA,2023-05-14,Silver,Upper-Mid,0,4
5841,Drew Brown 841,Consumer,F,35-44,Miami,South,USA,2021-03-29,Bronze,Lower-Mid,0,4
5842,Rowan Allen 842,Consumer,M,55+,Miami,South,USA,2020-12-25,Platinum,Mid,0,1
5843,Jamie Johnson 843,Consumer,F,45-54,Boston,East,USA,2023-07-23,Gold,High,0,4
5844,Cameron King 844,Home Office,NA,25-34,Cleveland,North,USA,2025-10-22,Silver,Mid,0,1
5845,Casey Scott 845,Consumer,NA,45-54,Los Angeles,West,USA,2023-01-28,Silver,High,0,2
5846,Jordan Lee 846,Small Business,M,45-54,Phoenix,West,USA,2025-07-02,Gold,Low,0,2
5847,Logan Walker 847,Home Office,F,25-34,Boston,East,USA,2022-09-13,Silver,Low,0,4
5848,Sam Davis 848,Small Business,NA,35-44,San Francisco,West,USA,2024-01-19,Silver,Mid,1,3
5849,Cameron Clark 849,Consumer,NA,25-34,Atlanta,South,USA,2022-04-07,Bronze,Upper-Mid,0,2
5850,Rowan Davis 850,Small Business,F,45-54,Washington,East,USA,2020-06-10,Bronze,Lower-Mid,1,2
5851,Taylor Allen 851,Corporate,F,25-34,Detroit,North,USA,2024-09-14,Gold,High,1,2
5852,Skyler Scott 852,Corporate,NA,25-34,Atlanta,South,USA,2023-03-14,Bronze,High,1,4
5853,Casey Smith 853,Consumer,NA,55+,San Francisco,West,USA,2022-11-03,Bronze,Lower-Mid,0,1
5854,Avery Allen 854,Consumer,NA,55+,Detroit,North,USA,2024-11-16,Gold,Upper-Mid,0,2
5855,Sam Hall 855,Corporate,F,25-34,Cleveland,North,USA,2024-12-30,Gold,Mid,0,3
5856,Logan King 856,Consumer,F,35-44,San Francisco,West,USA,2021-09-30,Bronze,Upper-Mid,0,1
5857,Morgan King 857,Consumer,F,55+,Philadelphia,East,USA,2020-06-26,Silver,Low,0,1
5858,Cameron Wright 858,Consumer,F,25-34,Phoenix,West,USA,2019-10-27,Bronze,Low,0,1
5859,Morgan Allen 859,Consumer,M,25-34,Dallas,South,USA,2019-02-09,Silver,Upper-Mid,0,1
5860,Rowan Allen 860,Corporate,M,55+,San Francisco,West,USA,2021-10-28,Gold,Mid,1,1
5861,Riley Davis 861,Home Office,NA,25-34,Seattle,West,USA,2022-02-01,Silver,Mid,0,2
5862,Sam Green 862,Consumer,NA,35-44,Detroit,North,USA,2020-10-30,Bronze,Upper-Mid,0,2
5863,Rowan Hall 863,Consumer,F,25-34,Cleveland,North,USA,2020-03-21,Gold,Lower-Mid,0,2
5864,Riley Green 864,Consumer,NA,25-34,Washington,East,USA,2020-09-25,Bronze,Lower-Mid,0,2
5865,Taylor Clark 865,Corporate,NA,55+,Houston,South,USA,2025-09-04,Gold,Upper-Mid,0,4
5866,Riley Clark 866,Consumer,NA,25-34,Seattle,West,USA,2022-07-15,Silver,Mid,0,2
5867,Casey Smith 867,Small Business,M,25-34,Los Angeles,West,USA,2020-07-27,Platinum,Upper-Mid,0,2
5868,Sam Smith 868,Consumer,M,25-34,Atlanta,South,USA,2023-04-16,Bronze,Mid,0,1
5869,Jordan Johnson 869,Small Business,F,25-34,Miami,South,USA,2024-05-18,Platinum,Mid,1,4
5870,Skyler Allen 870,Consumer,M,18-24,Phoenix,West,USA,2019-08-18,Silver,Lower-Mid,0,2
5871,Cameron King 871,Consumer,F,25-34,New York,East,USA,2023-08-22,Gold,Upper-Mid,0,2
5872,Sam Allen 872,Consumer,NA,45-54,Dallas,South,USA,2021-12-03,Silver,Upper-Mid,0,2
5873,Jamie King 873,Small Business,NA,25-34,Dallas,South,USA,2023-01-19,Platinum,Mid,1,1
5874,Sam Brown 874,Consumer,NA,55+,San Francisco,West,USA,2021-11-26,Bronze,Upper-Mid,0,1
5875,Logan Walker 875,Consumer,F,45-54,Cleveland,North,USA,2019-09-04,Platinum,Mid,0,1
5876,Drew Wright 876,Home Office,M,45-54,Los Angeles,West,USA,2024-07-08,Bronze,Lower-Mid,0,1
5877,Logan Johnson 877,Home Office,NA,25-34,Chicago,North,USA,2024-10-04,Gold,Low,0,4
5878,Casey Scott 878,Small Business,M,35-44,Dallas,South,USA,2020-09-15,Silver,Low,1,1
5879,Riley Smith 879,Consumer,NA,45-54,Los Angeles,West,USA,2019-03-19,Bronze,Lower-Mid,0,1
5880,Rowan Young 880,Consumer,F,45-54,Atlanta,South,USA,2025-06-10,Platinum,Upper-Mid,0,2
5881,Morgan Davis 881,Small Business,F,18-24,Houston,South,USA,2024-12-24,Silver,Upper-Mid,1,2
5882,Cameron Brown 882,Small Business,NA,25-34,Minneapolis,North,USA,2022-05-25,Bronze,High,0,4
5883,Cameron Walker 883,Consumer,F,45-54,New York,East,USA,2023-03-17,Bronze,Upper-Mid,0,4
5884,Avery Lewis 884,Consumer,F,25-34,Miami,South,USA,2023-04-08,Silver,Lower-Mid,0,4
5885,Jordan Walker 885,Small Business,NA,35-44,Detroit,North,USA,2022-07-21,Silver,Lower-Mid,0,2
5886,Avery Smith 886,Consumer,F,25-34,Seattle,West,USA,2023-09-17,Silver,Upper-Mid,0,2
5887,Drew Young 887,Consumer,M,25-34,New York,East,USA,2019-12-12,Silver,Upper-Mid,0,4
5888,Cameron Clark 888,Small Business,F,25-34,Minneapolis,North,USA,2021-10-16,Bronze,Low,1,1
5889,Logan Brown 889,Consumer,NA,35-44,Los Angeles,West,USA,2023-03-03,Silver,Upper-Mid,0,2
5890,Logan Young 890,Small Business,F,25-34,Houston,South,USA,2020-03-24,Gold,Low,0,2
5891,Alex Wright 891,Corporate,F,25-34,Philadelphia,East,USA,2024-04-11,Bronze,Upper-Mid,1,1
5892,Alex Clark 892,Consumer,F,18-24,San Francisco,West,USA,2019-09-29,Bronze,Mid,0,4
5893,Logan Young 893,Small Business,F,25-34,San Francisco,West,USA,2024-04-07,Gold,Lower-Mid,1,2
5894,Drew Scott 894,Consumer,NA,25-34,Cleveland,North,USA,2021-06-17,Silver,Upper-Mid,0,1
5895,Riley Green 895,Small Business,NA,18-24,Chicago,North,USA,2021-07-15,Bronze,Upper-Mid,1,2
5896,Taylor Clark 896,Small Business,M,25-34,Seattle,West,USA,2020-08-17,Silver,High,0,4
5897,Taylor Smith 897,Small Business,F,35-44,Los Angeles,West,USA,2021-09-01,Bronze,Lower-Mid,1,2
5898,Drew Allen 898,Corporate,M,35-44,Boston,East,USA,2021-05-29,Silver,Lower-Mid,1,3
5899,Taylor Davis 899,Home Office,M,45-54,Philadelphia,East,USA,2024-06-19,Gold,Mid,0,1
5900,Sam Lewis 900,Consumer,NA,18-24,Philadelphia,East,USA,2025-02-03,Bronze,Lower-Mid,0,2
5901,Riley Lee 901,Corporate,M,25-34,Chicago,North,USA,2023-11-22,Silver,High,1,4
5902,Cameron Hall 902,Small Business,F,25-34,Miami,South,USA,2021-06-27,Gold,Lower-Mid,1,2
5903,Sam Hall 903,Small Business,F,45-54,Dallas,South,USA,2024-12-14,Bronze,Lower-Mid,1,2
5904,Skyler Lewis 904,Consumer,F,25-34,Houston,South,USA,2023-06-30,Bronze,High,0,4
5905,Jamie Davis 905,Consumer,F,18-24,Phoenix,West,USA,2025-03-26,Silver,Lower-Mid,0,3
5906,Taylor Lee 906,Small Business,M,45-54,Chicago,North,USA,2021-09-20,Silver,Lower-Mid,1,2
5907,Riley Lee 907,Consumer,M,25-34,Atlanta,South,USA,2025-07-27,Platinum,Lower-Mid,0,2
5908,Jordan Hall 908,Consumer,M,35-44,Philadelphia,East,USA,2025-09-17,Silver,Mid,0,1
5909,Cameron Wright 909,Consumer,NA,25-34,Cleveland,North,USA,2022-01-19,Platinum,Low,0,3
5910,Casey Allen 910,Corporate,F,55+,New York,East,USA,2024-06-18,Gold,Lower-Mid,0,4
5911,Rowan Walker 911,Small Business,NA,55+,Boston,East,USA,2023-09-24,Bronze,Low,1,3
5912,Sam Lewis 912,Corporate,NA,45-54,Philadelphia,East,USA,2022-12-31,Bronze,Low,1,1
5913,Rowan Davis 913,Corporate,F,55+,San Francisco,West,USA,2024-06-21,Silver,Upper-Mid,1,2
5914,Skyler Scott 914,Corporate,NA,55+,Los Angeles,West,USA,2025-06-15,Bronze,High,0,2
5915,Alex Clark 915,Small Business,NA,45-54,Phoenix,West,USA,2024-03-02,Silver,Mid,1,3
5916,Taylor Smith 916,Consumer,NA,55+,Los Angeles,West,USA,2020-02-09,Bronze,Mid,0,1
5917,Rowan Clark 917,Consumer,M,55+,Seattle,West,USA,2021-10-15,Bronze,Upper-Mid,0,1
5918,Logan Scott 918,Consumer,NA,35-44,Boston,East,USA,2023-07-02,Gold,Upper-Mid,0,1
5919,Skyler Hall 919,Consumer,NA,45-54,Los Angeles,West,USA,2021-07-21,Bronze,Lower-Mid,0,4
5920,Avery Young 920,Consumer,F,45-54,Cleveland,North,USA,2021-04-08,Bronze,Upper-Mid,0,2
5921,Taylor Clark 921,Small Business,F,18-24,Seattle,West,USA,2025-07-11,Bronze,Mid,1,1
5922,Jordan Brown 922,Corporate,F,18-24,Miami,South,USA,2025-09-15,Platinum,Mid,1,1
5923,Cameron Lewis 923,Consumer,F,45-54,Philadelphia,East,USA,2022-04-18,Silver,High,0,1
5924,Morgan Hall 924,Small Business,F,35-44,Miami,South,USA,2022-01-26,Bronze,Lower-Mid,1,1
5925,Morgan Lee 925,Corporate,F,25-34,Miami,South,USA,2019-03-27,Gold,Mid,1,2
5926,Parker Allen 926,Consumer,M,35-44,Miami,South,USA,2023-05-05,Gold,Upper-Mid,0,4
5927,Cameron Green 927,Consumer,F,25-34,Washington,East,USA,2023-01-02,Bronze,Upper-Mid,0,1
5928,Cameron Wright 928,Consumer,NA,45-54,Houston,South,USA,2025-01-01,Bronze,Upper-Mid,0,2
5929,Skyler Scott 929,Consumer,F,35-44,Boston,East,USA,2023-11-29,Silver,Mid,0,4
5930,Parker Young 930,Corporate,F,55+,Dallas,South,USA,2024-05-06,Gold,Lower-Mid,1,1
5931,Jamie Smith 931,Home Office,NA,35-44,Philadelphia,East,USA,2023-10-31,Gold,High,0,4
5932,Jamie Young 932,Consumer,M,25-34,Miami,South,USA,2025-05-23,Gold,Mid,0,2
5933,Alex King 933,Home Office,M,35-44,New York,East,USA,2019-10-18,Silver,Mid,0,3
5934,Logan Wright 934,Home Office,F,45-54,Houston,South,USA,2019-05-01,Silver,Mid,0,1
5935,Skyler King 935,Home Office,NA,25-34,Chicago,North,USA,2023-07-28,Silver,Mid,0,3
5936,Taylor King 936,Consumer,M,55+,Dallas,South,USA,2024-08-08,Bronze,Lower-Mid,0,1
5937,Logan Johnson 937,Consumer,NA,25-34,New York,East,USA,2025-10-18,Bronze,Mid,0,2
5938,Parker Smith 938,Consumer,F,25-34,Detroit,North,USA,2022-06-08,Bronze,High,0,2
5939,Skyler Walker 939,Consumer,F,35-44,Detroit,North,USA,2022-11-15,Bronze,Mid,0,1
5940,Jamie Scott 940,Small Business,F,35-44,Boston,East,USA,2023-12-29,Bronze,Low,1,4
5941,Jordan Clark 941,Home Office,NA,25-34,Minneapolis,North,USA,2024-10-24,Bronze,Low,0,1
5942,Cameron Young 942,Home Office,NA,45-54,Atlanta,South,USA,2024-01-09,Platinum,Mid,0,1
5943,Drew Walker 943,Consumer,F,45-54,Atlanta,South,USA,2019-06-20,Bronze,High,0,4
5944,Sam Green 944,Corporate,NA,35-44,Chicago,North,USA,2024-12-18,Silver,Upper-Mid,1,1
5945,Riley Young 945,Small Business,M,25-34,Miami,South,USA,2023-03-25,Bronze,Low,0,2
5946,Logan Wright 946,Consumer,M,45-54,Seattle,West,USA,2019-08-14,Silver,Low,0,4
5947,Jamie Smith 947,Corporate,NA,18-24,Boston,East,USA,2022-05-25,Silver,Mid,1,3
5948,Rowan King 948,Consumer,F,55+,San Francisco,West,USA,2020-02-09,Silver,Lower-Mid,0,1
5949,Avery Brown 949,Small Business,NA,35-44,New York,East,USA,2019-03-05,Bronze,Mid,1,1
5950,Rowan Scott 950,Home Office,M,55+,New York,East,USA,2023-05-17,Gold,Mid,0,3
5951,Morgan Allen 951,Consumer,NA,25-34,Detroit,North,USA,2023-09-28,Silver,Upper-Mid,0,4
5952,Rowan King 952,Home Office,M,25-34,Boston,East,USA,2019-02-11,Silver,Mid,0,1
5953,Alex Young 953,Consumer,NA,25-34,Miami,South,USA,2024-01-14,Bronze,Mid,0,1
5954,Logan Walker 954,Consumer,F,25-34,Chicago,North,USA,2022-09-02,Bronze,Upper-Mid,0,4
5955,Riley Scott 955,Consumer,NA,25-34,Seattle,West,USA,2020-05-04,Silver,Upper-Mid,0,1
5956,Parker Smith 956,Consumer,M,35-44,Cleveland,North,USA,2020-04-01,Bronze,Upper-Mid,0,1
5957,Sam Walker 957,Consumer,NA,25-34,Detroit,North,USA,2025-09-11,Gold,Mid,0,2
5958,Alex Allen 958,Small Business,F,55+,Houston,South,USA,2022-10-30,Gold,Lower-Mid,0,2
5959,Riley Hall 959,Consumer,F,25-34,Cleveland,North,USA,2021-03-07,Bronze,Upper-Mid,0,1
5960,Skyler Hall 960,Small Business,M,35-44,Los Angeles,West,USA,2020-08-10,Silver,Lower-Mid,0,1
5961,Sam Clark 961,Small Business,F,25-34,Detroit,North,USA,2020-03-01,Silver,Low,0,1
5962,Logan Young 962,Small Business,F,35-44,Los Angeles,West,USA,2019-10-30,Bronze,Upper-Mid,1,2
5963,Casey Walker 963,Corporate,NA,25-34,Seattle,West,USA,2024-07-02,Silver,Lower-Mid,1,2
5964,Sam Brown 964,Consumer,F,25-34,Miami,South,USA,2020-12-15,Platinum,Mid,0,1
5965,Casey Wright 965,Small Business,M,25-34,Atlanta,South,USA,2024-02-27,Silver,Upper-Mid,1,4
5966,Casey Lewis 966,Consumer,M,35-44,Atlanta,South,USA,2024-01-27,Silver,Mid,0,2
5967,Parker Brown 967,Consumer,F,25-34,Washington,East,USA,2021-02-21,Silver,High,0,3
5968,Logan Wright 968,Consumer,M,25-34,Washington,East,USA,2022-06-11,Bronze,Lower-Mid,0,1
5969,Logan Scott 969,Home Office,NA,25-34,Seattle,West,USA,2021-03-27,Bronze,Mid,0,1
5970,Avery Smith 970,Consumer,NA,25-34,Phoenix,West,USA,2025-05-13,Silver,Lower-Mid,0,3
5971,Logan Brown 971,Corporate,F,25-34,Miami,South,USA,2024-04-03,Bronze,Upper-Mid,1,2
5972,Jordan Smith 972,Small Business,F,55+,Chicago,North,USA,2019-08-05,Bronze,Low,1,2
5973,Jordan Clark 973,Consumer,NA,55+,Houston,South,USA,2025-07-17,Platinum,Mid,0,1
5974,Logan Hall 974,Consumer,F,55+,Atlanta,South,USA,2020-09-14,Bronze,Low,0,4
5975,Rowan Walker 975,Corporate,NA,55+,San Francisco,West,USA,2021-10-18,Platinum,Mid,0,2
5976,Avery Lewis 976,Small Business,M,25-34,Detroit,North,USA,2019-03-23,Silver,High,1,2
5977,Avery Young 977,Small Business,NA,25-34,Miami,South,USA,2022-10-23,Platinum,Upper-Mid,0,1
5978,Jordan Green 978,Home Office,NA,25-34,Washington,East,USA,2022-08-06,Bronze,Upper-Mid,0,3
5979,Cameron Allen 979,Consumer,M,55+,Washington,East,USA,2023-02-04,Gold,Lower-Mid,0,1
5980,Taylor Smith 980,Consumer,NA,25-34,Cleveland,North,USA,2022-06-09,Bronze,High,0,1
5981,Sam Hall 981,Corporate,F,25-34,Washington,East,USA,2019-02-13,Gold,Low,1,4
5982,Rowan Davis 982,Consumer,NA,25-34,Phoenix,West,USA,2023-02-11,Gold,Upper-Mid,0,3
5983,Sam King 983,Consumer,M,35-44,Seattle,West,USA,2024-06-25,Bronze,Low,0,2
5984,Cameron Johnson 984,Small Business,F,45-54,Minneapolis,North,USA,2020-03-14,Bronze,Lower-Mid,0,2
5985,Alex King 985,Small Business,F,45-54,Dallas,South,USA,2022-10-29,Gold,Mid,0,2
5986,Jordan Allen 986,Small Business,F,18-24,Seattle,West,USA,2020-07-22,Bronze,Upper-Mid,0,1
5987,Rowan Brown 987,Consumer,F,18-24,Chicago,North,USA,2019-11-22,Silver,Mid,0,1
5988,Taylor Walker 988,Corporate,M,45-54,Miami,South,USA,2025-08-21,Gold,Low,0,1
5989,Cameron Hall 989,Consumer,NA,55+,Houston,South,USA,2020-05-22,Gold,Low,0,1
5990,Rowan Scott 990,Consumer,NA,25-34,Boston,East,USA,2023-08-16,Silver,Lower-Mid,0,2
5991,Rowan Green 991,Consumer,NA,25-34,Boston,East,USA,2020-10-22,Bronze,Low,0,2
5992,Logan Green 992,Consumer,NA,35-44,Cleveland,North,USA,2019-12-28,Bronze,Upper-Mid,0,4
5993,Sam Walker 993,Small Business,M,45-54,Minneapolis,North,USA,2024-05-21,Bronze,Lower-Mid,1,2
5994,Alex King 994,Corporate,M,25-34,Houston,South,USA,2024-03-05,Bronze,Upper-Mid,1,2
5995,Jamie Wright 995,Consumer,M,25-34,Phoenix,West,USA,2019-04-11,Gold,Upper-Mid,0,2
5996,Casey Wright 996,Consumer,NA,55+,Miami,South,USA,2020-09-10,Silver,Lower-Mid,0,1
5997,Sam Brown 997,Consumer,F,35-44,Phoenix,West,USA,2020-10-10,Bronze,High,0,2
5998,Jamie Walker 998,Consumer,M,25-34,Houston,South,USA,2020-10-16,Silver,Mid,0,2
5999,Jamie Walker 999,Home Office,NA,25-34,Chicago,North,USA,2021-08-21,Silver,Mid,0,1
6000,Rowan Lee 1000,Home Office,M,35-44,Los Angeles,West,USA,2023-10-24,Silver,Mid,0,2
6001,Drew Lee 1001,Small Business,M,35-44,Philadelphia,East,USA,2024-04-23,Bronze,Mid,1,1
6002,Cameron Clark 1002,Home Office,NA,55+,Boston,East,USA,2024-05-04,Gold,Mid,0,2
6003,Sam Wright 1003,Home Office,NA,35-44,Boston,East,USA,2021-07-26,Gold,Mid,0,3
6004,Cameron Smith 1004,Corporate,M,35-44,Miami,South,USA,2020-01-27,Silver,Lower-Mid,1,2
6005,Casey Wright 1005,Consumer,F,45-54,Seattle,West,USA,2022-02-05,Gold,Mid,0,3
6006,Alex Clark 1006,Consumer,M,45-54,San Francisco,West,USA,2024-05-30,Silver,Upper-Mid,0,4
6007,Parker Brown 1007,Corporate,NA,25-34,Seattle,West,USA,2025-09-13,Silver,Lower-Mid,0,4
6008,Casey King 1008,Small Business,F,25-34,Boston,East,USA,2021-04-16,Bronze,Low,1,3
6009,Cameron Lee 1009,Consumer,M,35-44,Minneapolis,North,USA,2025-03-24,Bronze,Mid,0,1
6010,Jamie Allen 1010,Consumer,M,25-34,Washington,East,USA,2025-07-30,Bronze,High,0,1
6011,Sam Scott 1011,Consumer,NA,25-34,Washington,East,USA,2019-04-15,Silver,Mid,0,2
6012,Sam Allen 1012,Corporate,NA,18-24,New York,East,USA,2024-09-26,Bronze,Upper-Mid,0,1
6013,Parker Lee 1013,Consumer,NA,25-34,Detroit,North,USA,2023-01-15,Platinum,Lower-Mid,0,2
6014,Alex Hall 1014,Consumer,M,35-44,Cleveland,North,USA,2023-06-10,Silver,Mid,0,1
6015,Logan Green 1015,Consumer,M,25-34,Miami,South,USA,2019-08-20,Silver,Mid,0,1
6016,Morgan Wright 1016,Consumer,F,55+,Miami,South,USA,2020-07-17,Silver,Lower-Mid,0,3
6017,Riley Walker 1017,Consumer,F,35-44,Los Angeles,West,USA,2023-08-27,Silver,Low,0,2
6018,Alex Clark 1018,Corporate,NA,18-24,Houston,South,USA,2023-02-16,Silver,Upper-Mid,1,1
6019,Sam Hall 1019,Consumer,M,25-34,Minneapolis,North,USA,2021-04-05,Gold,Lower-Mid,0,1
6020,Riley Walker 1020,Consumer,F,35-44,Washington,East,USA,2024-09-27,Gold,Lower-Mid,0,1
6021,Drew Brown 1021,Small Business,F,45-54,Los Angeles,West,USA,2022-05-08,Gold,Mid,1,3
6022,Rowan Brown 1022,Consumer,NA,55+,Washington,East,USA,2021-10-30,Bronze,Low,0,1
6023,Jamie Lewis 1023,Consumer,NA,25-34,Atlanta,South,USA,2023-05-20,Silver,Lower-Mid,0,2
6024,Jordan Green 1024,Consumer,F,45-54,Boston,East,USA,2019-07-24,Gold,High,0,4
6025,Skyler Lee 1025,Consumer,F,18-24,Washington,East,USA,2021-05-31,Silver,High,0,3
6026,Rowan Smith 1026,Consumer,M,45-54,New York,East,USA,2020-05-06,Bronze,Lower-Mid,0,4
6027,Jamie Young 1027,Home Office,F,55+,Dallas,South,USA,2024-05-05,Bronze,Low,0,3
6028,Jamie Allen 1028,Consumer,M,18-24,Seattle,West,USA,2020-09-19,Bronze,Mid,0,2
6029,Avery Lewis 1029,Consumer,F,55+,Cleveland,North,USA,2025-06-20,Gold,Mid,0,4
6030,Morgan Wright 1030,Small Business,M,18-24,Philadelphia,East,USA,2022-01-18,Platinum,Lower-Mid,1,3
6031,Jamie Walker 1031,Corporate,F,45-54,Cleveland,North,USA,2019-07-13,Bronze,Low,1,3
6032,Sam King 1032,Corporate,NA,35-44,Atlanta,South,USA,2022-08-06,Gold,Lower-Mid,0,2
6033,Taylor Scott 1033,Small Business,NA,45-54,Seattle,West,USA,2024-07-18,Silver,Mid,1,1
6034,Sam Young 1034,Consumer,M,35-44,Boston,East,USA,2025-01-17,Gold,Lower-Mid,0,1
6035,Drew King 1035,Consumer,F,45-54,Atlanta,South,USA,2025-06-07,Bronze,Upper-Mid,0,1
6036,Cameron Johnson 1036,Small Business,NA,35-44,Los Angeles,West,USA,2024-10-29,Bronze,Low,1,2
6037,Logan Clark 1037,Corporate,M,18-24,Houston,South,USA,2023-03-10,Silver,Mid,1,2
6038,Jordan Brown 1038,Corporate,NA,35-44,Washington,East,USA,2020-09-29,Gold,Upper-Mid,0,1
6039,Jordan King 1039,Consumer,M,25-34,Cleveland,North,USA,2023-07-22,Bronze,Lower-Mid,0,2
6040,Riley Johnson 1040,Consumer,F,25-34,Dallas,South,USA,2019-10-20,Bronze,Mid,0,1
6041,Skyler Davis 1041,Consumer,M,25-34,Washington,East,USA,2021-05-03,Bronze,Mid,0,4
6042,Avery Clark 1042,Home Office,M,18-24,Cleveland,North,USA,2024-04-23,Gold,Mid,0,2
6043,Skyler Green 1043,Corporate,M,55+,Cleveland,North,USA,2024-07-01,Platinum,Mid,1,3
6044,Jordan Johnson 1044,Consumer,F,45-54,Cleveland,North,USA,2020-01-21,Silver,Upper-Mid,0,1
6045,Parker Wright 1045,Consumer,NA,45-54,Los Angeles,West,USA,2021-06-06,Silver,Low,0,2
6046,Taylor Walker 1046,Consumer,M,45-54,Cleveland,North,USA,2023-05-09,Gold,Mid,0,3
6047,Avery Lee 1047,Corporate,M,25-34,New York,East,USA,2020-10-28,Bronze,Mid,1,2
6048,Morgan Smith 1048,Consumer,M,45-54,Detroit,North,USA,2020-12-24,Gold,Low,0,1
6049,Avery Wright 1049,Consumer,NA,55+,Washington,East,USA,2020-04-20,Bronze,Lower-Mid,0,3
6050,Logan King 1050,Consumer,M,18-24,Cleveland,North,USA,2024-11-21,Gold,Mid,0,2
6051,Casey Hall 1051,Consumer,NA,25-34,Phoenix,West,USA,2019-09-24,Bronze,Upper-Mid,0,2
6052,Morgan Green 1052,Consumer,F,25-34,Phoenix,West,USA,2020-10-25,Bronze,Lower-Mid,0,1
6053,Logan Young 1053,Consumer,F,35-44,Philadelphia,East,USA,2020-04-19,Silver,Lower-Mid,0,1
6054,Alex Hall 1054,Consumer,F,18-24,Miami,South,USA,2021-12-25,Silver,Low,0,4
6055,Drew Walker 1055,Home Office,F,25-34,Atlanta,South,USA,2024-04-28,Silver,Lower-Mid,0,1
6056,Drew Hall 1056,Corporate,F,45-54,Detroit,North,USA,2019-10-06,Silver,High,0,1
6057,Drew Davis 1057,Home Office,M,18-24,Seattle,West,USA,2023-11-04,Bronze,Lower-Mid,0,2
6058,Skyler Scott 1058,Consumer,F,45-54,Atlanta,South,USA,2020-06-05,Silver,High,0,2
6059,Parker Davis 1059,Consumer,M,45-54,San Francisco,West,USA,2023-11-08,Silver,Mid,0,2
6060,Casey Davis 1060,Consumer,M,35-44,Dallas,South,USA,2022-10-30,Bronze,Mid,0,1
6061,Casey Wright 1061,Consumer,NA,35-44,Washington,East,USA,2025-04-13,Platinum,Mid,0,2
6062,Jamie Walker 1062,Consumer,M,35-44,Miami,South,USA,2019-09-15,Bronze,Lower-Mid,0,1
6063,Cameron Clark 1063,Consumer,F,35-44,Boston,East,USA,2022-11-28,Platinum,Lower-Mid,0,1
6064,Casey Young 1064,Consumer,NA,25-34,Seattle,West,USA,2020-07-24,Gold,Mid,0,1
6065,Avery Allen 1065,Consumer,NA,25-34,Philadelphia,East,USA,2022-04-08,Silver,Lower-Mid,0,3
6066,Logan Walker 1066,Small Business,M,25-34,Boston,East,USA,2024-06-06,Gold,High,1,2
6067,Casey Scott 1067,Consumer,NA,55+,New York,East,USA,2019-01-14,Bronze,Upper-Mid,0,1
6068,Parker Allen 1068,Home Office,M,35-44,Phoenix,West,USA,2023-09-19,Bronze,Low,0,2
6069,Casey Clark 1069,Consumer,F,25-34,Los Angeles,West,USA,2020-05-18,Bronze,Upper-Mid,0,1
6070,Parker Davis 1070,Consumer,F,45-54,Minneapolis,North,USA,2023-09-30,Bronze,Upper-Mid,0,2
6071,Skyler King 1071,Consumer,M,25-34,Chicago,North,USA,2021-09-12,Bronze,Mid,0,2
6072,Taylor Smith 1072,Small Business,NA,35-44,Philadelphia,East,USA,2021-06-19,Bronze,High,1,2
6073,Jamie Allen 1073,Consumer,M,45-54,Detroit,North,USA,2020-05-25,Bronze,Upper-Mid,0,1
6074,Cameron Brown 1074,Small Business,M,18-24,San Francisco,West,USA,2021-09-05,Silver,Mid,1,3
6075,Drew Johnson 1075,Consumer,M,45-54,San Francisco,West,USA,2023-12-18,Bronze,Upper-Mid,0,4
6076,Riley Brown 1076,Consumer,NA,35-44,Los Angeles,West,USA,2024-11-16,Bronze,Low,0,2
6077,Sam Lee 1077,Corporate,NA,18-24,Phoenix,West,USA,2023-03-27,Bronze,Mid,0,2
6078,Cameron Brown 1078,Small Business,M,35-44,Boston,East,USA,2024-04-07,Platinum,Mid,1,2
6079,Alex Lewis 1079,Small Business,NA,25-34,Cleveland,North,USA,2023-04-10,Bronze,Mid,1,2
6080,Riley Clark 1080,Consumer,M,35-44,Seattle,West,USA,2020-11-21,Bronze,Mid,0,2
6081,Sam Smith 1081,Home Office,F,18-24,Dallas,South,USA,2020-10-12,Bronze,Upper-Mid,0,1
6082,Riley Lee 1082,Consumer,M,25-34,Minneapolis,North,USA,2021-01-31,Bronze,Lower-Mid,0,2
6083,Skyler Young 1083,Corporate,NA,25-34,Dallas,South,USA,2025-02-22,Silver,Mid,0,1
6084,Jordan Davis 1084,Consumer,F,35-44,Dallas,South,USA,2024-03-09,Silver,Mid,0,1
6085,Sam Scott 1085,Small Business,F,45-54,Houston,South,USA,2024-10-03,Gold,Mid,1,2
6086,Drew Lee 1086,Consumer,F,45-54,Dallas,South,USA,2023-02-13,Silver,Lower-Mid,0,1
6087,Taylor Young 1087,Small Business,NA,45-54,Dallas,South,USA,2019-10-02,Platinum,Lower-Mid,0,2
6088,Jamie Lewis 1088,Corporate,NA,35-44,Phoenix,West,USA,2024-10-29,Bronze,Mid,1,3
6089,Drew Walker 1089,Consumer,F,45-54,Washington,East,USA,2021-04-27,Bronze,High,0,3
6090,Riley Clark 1090,Consumer,F,25-34,Cleveland,North,USA,2021-03-24,Gold,Lower-Mid,0,3
6091,Logan Wright 1091,Small Business,NA,25-34,Miami,South,USA,2022-05-21,Silver,Lower-Mid,1,4
6092,Jamie Walker 1092,Consumer,M,55+,Washington,East,USA,2024-03-12,Bronze,High,0,1
6093,Alex Clark 1093,Consumer,M,55+,Dallas,South,USA,2023-11-11,Bronze,Lower-Mid,0,3
6094,Drew Scott 1094,Home Office,M,18-24,Los Angeles,West,USA,2022-09-19,Bronze,High,0,1
6095,Parker Davis 1095,Small Business,F,18-24,Detroit,North,USA,2021-06-14,Silver,Mid,1,1
6096,Riley Clark 1096,Corporate,F,45-54,Seattle,West,USA,2025-07-26,Bronze,Mid,1,3
6097,Taylor Green 1097,Home Office,M,25-34,Chicago,North,USA,2023-12-07,Gold,Mid,0,1
6098,Riley Lewis 1098,Corporate,F,18-24,Dallas,South,USA,2022-05-25,Bronze,Lower-Mid,1,1
6099,Riley Green 1099,Consumer,F,18-24,Miami,South,USA,2019-09-29,Bronze,Low,0,3
6100,Taylor Green 1100,Consumer,NA,35-44,Detroit,North,USA,2019-11-24,Silver,Upper-Mid,0,2
6101,Riley Allen 1101,Home Office,NA,35-44,Washington,East,USA,2022-09-16,Silver,Lower-Mid,0,1
6102,Alex Lewis 1102,Consumer,M,25-34,Boston,East,USA,2024-09-15,Bronze,High,0,4
6103,Riley Johnson 1103,Small Business,F,35-44,Minneapolis,North,USA,2021-06-15,Gold,Lower-Mid,1,4
6104,Casey Allen 1104,Small Business,M,25-34,Washington,East,USA,2021-09-20,Bronze,Mid,1,1
6105,Drew Lewis 1105,Consumer,F,25-34,New York,East,USA,2019-05-06,Bronze,Mid,0,1
6106,Casey Allen 1106,Home Office,F,25-34,Phoenix,West,USA,2021-08-21,Bronze,Mid,0,1
6107,Drew Johnson 1107,Corporate,F,18-24,Atlanta,South,USA,2019-02-04,Bronze,Mid,1,4
6108,Taylor Smith 1108,Consumer,F,25-34,Dallas,South,USA,2023-02-11,Silver,High,0,2
6109,Riley Clark 1109,Consumer,F,18-24,Chicago,North,USA,2025-07-15,Bronze,Low,0,1
6110,Drew Walker 1110,Small Business,F,25-34,Houston,South,USA,2022-04-08,Silver,Mid,1,1
6111,Riley Lee 1111,Corporate,NA,45-54,Cleveland,North,USA,2024-10-09,Bronze,Mid,1,1
6112,Logan Walker 1112,Corporate,M,55+,Boston,East,USA,2022-06-09,Bronze,Upper-Mid,1,3
6113,Morgan Brown 1113,Corporate,M,25-34,Atlanta,South,USA,2020-09-27,Bronze,Low,1,1
6114,Jordan Davis 1114,Consumer,M,35-44,San Francisco,West,USA,2025-06-30,Bronze,Mid,0,2
6115,Rowan Smith 1115,Small Business,M,25-34,Boston,East,USA,2021-02-23,Bronze,Low,1,3
6116,Avery Young 1116,Small Business,M,45-54,San Francisco,West,USA,2022-08-18,Silver,Upper-Mid,1,2
6117,Logan Lee 1117,Consumer,M,25-34,Boston,East,USA,2024-06-17,Gold,Lower-Mid,0,1
6118,Avery Davis 1118,Consumer,F,45-54,Houston,South,USA,2023-09-08,Bronze,Low,0,2
6119,Jordan Walker 1119,Consumer,NA,25-34,Philadelphia,East,USA,2020-08-28,Bronze,Mid,0,3
6120,Skyler Allen 1120,Small Business,NA,25-34,Washington,East,USA,2019-06-11,Silver,Upper-Mid,1,2
6121,Alex Lewis 1121,Consumer,NA,35-44,Los Angeles,West,USA,2019-09-15,Silver,Upper-Mid,0,4
6122,Morgan Walker 1122,Small Business,M,25-34,Atlanta,South,USA,2019-06-08,Gold,Mid,1,2
6123,Drew Walker 1123,Consumer,F,25-34,Detroit,North,USA,2023-10-28,Bronze,Low,0,3
6124,Jamie Wright 1124,Consumer,NA,45-54,Los Angeles,West,USA,2025-09-24,Silver,Mid,0,2
6125,Cameron Lewis 1125,Small Business,NA,45-54,New York,East,USA,2020-12-26,Silver,Lower-Mid,1,1
6126,Taylor Green 1126,Consumer,NA,45-54,Miami,South,USA,2020-11-23,Silver,Mid,0,2
6127,Sam Johnson 1127,Small Business,M,25-34,San Francisco,West,USA,2025-01-30,Silver,Mid,0,1
6128,Jordan Wright 1128,Home Office,M,55+,Chicago,North,USA,2020-04-09,Gold,Lower-Mid,0,2
6129,Skyler Davis 1129,Consumer,F,25-34,Los Angeles,West,USA,2020-01-12,Bronze,Mid,0,1
6130,Skyler Wright 1130,Home Office,F,55+,New York,East,USA,2020-10-26,Bronze,Lower-Mid,0,3
6131,Logan Young 1131,Home Office,M,18-24,Miami,South,USA,2023-05-14,Gold,Mid,0,3
6132,Skyler Young 1132,Consumer,M,45-54,San Francisco,West,USA,2019-10-02,Platinum,Upper-Mid,0,3
6133,Rowan Clark 1133,Consumer,F,55+,Phoenix,West,USA,2019-05-30,Silver,Low,0,2
6134,Drew Smith 1134,Consumer,M,45-54,Philadelphia,East,USA,2019-12-16,Bronze,Low,0,2
6135,Parker Hall 1135,Consumer,NA,45-54,Detroit,North,USA,2020-05-05,Silver,Low,0,3
6136,Drew Lewis 1136,Consumer,M,18-24,Boston,East,USA,2020-03-12,Bronze,Lower-Mid,0,4
6137,Taylor Davis 1137,Small Business,M,45-54,Atlanta,South,USA,2019-11-01,Platinum,Mid,1,3
6138,Riley Clark 1138,Consumer,F,45-54,Los Angeles,West,USA,2020-07-16,Platinum,Mid,0,4
6139,Riley Wright 1139,Consumer,M,25-34,New York,East,USA,2020-05-21,Bronze,Lower-Mid,0,3
6140,Drew Wright 1140,Consumer,NA,45-54,Dallas,South,USA,2019-11-23,Gold,Mid,0,2
6141,Casey Wright 1141,Consumer,F,25-34,Philadelphia,East,USA,2023-09-18,Bronze,Lower-Mid,0,3
6142,Skyler Smith 1142,Consumer,F,55+,Dallas,South,USA,2019-06-24,Silver,Mid,0,2
6143,Parker Green 1143,Corporate,F,18-24,Boston,East,USA,2020-11-20,Bronze,High,1,1
6144,Jamie Lee 1144,Consumer,F,45-54,Cleveland,North,USA,2024-09-18,Bronze,Mid,0,2
6145,Morgan Smith 1145,Consumer,M,25-34,Boston,East,USA,2023-05-11,Bronze,Mid,0,2
6146,Riley Davis 1146,Home Office,F,35-44,Phoenix,West,USA,2020-05-25,Gold,Lower-Mid,0,2
6147,Morgan King 1147,Consumer,M,45-54,Chicago,North,USA,2025-06-19,Bronze,Mid,0,1
6148,Morgan Brown 1148,Small Business,NA,18-24,Houston,South,USA,2019-10-23,Silver,Lower-Mid,0,4
6149,Drew King 1149,Small Business,F,25-34,Detroit,North,USA,2022-10-30,Bronze,Lower-Mid,1,3
6150,Casey Young 1150,Home Office,NA,35-44,Philadelphia,East,USA,2023-12-22,Silver,Upper-Mid,0,1
6151,Rowan Scott 1151,Consumer,NA,25-34,Seattle,West,USA,2024-06-25,Platinum,Mid,0,1
6152,Logan Green 1152,Consumer,F,45-54,Phoenix,West,USA,2024-11-17,Bronze,Mid,0,4
6153,Casey Wright 1153,Consumer,F,35-44,Atlanta,South,USA,2024-12-09,Bronze,Mid,0,1
6154,Drew Davis 1154,Consumer,M,55+,Miami,South,USA,2022-01-09,Bronze,Lower-Mid,0,4
6155,Casey Brown 1155,Corporate,NA,35-44,Detroit,North,USA,2020-08-15,Bronze,Upper-Mid,1,2
6156,Alex Johnson 1156,Small Business,NA,55+,Philadelphia,East,USA,2020-03-14,Bronze,Lower-Mid,1,3
6157,Alex Lee 1157,Home Office,F,25-34,Miami,South,USA,2025-03-18,Silver,Lower-Mid,0,2
6158,Jamie Wright 1158,Small Business,M,25-34,Dallas,South,USA,2022-01-18,Silver,Mid,1,4
6159,Skyler Brown 1159,Consumer,F,25-34,New York,East,USA,2022-10-08,Bronze,Upper-Mid,0,2
6160,Parker Smith 1160,Consumer,NA,18-24,San Francisco,West,USA,2025-05-03,Gold,Lower-Mid,0,4
6161,Jamie Johnson 1161,Consumer,F,35-44,Miami,South,USA,2025-02-24,Silver,Lower-Mid,0,3
6162,Riley Smith 1162,Consumer,NA,25-34,Atlanta,South,USA,2022-02-22,Silver,Upper-Mid,0,4
6163,Skyler Johnson 1163,Home Office,F,45-54,Minneapolis,North,USA,2025-09-16,Silver,Mid,0,3
6164,Parker Lee 1164,Corporate,NA,45-54,Cleveland,North,USA,2019-01-27,Platinum,Mid,1,3
6165,Skyler Brown 1165,Consumer,NA,25-34,New York,East,USA,2023-10-16,Silver,High,0,3
6166,Rowan Allen 1166,Small Business,F,35-44,Dallas,South,USA,2021-02-27,Bronze,Lower-Mid,1,3
6167,Riley Walker 1167,Consumer,F,35-44,Houston,South,USA,2021-07-13,Silver,Low,0,3
6168,Cameron Wright 1168,Corporate,M,45-54,Atlanta,South,USA,2023-11-04,Bronze,Low,1,2
6169,Parker Lee 1169,Consumer,NA,45-54,Detroit,North,USA,2023-09-18,Bronze,Upper-Mid,0,1
6170,Morgan King 1170,Consumer,F,25-34,Miami,South,USA,2024-10-31,Gold,Upper-Mid,0,2
6171,Skyler Hall 1171,Consumer,NA,35-44,Washington,East,USA,2024-01-14,Silver,Mid,0,3
6172,Morgan Green 1172,Consumer,NA,45-54,Philadelphia,East,USA,2019-03-24,Bronze,Lower-Mid,0,3
6173,Jordan Wright 1173,Small Business,NA,25-34,Los Angeles,West,USA,2019-08-09,Bronze,Upper-Mid,1,1
6174,Skyler King 1174,Home Office,NA,45-54,Phoenix,West,USA,2019-08-05,Silver,Mid,0,1
6175,Parker Scott 1175,Home Office,NA,35-44,Houston,South,USA,2019-10-31,Bronze,Mid,0,1
6176,Parker Lee 1176,Consumer,F,18-24,Minneapolis,North,USA,2024-07-02,Gold,Lower-Mid,0,3
6177,Skyler Walker 1177,Consumer,F,25-34,Dallas,South,USA,2025-02-17,Bronze,Upper-Mid,0,2
6178,Logan Smith 1178,Consumer,F,45-54,Philadelphia,East,USA,2019-04-10,Gold,Upper-Mid,0,1
6179,Morgan Walker 1179,Consumer,F,25-34,Dallas,South,USA,2025-01-16,Silver,Low,0,2
6180,Sam Lewis 1180,Home Office,NA,18-24,Detroit,North,USA,2024-08-26,Silver,Upper-Mid,0,1
6181,Skyler Hall 1181,Corporate,M,25-34,Detroit,North,USA,2024-11-09,Platinum,Low,0,3
6182,Alex Hall 1182,Consumer,M,35-44,Minneapolis,North,USA,2019-06-30,Silver,Low,0,1
6183,Sam Johnson 1183,Consumer,M,45-54,Miami,South,USA,2022-01-31,Silver,Mid,0,2
6184,Riley Hall 1184,Consumer,F,55+,Miami,South,USA,2023-02-22,Silver,Mid,0,3
6185,Alex Young 1185,Corporate,M,18-24,Los Angeles,West,USA,2021-05-01,Bronze,Mid,1,2
6186,Logan Young 1186,Small Business,NA,25-34,New York,East,USA,2019-09-22,Bronze,Upper-Mid,1,4
6187,Cameron Hall 1187,Small Business,NA,18-24,New York,East,USA,2021-11-25,Platinum,Mid,1,2
6188,Logan Brown 1188,Consumer,NA,35-44,Houston,South,USA,2023-06-26,Bronze,Lower-Mid,0,1
6189,Parker Allen 1189,Small Business,NA,35-44,Seattle,West,USA,2022-06-13,Silver,Lower-Mid,0,2
6190,Drew Hall 1190,Small Business,M,25-34,Atlanta,South,USA,2022-06-22,Platinum,Lower-Mid,1,1
6191,Rowan Lewis 1191,Home Office,F,25-34,Seattle,West,USA,2023-03-11,Gold,Upper-Mid,0,1
6192,Sam Clark 1192,Small Business,NA,35-44,San Francisco,West,USA,2022-04-18,Bronze,Upper-Mid,1,2
6193,Logan Davis 1193,Consumer,M,35-44,Phoenix,West,USA,2024-12-12,Silver,High,0,3
6194,Jamie Hall 1194,Consumer,NA,25-34,Minneapolis,North,USA,2022-02-02,Bronze,High,0,2
6195,Rowan Young 1195,Consumer,F,55+,Minneapolis,North,USA,2022-04-08,Bronze,High,0,1
6196,Riley Allen 1196,Small Business,M,55+,Boston,East,USA,2020-05-15,Silver,Lower-Mid,0,1
6197,Jamie Green 1197,Consumer,F,35-44,Cleveland,North,USA,2025-10-20,Platinum,Lower-Mid,0,1
6198,Casey Young 1198,Consumer,M,55+,Miami,South,USA,2019-06-10,Gold,Upper-Mid,0,3
6199,Sam Lewis 1199,Small Business,F,35-44,Cleveland,North,USA,2024-08-12,Gold,Upper-Mid,1,2
6200,Morgan Scott 1200,Home Office,F,55+,Chicago,North,USA,2019-05-01,Silver,Lower-Mid,0,2
6201,Casey Clark 1201,Consumer,M,35-44,Dallas,South,USA,2024-07-30,Bronze,Lower-Mid,0,4
6202,Cameron Allen 1202,Home Office,NA,25-34,Cleveland,North,USA,2023-02-15,Silver,Lower-Mid,0,4
6203,Logan Johnson 1203,Corporate,NA,35-44,Minneapolis,North,USA,2025-06-13,Bronze,Mid,0,2
6204,Skyler Lee 1204,Small Business,M,25-34,Seattle,West,USA,2020-10-07,Platinum,Mid,1,1
6205,Casey Johnson 1205,Consumer,F,25-34,Seattle,West,USA,2019-05-30,Silver,Upper-Mid,0,1
6206,Rowan Smith 1206,Small Business,M,25-34,Los Angeles,West,USA,2023-06-08,Silver,High,1,2
6207,Casey Wright 1207,Small Business,F,55+,Chicago,North,USA,2021-03-01,Gold,Low,1,2
6208,Logan Smith 1208,Small Business,M,25-34,Los Angeles,West,USA,2024-02-10,Bronze,High,0,4
6209,Sam Smith 1209,Small Business,M,35-44,Atlanta,South,USA,2021-01-21,Silver,Low,1,2
6210,Drew Davis 1210,Home Office,M,45-54,Houston,South,USA,2019-06-15,Bronze,Lower-Mid,0,2
6211,Morgan Walker 1211,Consumer,NA,55+,San Francisco,West,USA,2024-12-05,Bronze,Low,0,1
6212,Rowan Clark 1212,Consumer,M,45-54,New York,East,USA,2019-03-15,Silver,Low,0,2
6213,Taylor Green 1213,Consumer,F,45-54,Minneapolis,North,USA,2024-01-30,Platinum,Mid,0,1
6214,Rowan Davis 1214,Small Business,NA,35-44,Phoenix,West,USA,2025-09-24,Gold,Mid,1,4
6215,Logan Clark 1215,Consumer,NA,25-34,Minneapolis,North,USA,2025-05-18,Bronze,Lower-Mid,0,1
6216,Logan Scott 1216,Corporate,F,55+,Minneapolis,North,USA,2021-02-18,Bronze,Upper-Mid,1,1
6217,Parker Smith 1217,Consumer,M,35-44,Miami,South,USA,2019-04-05,Platinum,Mid,0,2
6218,Cameron Smith 1218,Small Business,NA,35-44,Cleveland,North,USA,2021-06-03,Bronze,High,1,2
6219,Skyler Green 1219,Corporate,M,35-44,Atlanta,South,USA,2024-10-31,Bronze,Upper-Mid,1,3
6220,Casey Green 1220,Small Business,NA,18-24,New York,East,USA,2020-08-06,Platinum,Mid,1,1
6221,Sam Hall 1221,Corporate,NA,25-34,Miami,South,USA,2021-12-25,Bronze,Mid,1,2
6222,Avery Wright 1222,Consumer,M,18-24,Detroit,North,USA,2020-08-19,Gold,Upper-Mid,0,1
6223,Morgan Wright 1223,Consumer,M,25-34,New York,East,USA,2020-09-02,Bronze,Upper-Mid,0,1
6224,Drew Lee 1224,Small Business,M,45-54,New York,East,USA,2019-01-05,Bronze,Upper-Mid,1,2
6225,Jordan Scott 1225,Home Office,M,35-44,Los Angeles,West,USA,2019-11-04,Bronze,Lower-Mid,0,2
6226,Casey Hall 1226,Home Office,F,35-44,Chicago,North,USA,2022-02-17,Bronze,Mid,0,1
6227,Logan Lee 1227,Consumer,NA,35-44,New York,East,USA,2025-07-13,Platinum,Mid,0,2
6228,Riley Davis 1228,Consumer,F,55+,Minneapolis,North,USA,2023-12-10,Silver,Lower-Mid,0,1
6229,Logan Scott 1229,Small Business,M,35-44,San Francisco,West,USA,2025-09-08,Bronze,Low,1,3
6230,Cameron Smith 1230,Home Office,F,35-44,Phoenix,West,USA,2025-09-30,Bronze,Upper-Mid,0,1
6231,Morgan Brown 1231,Home Office,M,25-34,New York,East,USA,2020-06-27,Platinum,Lower-Mid,0,2
6232,Casey Johnson 1232,Consumer,M,35-44,Houston,South,USA,2019-11-21,Silver,Lower-Mid,0,4
6233,Taylor Smith 1233,Consumer,M,18-24,Dallas,South,USA,2023-09-25,Bronze,Mid,0,2
6234,Skyler Clark 1234,Consumer,M,25-34,Miami,South,USA,2021-06-12,Silver,Upper-Mid,0,2
6235,Jamie Lee 1235,Corporate,NA,25-34,Philadelphia,East,USA,2020-07-30,Gold,Lower-Mid,0,3
6236,Alex Brown 1236,Consumer,M,25-34,Seattle,West,USA,2021-10-21,Gold,Mid,0,2
6237,Avery Young 1237,Small Business,NA,25-34,Miami,South,USA,2021-02-03,Bronze,Upper-Mid,1,4
6238,Riley Hall 1238,Corporate,M,25-34,Dallas,South,USA,2025-02-14,Bronze,Upper-Mid,1,2
6239,Drew Scott 1239,Small Business,F,55+,San Francisco,West,USA,2025-01-18,Bronze,Low,1,2
6240,Morgan Allen 1240,Consumer,M,55+,Washington,East,USA,2019-04-04,Silver,Upper-Mid,0,2
6241,Jordan Walker 1241,Corporate,M,45-54,Phoenix,West,USA,2023-07-08,Gold,Mid,1,2
6242,Alex Lewis 1242,Consumer,NA,25-34,Dallas,South,USA,2020-12-01,Bronze,Mid,0,1
6243,Rowan Scott 1243,Home Office,NA,25-34,Dallas,South,USA,2022-10-04,Silver,Mid,0,1
6244,Jamie Johnson 1244,Corporate,NA,35-44,Washington,East,USA,2020-12-14,Bronze,Mid,1,2
6245,Parker Wright 1245,Corporate,NA,25-34,Los Angeles,West,USA,2023-10-28,Silver,Mid,1,4
6246,Alex Scott 1246,Small Business,M,45-54,Houston,South,USA,2025-10-14,Silver,Lower-Mid,1,2
6247,Riley Green 1247,Corporate,NA,25-34,Philadelphia,East,USA,2025-11-02,Silver,Mid,1,1
6248,Logan Green 1248,Home Office,F,45-54,Phoenix,West,USA,2023-12-13,Bronze,High,0,1
6249,Morgan Hall 1249,Consumer,NA,25-34,Phoenix,West,USA,2024-01-26,Bronze,Upper-Mid,0,4
6250,Parker Walker 1250,Consumer,M,35-44,Cleveland,North,USA,2025-06-11,Platinum,Mid,0,2
6251,Skyler Brown 1251,Consumer,M,55+,Houston,South,USA,2019-06-06,Gold,Mid,0,2
6252,Rowan Young 1252,Corporate,F,25-34,Cleveland,North,USA,2022-01-08,Gold,Mid,1,3
6253,Sam Young 1253,Small Business,M,35-44,Phoenix,West,USA,2019-05-06,Silver,Lower-Mid,1,1
6254,Taylor Green 1254,Consumer,NA,25-34,Philadelphia,East,USA,2025-08-28,Silver,Lower-Mid,0,3
6255,Rowan Lee 1255,Corporate,NA,35-44,Boston,East,USA,2025-06-17,Gold,Upper-Mid,1,1
6256,Taylor Davis 1256,Consumer,F,35-44,Dallas,South,USA,2022-09-04,Bronze,Upper-Mid,0,3
6257,Sam Lewis 1257,Home Office,F,55+,San Francisco,West,USA,2020-12-04,Silver,Mid,0,4
6258,Logan Young 1258,Consumer,M,18-24,Atlanta,South,USA,2024-08-28,Bronze,Upper-Mid,0,2
6259,Casey Scott 1259,Consumer,NA,25-34,Cleveland,North,USA,2025-11-03,Bronze,Mid,0,2
6260,Riley Young 1260,Consumer,NA,18-24,Boston,East,USA,2024-09-29,Gold,Low,0,3
6261,Morgan Hall 1261,Consumer,NA,25-34,Phoenix,West,USA,2021-08-24,Bronze,Low,0,3
6262,Sam Davis 1262,Consumer,M,18-24,Miami,South,USA,2022-09-04,Bronze,Lower-Mid,0,1
6263,Drew Hall 1263,Consumer,F,25-34,Miami,South,USA,2023-10-12,Silver,Lower-Mid,0,1
6264,Rowan Wright 1264,Corporate,F,25-34,Boston,East,USA,2019-12-23,Bronze,Mid,1,2
6265,Skyler King 1265,Corporate,F,45-54,Cleveland,North,USA,2019-01-28,Bronze,Lower-Mid,1,2
6266,Taylor Green 1266,Consumer,M,35-44,Washington,East,USA,2023-10-20,Silver,High,0,4
6267,Riley Davis 1267,Consumer,F,25-34,Phoenix,West,USA,2022-10-15,Silver,High,0,4
6268,Casey Clark 1268,Small Business,M,45-54,Philadelphia,East,USA,2022-03-25,Bronze,Lower-Mid,1,4
6269,Alex Lee 1269,Home Office,F,55+,Cleveland,North,USA,2019-06-25,Bronze,Lower-Mid,0,2
6270,Taylor Young 1270,Home Office,F,45-54,Dallas,South,USA,2022-07-23,Bronze,Low,0,1
6271,Casey Hall 1271,Corporate,NA,25-34,Detroit,North,USA,2020-02-16,Bronze,Lower-Mid,1,2
6272,Drew King 1272,Consumer,F,25-34,Phoenix,West,USA,2023-12-12,Gold,Lower-Mid,0,2
6273,Parker King 1273,Consumer,NA,25-34,Detroit,North,USA,2023-02-19,Bronze,High,0,1
6274,Logan Scott 1274,Small Business,F,45-54,Houston,South,USA,2021-02-18,Gold,Lower-Mid,1,4
6275,Alex Lewis 1275,Corporate,NA,18-24,Minneapolis,North,USA,2020-01-04,Silver,Mid,1,1
6276,Taylor Wright 1276,Consumer,M,25-34,Seattle,West,USA,2019-12-23,Silver,Lower-Mid,0,1
6277,Riley King 1277,Consumer,M,35-44,Washington,East,USA,2021-12-24,Silver,Mid,0,4
6278,Jordan Hall 1278,Consumer,NA,45-54,Minneapolis,North,USA,2023-04-16,Gold,Mid,0,3
6279,Taylor King 1279,Consumer,M,55+,Los Angeles,West,USA,2024-04-04,Bronze,Mid,0,1
6280,Rowan Allen 1280,Home Office,F,55+,San Francisco,West,USA,2019-04-30,Bronze,Lower-Mid,0,2
6281,Jordan King 1281,Small Business,M,45-54,Miami,South,USA,2025-07-24,Bronze,Lower-Mid,1,1
6282,Jamie Brown 1282,Corporate,NA,45-54,Atlanta,South,USA,2025-01-21,Bronze,Mid,1,2
6283,Cameron Walker 1283,Small Business,F,25-34,Phoenix,West,USA,2023-05-30,Bronze,High,1,1
6284,Jamie Johnson 1284,Corporate,F,55+,Washington,East,USA,2025-10-08,Gold,Upper-Mid,1,1
6285,Alex Clark 1285,Consumer,F,35-44,Miami,South,USA,2025-09-06,Silver,Mid,0,2
6286,Cameron Scott 1286,Consumer,M,25-34,Detroit,North,USA,2025-04-05,Platinum,Mid,0,1
6287,Sam Lewis 1287,Consumer,NA,45-54,Chicago,North,USA,2019-08-11,Silver,Lower-Mid,0,4
6288,Rowan Green 1288,Corporate,M,35-44,Washington,East,USA,2024-09-03,Gold,Mid,1,2
6289,Rowan Hall 1289,Consumer,M,55+,Philadelphia,East,USA,2019-06-15,Bronze,Lower-Mid,0,1
6290,Drew Wright 1290,Small Business,NA,25-34,Los Angeles,West,USA,2024-02-29,Bronze,Upper-Mid,0,1
6291,Rowan Allen 1291,Small Business,F,45-54,Chicago,North,USA,2025-07-31,Gold,Mid,0,1
6292,Drew Brown 1292,Consumer,F,35-44,Boston,East,USA,2024-04-09,Bronze,Mid,0,2
6293,Rowan Lee 1293,Consumer,NA,25-34,Detroit,North,USA,2021-04-28,Bronze,Upper-Mid,0,4
6294,Rowan Lee 1294,Consumer,F,18-24,Phoenix,West,USA,2020-01-01,Bronze,Mid,0,1
6295,Jamie Smith 1295,Consumer,M,25-34,Dallas,South,USA,2022-11-05,Silver,High,0,3
6296,Jamie King 1296,Home Office,F,18-24,Houston,South,USA,2025-05-31,Bronze,Mid,0,1
6297,Cameron Young 1297,Consumer,M,45-54,Detroit,North,USA,2020-02-29,Bronze,Upper-Mid,0,1
6298,Parker Young 1298,Consumer,M,35-44,Minneapolis,North,USA,2020-07-29,Platinum,Upper-Mid,0,2
6299,Riley Lewis 1299,Consumer,F,18-24,Boston,East,USA,2025-08-19,Bronze,Upper-Mid,0,4
6300,Jordan Wright 1300,Small Business,NA,45-54,Washington,East,USA,2019-01-06,Gold,Lower-Mid,1,2
6301,Logan Johnson 1301,Small Business,F,55+,Miami,South,USA,2020-04-30,Bronze,Lower-Mid,1,2
6302,Cameron Lee 1302,Consumer,F,45-54,Washington,East,USA,2021-11-28,Platinum,Upper-Mid,0,3
6303,Cameron Smith 1303,Home Office,M,25-34,Detroit,North,USA,2020-10-25,Silver,Mid,0,1
6304,Jamie Johnson 1304,Consumer,M,25-34,Dallas,South,USA,2025-08-16,Bronze,Lower-Mid,0,1
6305,Riley Scott 1305,Consumer,F,45-54,New York,East,USA,2019-02-01,Bronze,Upper-Mid,0,1
6306,Skyler Clark 1306,Consumer,M,55+,Dallas,South,USA,2025-04-30,Platinum,Mid,0,2
6307,Skyler Young 1307,Consumer,M,25-34,New York,East,USA,2023-10-08,Gold,High,0,1
6308,Riley Walker 1308,Small Business,M,18-24,Detroit,North,USA,2019-06-30,Silver,Upper-Mid,1,2
6309,Cameron King 1309,Consumer,M,35-44,Detroit,North,USA,2020-02-16,Silver,Lower-Mid,0,4
6310,Alex Hall 1310,Consumer,F,35-44,San Francisco,West,USA,2023-02-09,Silver,Lower-Mid,0,1
6311,Avery Johnson 1311,Small Business,F,35-44,Minneapolis,North,USA,2023-08-01,Silver,Lower-Mid,1,1
6312,Riley Clark 1312,Small Business,NA,55+,Chicago,North,USA,2024-07-08,Bronze,Upper-Mid,0,2
6313,Taylor Clark 1313,Corporate,NA,45-54,Chicago,North,USA,2022-12-26,Silver,Upper-Mid,1,2
6314,Sam Brown 1314,Corporate,NA,45-54,Dallas,South,USA,2021-03-31,Silver,Lower-Mid,1,4
6315,Casey Scott 1315,Small Business,F,18-24,Washington,East,USA,2025-07-24,Bronze,Lower-Mid,0,4
6316,Riley Lewis 1316,Consumer,M,25-34,Chicago,North,USA,2022-06-26,Platinum,Mid,0,1
6317,Skyler Walker 1317,Consumer,NA,35-44,Chicago,North,USA,2021-10-30,Bronze,Upper-Mid,0,1
6318,Skyler Wright 1318,Small Business,NA,45-54,Dallas,South,USA,2022-01-09,Silver,Lower-Mid,1,2
6319,Skyler Allen 1319,Consumer,NA,18-24,Boston,East,USA,2025-08-12,Bronze,Upper-Mid,0,3
6320,Rowan Johnson 1320,Corporate,F,35-44,Phoenix,West,USA,2023-12-04,Silver,Upper-Mid,1,2
6321,Casey Johnson 1321,Consumer,F,25-34,New York,East,USA,2022-03-20,Platinum,Mid,0,2
6322,Logan Clark 1322,Small Business,M,25-34,Houston,South,USA,2024-10-12,Silver,Mid,1,4
6323,Drew Green 1323,Consumer,M,25-34,Los Angeles,West,USA,2023-10-31,Gold,High,0,1
6324,Avery Scott 1324,Consumer,NA,45-54,Miami,South,USA,2020-03-08,Bronze,Low,0,1
6325,Cameron Green 1325,Consumer,NA,55+,Minneapolis,North,USA,2019-12-09,Bronze,Mid,0,3
6326,Jordan Walker 1326,Small Business,F,45-54,San Francisco,West,USA,2025-01-10,Silver,Mid,0,2
6327,Cameron Lewis 1327,Home Office,M,25-34,Chicago,North,USA,2020-07-20,Bronze,Lower-Mid,0,4
6328,Avery Hall 1328,Corporate,M,25-34,Boston,East,USA,2019-02-17,Silver,Low,0,2
6329,Rowan Johnson 1329,Consumer,F,45-54,Phoenix,West,USA,2023-04-07,Silver,Lower-Mid,0,2
6330,Avery Young 1330,Consumer,NA,25-34,Detroit,North,USA,2020-11-08,Silver,Mid,0,4
6331,Casey Allen 1331,Small Business,NA,55+,Miami,South,USA,2024-05-08,Silver,Low,0,2
6332,Jordan Wright 1332,Home Office,NA,25-34,Minneapolis,North,USA,2022-12-23,Silver,Mid,0,2
6333,Rowan Green 1333,Consumer,NA,35-44,Houston,South,USA,2021-07-07,Bronze,Mid,0,1
6334,Rowan Smith 1334,Consumer,NA,55+,Phoenix,West,USA,2022-03-05,Gold,Mid,0,2
6335,Avery Hall 1335,Consumer,M,25-34,Washington,East,USA,2023-12-24,Bronze,Mid,0,1
6336,Sam Allen 1336,Home Office,F,45-54,Houston,South,USA,2023-07-24,Bronze,Mid,0,1
6337,Parker King 1337,Consumer,NA,25-34,Atlanta,South,USA,2019-06-18,Gold,Lower-Mid,0,1
6338,Logan Hall 1338,Home Office,M,35-44,San Francisco,West,USA,2019-10-07,Silver,Mid,0,1
6339,Drew Johnson 1339,Consumer,NA,55+,New York,East,USA,2021-10-13,Bronze,Upper-Mid,0,2
6340,Jordan Brown 1340,Small Business,F,35-44,Houston,South,USA,2023-07-28,Gold,Lower-Mid,1,1
6341,Jordan Lewis 1341,Corporate,M,45-54,Philadelphia,East,USA,2019-03-31,Platinum,Mid,1,3
6342,Skyler Johnson 1342,Consumer,M,25-34,San Francisco,West,USA,2019-05-10,Gold,Upper-Mid,0,1
6343,Avery Wright 1343,Small Business,NA,35-44,Phoenix,West,USA,2019-09-25,Gold,Lower-Mid,0,2
6344,Avery Scott 1344,Small Business,NA,25-34,Chicago,North,USA,2022-01-17,Bronze,Lower-Mid,1,4
6345,Cameron Lewis 1345,Corporate,NA,25-34,Atlanta,South,USA,2021-12-21,Silver,Mid,1,3
6346,Parker Walker 1346,Corporate,M,55+,Miami,South,USA,2023-04-11,Silver,Mid,1,1
6347,Alex Johnson 1347,Small Business,F,35-44,Philadelphia,East,USA,2025-09-19,Silver,Low,1,2
6348,Casey Green 1348,Corporate,NA,18-24,Boston,East,USA,2020-04-09,Bronze,Low,1,1
6349,Morgan Lewis 1349,Consumer,NA,35-44,San Francisco,West,USA,2020-02-14,Silver,Lower-Mid,0,2
6350,Alex Smith 1350,Consumer,NA,35-44,Cleveland,North,USA,2025-06-02,Bronze,Lower-Mid,0,2
6351,Cameron Lewis 1351,Consumer,M,35-44,Boston,East,USA,2022-01-27,Gold,Upper-Mid,0,2
6352,Alex Clark 1352,Consumer,M,25-34,Phoenix,West,USA,2019-02-28,Gold,High,0,1
6353,Sam Hall 1353,Small Business,F,35-44,Washington,East,USA,2022-06-17,Gold,High,0,2
6354,Drew Wright 1354,Consumer,M,25-34,Cleveland,North,USA,2023-07-15,Gold,Upper-Mid,0,4
6355,Riley Smith 1355,Consumer,F,25-34,Miami,South,USA,2022-09-30,Silver,Lower-Mid,0,4
6356,Taylor Johnson 1356,Consumer,F,25-34,Cleveland,North,USA,2021-01-11,Platinum,Upper-Mid,0,2
6357,Taylor Wright 1357,Consumer,M,35-44,Phoenix,West,USA,2023-05-18,Bronze,Low,0,1
6358,Drew Hall 1358,Consumer,M,35-44,Chicago,North,USA,2024-10-18,Silver,High,0,1
6359,Parker Lewis 1359,Consumer,M,45-54,Chicago,North,USA,2025-04-07,Bronze,Upper-Mid,0,1
6360,Cameron Smith 1360,Home Office,M,35-44,Washington,East,USA,2023-08-01,Gold,Upper-Mid,0,2
6361,Jordan Green 1361,Consumer,F,18-24,Los Angeles,West,USA,2024-12-05,Bronze,Upper-Mid,0,4
6362,Jamie Allen 1362,Consumer,NA,25-34,Boston,East,USA,2024-12-20,Bronze,Mid,0,4
6363,Parker Lee 1363,Home Office,M,25-34,Atlanta,South,USA,2025-04-02,Silver,Lower-Mid,0,1
6364,Riley Smith 1364,Small Business,F,35-44,Philadelphia,East,USA,2023-10-25,Bronze,Mid,0,2
6365,Jordan Johnson 1365,Small Business,F,55+,Houston,South,USA,2020-09-23,Platinum,High,0,2
6366,Cameron Wright 1366,Consumer,M,45-54,Los Angeles,West,USA,2021-09-21,Silver,Mid,0,2
6367,Morgan Scott 1367,Consumer,NA,35-44,Miami,South,USA,2020-11-26,Gold,Upper-Mid,0,2
6368,Jordan Allen 1368,Small Business,M,55+,Chicago,North,USA,2019-06-20,Bronze,Upper-Mid,0,2
6369,Parker Scott 1369,Small Business,F,25-34,Atlanta,South,USA,2021-07-28,Bronze,Lower-Mid,1,1
6370,Casey Walker 1370,Small Business,M,35-44,Chicago,North,USA,2024-10-07,Platinum,Upper-Mid,1,1
6371,Sam Davis 1371,Home Office,M,25-34,Philadelphia,East,USA,2024-12-17,Bronze,Mid,0,2
6372,Morgan Walker 1372,Corporate,NA,45-54,Cleveland,North,USA,2020-03-14,Bronze,Mid,1,3
6373,Jordan Lee 1373,Corporate,NA,35-44,Boston,East,USA,2024-08-19,Silver,Lower-Mid,1,2
6374,Logan King 1374,Small Business,NA,18-24,San Francisco,West,USA,2022-07-12,Silver,Upper-Mid,1,1
6375,Morgan Smith 1375,Consumer,F,45-54,San Francisco,West,USA,2025-09-16,Silver,High,0,2
6376,Morgan Scott 1376,Consumer,NA,35-44,Atlanta,South,USA,2025-08-23,Silver,Mid,0,1
6377,Rowan Young 1377,Home Office,NA,35-44,Detroit,North,USA,2023-05-25,Platinum,Lower-Mid,0,4
6378,Parker Green 1378,Consumer,F,45-54,Houston,South,USA,2025-03-31,Platinum,Lower-Mid,0,1
6379,Taylor Green 1379,Consumer,F,18-24,Chicago,North,USA,2024-11-08,Silver,Mid,0,1
6380,Jordan Smith 1380,Small Business,NA,18-24,Cleveland,North,USA,2022-04-25,Bronze,Mid,0,1
6381,Rowan Brown 1381,Home Office,NA,55+,Atlanta,South,USA,2025-08-12,Silver,Low,0,2
6382,Riley Lewis 1382,Consumer,NA,25-34,San Francisco,West,USA,2020-02-05,Bronze,Lower-Mid,0,3
6383,Casey Green 1383,Small Business,F,18-24,Cleveland,North,USA,2022-02-16,Platinum,High,1,2
6384,Jamie Smith 1384,Consumer,M,25-34,Minneapolis,North,USA,2023-05-17,Silver,Low,0,1
6385,Jordan King 1385,Consumer,F,45-54,Seattle,West,USA,2021-07-09,Platinum,Low,0,2
6386,Drew Green 1386,Consumer,NA,25-34,New York,East,USA,2024-04-06,Bronze,Mid,0,2
6387,Morgan Davis 1387,Consumer,NA,25-34,Miami,South,USA,2024-12-28,Gold,Mid,0,2
6388,Parker Brown 1388,Small Business,NA,25-34,Phoenix,West,USA,2025-03-25,Silver,Mid,0,2
6389,Sam Wright 1389,Consumer,NA,25-34,Los Angeles,West,USA,2023-01-26,Silver,Low,0,2
6390,Morgan Lee 1390,Corporate,F,55+,Los Angeles,West,USA,2020-06-27,Silver,Upper-Mid,1,2
6391,Jordan Hall 1391,Consumer,F,45-54,Miami,South,USA,2025-05-30,Bronze,Lower-Mid,0,1
6392,Sam Johnson 1392,Consumer,M,35-44,Seattle,West,USA,2022-04-06,Gold,Mid,0,1
6393,Logan Johnson 1393,Corporate,F,35-44,Washington,East,USA,2025-03-08,Bronze,Low,1,2
6394,Taylor Lee 1394,Consumer,NA,55+,Miami,South,USA,2022-10-01,Silver,Low,0,1
6395,Taylor Johnson 1395,Consumer,NA,25-34,Philadelphia,East,USA,2022-04-17,Bronze,Upper-Mid,0,1
6396,Skyler Lee 1396,Consumer,F,45-54,San Francisco,West,USA,2023-02-12,Silver,Low,0,2
6397,Morgan Green 1397,Corporate,NA,55+,Chicago,North,USA,2023-08-07,Bronze,Low,0,3
6398,Parker Lee 1398,Home Office,NA,35-44,Washington,East,USA,2022-02-20,Bronze,Low,0,2
6399,Jamie Walker 1399,Corporate,F,18-24,Houston,South,USA,2023-09-16,Bronze,High,1,4
6400,Alex Wright 1400,Consumer,M,55+,New York,East,USA,2019-08-30,Bronze,Mid,0,4
6401,Jordan Scott 1401,Small Business,NA,18-24,Miami,South,USA,2021-01-31,Silver,Upper-Mid,0,2
6402,Taylor Brown 1402,Small Business,F,18-24,Los Angeles,West,USA,2019-10-18,Gold,Mid,1,1
6403,Drew Young 1403,Home Office,F,55+,Seattle,West,USA,2025-06-09,Gold,Mid,0,1
6404,Taylor Wright 1404,Small Business,NA,35-44,Boston,East,USA,2023-08-20,Silver,Mid,1,2
6405,Avery Wright 1405,Consumer,F,25-34,Atlanta,South,USA,2019-12-27,Platinum,Upper-Mid,0,2
6406,Riley Wright 1406,Consumer,NA,18-24,Miami,South,USA,2019-10-17,Bronze,Lower-Mid,0,1
6407,Jordan Walker 1407,Corporate,M,25-34,San Francisco,West,USA,2023-01-14,Silver,Mid,1,1
6408,Casey Scott 1408,Consumer,M,55+,Miami,South,USA,2023-11-19,Bronze,Mid,0,1
6409,Cameron Hall 1409,Small Business,NA,25-34,Atlanta,South,USA,2022-05-28,Platinum,Lower-Mid,0,4
6410,Parker Smith 1410,Home Office,M,25-34,Washington,East,USA,2023-12-30,Gold,High,0,2
6411,Sam Clark 1411,Consumer,F,25-34,Seattle,West,USA,2023-06-15,Bronze,Mid,0,3
6412,Sam Green 1412,Consumer,M,18-24,Chicago,North,USA,2024-07-13,Silver,Lower-Mid,0,1
6413,Jordan Johnson 1413,Consumer,M,45-54,Detroit,North,USA,2023-05-08,Bronze,High,0,1
6414,Avery Young 1414,Small Business,M,18-24,Philadelphia,East,USA,2020-12-26,Bronze,Low,1,2
6415,Cameron Davis 1415,Small Business,NA,55+,Atlanta,South,USA,2020-12-26,Platinum,Upper-Mid,1,1
6416,Alex Smith 1416,Small Business,F,45-54,Philadelphia,East,USA,2019-07-27,Bronze,Low,0,2
6417,Rowan Young 1417,Home Office,NA,35-44,Atlanta,South,USA,2023-12-08,Silver,Mid,0,1
6418,Avery Johnson 1418,Home Office,M,45-54,New York,East,USA,2020-06-12,Silver,Mid,0,4
6419,Rowan Wright 1419,Home Office,F,18-24,New York,East,USA,2023-05-28,Bronze,Mid,0,1
6420,Cameron Allen 1420,Consumer,F,18-24,New York,East,USA,2022-11-27,Bronze,Low,0,1
6421,Parker Davis 1421,Consumer,NA,35-44,Minneapolis,North,USA,2020-01-20,Platinum,High,0,1
6422,Logan Brown 1422,Consumer,M,35-44,Atlanta,South,USA,2022-10-26,Bronze,Mid,0,1
6423,Skyler Allen 1423,Home Office,F,35-44,Cleveland,North,USA,2023-06-18,Silver,High,0,4
6424,Jamie Walker 1424,Consumer,M,25-34,Chicago,North,USA,2021-09-16,Platinum,Mid,0,2
6425,Skyler Scott 1425,Corporate,M,25-34,Houston,South,USA,2023-03-16,Gold,Low,1,2
6426,Morgan Lee 1426,Consumer,NA,25-34,Atlanta,South,USA,2019-02-15,Bronze,Lower-Mid,0,2
6427,Taylor Davis 1427,Small Business,F,35-44,Boston,East,USA,2021-11-09,Bronze,Low,0,4
6428,Riley Clark 1428,Small Business,F,18-24,Houston,South,USA,2019-05-11,Silver,Mid,1,3
6429,Rowan Wright 1429,Consumer,NA,35-44,Minneapolis,North,USA,2023-08-23,Silver,Lower-Mid,0,1
6430,Avery Brown 1430,Consumer,F,35-44,Chicago,North,USA,2019-01-27,Bronze,Mid,0,4
6431,Skyler Hall 1431,Small Business,NA,35-44,Seattle,West,USA,2025-05-05,Gold,Low,1,2
6432,Alex Brown 1432,Consumer,F,25-34,Seattle,West,USA,2021-01-03,Gold,Upper-Mid,0,1
6433,Jordan Davis 1433,Consumer,M,55+,Philadelphia,East,USA,2019-04-12,Silver,Lower-Mid,0,4
6434,Drew Lee 1434,Small Business,F,45-54,Chicago,North,USA,2025-03-05,Bronze,Lower-Mid,1,1
6435,Cameron Hall 1435,Consumer,F,35-44,Dallas,South,USA,2024-06-25,Gold,Mid,0,2
6436,Parker Lewis 1436,Small Business,F,35-44,Los Angeles,West,USA,2022-09-23,Silver,Low,1,1
6437,Jamie Johnson 1437,Consumer,M,35-44,Phoenix,West,USA,2019-07-02,Gold,Upper-Mid,0,3
6438,Logan King 1438,Consumer,NA,45-54,Miami,South,USA,2019-10-03,Silver,Mid,0,4
6439,Riley Clark 1439,Small Business,M,45-54,San Francisco,West,USA,2020-01-29,Platinum,Lower-Mid,1,2
6440,Morgan Allen 1440,Consumer,M,35-44,Chicago,North,USA,2021-07-25,Bronze,High,0,1
6441,Riley Young 1441,Consumer,F,45-54,Minneapolis,North,USA,2024-11-19,Gold,Low,0,4
6442,Rowan Lee 1442,Small Business,NA,35-44,Boston,East,USA,2019-02-23,Bronze,Mid,1,1
6443,Taylor King 1443,Small Business,M,35-44,Houston,South,USA,2020-06-04,Silver,Low,1,1
6444,Cameron Smith 1444,Consumer,M,25-34,Dallas,South,USA,2021-03-18,Bronze,High,0,1
6445,Sam Lewis 1445,Consumer,NA,18-24,Miami,South,USA,2025-01-09,Bronze,Upper-Mid,0,2
6446,Cameron Scott 1446,Consumer,NA,55+,Dallas,South,USA,2019-10-31,Silver,Mid,0,2
6447,Logan Smith 1447,Consumer,M,25-34,Houston,South,USA,2025-01-25,Gold,Low,0,2
6448,Logan Scott 1448,Corporate,F,55+,Houston,South,USA,2023-09-16,Silver,Mid,1,2
6449,Cameron Lewis 1449,Small Business,M,55+,Washington,East,USA,2019-06-16,Silver,Upper-Mid,1,1
6450,Riley Allen 1450,Consumer,M,45-54,Seattle,West,USA,2021-11-09,Bronze,Low,0,4
6451,Skyler Wright 1451,Corporate,F,45-54,San Francisco,West,USA,2025-05-13,Silver,Low,1,2
6452,Taylor Lewis 1452,Consumer,F,25-34,San Francisco,West,USA,2020-04-26,Bronze,High,0,1
6453,Jamie Clark 1453,Home Office,NA,35-44,San Francisco,West,USA,2022-08-06,Bronze,Lower-Mid,0,2
6454,Skyler Young 1454,Home Office,NA,18-24,Cleveland,North,USA,2023-07-28,Bronze,Lower-Mid,0,1
6455,Morgan Hall 1455,Consumer,M,45-54,Cleveland,North,USA,2020-07-02,Gold,High,0,1
6456,Rowan Smith 1456,Small Business,M,35-44,San Francisco,West,USA,2021-07-10,Bronze,High,1,1
6457,Drew Clark 1457,Consumer,NA,35-44,Dallas,South,USA,2023-07-20,Bronze,High,0,1
6458,Skyler Young 1458,Home Office,M,35-44,Phoenix,West,USA,2024-02-01,Silver,Upper-Mid,0,3
6459,Sam Brown 1459,Home Office,M,25-34,Philadelphia,East,USA,2024-04-18,Platinum,Lower-Mid,0,2
6460,Cameron Davis 1460,Consumer,F,18-24,Los Angeles,West,USA,2022-11-06,Bronze,Low,0,2
6461,Cameron Allen 1461,Home Office,M,35-44,Minneapolis,North,USA,2022-10-31,Bronze,Mid,0,1
6462,Drew Walker 1462,Consumer,F,18-24,Washington,East,USA,2021-09-08,Bronze,Upper-Mid,0,1
6463,Skyler Johnson 1463,Small Business,M,25-34,Atlanta,South,USA,2020-05-16,Platinum,Lower-Mid,1,4
6464,Taylor Lewis 1464,Small Business,F,25-34,Houston,South,USA,2022-07-21,Gold,Lower-Mid,1,2
6465,Avery Brown 1465,Corporate,F,55+,San Francisco,West,USA,2019-03-16,Bronze,Mid,1,2
6466,Jordan Johnson 1466,Consumer,M,45-54,Boston,East,USA,2024-01-04,Bronze,High,0,1
6467,Rowan Davis 1467,Consumer,NA,55+,Houston,South,USA,2023-11-09,Gold,Mid,0,2
6468,Avery Brown 1468,Consumer,NA,55+,Washington,East,USA,2019-04-14,Silver,Mid,0,2
6469,Avery Walker 1469,Home Office,F,35-44,Houston,South,USA,2023-06-28,Silver,Mid,0,1
6470,Alex Young 1470,Consumer,F,55+,Chicago,North,USA,2023-01-02,Gold,Upper-Mid,0,4
6471,Sam Clark 1471,Home Office,NA,35-44,Chicago,North,USA,2019-07-06,Bronze,High,0,2
6472,Taylor Clark 1472,Consumer,M,35-44,Houston,South,USA,2021-03-09,Bronze,Low,0,1
6473,Parker Wright 1473,Small Business,NA,45-54,Detroit,North,USA,2024-07-17,Platinum,High,0,1
6474,Parker Wright 1474,Small Business,M,25-34,Philadelphia,East,USA,2019-04-20,Silver,Lower-Mid,1,4
6475,Sam Allen 1475,Consumer,M,45-54,Atlanta,South,USA,2021-05-23,Platinum,Lower-Mid,0,1
6476,Morgan Green 1476,Corporate,NA,35-44,San Francisco,West,USA,2020-12-14,Bronze,Mid,1,2
6477,Morgan Lewis 1477,Consumer,M,18-24,Atlanta,South,USA,2022-12-04,Platinum,Mid,0,1
6478,Taylor Lewis 1478,Consumer,NA,35-44,Cleveland,North,USA,2020-05-09,Gold,Upper-Mid,0,3
6479,Alex Walker 1479,Consumer,F,25-34,Miami,South,USA,2020-02-13,Bronze,Upper-Mid,0,3
6480,Drew Walker 1480,Small Business,NA,45-54,Houston,South,USA,2023-11-16,Platinum,Upper-Mid,1,1
6481,Avery Wright 1481,Consumer,M,25-34,Phoenix,West,USA,2021-05-09,Platinum,High,0,4
6482,Cameron King 1482,Home Office,NA,18-24,Houston,South,USA,2020-03-10,Gold,Lower-Mid,0,4
6483,Rowan Young 1483,Small Business,NA,45-54,Boston,East,USA,2021-01-01,Gold,Mid,0,1
6484,Alex Green 1484,Consumer,M,25-34,Boston,East,USA,2024-05-15,Gold,Lower-Mid,0,4
6485,Rowan Wright 1485,Consumer,M,25-34,Chicago,North,USA,2021-08-25,Bronze,Mid,0,1
6486,Sam Lee 1486,Corporate,F,55+,New York,East,USA,2019-10-21,Bronze,Mid,1,1
6487,Drew King 1487,Consumer,M,35-44,Washington,East,USA,2023-05-01,Bronze,Upper-Mid,0,3
6488,Skyler Johnson 1488,Consumer,F,55+,Minneapolis,North,USA,2019-10-03,Bronze,Mid,0,3
6489,Cameron Young 1489,Corporate,M,25-34,Chicago,North,USA,2022-01-17,Bronze,High,0,3
6490,Avery Clark 1490,Consumer,F,18-24,Atlanta,South,USA,2019-01-03,Gold,Low,0,1
6491,Drew Young 1491,Consumer,M,18-24,Dallas,South,USA,2020-01-03,Bronze,Low,0,1
6492,Skyler Lewis 1492,Home Office,M,35-44,Miami,South,USA,2024-02-03,Silver,Mid,0,2
6493,Avery Green 1493,Consumer,M,25-34,Dallas,South,USA,2025-10-01,Platinum,Lower-Mid,0,2
6494,Sam King 1494,Consumer,NA,55+,Los Angeles,West,USA,2024-12-30,Silver,Mid,0,2
6495,Rowan Allen 1495,Home Office,NA,45-54,Houston,South,USA,2021-04-11,Bronze,Low,0,3
6496,Parker Young 1496,Consumer,NA,45-54,Philadelphia,East,USA,2022-10-03,Bronze,Lower-Mid,0,1
6497,Alex Wright 1497,Consumer,M,35-44,Chicago,North,USA,2023-03-29,Bronze,Lower-Mid,0,2
6498,Alex Smith 1498,Consumer,F,25-34,Washington,East,USA,2025-04-17,Silver,Lower-Mid,0,2
6499,Skyler Walker 1499,Consumer,NA,35-44,Phoenix,West,USA,2022-06-21,Gold,Low,0,3
6500,Alex Davis 1500,Consumer,M,18-24,Seattle,West,USA,2023-07-24,Bronze,Lower-Mid,0,1
6501,Casey Davis 1501,Corporate,NA,25-34,Dallas,South,USA,2021-02-02,Platinum,Mid,0,2
6502,Casey Brown 1502,Corporate,M,25-34,Boston,East,USA,2023-02-28,Silver,Upper-Mid,0,2
6503,Rowan Brown 1503,Consumer,M,25-34,Houston,South,USA,2019-11-17,Gold,Mid,0,4
6504,Riley Lewis 1504,Consumer,NA,25-34,Washington,East,USA,2022-05-07,Platinum,Upper-Mid,0,4
6505,Riley Wright 1505,Consumer,F,45-54,Boston,East,USA,2022-06-04,Silver,Mid,0,4
6506,Drew Davis 1506,Small Business,M,35-44,Houston,South,USA,2022-03-13,Bronze,Upper-Mid,1,1
6507,Skyler Clark 1507,Consumer,NA,25-34,Houston,South,USA,2025-10-15,Gold,Upper-Mid,0,1
6508,Jordan Smith 1508,Consumer,NA,35-44,New York,East,USA,2019-09-08,Silver,Low,0,2
6509,Cameron Scott 1509,Consumer,NA,25-34,Cleveland,North,USA,2022-03-21,Silver,Upper-Mid,0,2
6510,Taylor Smith 1510,Small Business,F,18-24,San Francisco,West,USA,2022-05-21,Bronze,Mid,1,4
6511,Drew Smith 1511,Corporate,F,55+,Houston,South,USA,2022-12-28,Bronze,Upper-Mid,0,4
6512,Parker King 1512,Small Business,NA,25-34,Washington,East,USA,2022-09-16,Silver,Mid,1,4
6513,Skyler Brown 1513,Home Office,F,25-34,Los Angeles,West,USA,2023-01-16,Silver,Lower-Mid,0,2
6514,Jordan Brown 1514,Consumer,NA,35-44,Phoenix,West,USA,2019-07-16,Gold,Lower-Mid,0,1
6515,Jamie Lee 1515,Home Office,F,45-54,San Francisco,West,USA,2021-03-09,Bronze,Lower-Mid,0,1
6516,Morgan Young 1516,Consumer,M,45-54,Dallas,South,USA,2023-08-30,Silver,Upper-Mid,0,3
6517,Logan Green 1517,Consumer,NA,25-34,Los Angeles,West,USA,2020-07-30,Silver,Lower-Mid,0,3
6518,Rowan Johnson 1518,Small Business,NA,35-44,Detroit,North,USA,2024-06-18,Silver,Lower-Mid,1,1
6519,Sam Smith 1519,Consumer,F,25-34,Minneapolis,North,USA,2023-02-10,Platinum,Lower-Mid,0,3
6520,Taylor Walker 1520,Consumer,M,45-54,Washington,East,USA,2020-10-15,Bronze,Lower-Mid,0,4
6521,Taylor Clark 1521,Consumer,M,35-44,Dallas,South,USA,2020-03-17,Bronze,Upper-Mid,0,1
6522,Avery Walker 1522,Consumer,F,45-54,Houston,South,USA,2020-05-18,Silver,Mid,0,2
6523,Taylor Wright 1523,Small Business,M,35-44,Cleveland,North,USA,2022-11-23,Gold,Lower-Mid,1,1
6524,Jordan Green 1524,Consumer,F,55+,Philadelphia,East,USA,2025-07-10,Silver,Lower-Mid,0,2
6525,Jamie Green 1525,Consumer,F,18-24,Dallas,South,USA,2025-01-21,Bronze,Low,0,4
6526,Taylor Lee 1526,Consumer,NA,45-54,Chicago,North,USA,2022-04-13,Bronze,Mid,0,2
6527,Parker Walker 1527,Corporate,NA,45-54,Seattle,West,USA,2020-02-21,Gold,Mid,1,2
6528,Logan Scott 1528,Consumer,NA,55+,Washington,East,USA,2021-01-19,Platinum,Low,0,2
6529,Rowan Walker 1529,Consumer,NA,25-34,Miami,South,USA,2024-09-02,Gold,Low,0,1
6530,Logan Hall 1530,Consumer,M,45-54,Minneapolis,North,USA,2024-09-08,Gold,Lower-Mid,0,1
6531,Logan Johnson 1531,Consumer,F,18-24,Houston,South,USA,2019-12-13,Bronze,Low,0,2
6532,Jamie Hall 1532,Corporate,M,45-54,Detroit,North,USA,2019-07-24,Silver,Upper-Mid,1,2
6533,Alex Wright 1533,Consumer,NA,55+,Cleveland,North,USA,2025-09-16,Bronze,Low,0,4
6534,Sam King 1534,Consumer,F,35-44,Philadelphia,East,USA,2020-12-08,Bronze,High,0,4
6535,Avery Lee 1535,Consumer,F,18-24,Boston,East,USA,2022-03-30,Bronze,Low,0,1
6536,Rowan Lewis 1536,Corporate,F,55+,Philadelphia,East,USA,2019-01-07,Silver,Upper-Mid,0,1
6537,Drew Smith 1537,Small Business,M,35-44,Washington,East,USA,2024-10-25,Silver,Mid,1,1
6538,Alex Scott 1538,Small Business,M,35-44,Los Angeles,West,USA,2023-03-27,Gold,Mid,0,3
6539,Avery Walker 1539,Small Business,M,35-44,Boston,East,USA,2021-01-14,Silver,Mid,0,4
6540,Taylor Walker 1540,Consumer,M,35-44,Washington,East,USA,2020-11-29,Bronze,Mid,0,1
6541,Sam Hall 1541,Small Business,F,25-34,Los Angeles,West,USA,2025-10-12,Bronze,Mid,1,4
6542,Sam Green 1542,Consumer,M,25-34,Atlanta,South,USA,2020-09-13,Silver,Lower-Mid,0,2
6543,Avery Young 1543,Consumer,NA,45-54,San Francisco,West,USA,2023-08-01,Bronze,Mid,0,1
6544,Jordan Clark 1544,Consumer,NA,25-34,Dallas,South,USA,2024-10-07,Bronze,Mid,0,1
6545,Morgan Young 1545,Small Business,NA,45-54,Houston,South,USA,2019-06-15,Bronze,Mid,1,1
6546,Jordan Lee 1546,Small Business,F,18-24,Dallas,South,USA,2020-12-09,Gold,Mid,0,2
6547,Drew Lewis 1547,Consumer,NA,25-34,Minneapolis,North,USA,2024-08-07,Platinum,Lower-Mid,0,1
6548,Parker Smith 1548,Consumer,M,25-34,Minneapolis,North,USA,2022-06-05,Gold,Upper-Mid,0,2
6549,Cameron Hall 1549,Consumer,M,35-44,Cleveland,North,USA,2024-11-18,Silver,Upper-Mid,0,2
6550,Drew Lewis 1550,Consumer,NA,25-34,Phoenix,West,USA,2020-05-01,Silver,Upper-Mid,0,1
6551,Jamie Green 1551,Corporate,M,45-54,Dallas,South,USA,2021-01-03,Bronze,Lower-Mid,1,1
6552,Parker Brown 1552,Corporate,F,25-34,Boston,East,USA,2024-06-12,Platinum,High,1,4
6553,Skyler Walker 1553,Consumer,F,45-54,Chicago,North,USA,2023-07-23,Silver,Mid,0,2
6554,Morgan Johnson 1554,Consumer,NA,35-44,Detroit,North,USA,2019-08-22,Bronze,Mid,0,2
6555,Sam Green 1555,Consumer,F,45-54,Dallas,South,USA,2025-01-17,Bronze,Mid,0,1
6556,Alex Clark 1556,Consumer,F,25-34,Chicago,North,USA,2024-12-08,Gold,Mid,0,1
6557,Drew Wright 1557,Home Office,NA,25-34,Boston,East,USA,2025-05-01,Gold,Low,0,2
6558,Logan Lewis 1558,Small Business,F,45-54,San Francisco,West,USA,2020-12-27,Gold,High,0,4
6559,Avery Lewis 1559,Consumer,NA,18-24,San Francisco,West,USA,2022-10-09,Silver,Upper-Mid,0,4
6560,Jordan Brown 1560,Consumer,M,35-44,San Francisco,West,USA,2020-03-21,Bronze,Low,0,1
6561,Jamie Allen 1561,Home Office,F,18-24,Houston,South,USA,2025-01-23,Gold,Upper-Mid,0,1
6562,Jamie Scott 1562,Small Business,F,35-44,Miami,South,USA,2022-08-25,Gold,Upper-Mid,1,1
6563,Rowan Smith 1563,Consumer,M,45-54,Phoenix,West,USA,2023-02-25,Gold,Lower-Mid,0,2
6564,Jordan Allen 1564,Consumer,F,35-44,Minneapolis,North,USA,2023-12-27,Platinum,Low,0,4
6565,Casey Allen 1565,Home Office,NA,35-44,Minneapolis,North,USA,2025-01-25,Silver,Lower-Mid,0,2
6566,Casey Clark 1566,Small Business,NA,55+,Detroit,North,USA,2023-06-24,Silver,Upper-Mid,1,2
6567,Morgan Davis 1567,Consumer,NA,35-44,Detroit,North,USA,2025-05-05,Gold,Lower-Mid,0,1
6568,Alex Wright 1568,Corporate,M,45-54,Washington,East,USA,2020-07-13,Silver,Mid,1,2
6569,Riley Johnson 1569,Consumer,M,35-44,Miami,South,USA,2023-06-12,Silver,Mid,0,2
6570,Avery Davis 1570,Corporate,NA,25-34,Seattle,West,USA,2025-05-27,Bronze,Lower-Mid,1,1
6571,Morgan Davis 1571,Consumer,M,35-44,New York,East,USA,2022-11-07,Bronze,Upper-Mid,0,2
6572,Skyler Hall 1572,Consumer,F,25-34,Cleveland,North,USA,2022-07-18,Bronze,Mid,0,2
6573,Taylor Johnson 1573,Consumer,F,25-34,Los Angeles,West,USA,2020-07-25,Platinum,Low,0,2
6574,Taylor Davis 1574,Small Business,NA,45-54,Chicago,North,USA,2023-01-08,Silver,Upper-Mid,0,4
6575,Riley Young 1575,Consumer,NA,35-44,Dallas,South,USA,2025-09-03,Gold,Lower-Mid,0,4
6576,Drew Brown 1576,Consumer,F,25-34,Minneapolis,North,USA,2024-01-06,Gold,High,0,1
6577,Jamie Lewis 1577,Corporate,NA,25-34,Dallas,South,USA,2025-08-22,Gold,Upper-Mid,1,1
6578,Parker Davis 1578,Consumer,NA,25-34,Washington,East,USA,2023-12-01,Platinum,Mid,0,4
6579,Alex Hall 1579,Consumer,M,55+,Washington,East,USA,2019-03-21,Silver,Mid,0,1
6580,Logan Brown 1580,Consumer,M,25-34,Chicago,North,USA,2020-05-18,Bronze,Lower-Mid,0,1
6581,Alex Lewis 1581,Corporate,M,25-34,Boston,East,USA,2022-11-05,Platinum,Mid,1,3
6582,Alex Lewis 1582,Consumer,F,45-54,Boston,East,USA,2020-05-31,Bronze,High,0,2
6583,Cameron Lewis 1583,Consumer,F,25-34,Phoenix,West,USA,2021-01-10,Bronze,Low,0,1
6584,Riley Walker 1584,Small Business,M,35-44,Washington,East,USA,2023-05-12,Bronze,Lower-Mid,1,2
6585,Jordan Scott 1585,Consumer,F,35-44,Miami,South,USA,2022-07-04,Bronze,Upper-Mid,0,4
6586,Morgan Johnson 1586,Small Business,F,45-54,Philadelphia,East,USA,2025-09-06,Bronze,Upper-Mid,1,2
6587,Logan Walker 1587,Home Office,F,55+,Chicago,North,USA,2020-08-09,Silver,Mid,0,1
6588,Parker Clark 1588,Corporate,NA,35-44,Boston,East,USA,2025-03-19,Bronze,Lower-Mid,1,1
6589,Sam Johnson 1589,Small Business,M,18-24,Boston,East,USA,2024-08-19,Bronze,Mid,0,1
6590,Rowan Smith 1590,Consumer,M,25-34,New York,East,USA,2020-01-15,Bronze,Mid,0,1
6591,Sam Wright 1591,Corporate,F,25-34,Atlanta,South,USA,2024-12-06,Gold,Upper-Mid,0,3
6592,Riley King 1592,Consumer,NA,35-44,Los Angeles,West,USA,2021-11-30,Bronze,High,0,1
6593,Parker Smith 1593,Consumer,F,25-34,Boston,East,USA,2024-12-10,Bronze,Low,0,3
6594,Parker Green 1594,Small Business,NA,55+,Houston,South,USA,2023-10-16,Platinum,Mid,1,4
6595,Avery Hall 1595,Small Business,M,25-34,Minneapolis,North,USA,2022-03-14,Gold,Mid,1,1
6596,Riley Lewis 1596,Consumer,M,45-54,Dallas,South,USA,2021-05-21,Platinum,Upper-Mid,0,2
6597,Drew Johnson 1597,Consumer,M,25-34,Chicago,North,USA,2024-05-13,Bronze,Lower-Mid,0,2
6598,Casey Green 1598,Consumer,F,35-44,Cleveland,North,USA,2023-06-17,Silver,Low,0,1
6599,Skyler Allen 1599,Consumer,M,55+,Miami,South,USA,2023-10-28,Bronze,High,0,1
6600,Parker Allen 1600,Consumer,NA,25-34,Chicago,North,USA,2021-07-22,Silver,Mid,0,1
6601,Jordan Hall 1601,Consumer,NA,25-34,Boston,East,USA,2024-11-08,Bronze,Lower-Mid,0,2
6602,Parker Wright 1602,Small Business,NA,25-34,Seattle,West,USA,2024-02-19,Silver,Mid,1,4
6603,Skyler Clark 1603,Corporate,NA,25-34,Seattle,West,USA,2024-10-24,Gold,Upper-Mid,0,1
6604,Skyler Young 1604,Small Business,NA,45-54,Phoenix,West,USA,2019-10-31,Gold,Lower-Mid,1,2
6605,Cameron Clark 1605,Consumer,NA,35-44,Los Angeles,West,USA,2021-12-11,Platinum,Upper-Mid,0,3
6606,Drew Lee 1606,Consumer,NA,55+,Miami,South,USA,2024-11-13,Bronze,Lower-Mid,0,1
6607,Sam Wright 1607,Consumer,M,45-54,Detroit,North,USA,2020-04-12,Gold,Mid,0,2
6608,Cameron Clark 1608,Consumer,NA,18-24,Los Angeles,West,USA,2019-04-03,Gold,Mid,0,4
6609,Skyler Smith 1609,Consumer,M,25-34,Dallas,South,USA,2025-04-13,Gold,High,0,2
6610,Drew Young 1610,Consumer,M,45-54,Atlanta,South,USA,2025-01-14,Gold,Upper-Mid,0,2
6611,Rowan Lewis 1611,Consumer,F,45-54,Minneapolis,North,USA,2020-05-12,Bronze,Lower-Mid,0,2
6612,Parker Lee 1612,Home Office,NA,55+,Detroit,North,USA,2022-06-13,Bronze,Upper-Mid,0,2
6613,Alex King 1613,Consumer,NA,25-34,Miami,South,USA,2024-12-31,Gold,Upper-Mid,0,2
6614,Cameron Lee 1614,Consumer,M,25-34,Minneapolis,North,USA,2024-03-03,Bronze,Low,0,2
6615,Casey Lee 1615,Consumer,M,18-24,San Francisco,West,USA,2022-11-29,Silver,Mid,0,2
6616,Skyler Smith 1616,Consumer,NA,18-24,Atlanta,South,USA,2022-09-29,Silver,High,0,4
6617,Riley Walker 1617,Consumer,NA,25-34,Los Angeles,West,USA,2022-10-01,Gold,Upper-Mid,0,1
6618,Logan Green 1618,Consumer,F,18-24,San Francisco,West,USA,2022-04-03,Bronze,High,0,2
6619,Taylor Walker 1619,Consumer,F,45-54,Houston,South,USA,2025-02-09,Silver,High,0,2
6620,Morgan Davis 1620,Consumer,F,35-44,Los Angeles,West,USA,2023-03-28,Gold,Lower-Mid,0,3
6621,Jordan Allen 1621,Consumer,NA,35-44,Los Angeles,West,USA,2022-08-17,Silver,Lower-Mid,0,2
6622,Alex Clark 1622,Small Business,F,18-24,Washington,East,USA,2025-04-13,Silver,Lower-Mid,1,1
6623,Casey Lee 1623,Consumer,NA,55+,Miami,South,USA,2021-12-14,Silver,Mid,0,2
6624,Cameron Smith 1624,Small Business,NA,25-34,Atlanta,South,USA,2019-07-03,Silver,Mid,1,4
6625,Parker Wright 1625,Consumer,M,55+,Detroit,North,USA,2024-09-16,Silver,Lower-Mid,0,1
6626,Morgan Scott 1626,Small Business,M,35-44,New York,East,USA,2024-02-02,Bronze,Mid,1,4
6627,Parker Johnson 1627,Small Business,F,45-54,Cleveland,North,USA,2022-01-14,Gold,Upper-Mid,0,1
6628,Morgan Hall 1628,Consumer,M,35-44,Dallas,South,USA,2023-01-11,Platinum,Lower-Mid,0,1
6629,Avery Smith 1629,Small Business,M,18-24,Seattle,West,USA,2019-02-04,Silver,Mid,0,4
6630,Taylor Hall 1630,Home Office,F,25-34,Miami,South,USA,2022-11-29,Bronze,Lower-Mid,0,1
6631,Taylor Scott 1631,Corporate,F,55+,New York,East,USA,2019-05-23,Gold,Mid,1,1
6632,Jamie King 1632,Consumer,M,35-44,New York,East,USA,2022-01-19,Bronze,Lower-Mid,0,1
6633,Avery King 1633,Consumer,NA,25-34,Dallas,South,USA,2020-08-14,Bronze,Lower-Mid,0,4
6634,Casey Davis 1634,Consumer,NA,25-34,Cleveland,North,USA,2021-01-20,Bronze,Low,0,2
6635,Alex Davis 1635,Consumer,NA,35-44,Boston,East,USA,2021-05-26,Bronze,Low,0,2
6636,Casey Hall 1636,Consumer,M,18-24,Chicago,North,USA,2023-04-12,Bronze,Mid,0,1
6637,Taylor Smith 1637,Corporate,F,45-54,Phoenix,West,USA,2019-05-11,Silver,Upper-Mid,0,4
6638,Sam Brown 1638,Consumer,M,55+,San Francisco,West,USA,2025-07-17,Bronze,Lower-Mid,0,2
6639,Avery Brown 1639,Consumer,F,25-34,New York,East,USA,2025-04-25,Platinum,Low,0,2
6640,Logan Smith 1640,Consumer,NA,35-44,Los Angeles,West,USA,2020-10-18,Bronze,Lower-Mid,0,3
6641,Rowan Lewis 1641,Small Business,M,25-34,Cleveland,North,USA,2020-05-06,Bronze,Upper-Mid,1,4
6642,Avery Johnson 1642,Small Business,NA,25-34,Washington,East,USA,2019-10-08,Silver,Low,0,1
6643,Logan Davis 1643,Small Business,M,45-54,Detroit,North,USA,2020-06-23,Bronze,Lower-Mid,1,1
6644,Skyler Davis 1644,Consumer,F,25-34,Boston,East,USA,2019-03-11,Silver,Lower-Mid,0,3
6645,Alex Brown 1645,Consumer,NA,25-34,San Francisco,West,USA,2022-12-17,Bronze,Lower-Mid,0,1
6646,Skyler Scott 1646,Corporate,M,45-54,Los Angeles,West,USA,2019-04-09,Platinum,Mid,0,2
6647,Alex Lee 1647,Consumer,F,18-24,Philadelphia,East,USA,2020-03-28,Bronze,High,0,2
6648,Parker Green 1648,Small Business,M,55+,Detroit,North,USA,2022-03-15,Gold,Upper-Mid,1,1
6649,Avery Lewis 1649,Consumer,F,55+,Phoenix,West,USA,2024-08-10,Silver,Lower-Mid,0,1
6650,Parker Johnson 1650,Small Business,NA,18-24,Miami,South,USA,2019-05-14,Silver,Mid,1,1
6651,Skyler King 1651,Consumer,NA,45-54,New York,East,USA,2021-04-05,Silver,High,0,2
6652,Riley Hall 1652,Home Office,M,35-44,Atlanta,South,USA,2022-01-12,Silver,High,0,2
6653,Parker Lewis 1653,Corporate,M,25-34,Detroit,North,USA,2021-02-06,Bronze,Upper-Mid,0,4
6654,Jamie Lee 1654,Corporate,F,25-34,Miami,South,USA,2022-09-08,Bronze,Lower-Mid,0,1
6655,Riley King 1655,Consumer,NA,55+,Cleveland,North,USA,2024-02-01,Bronze,Low,0,1
6656,Casey Wright 1656,Consumer,F,18-24,Chicago,North,USA,2020-01-14,Silver,Upper-Mid,0,2
6657,Morgan Green 1657,Corporate,M,45-54,Houston,South,USA,2025-07-11,Silver,High,1,2
6658,Logan King 1658,Consumer,M,25-34,Cleveland,North,USA,2019-12-03,Platinum,Upper-Mid,0,2
6659,Alex Smith 1659,Consumer,F,55+,Seattle,West,USA,2025-08-11,Silver,Mid,0,1
6660,Morgan Walker 1660,Small Business,F,55+,Chicago,North,USA,2024-11-13,Gold,Lower-Mid,1,2
6661,Taylor Wright 1661,Consumer,NA,55+,Philadelphia,East,USA,2022-06-19,Bronze,Low,0,2
6662,Sam Wright 1662,Consumer,F,25-34,Chicago,North,USA,2023-08-11,Bronze,Lower-Mid,0,4
6663,Jamie Davis 1663,Corporate,M,25-34,Philadelphia,East,USA,2020-08-30,Gold,Low,1,1
6664,Parker Green 1664,Small Business,F,35-44,Detroit,North,USA,2020-09-15,Platinum,Mid,1,2
6665,Cameron Lewis 1665,Consumer,F,18-24,New York,East,USA,2022-11-20,Silver,Low,0,1
6666,Logan Green 1666,Consumer,M,35-44,Boston,East,USA,2021-02-28,Silver,Lower-Mid,0,4
6667,Riley Johnson 1667,Consumer,F,35-44,Washington,East,USA,2025-04-12,Platinum,Mid,0,1
6668,Rowan Lee 1668,Home Office,NA,55+,Cleveland,North,USA,2022-11-18,Silver,Lower-Mid,0,4
6669,Alex Walker 1669,Small Business,NA,25-34,Los Angeles,West,USA,2019-08-15,Bronze,Mid,0,1
6670,Alex Johnson 1670,Consumer,NA,55+,Houston,South,USA,2020-12-20,Bronze,High,0,2
6671,Taylor Smith 1671,Consumer,NA,55+,Los Angeles,West,USA,2024-12-20,Gold,Low,0,3
6672,Drew Wright 1672,Consumer,NA,55+,Seattle,West,USA,2021-11-25,Bronze,Upper-Mid,0,4
6673,Avery Lewis 1673,Small Business,F,45-54,Boston,East,USA,2022-05-13,Silver,High,0,1
6674,Jamie King 1674,Consumer,NA,55+,Dallas,South,USA,2022-06-20,Silver,Lower-Mid,0,1
6675,Casey Hall 1675,Consumer,F,25-34,Los Angeles,West,USA,2022-07-25,Gold,Upper-Mid,0,1
6676,Alex Hall 1676,Consumer,M,45-54,San Francisco,West,USA,2023-05-06,Platinum,High,0,3
6677,Jordan Green 1677,Consumer,NA,55+,Houston,South,USA,2023-08-02,Gold,Mid,0,4
6678,Drew Johnson 1678,Consumer,NA,25-34,Philadelphia,East,USA,2019-09-04,Silver,Mid,0,1
6679,Avery Davis 1679,Consumer,F,25-34,Minneapolis,North,USA,2022-07-06,Gold,Upper-Mid,0,1
6680,Logan Lewis 1680,Small Business,NA,25-34,Washington,East,USA,2020-03-28,Bronze,Lower-Mid,1,3
6681,Skyler Wright 1681,Consumer,F,18-24,Boston,East,USA,2023-06-26,Silver,Lower-Mid,0,1
6682,Jamie Allen 1682,Consumer,M,45-54,Chicago,North,USA,2025-02-17,Silver,Mid,0,2
6683,Morgan Clark 1683,Consumer,NA,35-44,Cleveland,North,USA,2022-03-23,Silver,Upper-Mid,0,3
6684,Casey Hall 1684,Corporate,F,55+,Minneapolis,North,USA,2023-07-18,Bronze,Upper-Mid,1,1
6685,Taylor Scott 1685,Consumer,M,25-34,Chicago,North,USA,2022-02-16,Bronze,Upper-Mid,0,1
6686,Alex Davis 1686,Small Business,NA,45-54,Chicago,North,USA,2024-12-02,Silver,Upper-Mid,0,1
6687,Morgan Lee 1687,Home Office,F,55+,Los Angeles,West,USA,2021-04-05,Bronze,Mid,0,3
6688,Riley Smith 1688,Consumer,F,25-34,Chicago,North,USA,2024-04-28,Gold,Lower-Mid,0,3
6689,Avery Wright 1689,Corporate,NA,35-44,Los Angeles,West,USA,2019-07-06,Gold,Low,1,2
6690,Skyler Wright 1690,Corporate,F,45-54,Atlanta,South,USA,2021-11-24,Bronze,Mid,1,2
6691,Rowan Johnson 1691,Home Office,F,25-34,Philadelphia,East,USA,2023-11-28,Bronze,Lower-Mid,0,1
6692,Taylor Hall 1692,Consumer,NA,35-44,Chicago,North,USA,2023-12-23,Silver,Low,0,1
6693,Avery Johnson 1693,Small Business,M,18-24,Los Angeles,West,USA,2019-04-23,Silver,Mid,1,2
6694,Rowan Allen 1694,Small Business,NA,35-44,Houston,South,USA,2023-04-23,Bronze,Mid,0,1
6695,Cameron Lewis 1695,Consumer,NA,45-54,Boston,East,USA,2019-01-29,Bronze,Lower-Mid,0,1
6696,Parker Smith 1696,Consumer,F,25-34,Philadelphia,East,USA,2021-11-18,Silver,Lower-Mid,0,3
6697,Taylor Lee 1697,Small Business,F,25-34,Houston,South,USA,2019-06-05,Gold,Mid,1,2
6698,Rowan Walker 1698,Consumer,F,25-34,Washington,East,USA,2023-12-18,Silver,Mid,0,2
6699,Cameron Green 1699,Corporate,M,45-54,Detroit,North,USA,2020-08-04,Bronze,Low,0,2
6700,Alex Walker 1700,Consumer,F,25-34,Boston,East,USA,2023-01-30,Bronze,High,0,3
6701,Morgan King 1701,Consumer,NA,45-54,Boston,East,USA,2025-01-13,Gold,Mid,0,1
6702,Alex Davis 1702,Consumer,F,45-54,New York,East,USA,2025-09-26,Gold,Low,0,1
6703,Sam Green 1703,Consumer,F,25-34,Dallas,South,USA,2023-02-02,Gold,Upper-Mid,0,4
6704,Morgan Brown 1704,Small Business,NA,45-54,Washington,East,USA,2022-09-13,Bronze,Mid,0,1
6705,Casey Davis 1705,Home Office,F,35-44,Minneapolis,North,USA,2025-07-25,Gold,Upper-Mid,0,1
6706,Sam King 1706,Corporate,F,25-34,San Francisco,West,USA,2019-11-09,Platinum,High,1,1
6707,Avery Hall 1707,Small Business,F,25-34,Atlanta,South,USA,2021-11-29,Bronze,Upper-Mid,1,3
6708,Casey Smith 1708,Consumer,F,25-34,San Francisco,West,USA,2022-04-13,Silver,Upper-Mid,0,4
6709,Avery Lee 1709,Small Business,F,25-34,Washington,East,USA,2023-12-14,Bronze,Mid,0,2
6710,Riley Wright 1710,Consumer,NA,35-44,Minneapolis,North,USA,2021-07-30,Silver,Upper-Mid,0,1
6711,Morgan Hall 1711,Consumer,F,45-54,Seattle,West,USA,2023-12-17,Bronze,Low,0,1
6712,Casey Smith 1712,Corporate,F,35-44,Washington,East,USA,2022-09-23,Bronze,Upper-Mid,1,2
6713,Parker Scott 1713,Consumer,M,55+,Miami,South,USA,2024-01-12,Silver,Lower-Mid,0,1
6714,Jordan Scott 1714,Consumer,NA,25-34,San Francisco,West,USA,2022-10-17,Bronze,Mid,0,4
6715,Sam Allen 1715,Corporate,F,25-34,Phoenix,West,USA,2024-12-06,Silver,Mid,1,1
6716,Cameron Hall 1716,Consumer,M,35-44,Minneapolis,North,USA,2021-08-15,Bronze,Upper-Mid,0,3
6717,Logan Smith 1717,Consumer,NA,35-44,Atlanta,South,USA,2025-10-09,Gold,Mid,0,2
6718,Avery Lewis 1718,Corporate,M,45-54,Minneapolis,North,USA,2022-07-11,Bronze,Mid,1,2
6719,Sam Clark 1719,Consumer,M,25-34,Phoenix,West,USA,2019-11-12,Silver,Upper-Mid,0,1
6720,Avery Brown 1720,Small Business,M,45-54,Boston,East,USA,2020-06-17,Silver,Lower-Mid,0,1
6721,Logan Johnson 1721,Consumer,M,45-54,Miami,South,USA,2024-06-30,Silver,Lower-Mid,0,2
6722,Riley Lee 1722,Consumer,NA,55+,San Francisco,West,USA,2023-03-04,Bronze,Lower-Mid,0,2
6723,Jordan Scott 1723,Consumer,M,55+,Dallas,South,USA,2019-02-02,Bronze,Upper-Mid,0,1
6724,Skyler Wright 1724,Small Business,NA,18-24,Detroit,North,USA,2021-12-26,Bronze,Mid,1,1
6725,Avery Walker 1725,Small Business,F,55+,Los Angeles,West,USA,2019-11-26,Silver,Lower-Mid,1,1
6726,Riley Allen 1726,Home Office,F,25-34,New York,East,USA,2023-08-20,Gold,Lower-Mid,0,4
6727,Drew Wright 1727,Small Business,M,25-34,San Francisco,West,USA,2022-02-15,Gold,Mid,0,2
6728,Logan Green 1728,Small Business,M,25-34,Dallas,South,USA,2020-10-02,Gold,Mid,1,4
6729,Morgan King 1729,Corporate,NA,25-34,New York,East,USA,2024-03-07,Gold,High,1,2
6730,Jordan Scott 1730,Small Business,M,25-34,Detroit,North,USA,2019-07-15,Bronze,Upper-Mid,1,1
6731,Rowan Clark 1731,Consumer,F,35-44,Phoenix,West,USA,2020-11-11,Silver,Lower-Mid,0,4
6732,Rowan Allen 1732,Corporate,M,18-24,Seattle,West,USA,2019-01-03,Silver,Mid,1,1
6733,Drew Scott 1733,Small Business,F,25-34,Seattle,West,USA,2025-02-12,Bronze,Upper-Mid,0,4
6734,Logan Johnson 1734,Consumer,M,45-54,Dallas,South,USA,2022-05-10,Gold,Lower-Mid,0,1
6735,Taylor Green 1735,Corporate,F,25-34,New York,East,USA,2021-02-27,Bronze,Lower-Mid,1,1
6736,Sam Green 1736,Consumer,NA,45-54,Chicago,North,USA,2022-11-10,Gold,Low,0,2
6737,Logan King 1737,Consumer,NA,55+,Atlanta,South,USA,2021-07-14,Gold,Mid,0,3
6738,Logan Wright 1738,Corporate,F,25-34,Boston,East,USA,2020-10-26,Bronze,Lower-Mid,1,2
6739,Alex Clark 1739,Small Business,NA,45-54,Dallas,South,USA,2025-01-14,Platinum,Lower-Mid,0,4
6740,Cameron Allen 1740,Consumer,F,35-44,Philadelphia,East,USA,2022-09-27,Gold,Mid,0,4
6741,Morgan Walker 1741,Consumer,M,25-34,Dallas,South,USA,2024-05-24,Silver,Mid,0,1
6742,Skyler Wright 1742,Consumer,M,35-44,Chicago,North,USA,2025-05-08,Bronze,Mid,0,2
6743,Avery Johnson 1743,Consumer,NA,25-34,Detroit,North,USA,2024-05-26,Bronze,Upper-Mid,0,1
6744,Taylor Young 1744,Consumer,NA,35-44,Seattle,West,USA,2023-06-21,Bronze,Low,0,4
6745,Logan Wright 1745,Consumer,F,18-24,Cleveland,North,USA,2025-05-28,Silver,Mid,0,4
6746,Riley Smith 1746,Small Business,F,25-34,Philadelphia,East,USA,2020-03-09,Bronze,Upper-Mid,1,2
6747,Jamie Wright 1747,Consumer,F,18-24,New York,East,USA,2020-03-06,Bronze,Mid,0,1
6748,Avery Young 1748,Home Office,F,25-34,Phoenix,West,USA,2025-10-15,Platinum,Mid,0,3
6749,Parker Hall 1749,Home Office,F,45-54,Houston,South,USA,2021-11-07,Silver,Mid,0,2
6750,Alex Davis 1750,Small Business,NA,35-44,Detroit,North,USA,2019-06-19,Silver,Mid,1,1
6751,Skyler Allen 1751,Small Business,NA,25-34,Houston,South,USA,2020-01-26,Bronze,Mid,0,2
6752,Cameron Hall 1752,Consumer,M,35-44,Washington,East,USA,2023-01-11,Gold,Mid,0,3
6753,Jamie Wright 1753,Corporate,M,25-34,Atlanta,South,USA,2020-12-05,Bronze,Mid,1,1
6754,Morgan Scott 1754,Consumer,NA,55+,Atlanta,South,USA,2023-03-09,Bronze,Mid,0,1
6755,Sam Smith 1755,Consumer,F,35-44,Houston,South,USA,2022-12-15,Gold,Mid,0,2
6756,Parker Lewis 1756,Consumer,F,35-44,Atlanta,South,USA,2021-10-28,Gold,Mid,0,1
6757,Riley Johnson 1757,Consumer,M,35-44,Houston,South,USA,2020-12-17,Silver,Upper-Mid,0,2
6758,Jamie Walker 1758,Consumer,F,25-34,Phoenix,West,USA,2023-06-21,Bronze,High,0,4
6759,Taylor Johnson 1759,Consumer,M,45-54,Minneapolis,North,USA,2019-06-11,Bronze,Lower-Mid,0,1
6760,Logan Brown 1760,Consumer,NA,35-44,Detroit,North,USA,2020-07-04,Bronze,Upper-Mid,0,1
6761,Jamie Smith 1761,Small Business,M,55+,Miami,South,USA,2024-12-06,Bronze,Mid,0,2
6762,Jamie Lewis 1762,Home Office,F,35-44,Los Angeles,West,USA,2023-11-21,Gold,Mid,0,1
6763,Sam Brown 1763,Consumer,M,25-34,New York,East,USA,2022-01-16,Silver,Mid,0,2
6764,Morgan Scott 1764,Corporate,F,45-54,Houston,South,USA,2020-04-14,Bronze,High,1,1
6765,Morgan King 1765,Consumer,F,25-34,Cleveland,North,USA,2022-02-04,Gold,Lower-Mid,0,4
6766,Avery Young 1766,Consumer,M,35-44,Miami,South,USA,2024-05-06,Platinum,Upper-Mid,0,3
6767,Skyler Davis 1767,Small Business,F,35-44,San Francisco,West,USA,2019-07-04,Gold,Upper-Mid,1,2
6768,Avery Smith 1768,Consumer,F,45-54,New York,East,USA,2024-07-18,Silver,Mid,0,1
6769,Riley Hall 1769,Small Business,F,35-44,Dallas,South,USA,2021-12-28,Gold,Low,1,1
6770,Logan Brown 1770,Small Business,NA,45-54,Washington,East,USA,2025-06-03,Bronze,Mid,1,1
6771,Casey Scott 1771,Small Business,F,25-34,Philadelphia,East,USA,2025-05-14,Bronze,Mid,0,2
6772,Alex Allen 1772,Corporate,M,25-34,New York,East,USA,2022-10-13,Silver,Lower-Mid,1,1
6773,Morgan Clark 1773,Small Business,NA,35-44,Cleveland,North,USA,2019-05-14,Silver,Lower-Mid,1,1
6774,Drew Young 1774,Consumer,NA,25-34,Los Angeles,West,USA,2020-01-20,Bronze,Mid,0,4
6775,Alex Lewis 1775,Consumer,NA,25-34,Philadelphia,East,USA,2025-01-29,Gold,Upper-Mid,0,4
6776,Casey Scott 1776,Consumer,M,25-34,Washington,East,USA,2023-05-08,Gold,Mid,0,4
6777,Cameron King 1777,Corporate,F,35-44,Minneapolis,North,USA,2024-10-20,Gold,Mid,1,1
6778,Jordan Smith 1778,Corporate,NA,25-34,San Francisco,West,USA,2019-06-17,Silver,Mid,1,2
6779,Logan Green 1779,Consumer,M,18-24,Boston,East,USA,2019-05-30,Bronze,Lower-Mid,0,1
6780,Casey Walker 1780,Consumer,NA,35-44,San Francisco,West,USA,2021-05-14,Bronze,Mid,0,2
6781,Taylor Lewis 1781,Consumer,M,55+,Detroit,North,USA,2024-05-01,Platinum,Mid,0,3
6782,Parker Lewis 1782,Consumer,M,25-34,Cleveland,North,USA,2022-09-11,Silver,Upper-Mid,0,1
6783,Morgan Davis 1783,Corporate,NA,45-54,San Francisco,West,USA,2024-10-10,Silver,Upper-Mid,1,2
6784,Sam Wright 1784,Small Business,NA,25-34,Los Angeles,West,USA,2019-03-31,Gold,Mid,1,1
6785,Rowan Scott 1785,Consumer,NA,25-34,Cleveland,North,USA,2019-11-15,Silver,Mid,0,3
6786,Taylor Scott 1786,Consumer,F,45-54,Cleveland,North,USA,2023-07-06,Gold,Mid,0,4
6787,Logan Allen 1787,Consumer,NA,25-34,Cleveland,North,USA,2024-09-15,Gold,Low,0,4
6788,Taylor Lewis 1788,Consumer,NA,25-34,Miami,South,USA,2021-04-15,Gold,Lower-Mid,0,1
6789,Riley Allen 1789,Small Business,M,25-34,Cleveland,North,USA,2025-08-02,Bronze,Low,1,2
6790,Morgan Clark 1790,Corporate,M,35-44,Dallas,South,USA,2025-09-29,Silver,Low,1,2
6791,Casey Allen 1791,Consumer,F,18-24,Phoenix,West,USA,2022-10-24,Gold,Mid,0,1
6792,Riley Brown 1792,Home Office,NA,55+,Boston,East,USA,2022-02-12,Silver,Lower-Mid,0,1
6793,Parker Johnson 1793,Consumer,M,35-44,Dallas,South,USA,2019-01-23,Silver,Mid,0,2
6794,Rowan Hall 1794,Consumer,NA,45-54,Dallas,South,USA,2019-08-01,Bronze,Mid,0,1
6795,Morgan Walker 1795,Consumer,F,18-24,Dallas,South,USA,2019-08-11,Platinum,High,0,2
6796,Alex Brown 1796,Consumer,F,35-44,New York,East,USA,2025-01-18,Bronze,Mid,0,4
6797,Taylor Hall 1797,Consumer,F,35-44,Cleveland,North,USA,2023-08-26,Silver,Mid,0,3
6798,Alex Young 1798,Small Business,F,35-44,Philadelphia,East,USA,2024-10-15,Silver,Mid,1,2
6799,Casey Hall 1799,Consumer,F,25-34,Seattle,West,USA,2025-08-23,Silver,Upper-Mid,0,4
6800,Avery Lewis 1800,Consumer,M,25-34,Los Angeles,West,USA,2025-04-02,Bronze,Lower-Mid,0,1
6801,Logan Wright 1801,Consumer,F,55+,Cleveland,North,USA,2023-09-22,Bronze,High,0,1
6802,Skyler Lewis 1802,Consumer,NA,35-44,Boston,East,USA,2021-11-02,Bronze,Mid,0,3
6803,Alex King 1803,Consumer,NA,25-34,Los Angeles,West,USA,2020-08-07,Bronze,Mid,0,2
6804,Cameron Lee 1804,Corporate,F,35-44,Los Angeles,West,USA,2021-10-15,Bronze,Mid,0,2
6805,Rowan Wright 1805,Corporate,M,18-24,Detroit,North,USA,2022-04-17,Bronze,Lower-Mid,1,4
6806,Morgan King 1806,Consumer,M,25-34,New York,East,USA,2019-11-21,Silver,Upper-Mid,0,3
6807,Drew Lewis 1807,Home Office,NA,25-34,New York,East,USA,2024-09-20,Silver,Low,0,4
6808,Sam Davis 1808,Consumer,NA,25-34,Phoenix,West,USA,2020-09-15,Platinum,High,0,1
6809,Avery Allen 1809,Consumer,NA,55+,Cleveland,North,USA,2023-07-29,Bronze,Low,0,2
6810,Drew Green 1810,Home Office,NA,55+,Washington,East,USA,2020-07-06,Gold,High,0,1
6811,Casey Allen 1811,Consumer,NA,25-34,San Francisco,West,USA,2023-04-22,Silver,Low,0,2
6812,Sam Lewis 1812,Consumer,NA,55+,San Francisco,West,USA,2025-09-26,Silver,Lower-Mid,0,4
6813,Parker King 1813,Consumer,M,45-54,Houston,South,USA,2023-06-26,Silver,Mid,0,2
6814,Casey Smith 1814,Home Office,M,25-34,Atlanta,South,USA,2021-11-09,Silver,Low,0,4
6815,Morgan Allen 1815,Consumer,NA,45-54,Boston,East,USA,2025-09-21,Bronze,High,0,2
6816,Riley Davis 1816,Small Business,F,35-44,Chicago,North,USA,2024-03-25,Platinum,Lower-Mid,1,3
6817,Rowan Brown 1817,Small Business,F,55+,Minneapolis,North,USA,2025-04-29,Bronze,Lower-Mid,0,2
6818,Rowan Scott 1818,Consumer,NA,35-44,Seattle,West,USA,2019-05-16,Silver,Mid,0,2
6819,Logan Young 1819,Consumer,NA,25-34,Seattle,West,USA,2019-02-16,Bronze,High,0,2
6820,Drew Brown 1820,Consumer,F,35-44,Detroit,North,USA,2024-06-07,Platinum,Mid,0,4
6821,Skyler Lewis 1821,Corporate,F,55+,Minneapolis,North,USA,2025-05-17,Platinum,Upper-Mid,1,4
6822,Taylor Green 1822,Consumer,F,18-24,Minneapolis,North,USA,2023-02-01,Bronze,High,0,2
6823,Parker Lewis 1823,Consumer,NA,25-34,Phoenix,West,USA,2024-05-21,Bronze,Upper-Mid,0,4
6824,Logan Davis 1824,Consumer,M,25-34,New York,East,USA,2020-10-31,Bronze,High,0,2
6825,Jordan Smith 1825,Small Business,F,35-44,Seattle,West,USA,2024-07-24,Bronze,Lower-Mid,1,4
6826,Logan Allen 1826,Consumer,NA,25-34,Detroit,North,USA,2019-07-04,Bronze,Lower-Mid,0,2
6827,Morgan Brown 1827,Consumer,M,18-24,Detroit,North,USA,2022-05-06,Gold,Upper-Mid,0,4
6828,Riley Hall 1828,Small Business,NA,18-24,Philadelphia,East,USA,2022-01-14,Silver,Low,1,2
6829,Jordan Green 1829,Consumer,F,45-54,Houston,South,USA,2024-04-10,Silver,Low,0,3
6830,Cameron King 1830,Corporate,NA,45-54,Cleveland,North,USA,2023-01-03,Bronze,Upper-Mid,1,1
6831,Casey Brown 1831,Consumer,M,18-24,New York,East,USA,2019-10-28,Silver,Mid,0,1
6832,Logan Johnson 1832,Small Business,M,55+,New York,East,USA,2024-01-25,Bronze,Upper-Mid,1,2
6833,Alex Young 1833,Home Office,M,45-54,Dallas,South,USA,2019-01-12,Bronze,Low,0,1
6834,Riley Johnson 1834,Consumer,NA,25-34,Minneapolis,North,USA,2019-03-17,Platinum,Lower-Mid,0,4
6835,Parker Smith 1835,Consumer,NA,25-34,Houston,South,USA,2023-04-17,Silver,Lower-Mid,0,4
6836,Cameron Scott 1836,Consumer,NA,35-44,Detroit,North,USA,2022-02-15,Silver,Upper-Mid,0,1
6837,Sam Lee 1837,Consumer,NA,45-54,Los Angeles,West,USA,2020-01-06,Platinum,Mid,0,2
6838,Sam King 1838,Small Business,M,25-34,Houston,South,USA,2019-08-16,Platinum,Mid,1,1
6839,Drew Lewis 1839,Small Business,M,18-24,Chicago,North,USA,2025-10-14,Silver,High,0,1
6840,Jamie Scott 1840,Consumer,NA,35-44,Chicago,North,USA,2022-03-01,Gold,Low,0,1
6841,Jordan Clark 1841,Consumer,NA,25-34,Miami,South,USA,2022-10-18,Silver,Lower-Mid,0,3
6842,Jordan Allen 1842,Corporate,NA,25-34,Houston,South,USA,2022-04-24,Platinum,Upper-Mid,1,1
6843,Cameron Walker 1843,Consumer,NA,18-24,Minneapolis,North,USA,2024-05-09,Platinum,Mid,0,1
6844,Rowan Green 1844,Small Business,NA,45-54,Los Angeles,West,USA,2021-03-16,Bronze,Upper-Mid,0,3
6845,Casey Green 1845,Corporate,M,45-54,Boston,East,USA,2023-07-30,Bronze,Mid,0,2
6846,Alex Lee 1846,Consumer,NA,25-34,Los Angeles,West,USA,2024-12-29,Bronze,Lower-Mid,0,2
6847,Casey Hall 1847,Consumer,M,18-24,Los Angeles,West,USA,2019-08-01,Silver,Low,0,2
6848,Taylor King 1848,Consumer,NA,55+,Los Angeles,West,USA,2019-12-26,Silver,Mid,0,3
6849,Skyler Smith 1849,Small Business,NA,18-24,Chicago,North,USA,2020-11-06,Bronze,Upper-Mid,1,1
6850,Sam Lee 1850,Corporate,NA,25-34,Dallas,South,USA,2024-02-28,Gold,Mid,1,2
6851,Alex Smith 1851,Home Office,NA,45-54,Detroit,North,USA,2023-10-29,Bronze,Upper-Mid,0,2
6852,Riley Wright 1852,Corporate,M,55+,Seattle,West,USA,2025-08-15,Platinum,Low,0,2
6853,Morgan Hall 1853,Home Office,F,25-34,Philadelphia,East,USA,2019-03-08,Silver,Lower-Mid,0,2
6854,Parker Brown 1854,Corporate,M,55+,Seattle,West,USA,2022-03-05,Gold,Mid,1,4
6855,Skyler Walker 1855,Consumer,F,25-34,Boston,East,USA,2023-07-27,Bronze,Lower-Mid,0,3
6856,Riley Hall 1856,Small Business,M,18-24,Cleveland,North,USA,2019-02-12,Bronze,Upper-Mid,0,2
6857,Sam Wright 1857,Consumer,F,25-34,Los Angeles,West,USA,2023-02-04,Bronze,Mid,0,1
6858,Rowan King 1858,Consumer,NA,55+,Chicago,North,USA,2023-09-30,Silver,Low,0,2
6859,Sam Lee 1859,Corporate,F,25-34,Washington,East,USA,2019-11-04,Bronze,Mid,1,2
6860,Jamie King 1860,Home Office,M,25-34,Cleveland,North,USA,2022-08-03,Silver,High,0,2
6861,Jordan Allen 1861,Small Business,NA,18-24,Minneapolis,North,USA,2024-11-19,Silver,Mid,1,3
6862,Casey Clark 1862,Corporate,M,55+,Washington,East,USA,2025-03-18,Bronze,Upper-Mid,1,2
6863,Alex Clark 1863,Consumer,NA,35-44,Phoenix,West,USA,2021-01-30,Platinum,High,0,2
6864,Morgan Scott 1864,Consumer,F,45-54,Los Angeles,West,USA,2020-02-15,Silver,Lower-Mid,0,2
6865,Morgan Scott 1865,Consumer,F,45-54,Phoenix,West,USA,2025-10-08,Silver,Lower-Mid,0,2
6866,Alex Lee 1866,Consumer,NA,55+,Miami,South,USA,2022-08-12,Bronze,Lower-Mid,0,2
6867,Skyler Young 1867,Corporate,F,25-34,Phoenix,West,USA,2023-12-05,Silver,Lower-Mid,1,1
6868,Morgan Young 1868,Consumer,F,18-24,Boston,East,USA,2020-01-20,Bronze,High,0,1
6869,Taylor Hall 1869,Small Business,M,25-34,Houston,South,USA,2021-05-20,Platinum,Mid,0,2
6870,Avery Clark 1870,Small Business,M,45-54,Dallas,South,USA,2022-09-06,Gold,Upper-Mid,0,2
6871,Jamie Allen 1871,Consumer,NA,18-24,Seattle,West,USA,2025-03-07,Platinum,Lower-Mid,0,1
6872,Morgan Young 1872,Home Office,F,25-34,Seattle,West,USA,2023-11-07,Platinum,Upper-Mid,0,1
6873,Avery Brown 1873,Consumer,F,55+,Miami,South,USA,2023-08-24,Gold,Mid,0,4
6874,Jamie Walker 1874,Home Office,F,55+,Phoenix,West,USA,2023-12-20,Bronze,Mid,0,1
6875,Sam Lee 1875,Consumer,NA,35-44,Los Angeles,West,USA,2022-05-31,Bronze,Lower-Mid,0,3
6876,Riley King 1876,Small Business,F,25-34,Cleveland,North,USA,2024-07-24,Bronze,Mid,1,2
6877,Casey Lee 1877,Consumer,M,35-44,Boston,East,USA,2019-01-10,Gold,Mid,0,1
6878,Morgan Wright 1878,Small Business,NA,35-44,Detroit,North,USA,2023-01-01,Silver,Upper-Mid,1,4
6879,Riley Allen 1879,Small Business,M,25-34,Washington,East,USA,2025-09-03,Silver,Mid,0,4
6880,Skyler Wright 1880,Small Business,F,25-34,Seattle,West,USA,2024-09-03,Silver,Mid,1,1
6881,Skyler King 1881,Small Business,NA,25-34,New York,East,USA,2023-09-04,Gold,Mid,0,1
6882,Jordan Lee 1882,Small Business,F,25-34,Atlanta,South,USA,2025-02-22,Silver,High,1,2
6883,Parker Green 1883,Corporate,M,25-34,Minneapolis,North,USA,2019-03-08,Bronze,Low,1,2
6884,Drew Allen 1884,Home Office,NA,45-54,Houston,South,USA,2022-05-30,Platinum,Lower-Mid,0,3
6885,Avery King 1885,Consumer,NA,45-54,Atlanta,South,USA,2019-09-21,Gold,Upper-Mid,0,2
6886,Rowan Hall 1886,Consumer,NA,35-44,Houston,South,USA,2022-09-12,Silver,High,0,1
6887,Jordan King 1887,Consumer,F,45-54,Los Angeles,West,USA,2021-11-12,Silver,Mid,0,1
6888,Rowan Clark 1888,Consumer,NA,25-34,Washington,East,USA,2023-12-23,Silver,Mid,0,3
6889,Drew Allen 1889,Home Office,M,25-34,Houston,South,USA,2023-06-06,Gold,Low,0,2
6890,Casey Lee 1890,Consumer,F,18-24,Miami,South,USA,2022-08-14,Bronze,Lower-Mid,0,2
6891,Rowan Green 1891,Consumer,NA,55+,Seattle,West,USA,2022-08-13,Bronze,Upper-Mid,0,4
6892,Taylor Davis 1892,Home Office,M,25-34,New York,East,USA,2019-01-24,Bronze,Mid,0,2
6893,Alex Clark 1893,Consumer,F,25-34,San Francisco,West,USA,2022-12-16,Bronze,Low,0,1
6894,Logan Hall 1894,Consumer,NA,35-44,Philadelphia,East,USA,2022-04-27,Bronze,Upper-Mid,0,3
6895,Casey Smith 1895,Home Office,NA,45-54,Miami,South,USA,2022-07-27,Gold,Upper-Mid,0,3
6896,Casey Brown 1896,Home Office,F,55+,Los Angeles,West,USA,2022-05-06,Gold,Lower-Mid,0,4
6897,Logan King 1897,Consumer,M,45-54,Los Angeles,West,USA,2025-01-23,Silver,Mid,0,1
6898,Rowan Allen 1898,Consumer,F,35-44,New York,East,USA,2023-11-10,Silver,Upper-Mid,0,2
6899,Riley Clark 1899,Consumer,F,35-44,Phoenix,West,USA,2020-03-24,Bronze,Mid,0,1
6900,Alex Walker 1900,Consumer,F,25-34,Minneapolis,North,USA,2023-03-27,Gold,Mid,0,4
6901,Rowan Brown 1901,Consumer,NA,25-34,Minneapolis,North,USA,2019-03-19,Gold,Mid,0,2
6902,Casey Smith 1902,Corporate,F,45-54,Detroit,North,USA,2021-10-24,Bronze,Mid,1,1
6903,Parker Allen 1903,Consumer,F,25-34,Dallas,South,USA,2022-02-22,Silver,Upper-Mid,0,2
6904,Jordan Allen 1904,Consumer,NA,35-44,Boston,East,USA,2024-02-27,Silver,Mid,0,2
6905,Jordan Hall 1905,Corporate,M,45-54,New York,East,USA,2024-11-10,Gold,Lower-Mid,1,3
6906,Parker Scott 1906,Small Business,M,45-54,Atlanta,South,USA,2022-02-06,Bronze,Mid,0,3
6907,Rowan Clark 1907,Consumer,NA,35-44,Miami,South,USA,2022-02-20,Bronze,Mid,0,2
6908,Avery Brown 1908,Small Business,NA,18-24,Dallas,South,USA,2023-07-09,Bronze,Mid,1,2
6909,Logan Hall 1909,Consumer,F,35-44,Minneapolis,North,USA,2024-08-12,Bronze,Upper-Mid,0,4
6910,Casey Allen 1910,Corporate,NA,35-44,Philadelphia,East,USA,2019-04-06,Platinum,High,0,2
6911,Jordan Walker 1911,Corporate,NA,35-44,Houston,South,USA,2025-06-30,Bronze,Lower-Mid,0,2
6912,Logan Wright 1912,Small Business,M,25-34,Chicago,North,USA,2022-01-22,Gold,Upper-Mid,1,2
6913,Skyler Clark 1913,Home Office,NA,25-34,Washington,East,USA,2023-12-29,Silver,Lower-Mid,0,1
6914,Jamie Brown 1914,Small Business,M,35-44,Chicago,North,USA,2022-12-15,Silver,Lower-Mid,1,2
6915,Skyler Wright 1915,Consumer,NA,35-44,Philadelphia,East,USA,2020-11-17,Silver,Mid,0,2
6916,Alex Scott 1916,Consumer,F,55+,Phoenix,West,USA,2024-05-15,Silver,Lower-Mid,0,2
6917,Rowan Wright 1917,Consumer,NA,35-44,Detroit,North,USA,2022-09-28,Gold,Mid,0,3
6918,Rowan Wright 1918,Home Office,NA,35-44,Detroit,North,USA,2023-05-05,Gold,Upper-Mid,0,1
6919,Avery Smith 1919,Corporate,M,25-34,Dallas,South,USA,2025-09-07,Bronze,Low,1,1
6920,Taylor Lewis 1920,Corporate,NA,35-44,San Francisco,West,USA,2021-08-04,Bronze,High,1,4
6921,Avery Green 1921,Corporate,F,25-34,Seattle,West,USA,2022-07-19,Bronze,Mid,1,2
6922,Jamie Walker 1922,Consumer,F,45-54,Houston,South,USA,2023-12-17,Bronze,Low,0,1
6923,Sam Young 1923,Consumer,F,35-44,Dallas,South,USA,2022-07-27,Silver,High,0,2
6924,Rowan Green 1924,Corporate,NA,25-34,Cleveland,North,USA,2022-01-26,Gold,Lower-Mid,0,2
6925,Riley Johnson 1925,Home Office,M,55+,Dallas,South,USA,2019-07-30,Silver,Upper-Mid,0,3
6926,Morgan Lewis 1926,Small Business,NA,55+,Atlanta,South,USA,2020-04-11,Bronze,Upper-Mid,1,3
6927,Avery Green 1927,Corporate,M,35-44,Chicago,North,USA,2025-01-11,Bronze,Upper-Mid,0,4
6928,Riley Davis 1928,Consumer,M,55+,Philadelphia,East,USA,2025-06-11,Gold,Low,0,3
6929,Casey Davis 1929,Small Business,F,18-24,Miami,South,USA,2021-06-11,Platinum,Mid,1,3
6930,Avery Clark 1930,Consumer,M,45-54,Dallas,South,USA,2020-10-18,Silver,Upper-Mid,0,1
6931,Casey Hall 1931,Consumer,NA,25-34,San Francisco,West,USA,2019-06-04,Bronze,Upper-Mid,0,1
6932,Drew Brown 1932,Corporate,F,25-34,Philadelphia,East,USA,2020-01-06,Bronze,High,1,2
6933,Logan Lewis 1933,Corporate,F,55+,Boston,East,USA,2021-04-29,Bronze,Upper-Mid,1,2
6934,Sam King 1934,Small Business,NA,35-44,San Francisco,West,USA,2025-02-09,Bronze,Low,1,1
6935,Alex Clark 1935,Consumer,F,55+,Cleveland,North,USA,2020-11-09,Bronze,Mid,0,2
6936,Jordan Brown 1936,Small Business,M,45-54,Minneapolis,North,USA,2024-05-18,Silver,Upper-Mid,1,1
6937,Riley Smith 1937,Small Business,NA,55+,Miami,South,USA,2025-08-19,Gold,Upper-Mid,1,1
6938,Alex Wright 1938,Small Business,F,25-34,Houston,South,USA,2022-11-25,Platinum,Upper-Mid,1,2
6939,Cameron Brown 1939,Consumer,M,25-34,San Francisco,West,USA,2024-02-26,Bronze,Upper-Mid,0,4
6940,Alex Lee 1940,Home Office,M,45-54,Phoenix,West,USA,2021-09-12,Bronze,Upper-Mid,0,4
6941,Jamie Brown 1941,Consumer,M,35-44,Houston,South,USA,2025-02-07,Bronze,Upper-Mid,0,1
6942,Cameron Lewis 1942,Corporate,M,25-34,Phoenix,West,USA,2019-03-08,Bronze,Upper-Mid,1,1
6943,Jordan Davis 1943,Small Business,M,18-24,Philadelphia,East,USA,2020-11-03,Bronze,Upper-Mid,1,2
6944,Riley Lee 1944,Consumer,M,45-54,Seattle,West,USA,2020-03-26,Silver,Lower-Mid,0,3
6945,Skyler Wright 1945,Consumer,M,45-54,San Francisco,West,USA,2023-04-12,Gold,Mid,0,2
6946,Avery Lewis 1946,Consumer,M,45-54,Houston,South,USA,2022-05-08,Silver,Low,0,4
6947,Jamie Wright 1947,Home Office,M,25-34,New York,East,USA,2021-05-03,Gold,Upper-Mid,0,1
6948,Casey Walker 1948,Small Business,F,25-34,Philadelphia,East,USA,2025-01-04,Bronze,Low,1,1
6949,Sam Davis 1949,Consumer,M,45-54,Dallas,South,USA,2019-12-09,Bronze,Mid,0,2
6950,Jordan Davis 1950,Consumer,NA,45-54,Houston,South,USA,2024-02-19,Silver,Mid,0,3
6951,Jamie Smith 1951,Consumer,M,18-24,Dallas,South,USA,2022-08-12,Bronze,Mid,0,2
6952,Alex King 1952,Consumer,NA,45-54,Los Angeles,West,USA,2024-08-18,Bronze,Low,0,2
6953,Morgan Allen 1953,Consumer,F,25-34,San Francisco,West,USA,2019-09-23,Bronze,Mid,0,2
6954,Alex Walker 1954,Home Office,NA,18-24,Dallas,South,USA,2024-02-12,Bronze,Mid,0,2
6955,Sam Wright 1955,Consumer,M,45-54,Washington,East,USA,2023-07-24,Silver,Mid,0,1
6956,Logan King 1956,Consumer,F,25-34,San Francisco,West,USA,2021-12-14,Bronze,Upper-Mid,0,1
6957,Alex Lee 1957,Consumer,NA,25-34,Chicago,North,USA,2022-10-05,Platinum,Upper-Mid,0,1
6958,Taylor Lee 1958,Home Office,M,45-54,Minneapolis,North,USA,2020-01-28,Bronze,Lower-Mid,0,2
6959,Jordan Davis 1959,Consumer,M,45-54,Los Angeles,West,USA,2025-05-08,Bronze,Low,0,4
6960,Jamie Hall 1960,Consumer,F,25-34,San Francisco,West,USA,2020-07-13,Bronze,Low,0,1
6961,Alex Clark 1961,Corporate,M,25-34,Houston,South,USA,2019-04-23,Bronze,Mid,1,1
6962,Riley Hall 1962,Small Business,M,25-34,Chicago,North,USA,2025-06-16,Bronze,Lower-Mid,0,1
6963,Taylor Brown 1963,Small Business,NA,35-44,Los Angeles,West,USA,2022-10-06,Gold,Mid,0,1
6964,Riley Wright 1964,Consumer,M,35-44,Boston,East,USA,2023-10-20,Gold,Lower-Mid,0,2
6965,Taylor King 1965,Consumer,F,45-54,Phoenix,West,USA,2025-07-17,Platinum,Lower-Mid,0,3
6966,Skyler Hall 1966,Consumer,NA,35-44,San Francisco,West,USA,2020-12-27,Silver,Upper-Mid,0,2
6967,Casey Lewis 1967,Corporate,M,45-54,Minneapolis,North,USA,2025-04-23,Gold,Lower-Mid,1,2
6968,Drew Young 1968,Small Business,NA,18-24,Atlanta,South,USA,2023-09-03,Silver,Low,1,4
6969,Skyler King 1969,Consumer,M,25-34,Houston,South,USA,2023-12-14,Gold,High,0,4
6970,Rowan Brown 1970,Small Business,M,25-34,Phoenix,West,USA,2025-07-05,Silver,Upper-Mid,1,3
6971,Morgan Green 1971,Consumer,NA,45-54,Boston,East,USA,2023-05-10,Silver,Mid,0,1
6972,Rowan Walker 1972,Consumer,NA,45-54,Washington,East,USA,2023-09-10,Platinum,Upper-Mid,0,2
6973,Rowan Davis 1973,Consumer,M,35-44,Atlanta,South,USA,2024-08-10,Gold,Lower-Mid,0,2
6974,Parker Lee 1974,Consumer,M,35-44,Los Angeles,West,USA,2025-08-14,Silver,Mid,0,3
6975,Drew Brown 1975,Consumer,NA,55+,Cleveland,North,USA,2019-12-08,Bronze,Upper-Mid,0,2
6976,Morgan Smith 1976,Consumer,M,45-54,Miami,South,USA,2024-04-25,Bronze,Low,0,2
6977,Skyler Lewis 1977,Consumer,M,55+,Chicago,North,USA,2019-03-20,Silver,Lower-Mid,0,3
6978,Jordan Davis 1978,Consumer,M,45-54,Dallas,South,USA,2025-08-22,Gold,Upper-Mid,0,2
6979,Drew Lee 1979,Corporate,NA,35-44,Atlanta,South,USA,2020-11-04,Silver,Upper-Mid,1,2
6980,Jamie Green 1980,Consumer,NA,45-54,Dallas,South,USA,2025-08-08,Silver,Lower-Mid,0,1
6981,Jordan Lee 1981,Home Office,NA,25-34,New York,East,USA,2023-04-19,Gold,Mid,0,1
6982,Alex Lewis 1982,Home Office,NA,55+,Phoenix,West,USA,2021-07-07,Bronze,Lower-Mid,0,1
6983,Sam Wright 1983,Consumer,NA,18-24,Cleveland,North,USA,2023-07-02,Gold,Lower-Mid,0,2
6984,Morgan Davis 1984,Consumer,M,25-34,Chicago,North,USA,2023-09-14,Gold,Mid,0,1
6985,Drew Allen 1985,Consumer,NA,45-54,New York,East,USA,2021-12-22,Bronze,Low,0,1
6986,Alex Johnson 1986,Corporate,M,55+,Phoenix,West,USA,2020-01-09,Bronze,Low,0,2
6987,Riley Young 1987,Consumer,F,55+,Chicago,North,USA,2019-06-08,Bronze,Mid,0,4
6988,Parker Smith 1988,Consumer,NA,55+,Los Angeles,West,USA,2025-10-02,Bronze,Lower-Mid,0,1
6989,Jamie Green 1989,Consumer,M,25-34,Atlanta,South,USA,2021-12-05,Gold,High,0,1
6990,Jamie Walker 1990,Consumer,NA,55+,Dallas,South,USA,2020-01-29,Silver,High,0,2
6991,Sam Wright 1991,Consumer,M,18-24,Miami,South,USA,2019-12-20,Gold,Low,0,4
6992,Drew Smith 1992,Home Office,F,25-34,Minneapolis,North,USA,2024-03-15,Silver,Low,0,4
6993,Taylor Scott 1993,Consumer,NA,35-44,Minneapolis,North,USA,2022-05-10,Bronze,High,0,4
6994,Avery Scott 1994,Home Office,NA,25-34,Detroit,North,USA,2023-04-08,Bronze,Mid,0,2
6995,Rowan Walker 1995,Consumer,M,35-44,Dallas,South,USA,2020-03-31,Silver,Mid,0,3
6996,Taylor Johnson 1996,Consumer,M,25-34,Boston,East,USA,2019-07-16,Bronze,Lower-Mid,0,4
6997,Skyler Young 1997,Consumer,M,55+,Atlanta,South,USA,2021-01-29,Silver,Mid,0,1
6998,Sam Lee 1998,Consumer,NA,35-44,Philadelphia,East,USA,2022-07-01,Gold,Low,0,2
6999,Jordan Green 1999,Small Business,NA,35-44,Washington,East,USA,2025-02-01,Silver,Mid,1,4
7000,Riley Hall 2000,Consumer,NA,55+,Washington,East,USA,2025-09-14,Bronze,Low,0,2
7001,Rowan Green 2001,Consumer,M,25-34,Washington,East,USA,2023-01-31,Gold,Lower-Mid,0,1
7002,Jordan Walker 2002,Corporate,F,25-34,Miami,South,USA,2020-06-29,Gold,Mid,1,1
7003,Alex Johnson 2003,Consumer,M,45-54,Cleveland,North,USA,2022-01-29,Bronze,Lower-Mid,0,4
7004,Riley Smith 2004,Small Business,NA,35-44,Phoenix,West,USA,2020-02-25,Gold,Low,1,3
7005,Logan Wright 2005,Corporate,F,35-44,Los Angeles,West,USA,2025-01-05,Bronze,Mid,0,2
7006,Logan Young 2006,Consumer,F,25-34,Chicago,North,USA,2020-08-08,Silver,Lower-Mid,0,2
7007,Avery Clark 2007,Consumer,F,35-44,New York,East,USA,2023-01-06,Platinum,Mid,0,1
7008,Jamie Wright 2008,Consumer,NA,25-34,Minneapolis,North,USA,2025-10-15,Gold,Lower-Mid,0,4
7009,Sam Young 2009,Home Office,F,45-54,Chicago,North,USA,2022-07-11,Bronze,High,0,4
7010,Parker Allen 2010,Small Business,F,55+,Houston,South,USA,2019-02-01,Gold,Mid,0,2
7011,Alex Allen 2011,Corporate,M,35-44,Washington,East,USA,2019-04-30,Bronze,Mid,1,1
7012,Cameron Scott 2012,Corporate,NA,55+,New York,East,USA,2021-09-20,Bronze,Mid,1,1
7013,Parker Lewis 2013,Consumer,M,25-34,Minneapolis,North,USA,2020-06-11,Silver,Lower-Mid,0,2
7014,Logan Clark 2014,Consumer,M,55+,Dallas,South,USA,2025-04-09,Silver,High,0,2
7015,Logan Johnson 2015,Corporate,NA,25-34,Miami,South,USA,2021-06-27,Gold,Mid,1,2
7016,Alex Clark 2016,Corporate,M,35-44,Miami,South,USA,2022-11-11,Platinum,Upper-Mid,1,1
7017,Cameron King 2017,Consumer,F,45-54,Minneapolis,North,USA,2025-10-04,Platinum,Mid,0,1
7018,Parker Allen 2018,Small Business,NA,25-34,Philadelphia,East,USA,2023-03-26,Bronze,Low,1,2
7019,Sam Walker 2019,Small Business,F,18-24,Miami,South,USA,2022-07-27,Bronze,Mid,1,2
7020,Parker Smith 2020,Corporate,F,25-34,Minneapolis,North,USA,2019-03-25,Silver,Lower-Mid,1,2
7021,Riley Walker 2021,Consumer,M,45-54,Miami,South,USA,2021-01-08,Bronze,Upper-Mid,0,1
7022,Taylor Green 2022,Consumer,M,25-34,Boston,East,USA,2022-05-19,Silver,Upper-Mid,0,1
7023,Jamie Clark 2023,Consumer,M,25-34,San Francisco,West,USA,2023-06-20,Silver,Lower-Mid,0,1
7024,Skyler Green 2024,Small Business,F,25-34,Seattle,West,USA,2024-08-05,Silver,Mid,0,1
7025,Logan Brown 2025,Consumer,F,35-44,Los Angeles,West,USA,2022-10-16,Silver,Lower-Mid,0,1
7026,Parker Green 2026,Consumer,F,35-44,Dallas,South,USA,2021-07-16,Bronze,Low,0,3
7027,Cameron King 2027,Consumer,NA,35-44,Phoenix,West,USA,2023-12-18,Bronze,Mid,0,4
7028,Jordan Lewis 2028,Consumer,M,35-44,Houston,South,USA,2020-12-25,Platinum,Mid,0,1
7029,Morgan Walker 2029,Consumer,F,25-34,Miami,South,USA,2020-05-31,Gold,Upper-Mid,0,4
7030,Parker Smith 2030,Corporate,M,35-44,Detroit,North,USA,2023-01-07,Bronze,Lower-Mid,1,2
7031,Rowan Brown 2031,Corporate,F,25-34,Chicago,North,USA,2021-07-13,Silver,Mid,1,1
7032,Rowan Clark 2032,Small Business,M,18-24,Detroit,North,USA,2020-08-21,Bronze,Lower-Mid,1,2
7033,Sam Clark 2033,Consumer,NA,25-34,Los Angeles,West,USA,2024-01-16,Silver,Mid,0,4
7034,Logan Clark 2034,Consumer,NA,45-54,Dallas,South,USA,2021-06-08,Bronze,Lower-Mid,0,4
7035,Parker Wright 2035,Home Office,F,25-34,Phoenix,West,USA,2023-03-24,Bronze,Upper-Mid,0,3
7036,Jordan Allen 2036,Small Business,M,55+,Los Angeles,West,USA,2022-12-15,Bronze,Mid,1,4
7037,Casey King 2037,Consumer,M,25-34,Phoenix,West,USA,2022-11-12,Bronze,Mid,0,4
7038,Logan Allen 2038,Consumer,F,35-44,Los Angeles,West,USA,2022-08-08,Silver,Low,0,2
7039,Jordan Young 2039,Consumer,F,25-34,Detroit,North,USA,2025-02-18,Silver,Mid,0,2
7040,Morgan Lee 2040,Consumer,F,25-34,Phoenix,West,USA,2024-06-14,Bronze,Mid,0,1
7041,Parker King 2041,Small Business,M,35-44,Miami,South,USA,2023-02-14,Silver,High,0,1
7042,Alex Smith 2042,Consumer,NA,25-34,Atlanta,South,USA,2022-10-10,Gold,Lower-Mid,0,3
7043,Jordan Brown 2043,Small Business,F,25-34,Houston,South,USA,2022-11-12,Silver,Mid,1,2
7044,Logan Hall 2044,Home Office,NA,25-34,Houston,South,USA,2024-07-03,Silver,Lower-Mid,0,2
7045,Cameron Clark 2045,Corporate,F,55+,Seattle,West,USA,2020-07-25,Bronze,Low,0,4
7046,Casey Lewis 2046,Consumer,M,25-34,Seattle,West,USA,2023-12-29,Gold,Upper-Mid,0,4
7047,Avery Lee 2047,Small Business,M,25-34,New York,East,USA,2022-11-15,Bronze,Upper-Mid,0,4
7048,Logan Lewis 2048,Consumer,NA,35-44,Washington,East,USA,2023-08-10,Bronze,Mid,0,1
7049,Drew Wright 2049,Consumer,NA,25-34,San Francisco,West,USA,2023-02-14,Gold,Low,0,2
7050,Casey Allen 2050,Consumer,F,55+,Atlanta,South,USA,2023-09-12,Bronze,Mid,0,1
7051,Alex Scott 2051,Small Business,M,45-54,Detroit,North,USA,2024-01-07,Gold,Upper-Mid,0,4
7052,Skyler Wright 2052,Corporate,F,25-34,New York,East,USA,2022-01-08,Gold,Low,1,1
7053,Logan Brown 2053,Consumer,M,55+,New York,East,USA,2024-03-05,Silver,Upper-Mid,0,4
7054,Avery King 2054,Home Office,NA,35-44,Minneapolis,North,USA,2020-07-14,Bronze,Upper-Mid,0,1
7055,Morgan Young 2055,Consumer,NA,35-44,Cleveland,North,USA,2020-01-19,Bronze,Mid,0,3
7056,Rowan King 2056,Consumer,F,45-54,Houston,South,USA,2025-05-13,Silver,Lower-Mid,0,1
7057,Jamie Walker 2057,Consumer,F,25-34,Phoenix,West,USA,2023-07-26,Silver,Mid,0,3
7058,Jordan Lee 2058,Consumer,F,18-24,San Francisco,West,USA,2019-07-20,Gold,Upper-Mid,0,2
7059,Riley Wright 2059,Consumer,NA,25-34,Boston,East,USA,2021-05-20,Silver,Mid,0,2
7060,Jamie Hall 2060,Home Office,NA,25-34,Detroit,North,USA,2019-12-18,Silver,Mid,0,4
7061,Cameron Green 2061,Small Business,NA,25-34,Philadelphia,East,USA,2025-04-22,Platinum,High,0,2
7062,Taylor Davis 2062,Small Business,NA,25-34,Chicago,North,USA,2020-01-19,Platinum,High,1,3
7063,Sam Davis 2063,Consumer,M,18-24,Chicago,North,USA,2022-11-14,Gold,Mid,0,2
7064,Parker King 2064,Consumer,NA,35-44,Chicago,North,USA,2019-05-27,Bronze,Mid,0,1
7065,Sam Lewis 2065,Consumer,M,55+,Minneapolis,North,USA,2022-10-24,Bronze,Lower-Mid,0,1
7066,Morgan Walker 2066,Consumer,M,35-44,Minneapolis,North,USA,2022-12-13,Silver,Lower-Mid,0,2
7067,Parker Green 2067,Home Office,M,25-34,Chicago,North,USA,2024-01-07,Bronze,Upper-Mid,0,2
7068,Cameron Allen 2068,Consumer,F,25-34,New York,East,USA,2024-03-09,Gold,Mid,0,2
7069,Casey Johnson 2069,Small Business,F,25-34,Miami,South,USA,2023-05-14,Silver,Upper-Mid,1,1
7070,Skyler King 2070,Consumer,NA,35-44,Phoenix,West,USA,2021-03-26,Bronze,Low,0,4
7071,Parker Brown 2071,Consumer,M,25-34,New York,East,USA,2022-12-31,Silver,Low,0,2
7072,Parker Clark 2072,Small Business,F,25-34,Washington,East,USA,2021-09-07,Platinum,Mid,1,3
7073,Casey Young 2073,Consumer,F,18-24,Atlanta,South,USA,2024-05-28,Bronze,Low,0,2
7074,Avery Allen 2074,Consumer,F,18-24,Washington,East,USA,2021-04-09,Bronze,Upper-Mid,0,2
7075,Logan Lewis 2075,Consumer,M,35-44,Miami,South,USA,2021-06-28,Bronze,Low,0,2
7076,Drew Hall 2076,Consumer,M,55+,Detroit,North,USA,2023-10-13,Bronze,Lower-Mid,0,3
7077,Alex Hall 2077,Home Office,NA,55+,San Francisco,West,USA,2020-05-27,Gold,Upper-Mid,0,2
7078,Logan Walker 2078,Home Office,M,35-44,Houston,South,USA,2020-04-19,Bronze,Upper-Mid,0,1
7079,Avery Young 2079,Corporate,NA,55+,Boston,East,USA,2021-03-23,Bronze,Mid,0,4
7080,Taylor King 2080,Consumer,M,25-34,Dallas,South,USA,2022-04-24,Silver,Mid,0,4
7081,Avery Scott 2081,Small Business,NA,35-44,Minneapolis,North,USA,2024-04-07,Bronze,Mid,1,2
7082,Skyler Young 2082,Corporate,M,18-24,Los Angeles,West,USA,2023-02-03,Gold,Mid,1,2
7083,Skyler Allen 2083,Consumer,NA,35-44,Phoenix,West,USA,2024-11-16,Gold,Lower-Mid,0,3
7084,Sam Lee 2084,Corporate,F,55+,Chicago,North,USA,2022-02-27,Platinum,High,1,2
7085,Jamie Lee 2085,Corporate,F,45-54,Miami,South,USA,2025-07-01,Bronze,Lower-Mid,1,2
7086,Riley Walker 2086,Consumer,NA,25-34,Los Angeles,West,USA,2019-07-25,Gold,Lower-Mid,0,3
7087,Sam Smith 2087,Home Office,NA,45-54,Chicago,North,USA,2019-06-29,Bronze,Upper-Mid,0,4
7088,Alex Lee 2088,Consumer,M,25-34,Los Angeles,West,USA,2025-05-31,Gold,Mid,0,3
7089,Cameron Scott 2089,Small Business,F,25-34,Washington,East,USA,2022-03-29,Silver,Upper-Mid,1,4
7090,Casey Walker 2090,Consumer,NA,18-24,Dallas,South,USA,2021-10-29,Silver,High,0,2
7091,Rowan Scott 2091,Small Business,F,45-54,Phoenix,West,USA,2019-04-04,Gold,Low,1,2
7092,Taylor Wright 2092,Consumer,NA,25-34,Miami,South,USA,2023-05-29,Silver,Lower-Mid,0,4
7093,Riley Smith 2093,Corporate,F,45-54,Miami,South,USA,2020-08-01,Bronze,Mid,0,1
7094,Skyler Smith 2094,Consumer,NA,45-54,Los Angeles,West,USA,2022-02-20,Bronze,Lower-Mid,0,4
7095,Cameron Young 2095,Small Business,NA,45-54,San Francisco,West,USA,2021-08-18,Bronze,Mid,1,1
7096,Alex Smith 2096,Consumer,NA,18-24,Dallas,South,USA,2019-08-03,Silver,Mid,0,1
7097,Logan Davis 2097,Small Business,NA,55+,Los Angeles,West,USA,2020-12-11,Silver,High,0,2
7098,Cameron Allen 2098,Consumer,F,35-44,New York,East,USA,2019-07-27,Silver,Lower-Mid,0,4
7099,Jordan Brown 2099,Consumer,M,25-34,Miami,South,USA,2024-12-26,Platinum,Low,0,3
7100,Rowan Young 2100,Home Office,M,35-44,Detroit,North,USA,2022-11-29,Gold,Upper-Mid,0,2
7101,Drew Smith 2101,Small Business,M,55+,Seattle,West,USA,2021-06-21,Bronze,Upper-Mid,1,1
7102,Jamie Brown 2102,Corporate,F,45-54,Boston,East,USA,2023-11-08,Silver,Lower-Mid,1,2
7103,Jordan King 2103,Corporate,M,25-34,Dallas,South,USA,2023-09-26,Silver,Mid,1,4
7104,Avery Lewis 2104,Consumer,M,45-54,Chicago,North,USA,2020-02-07,Silver,Mid,0,4
7105,Morgan Lewis 2105,Consumer,NA,35-44,Houston,South,USA,2023-01-04,Bronze,Upper-Mid,0,2
7106,Taylor Allen 2106,Home Office,F,25-34,Miami,South,USA,2023-11-06,Silver,Mid,0,2
7107,Casey Johnson 2107,Consumer,M,55+,Detroit,North,USA,2022-08-23,Bronze,Mid,0,2
7108,Skyler Brown 2108,Consumer,M,35-44,Cleveland,North,USA,2020-03-10,Bronze,Lower-Mid,0,2
7109,Skyler Scott 2109,Consumer,M,25-34,San Francisco,West,USA,2019-04-13,Silver,Lower-Mid,0,2
7110,Jordan Green 2110,Consumer,NA,55+,Minneapolis,North,USA,2022-04-06,Bronze,Mid,0,4
7111,Skyler Brown 2111,Consumer,NA,18-24,Seattle,West,USA,2020-07-23,Silver,High,0,2
7112,Parker Hall 2112,Small Business,M,18-24,Seattle,West,USA,2020-04-12,Gold,Lower-Mid,1,1
7113,Skyler Lee 2113,Consumer,M,25-34,New York,East,USA,2021-01-11,Silver,Mid,0,3
7114,Alex Young 2114,Corporate,F,35-44,Seattle,West,USA,2020-08-01,Silver,Low,0,4
7115,Parker Lewis 2115,Consumer,NA,18-24,New York,East,USA,2022-02-01,Bronze,Upper-Mid,0,1
7116,Taylor Brown 2116,Home Office,F,25-34,Boston,East,USA,2021-05-13,Gold,Mid,0,1
7117,Avery Young 2117,Consumer,F,18-24,Dallas,South,USA,2020-07-11,Gold,Upper-Mid,0,4
7118,Logan Allen 2118,Consumer,M,25-34,San Francisco,West,USA,2024-04-07,Platinum,Upper-Mid,0,1
7119,Logan King 2119,Consumer,F,45-54,Minneapolis,North,USA,2022-02-08,Bronze,High,0,4
7120,Cameron Walker 2120,Corporate,M,18-24,Washington,East,USA,2023-04-08,Silver,Mid,0,2
7121,Sam King 2121,Consumer,F,25-34,Philadelphia,East,USA,2023-10-24,Gold,High,0,2
7122,Parker Brown 2122,Home Office,NA,45-54,Seattle,West,USA,2022-01-01,Silver,Upper-Mid,0,2
7123,Casey Young 2123,Corporate,F,45-54,Atlanta,South,USA,2024-07-18,Bronze,High,1,2
7124,Rowan Wright 2124,Consumer,M,35-44,Houston,South,USA,2024-11-18,Silver,High,0,4
7125,Cameron Young 2125,Consumer,M,45-54,Boston,East,USA,2025-11-03,Silver,Mid,0,2
7126,Jamie Lewis 2126,Small Business,NA,45-54,Boston,East,USA,2025-01-02,Bronze,Low,1,1
7127,Alex Allen 2127,Home Office,F,35-44,Minneapolis,North,USA,2023-07-01,Silver,Upper-Mid,0,1
7128,Cameron Wright 2128,Consumer,NA,45-54,San Francisco,West,USA,2025-05-12,Bronze,Mid,0,1
7129,Skyler Clark 2129,Small Business,M,35-44,San Francisco,West,USA,2022-11-15,Silver,High,0,2
7130,Sam Hall 2130,Consumer,M,18-24,Chicago,North,USA,2019-06-07,Silver,Mid,0,2
7131,Taylor Hall 2131,Consumer,F,25-34,Philadelphia,East,USA,2022-11-07,Bronze,Low,0,4
7132,Logan Walker 2132,Small Business,NA,45-54,Boston,East,USA,2022-09-16,Bronze,Upper-Mid,1,1
7133,Skyler Smith 2133,Corporate,M,55+,Houston,South,USA,2020-11-14,Silver,Lower-Mid,1,1
7134,Logan Young 2134,Home Office,M,18-24,Phoenix,West,USA,2019-07-29,Silver,Mid,0,2
7135,Jordan Davis 2135,Consumer,NA,45-54,Philadelphia,East,USA,2019-06-17,Gold,Upper-Mid,0,2
7136,Avery Young 2136,Consumer,M,25-34,Atlanta,South,USA,2023-01-04,Bronze,Mid,0,2
7137,Taylor Hall 2137,Consumer,F,25-34,Cleveland,North,USA,2021-03-29,Bronze,Lower-Mid,0,1
7138,Drew Walker 2138,Corporate,M,55+,Dallas,South,USA,2020-11-14,Gold,Lower-Mid,0,3
7139,Parker Wright 2139,Consumer,NA,35-44,Minneapolis,North,USA,2020-10-16,Bronze,Mid,0,1
7140,Casey Brown 2140,Corporate,F,45-54,Dallas,South,USA,2021-08-20,Platinum,Mid,1,2
7141,Alex King 2141,Consumer,M,45-54,Los Angeles,West,USA,2025-08-14,Silver,High,0,1
7142,Logan Johnson 2142,Consumer,F,55+,Phoenix,West,USA,2021-05-31,Bronze,Lower-Mid,0,3
7143,Drew Green 2143,Consumer,F,35-44,Minneapolis,North,USA,2020-09-15,Bronze,Mid,0,3
7144,Drew Young 2144,Consumer,F,35-44,Seattle,West,USA,2021-08-30,Bronze,Lower-Mid,0,2
7145,Taylor Allen 2145,Consumer,NA,18-24,Washington,East,USA,2022-09-18,Bronze,Low,0,1
7146,Parker Scott 2146,Small Business,NA,25-34,Boston,East,USA,2022-05-10,Bronze,Upper-Mid,1,4
7147,Drew Lee 2147,Corporate,NA,55+,Chicago,North,USA,2024-06-04,Silver,Mid,0,1
7148,Cameron Walker 2148,Home Office,NA,25-34,Dallas,South,USA,2022-10-23,Gold,High,0,1
7149,Taylor Young 2149,Small Business,NA,18-24,Dallas,South,USA,2019-08-08,Gold,Mid,1,1
7150,Cameron Johnson 2150,Consumer,M,35-44,Detroit,North,USA,2024-03-01,Silver,Mid,0,3
7151,Rowan Walker 2151,Corporate,M,18-24,Boston,East,USA,2022-04-11,Bronze,Mid,1,3
7152,Riley Clark 2152,Consumer,F,18-24,Boston,East,USA,2020-12-28,Bronze,Upper-Mid,0,2
7153,Alex Green 2153,Corporate,F,45-54,Miami,South,USA,2022-06-22,Silver,Upper-Mid,0,1
7154,Alex Brown 2154,Small Business,NA,45-54,Phoenix,West,USA,2022-01-19,Bronze,Upper-Mid,1,1
7155,Jordan Hall 2155,Consumer,NA,45-54,Seattle,West,USA,2021-09-10,Gold,Mid,0,1
7156,Rowan Lee 2156,Small Business,M,25-34,Detroit,North,USA,2019-07-18,Gold,Lower-Mid,0,1
7157,Taylor Lee 2157,Consumer,F,18-24,Chicago,North,USA,2025-01-02,Silver,Lower-Mid,0,3
7158,Jamie Brown 2158,Small Business,NA,45-54,Dallas,South,USA,2023-05-04,Silver,Upper-Mid,1,1
7159,Rowan Young 2159,Consumer,NA,18-24,Detroit,North,USA,2024-05-15,Platinum,Upper-Mid,0,2
7160,Casey Walker 2160,Corporate,F,18-24,Seattle,West,USA,2019-04-05,Bronze,Low,1,1
7161,Avery Johnson 2161,Home Office,M,25-34,Cleveland,North,USA,2025-04-15,Bronze,Upper-Mid,0,3
7162,Avery Smith 2162,Consumer,NA,25-34,New York,East,USA,2020-03-27,Gold,Mid,0,1
7163,Cameron Clark 2163,Consumer,M,35-44,Philadelphia,East,USA,2020-08-03,Silver,Lower-Mid,0,2
7164,Avery Johnson 2164,Consumer,F,25-34,Detroit,North,USA,2020-04-21,Silver,Mid,0,2
7165,Sam Lewis 2165,Consumer,F,25-34,Miami,South,USA,2023-07-04,Gold,Mid,0,3
7166,Avery Brown 2166,Consumer,M,18-24,Dallas,South,USA,2025-02-08,Gold,Mid,0,3
7167,Morgan Young 2167,Small Business,NA,55+,Detroit,North,USA,2022-03-28,Silver,High,1,3
7168,Morgan King 2168,Consumer,F,18-24,San Francisco,West,USA,2020-03-28,Bronze,Mid,0,3
7169,Jordan Clark 2169,Corporate,F,25-34,Boston,East,USA,2021-07-17,Bronze,Mid,1,2
7170,Drew Davis 2170,Consumer,M,25-34,Seattle,West,USA,2025-01-15,Platinum,Mid,0,2
7171,Parker Hall 2171,Consumer,F,18-24,Los Angeles,West,USA,2022-02-13,Silver,Mid,0,2
7172,Jamie Scott 2172,Small Business,F,45-54,Miami,South,USA,2025-06-19,Platinum,Upper-Mid,0,4
7173,Alex Lewis 2173,Consumer,M,35-44,Detroit,North,USA,2022-02-21,Bronze,High,0,1
7174,Avery Lee 2174,Consumer,F,35-44,Dallas,South,USA,2022-02-24,Silver,Mid,0,1
7175,Logan Lewis 2175,Corporate,NA,18-24,Cleveland,North,USA,2024-05-21,Bronze,Mid,1,3
7176,Skyler Allen 2176,Small Business,M,35-44,Washington,East,USA,2019-08-21,Bronze,High,0,2
7177,Casey Wright 2177,Consumer,M,55+,Minneapolis,North,USA,2022-12-28,Silver,Low,0,2
7178,Avery Brown 2178,Consumer,NA,45-54,Chicago,North,USA,2022-07-07,Silver,Lower-Mid,0,4
7179,Avery Clark 2179,Consumer,M,35-44,Dallas,South,USA,2020-12-30,Gold,Upper-Mid,0,1
7180,Cameron Hall 2180,Consumer,NA,18-24,Washington,East,USA,2025-06-08,Gold,Lower-Mid,0,4
7181,Taylor King 2181,Consumer,F,18-24,Cleveland,North,USA,2021-04-28,Silver,Low,0,1
7182,Rowan King 2182,Consumer,F,18-24,Seattle,West,USA,2021-06-27,Gold,Upper-Mid,0,2
7183,Skyler Scott 2183,Consumer,NA,25-34,Detroit,North,USA,2025-06-27,Bronze,Upper-Mid,0,1
7184,Taylor Allen 2184,Consumer,M,45-54,Detroit,North,USA,2023-03-02,Silver,Lower-Mid,0,1
7185,Cameron Allen 2185,Corporate,NA,45-54,San Francisco,West,USA,2020-05-21,Bronze,Upper-Mid,1,1
7186,Logan Green 2186,Home Office,M,18-24,Houston,South,USA,2022-01-20,Bronze,Mid,0,3
7187,Drew Green 2187,Corporate,M,45-54,New York,East,USA,2023-09-21,Gold,High,0,2
7188,Alex Johnson 2188,Consumer,NA,35-44,Houston,South,USA,2021-08-13,Silver,Lower-Mid,0,1
7189,Jordan Clark 2189,Consumer,M,25-34,Atlanta,South,USA,2019-08-04,Silver,Low,0,3
7190,Jamie Clark 2190,Consumer,NA,18-24,Phoenix,West,USA,2025-08-01,Silver,Mid,0,2
7191,Cameron King 2191,Corporate,F,35-44,San Francisco,West,USA,2025-10-15,Gold,Upper-Mid,1,2
7192,Logan Green 2192,Corporate,F,25-34,Atlanta,South,USA,2024-09-12,Bronze,Upper-Mid,0,2
7193,Avery King 2193,Consumer,F,25-34,Miami,South,USA,2021-07-16,Gold,High,0,2
7194,Taylor Young 2194,Consumer,F,45-54,Atlanta,South,USA,2022-01-12,Bronze,Mid,0,4
7195,Cameron Brown 2195,Consumer,F,45-54,Dallas,South,USA,2023-11-13,Bronze,High,0,1
7196,Taylor Davis 2196,Consumer,NA,55+,Minneapolis,North,USA,2022-01-13,Bronze,High,0,1
7197,Logan Clark 2197,Small Business,F,45-54,Boston,East,USA,2022-06-14,Silver,Mid,1,1
7198,Casey Davis 2198,Home Office,F,35-44,Los Angeles,West,USA,2025-06-17,Bronze,Lower-Mid,0,2
7199,Sam Davis 2199,Consumer,NA,25-34,Detroit,North,USA,2022-08-23,Platinum,Mid,0,2
7200,Rowan Green 2200,Small Business,F,18-24,Miami,South,USA,2021-03-28,Bronze,Lower-Mid,0,3
7201,Taylor Brown 2201,Corporate,M,25-34,Dallas,South,USA,2023-04-13,Silver,Mid,1,2
7202,Parker Lewis 2202,Consumer,F,35-44,Atlanta,South,USA,2020-01-16,Gold,Mid,0,2
7203,Logan Brown 2203,Small Business,M,25-34,Dallas,South,USA,2020-09-01,Bronze,Mid,1,2
7204,Morgan Wright 2204,Consumer,M,35-44,Atlanta,South,USA,2025-01-15,Silver,High,0,1
7205,Jamie Hall 2205,Consumer,M,25-34,Seattle,West,USA,2021-11-08,Gold,Mid,0,3
7206,Morgan King 2206,Consumer,NA,25-34,Philadelphia,East,USA,2020-07-01,Silver,Lower-Mid,0,2
7207,Alex Allen 2207,Small Business,M,25-34,Atlanta,South,USA,2025-04-10,Silver,High,1,4
7208,Drew Smith 2208,Small Business,F,35-44,Washington,East,USA,2025-10-14,Gold,Mid,1,1
7209,Alex Davis 2209,Consumer,M,25-34,Cleveland,North,USA,2025-02-28,Silver,Low,0,3
7210,Parker Walker 2210,Consumer,F,55+,Philadelphia,East,USA,2022-03-12,Gold,Mid,0,2
7211,Skyler Hall 2211,Consumer,NA,35-44,Phoenix,West,USA,2024-02-15,Bronze,Upper-Mid,0,2
7212,Jordan Scott 2212,Corporate,M,35-44,Cleveland,North,USA,2019-12-03,Bronze,High,0,2
7213,Avery Scott 2213,Consumer,M,25-34,Los Angeles,West,USA,2022-08-27,Bronze,Lower-Mid,0,2
7214,Casey Walker 2214,Corporate,NA,25-34,Los Angeles,West,USA,2025-04-24,Gold,Mid,0,2
7215,Sam Smith 2215,Corporate,M,25-34,Washington,East,USA,2019-03-10,Silver,Upper-Mid,1,2
7216,Alex Lee 2216,Consumer,NA,45-54,Miami,South,USA,2021-12-18,Platinum,Upper-Mid,0,2
7217,Logan Walker 2217,Small Business,F,25-34,San Francisco,West,USA,2019-05-17,Gold,Lower-Mid,1,2
7218,Avery Lewis 2218,Small Business,NA,25-34,Atlanta,South,USA,2023-03-22,Gold,Lower-Mid,1,1
7219,Riley Allen 2219,Consumer,F,45-54,San Francisco,West,USA,2023-07-26,Gold,Upper-Mid,0,2
7220,Morgan Smith 2220,Consumer,NA,45-54,Atlanta,South,USA,2019-03-31,Gold,Upper-Mid,0,1
7221,Logan Allen 2221,Consumer,NA,25-34,Seattle,West,USA,2022-04-19,Silver,Mid,0,2
7222,Casey Wright 2222,Consumer,M,18-24,Phoenix,West,USA,2021-06-04,Silver,Mid,0,1
7223,Riley Young 2223,Consumer,M,25-34,Miami,South,USA,2025-09-03,Bronze,Mid,0,2
7224,Jordan Young 2224,Consumer,F,25-34,Houston,South,USA,2023-02-27,Silver,Mid,0,2
7225,Drew Johnson 2225,Small Business,M,25-34,Cleveland,North,USA,2023-01-03,Silver,Upper-Mid,0,2
7226,Casey Walker 2226,Consumer,NA,25-34,Miami,South,USA,2019-06-18,Silver,High,0,2
7227,Avery Wright 2227,Consumer,M,35-44,Phoenix,West,USA,2022-03-20,Silver,High,0,3
7228,Drew Brown 2228,Corporate,M,45-54,Boston,East,USA,2021-11-05,Gold,Upper-Mid,1,3
7229,Parker Walker 2229,Consumer,M,18-24,Phoenix,West,USA,2020-09-07,Bronze,Upper-Mid,0,2
7230,Avery Clark 2230,Consumer,F,25-34,New York,East,USA,2019-11-08,Bronze,Mid,0,1
7231,Alex Wright 2231,Corporate,F,35-44,Dallas,South,USA,2019-07-10,Silver,Lower-Mid,0,2
7232,Taylor Brown 2232,Small Business,NA,25-34,Seattle,West,USA,2021-12-14,Bronze,Mid,1,1
7233,Taylor Green 2233,Consumer,F,45-54,Seattle,West,USA,2020-06-17,Platinum,Mid,0,1
7234,Alex Scott 2234,Consumer,NA,45-54,Chicago,North,USA,2019-10-15,Bronze,Lower-Mid,0,1
7235,Skyler King 2235,Consumer,NA,35-44,Washington,East,USA,2025-08-20,Gold,Upper-Mid,0,4
7236,Sam Hall 2236,Corporate,F,45-54,Chicago,North,USA,2024-01-09,Gold,Lower-Mid,1,1
7237,Cameron Johnson 2237,Consumer,NA,35-44,Washington,East,USA,2023-07-31,Silver,Mid,0,1
7238,Rowan Scott 2238,Consumer,M,35-44,Phoenix,West,USA,2020-08-26,Gold,Low,0,2
7239,Skyler Allen 2239,Consumer,M,18-24,Atlanta,South,USA,2019-10-05,Bronze,Lower-Mid,0,1
7240,Skyler King 2240,Small Business,F,35-44,Dallas,South,USA,2022-03-16,Gold,Lower-Mid,1,2
7241,Jordan Davis 2241,Home Office,F,25-34,San Francisco,West,USA,2021-06-04,Gold,Mid,0,2
7242,Drew Brown 2242,Consumer,F,35-44,Washington,East,USA,2020-01-05,Bronze,Upper-Mid,0,2
7243,Drew Davis 2243,Consumer,F,18-24,Atlanta,South,USA,2022-09-02,Silver,Lower-Mid,0,1
7244,Avery Young 2244,Small Business,F,45-54,Houston,South,USA,2019-12-03,Silver,Upper-Mid,1,4
7245,Drew Walker 2245,Home Office,M,25-34,Seattle,West,USA,2021-04-14,Bronze,Lower-Mid,0,2
7246,Parker Clark 2246,Consumer,F,25-34,Dallas,South,USA,2023-09-10,Gold,Mid,0,1
7247,Jamie Johnson 2247,Corporate,M,35-44,Atlanta,South,USA,2022-09-04,Bronze,Mid,1,3
7248,Parker Lewis 2248,Home Office,M,25-34,New York,East,USA,2024-10-26,Gold,High,0,1
7249,Taylor Brown 2249,Small Business,NA,25-34,Seattle,West,USA,2020-02-02,Silver,Lower-Mid,1,2
7250,Parker Johnson 2250,Home Office,M,45-54,Chicago,North,USA,2021-02-13,Bronze,Upper-Mid,0,4
7251,Jordan King 2251,Home Office,NA,55+,Atlanta,South,USA,2025-06-10,Silver,Upper-Mid,0,4
7252,Parker Clark 2252,Consumer,F,35-44,Chicago,North,USA,2021-03-02,Bronze,High,0,1
7253,Jordan Clark 2253,Consumer,NA,25-34,Los Angeles,West,USA,2021-03-12,Gold,High,0,1
7254,Riley Davis 2254,Consumer,F,35-44,Detroit,North,USA,2024-12-22,Bronze,Upper-Mid,0,4
7255,Riley Young 2255,Corporate,M,25-34,Seattle,West,USA,2023-07-25,Gold,Upper-Mid,0,3
7256,Parker King 2256,Consumer,F,35-44,Philadelphia,East,USA,2020-02-07,Bronze,High,0,4
7257,Casey Davis 2257,Consumer,NA,18-24,Philadelphia,East,USA,2020-02-26,Bronze,High,0,4
7258,Jordan Smith 2258,Corporate,F,55+,Phoenix,West,USA,2024-11-26,Silver,Lower-Mid,0,3
7259,Casey Scott 2259,Consumer,NA,55+,Cleveland,North,USA,2020-09-14,Silver,Mid,0,2
7260,Casey Scott 2260,Corporate,NA,35-44,San Francisco,West,USA,2023-04-12,Platinum,Low,0,1
7261,Skyler Brown 2261,Consumer,F,35-44,Chicago,North,USA,2022-12-11,Silver,Upper-Mid,0,2
7262,Taylor Lee 2262,Small Business,F,18-24,Los Angeles,West,USA,2024-03-12,Platinum,Lower-Mid,1,2
7263,Parker Walker 2263,Small Business,F,25-34,Atlanta,South,USA,2022-12-03,Bronze,Lower-Mid,1,3
7264,Taylor Green 2264,Small Business,NA,55+,New York,East,USA,2023-06-25,Bronze,Mid,0,1
7265,Logan Clark 2265,Consumer,M,55+,Atlanta,South,USA,2021-12-15,Silver,Upper-Mid,0,2
7266,Alex Davis 2266,Small Business,F,35-44,New York,East,USA,2025-07-21,Silver,Mid,1,1
7267,Sam Young 2267,Home Office,M,25-34,Chicago,North,USA,2020-07-05,Bronze,Mid,0,2
7268,Jamie Green 2268,Consumer,NA,35-44,Phoenix,West,USA,2021-08-31,Bronze,Mid,0,4
7269,Taylor Scott 2269,Small Business,NA,18-24,San Francisco,West,USA,2019-12-28,Platinum,Upper-Mid,1,2
7270,Skyler Davis 2270,Consumer,NA,45-54,Minneapolis,North,USA,2019-11-23,Gold,Mid,0,1
7271,Logan King 2271,Consumer,NA,25-34,Detroit,North,USA,2024-11-04,Silver,High,0,1
7272,Skyler Davis 2272,Home Office,M,18-24,Houston,South,USA,2020-05-14,Bronze,Upper-Mid,0,3
7273,Taylor Hall 2273,Consumer,F,35-44,Boston,East,USA,2020-01-16,Platinum,Mid,0,1
7274,Taylor Young 2274,Small Business,NA,25-34,Minneapolis,North,USA,2019-02-02,Gold,Lower-Mid,1,2
7275,Rowan Lee 2275,Consumer,NA,55+,Seattle,West,USA,2023-02-14,Gold,High,0,2
7276,Taylor King 2276,Consumer,NA,55+,Houston,South,USA,2020-03-29,Silver,Lower-Mid,0,2
7277,Parker Clark 2277,Small Business,M,35-44,Cleveland,North,USA,2022-05-05,Silver,Upper-Mid,1,2
7278,Casey Davis 2278,Corporate,M,45-54,Los Angeles,West,USA,2021-06-15,Silver,Lower-Mid,0,1
7279,Morgan Clark 2279,Consumer,NA,25-34,Seattle,West,USA,2024-05-10,Bronze,Lower-Mid,0,3
7280,Jamie Allen 2280,Home Office,M,25-34,Boston,East,USA,2024-02-17,Platinum,Low,0,2
7281,Cameron Lee 2281,Corporate,M,35-44,Washington,East,USA,2020-05-07,Gold,Mid,1,2
7282,Riley Allen 2282,Consumer,M,25-34,Seattle,West,USA,2022-07-27,Bronze,Mid,0,2
7283,Avery Hall 2283,Corporate,NA,25-34,New York,East,USA,2019-02-02,Platinum,Low,1,2
7284,Casey Wright 2284,Small Business,F,45-54,Dallas,South,USA,2019-12-18,Gold,Lower-Mid,1,2
7285,Parker Davis 2285,Consumer,NA,45-54,Atlanta,South,USA,2021-05-30,Bronze,Mid,0,1
7286,Skyler Young 2286,Corporate,NA,45-54,Phoenix,West,USA,2023-11-21,Silver,Low,0,2
7287,Morgan Brown 2287,Consumer,M,35-44,Minneapolis,North,USA,2019-10-22,Gold,Lower-Mid,0,1
7288,Parker Lewis 2288,Small Business,M,55+,Atlanta,South,USA,2024-06-13,Bronze,Lower-Mid,0,2
7289,Taylor Green 2289,Consumer,M,18-24,Minneapolis,North,USA,2023-11-27,Silver,Lower-Mid,0,3
7290,Alex Young 2290,Consumer,M,45-54,San Francisco,West,USA,2023-06-07,Platinum,Upper-Mid,0,1
7291,Taylor King 2291,Corporate,NA,45-54,Chicago,North,USA,2022-11-30,Silver,Upper-Mid,1,1
7292,Jordan Green 2292,Consumer,M,55+,New York,East,USA,2021-06-09,Silver,Upper-Mid,0,2
7293,Parker Lee 2293,Small Business,F,55+,Seattle,West,USA,2023-05-02,Bronze,Lower-Mid,1,2
7294,Casey Smith 2294,Consumer,M,35-44,Seattle,West,USA,2019-04-02,Gold,Upper-Mid,0,1
7295,Sam Clark 2295,Consumer,F,25-34,Chicago,North,USA,2022-02-09,Bronze,Upper-Mid,0,2
7296,Jordan Lewis 2296,Consumer,M,35-44,Atlanta,South,USA,2020-12-29,Silver,Mid,0,1
7297,Avery Lewis 2297,Consumer,M,25-34,Washington,East,USA,2022-07-31,Silver,Low,0,1
7298,Riley Young 2298,Small Business,NA,25-34,Philadelphia,East,USA,2022-06-07,Bronze,Upper-Mid,1,2
7299,Logan Allen 2299,Small Business,F,55+,Minneapolis,North,USA,2019-01-11,Gold,Lower-Mid,1,4
7300,Jamie Brown 2300,Home Office,M,45-54,Phoenix,West,USA,2022-11-17,Bronze,Mid,0,2
7301,Sam Young 2301,Consumer,M,35-44,Chicago,North,USA,2021-07-25,Gold,Mid,0,1
7302,Avery Lee 2302,Corporate,F,25-34,Minneapolis,North,USA,2023-02-05,Silver,Mid,1,1
7303,Jamie Young 2303,Corporate,M,25-34,Philadelphia,East,USA,2023-05-31,Silver,Upper-Mid,1,1
7304,Taylor Hall 2304,Consumer,M,55+,Boston,East,USA,2022-12-02,Silver,Upper-Mid,0,2
7305,Riley Scott 2305,Small Business,M,25-34,Washington,East,USA,2024-08-16,Bronze,Mid,0,3
7306,Casey Lee 2306,Small Business,F,25-34,New York,East,USA,2022-05-21,Silver,Lower-Mid,1,1
7307,Avery Young 2307,Consumer,NA,35-44,Los Angeles,West,USA,2021-10-02,Platinum,Lower-Mid,0,2
7308,Parker King 2308,Home Office,F,35-44,Philadelphia,East,USA,2022-03-06,Bronze,Upper-Mid,0,1
7309,Drew Lewis 2309,Consumer,F,18-24,Los Angeles,West,USA,2024-02-28,Bronze,Mid,0,2
7310,Alex Lewis 2310,Consumer,M,35-44,Chicago,North,USA,2022-01-09,Silver,Mid,0,2
7311,Jordan Lewis 2311,Consumer,NA,25-34,Atlanta,South,USA,2023-02-04,Silver,Upper-Mid,0,2
7312,Morgan Clark 2312,Consumer,F,45-54,Phoenix,West,USA,2024-06-16,Platinum,Mid,0,2
7313,Alex Walker 2313,Consumer,F,25-34,Washington,East,USA,2025-01-14,Bronze,Upper-Mid,0,4
7314,Logan Brown 2314,Small Business,NA,18-24,Atlanta,South,USA,2022-01-19,Bronze,Mid,1,1
7315,Morgan Lewis 2315,Home Office,M,45-54,Seattle,West,USA,2021-07-10,Bronze,Upper-Mid,0,3
7316,Cameron Johnson 2316,Small Business,NA,25-34,Phoenix,West,USA,2019-04-02,Bronze,Upper-Mid,1,2
7317,Morgan Wright 2317,Corporate,M,45-54,Cleveland,North,USA,2023-11-25,Gold,Mid,0,3
7318,Rowan Lewis 2318,Consumer,F,55+,Atlanta,South,USA,2024-04-12,Gold,High,0,2
7319,Drew Wright 2319,Small Business,NA,25-34,Detroit,North,USA,2025-07-17,Bronze,Upper-Mid,1,4
7320,Rowan Lee 2320,Consumer,M,45-54,Dallas,South,USA,2023-03-27,Bronze,Low,0,2
7321,Drew Davis 2321,Small Business,M,55+,Atlanta,South,USA,2022-07-28,Silver,Lower-Mid,1,2
7322,Rowan Scott 2322,Consumer,M,25-34,Boston,East,USA,2019-11-09,Bronze,Low,0,3
7323,Cameron Walker 2323,Consumer,F,35-44,New York,East,USA,2019-03-16,Silver,Lower-Mid,0,1
7324,Jamie Lewis 2324,Consumer,NA,25-34,Detroit,North,USA,2020-02-13,Silver,Upper-Mid,0,4
7325,Taylor Lee 2325,Consumer,F,55+,Minneapolis,North,USA,2021-12-05,Silver,Lower-Mid,0,1
7326,Jordan Lee 2326,Small Business,M,25-34,New York,East,USA,2021-04-28,Platinum,Low,0,2
7327,Avery Smith 2327,Consumer,NA,35-44,Seattle,West,USA,2023-09-24,Silver,Mid,0,1
7328,Jamie Allen 2328,Consumer,M,18-24,Miami,South,USA,2023-09-21,Silver,Mid,0,1
7329,Avery Lee 2329,Home Office,F,25-34,San Francisco,West,USA,2024-11-14,Gold,Mid,0,1
7330,Drew Allen 2330,Consumer,F,18-24,New York,East,USA,2020-10-24,Silver,Lower-Mid,0,1
7331,Avery Davis 2331,Corporate,F,35-44,Seattle,West,USA,2019-12-08,Silver,Lower-Mid,1,3
7332,Riley Wright 2332,Small Business,NA,18-24,Cleveland,North,USA,2025-05-01,Gold,Upper-Mid,1,1
7333,Jordan King 2333,Small Business,NA,35-44,Atlanta,South,USA,2019-08-06,Bronze,Low,1,2
7334,Parker Lee 2334,Consumer,NA,25-34,Detroit,North,USA,2019-02-14,Silver,Lower-Mid,0,4
7335,Rowan Green 2335,Corporate,M,45-54,Dallas,South,USA,2022-10-28,Platinum,Mid,0,1
7336,Parker Walker 2336,Corporate,M,45-54,Los Angeles,West,USA,2024-10-07,Bronze,Upper-Mid,1,1
7337,Drew Davis 2337,Small Business,F,35-44,Boston,East,USA,2019-12-05,Bronze,Mid,0,3
7338,Cameron Davis 2338,Consumer,M,35-44,Cleveland,North,USA,2022-11-14,Bronze,Upper-Mid,0,3
7339,Logan Johnson 2339,Home Office,F,55+,New York,East,USA,2021-09-28,Bronze,Mid,0,2
7340,Sam Wright 2340,Home Office,NA,35-44,Los Angeles,West,USA,2024-07-11,Platinum,Low,0,2
7341,Casey Hall 2341,Consumer,M,55+,Detroit,North,USA,2025-06-05,Bronze,Lower-Mid,0,4
7342,Casey Davis 2342,Consumer,NA,45-54,Los Angeles,West,USA,2025-03-24,Silver,Lower-Mid,0,2
7343,Avery Wright 2343,Small Business,M,35-44,New York,East,USA,2023-11-20,Gold,Low,0,1
7344,Rowan Wright 2344,Small Business,M,45-54,San Francisco,West,USA,2019-07-02,Bronze,Lower-Mid,1,2
7345,Avery Green 2345,Home Office,M,55+,Seattle,West,USA,2022-10-25,Bronze,Low,0,2
7346,Avery King 2346,Small Business,F,45-54,Minneapolis,North,USA,2025-01-26,Bronze,Lower-Mid,0,2
7347,Avery Allen 2347,Consumer,NA,55+,Boston,East,USA,2023-01-14,Gold,Upper-Mid,0,1
7348,Jordan Johnson 2348,Small Business,F,35-44,Phoenix,West,USA,2025-06-17,Silver,Lower-Mid,1,1
7349,Taylor Hall 2349,Consumer,NA,45-54,Washington,East,USA,2020-09-13,Bronze,Mid,0,1
7350,Rowan Smith 2350,Home Office,F,35-44,Philadelphia,East,USA,2025-10-29,Silver,High,0,2
7351,Casey Lewis 2351,Consumer,NA,35-44,Washington,East,USA,2025-09-13,Bronze,Upper-Mid,0,2
7352,Taylor Green 2352,Consumer,M,45-54,Los Angeles,West,USA,2024-05-05,Bronze,Upper-Mid,0,2
7353,Sam Walker 2353,Consumer,F,45-54,Phoenix,West,USA,2021-04-20,Silver,Upper-Mid,0,2
7354,Skyler Lee 2354,Consumer,NA,45-54,San Francisco,West,USA,2023-12-24,Bronze,Upper-Mid,0,1
7355,Jordan Lee 2355,Home Office,NA,35-44,San Francisco,West,USA,2020-12-07,Bronze,Upper-Mid,0,2
7356,Morgan Brown 2356,Consumer,NA,55+,Atlanta,South,USA,2021-09-17,Bronze,Lower-Mid,0,2
7357,Alex Wright 2357,Consumer,M,45-54,Atlanta,South,USA,2019-04-23,Gold,High,0,2
7358,Alex Lewis 2358,Corporate,NA,25-34,Boston,East,USA,2020-06-18,Bronze,Mid,1,1
7359,Parker Clark 2359,Consumer,F,35-44,Atlanta,South,USA,2019-07-18,Bronze,Mid,0,4
7360,Avery Wright 2360,Consumer,M,25-34,Philadelphia,East,USA,2020-04-21,Platinum,Mid,0,3
7361,Sam Davis 2361,Consumer,F,35-44,Minneapolis,North,USA,2019-01-27,Bronze,High,0,2
7362,Logan Smith 2362,Consumer,M,35-44,Boston,East,USA,2023-10-04,Silver,Mid,0,2
7363,Alex Brown 2363,Corporate,NA,35-44,Los Angeles,West,USA,2020-06-16,Bronze,Lower-Mid,0,2
7364,Casey Green 2364,Corporate,F,55+,Minneapolis,North,USA,2025-06-20,Silver,Mid,1,2
7365,Parker Walker 2365,Home Office,F,45-54,San Francisco,West,USA,2019-11-09,Bronze,Lower-Mid,0,1
7366,Drew Johnson 2366,Consumer,M,55+,Washington,East,USA,2025-06-23,Silver,Lower-Mid,0,2
7367,Parker Hall 2367,Small Business,NA,18-24,Houston,South,USA,2019-01-19,Bronze,Low,0,2
7368,Taylor Smith 2368,Corporate,F,35-44,Philadelphia,East,USA,2019-01-15,Bronze,Upper-Mid,1,2
7369,Parker Walker 2369,Consumer,NA,25-34,New York,East,USA,2019-10-07,Bronze,Upper-Mid,0,2
7370,Jamie Smith 2370,Consumer,F,25-34,Miami,South,USA,2023-07-20,Silver,Mid,0,1
7371,Jamie Lewis 2371,Consumer,F,35-44,Dallas,South,USA,2022-10-31,Bronze,Mid,0,4
7372,Sam Hall 2372,Consumer,M,25-34,Houston,South,USA,2021-09-01,Silver,Lower-Mid,0,2
7373,Jordan Scott 2373,Consumer,M,25-34,Cleveland,North,USA,2025-08-31,Bronze,Lower-Mid,0,2
7374,Jordan Allen 2374,Consumer,NA,35-44,Philadelphia,East,USA,2020-01-27,Bronze,Upper-Mid,0,2
7375,Alex Allen 2375,Corporate,F,25-34,Phoenix,West,USA,2025-05-29,Bronze,Low,1,2
7376,Jamie Lee 2376,Consumer,NA,35-44,Boston,East,USA,2019-01-16,Gold,Mid,0,4
7377,Skyler Green 2377,Consumer,F,25-34,Seattle,West,USA,2023-03-04,Platinum,Upper-Mid,0,1
7378,Skyler Lee 2378,Consumer,F,55+,Miami,South,USA,2024-03-26,Bronze,High,0,1
7379,Riley Hall 2379,Home Office,M,45-54,Minneapolis,North,USA,2025-07-15,Silver,Mid,0,2
7380,Taylor Davis 2380,Corporate,NA,35-44,Detroit,North,USA,2024-04-08,Gold,Lower-Mid,1,2
7381,Logan Davis 2381,Consumer,M,25-34,Phoenix,West,USA,2022-06-06,Bronze,Upper-Mid,0,4
7382,Drew Lewis 2382,Consumer,M,35-44,Phoenix,West,USA,2022-10-14,Platinum,Upper-Mid,0,4
7383,Skyler Green 2383,Small Business,NA,18-24,Dallas,South,USA,2021-07-16,Bronze,Mid,0,1
7384,Casey Smith 2384,Corporate,NA,18-24,Washington,East,USA,2019-07-24,Silver,Low,0,2
7385,Taylor Davis 2385,Consumer,F,25-34,San Francisco,West,USA,2020-07-20,Bronze,Lower-Mid,0,1
7386,Skyler Brown 2386,Consumer,F,35-44,Detroit,North,USA,2019-12-13,Gold,Lower-Mid,0,3
7387,Taylor Walker 2387,Corporate,F,18-24,Chicago,North,USA,2020-04-10,Gold,Lower-Mid,0,1
7388,Drew Clark 2388,Consumer,M,35-44,Minneapolis,North,USA,2019-02-22,Gold,Mid,0,2
7389,Sam Allen 2389,Consumer,NA,55+,Houston,South,USA,2022-01-22,Silver,Lower-Mid,0,1
7390,Rowan Lewis 2390,Corporate,NA,35-44,Atlanta,South,USA,2024-05-06,Gold,Low,1,4
7391,Logan Green 2391,Consumer,F,45-54,Detroit,North,USA,2024-03-19,Gold,Lower-Mid,0,1
7392,Skyler Smith 2392,Consumer,NA,18-24,Detroit,North,USA,2019-08-16,Silver,Upper-Mid,0,2
7393,Parker Walker 2393,Consumer,F,45-54,Philadelphia,East,USA,2022-08-23,Bronze,Mid,0,1
7394,Jordan Lewis 2394,Corporate,NA,35-44,Boston,East,USA,2020-08-11,Gold,Upper-Mid,1,2
7395,Morgan Allen 2395,Home Office,F,25-34,Philadelphia,East,USA,2021-08-04,Silver,Mid,0,1
7396,Rowan Allen 2396,Small Business,F,45-54,Boston,East,USA,2022-11-21,Bronze,Mid,1,1
7397,Drew Hall 2397,Small Business,F,55+,Houston,South,USA,2021-10-05,Bronze,Mid,0,1
7398,Morgan Lewis 2398,Consumer,M,18-24,Dallas,South,USA,2021-01-02,Bronze,Upper-Mid,0,4
7399,Drew Walker 2399,Consumer,F,18-24,Minneapolis,North,USA,2021-07-31,Bronze,Lower-Mid,0,1
7400,Taylor Clark 2400,Consumer,F,45-54,Detroit,North,USA,2024-06-19,Gold,Mid,0,2
7401,Riley Young 2401,Small Business,NA,18-24,Los Angeles,West,USA,2020-09-14,Bronze,Mid,1,1
7402,Jordan Allen 2402,Consumer,NA,25-34,Washington,East,USA,2023-03-05,Gold,Lower-Mid,0,1
7403,Jordan Allen 2403,Small Business,F,45-54,Cleveland,North,USA,2022-11-15,Platinum,Lower-Mid,1,3
7404,Jordan Allen 2404,Home Office,NA,55+,Philadelphia,East,USA,2020-03-26,Bronze,Mid,0,3
7405,Cameron Green 2405,Home Office,M,25-34,Washington,East,USA,2021-08-02,Bronze,Mid,0,2
7406,Drew Wright 2406,Consumer,M,25-34,Washington,East,USA,2023-08-09,Bronze,Upper-Mid,0,2
7407,Taylor Smith 2407,Consumer,F,35-44,Washington,East,USA,2019-10-27,Bronze,Lower-Mid,0,1
7408,Casey Allen 2408,Corporate,M,35-44,Seattle,West,USA,2019-11-13,Bronze,Mid,1,2
7409,Jordan Green 2409,Consumer,M,45-54,Chicago,North,USA,2023-09-07,Gold,Upper-Mid,0,3
7410,Parker Hall 2410,Small Business,NA,18-24,Miami,South,USA,2025-08-29,Bronze,Lower-Mid,1,2
7411,Parker Hall 2411,Home Office,F,25-34,Cleveland,North,USA,2024-09-12,Silver,Mid,0,2
7412,Alex Clark 2412,Home Office,NA,18-24,Washington,East,USA,2025-08-18,Silver,High,0,3
7413,Parker Smith 2413,Consumer,F,35-44,Miami,South,USA,2020-10-01,Gold,Lower-Mid,0,1
7414,Rowan Brown 2414,Consumer,M,25-34,Minneapolis,North,USA,2023-09-17,Bronze,Mid,0,1
7415,Casey Allen 2415,Consumer,M,55+,Detroit,North,USA,2024-11-01,Gold,Mid,0,4
7416,Sam Davis 2416,Corporate,NA,35-44,New York,East,USA,2023-08-14,Silver,Low,1,1
7417,Parker King 2417,Consumer,M,35-44,Cleveland,North,USA,2019-10-08,Gold,Lower-Mid,0,2
7418,Sam Lewis 2418,Consumer,F,25-34,Chicago,North,USA,2025-10-24,Gold,Upper-Mid,0,1
7419,Jordan Hall 2419,Home Office,F,55+,Boston,East,USA,2023-12-03,Bronze,High,0,1
7420,Drew Clark 2420,Consumer,M,25-34,Detroit,North,USA,2021-05-26,Bronze,Mid,0,2
7421,Jordan Lewis 2421,Corporate,M,35-44,Dallas,South,USA,2024-05-24,Bronze,Upper-Mid,1,1
7422,Alex Scott 2422,Corporate,F,25-34,Washington,East,USA,2019-08-24,Bronze,Mid,1,1
7423,Riley Allen 2423,Home Office,F,35-44,Chicago,North,USA,2019-05-30,Silver,Mid,0,2
7424,Avery Brown 2424,Consumer,NA,35-44,Miami,South,USA,2020-07-07,Bronze,Low,0,1
7425,Morgan Wright 2425,Consumer,NA,18-24,Atlanta,South,USA,2019-05-03,Silver,Lower-Mid,0,1
7426,Avery King 2426,Home Office,NA,25-34,Boston,East,USA,2023-11-28,Platinum,Mid,0,2
7427,Casey Lee 2427,Consumer,NA,35-44,Philadelphia,East,USA,2021-03-08,Bronze,Mid,0,3
7428,Avery Wright 2428,Consumer,M,35-44,Houston,South,USA,2019-08-17,Bronze,Lower-Mid,0,1
7429,Casey King 2429,Consumer,M,35-44,Atlanta,South,USA,2020-02-23,Bronze,Low,0,2
7430,Parker Scott 2430,Consumer,NA,25-34,Minneapolis,North,USA,2024-09-07,Gold,Low,0,1
7431,Parker Wright 2431,Consumer,F,45-54,Phoenix,West,USA,2021-06-09,Silver,Mid,0,2
7432,Alex Allen 2432,Corporate,NA,25-34,Washington,East,USA,2021-03-04,Silver,Lower-Mid,1,2
7433,Alex Lee 2433,Consumer,F,45-54,Philadelphia,East,USA,2021-11-29,Silver,Lower-Mid,0,2
7434,Morgan Scott 2434,Small Business,M,25-34,San Francisco,West,USA,2019-11-11,Bronze,Low,1,3
7435,Casey Young 2435,Corporate,M,35-44,Chicago,North,USA,2020-05-13,Platinum,Upper-Mid,1,1
7436,Alex Davis 2436,Consumer,M,55+,Los Angeles,West,USA,2020-01-14,Gold,Mid,0,3
7437,Drew Lewis 2437,Small Business,NA,35-44,Detroit,North,USA,2020-08-08,Gold,Upper-Mid,1,2
7438,Alex Brown 2438,Consumer,M,18-24,Atlanta,South,USA,2020-01-17,Bronze,Low,0,1
7439,Sam Green 2439,Consumer,F,45-54,Minneapolis,North,USA,2021-08-06,Bronze,Mid,0,2
7440,Alex Hall 2440,Consumer,M,25-34,Minneapolis,North,USA,2025-06-03,Gold,Upper-Mid,0,3
7441,Rowan Scott 2441,Consumer,NA,35-44,Phoenix,West,USA,2021-05-21,Bronze,Lower-Mid,0,1
7442,Avery Lee 2442,Consumer,F,35-44,Washington,East,USA,2024-04-18,Silver,Upper-Mid,0,2
7443,Drew Green 2443,Consumer,M,25-34,New York,East,USA,2025-07-06,Silver,High,0,2
7444,Jamie Brown 2444,Corporate,M,45-54,Houston,South,USA,2022-03-29,Bronze,Upper-Mid,1,1
7445,Taylor Lewis 2445,Consumer,M,25-34,Cleveland,North,USA,2019-09-25,Gold,Mid,0,2
7446,Drew Smith 2446,Consumer,F,18-24,San Francisco,West,USA,2024-12-26,Silver,Mid,0,1
7447,Casey Smith 2447,Consumer,M,55+,Detroit,North,USA,2019-03-29,Bronze,Mid,0,4
7448,Cameron Hall 2448,Corporate,M,45-54,Phoenix,West,USA,2025-07-19,Gold,Mid,1,2
7449,Morgan Lewis 2449,Small Business,F,18-24,Los Angeles,West,USA,2019-08-08,Platinum,Mid,1,3
7450,Logan Scott 2450,Home Office,F,35-44,Phoenix,West,USA,2022-07-06,Silver,Lower-Mid,0,1
7451,Jordan Johnson 2451,Consumer,F,35-44,Dallas,South,USA,2025-06-08,Gold,Mid,0,1
7452,Taylor Green 2452,Corporate,F,25-34,Minneapolis,North,USA,2022-04-18,Bronze,High,1,3
7453,Morgan Brown 2453,Consumer,NA,35-44,Phoenix,West,USA,2022-05-26,Silver,Upper-Mid,0,4
7454,Morgan Allen 2454,Home Office,F,35-44,Philadelphia,East,USA,2019-04-19,Gold,Upper-Mid,0,2
7455,Jamie Wright 2455,Consumer,NA,35-44,Chicago,North,USA,2023-04-25,Silver,High,0,1
7456,Skyler Walker 2456,Home Office,NA,45-54,Los Angeles,West,USA,2021-08-22,Bronze,Mid,0,4
7457,Taylor Davis 2457,Corporate,NA,35-44,Washington,East,USA,2020-09-15,Platinum,Lower-Mid,1,2
7458,Rowan Brown 2458,Small Business,NA,25-34,Washington,East,USA,2024-05-16,Silver,Mid,1,1
7459,Morgan Wright 2459,Consumer,F,55+,Detroit,North,USA,2024-05-26,Platinum,Mid,0,4
7460,Parker Young 2460,Consumer,F,35-44,Los Angeles,West,USA,2021-07-26,Gold,Mid,0,1
7461,Alex Lewis 2461,Consumer,NA,45-54,Cleveland,North,USA,2025-04-01,Silver,High,0,2
7462,Morgan Scott 2462,Consumer,NA,35-44,Washington,East,USA,2025-09-07,Silver,Low,0,1
7463,Drew Scott 2463,Consumer,F,35-44,Philadelphia,East,USA,2021-08-30,Bronze,Lower-Mid,0,2
7464,Jamie Allen 2464,Consumer,F,25-34,Cleveland,North,USA,2020-05-31,Silver,Upper-Mid,0,1
7465,Alex Smith 2465,Consumer,F,35-44,Detroit,North,USA,2020-03-31,Silver,Upper-Mid,0,1
7466,Jordan Scott 2466,Consumer,NA,35-44,Washington,East,USA,2025-04-20,Bronze,Lower-Mid,0,3
7467,Drew Brown 2467,Home Office,F,18-24,Detroit,North,USA,2025-03-27,Silver,Mid,0,1
7468,Skyler Smith 2468,Small Business,NA,35-44,Washington,East,USA,2025-04-15,Gold,Mid,0,4
7469,Riley Hall 2469,Consumer,F,35-44,Chicago,North,USA,2024-03-24,Platinum,Lower-Mid,0,4
7470,Jordan Allen 2470,Small Business,F,25-34,Philadelphia,East,USA,2019-10-22,Gold,Mid,0,1
7471,Parker King 2471,Small Business,M,45-54,San Francisco,West,USA,2020-05-12,Silver,Low,1,4
7472,Casey Davis 2472,Consumer,F,45-54,Dallas,South,USA,2023-11-23,Silver,Mid,0,1
7473,Casey Davis 2473,Small Business,F,45-54,Cleveland,North,USA,2020-08-26,Bronze,Mid,0,2
7474,Taylor Wright 2474,Home Office,NA,25-34,Houston,South,USA,2023-07-06,Gold,High,0,1
7475,Skyler Scott 2475,Corporate,NA,35-44,Miami,South,USA,2020-11-08,Platinum,Lower-Mid,1,2
7476,Parker Davis 2476,Consumer,F,45-54,Philadelphia,East,USA,2023-10-25,Gold,Upper-Mid,0,2
7477,Logan Brown 2477,Consumer,F,18-24,Chicago,North,USA,2021-11-20,Bronze,Upper-Mid,0,1
7478,Sam Clark 2478,Consumer,NA,25-34,Phoenix,West,USA,2019-08-17,Gold,High,0,2
7479,Cameron Allen 2479,Consumer,F,25-34,Miami,South,USA,2022-12-30,Silver,Mid,0,1
7480,Avery Lee 2480,Home Office,F,25-34,Washington,East,USA,2023-06-14,Silver,Low,0,1
7481,Logan Smith 2481,Consumer,F,35-44,Philadelphia,East,USA,2022-11-12,Silver,Mid,0,4
7482,Cameron Wright 2482,Small Business,NA,25-34,San Francisco,West,USA,2023-01-10,Platinum,Upper-Mid,1,2
7483,Riley Young 2483,Small Business,F,18-24,Atlanta,South,USA,2024-05-17,Silver,High,1,2
7484,Sam Lewis 2484,Consumer,NA,35-44,Miami,South,USA,2023-11-01,Bronze,Lower-Mid,0,4
7485,Alex Wright 2485,Consumer,F,35-44,Boston,East,USA,2023-01-20,Silver,Lower-Mid,0,3
7486,Rowan Hall 2486,Corporate,F,35-44,Houston,South,USA,2021-07-03,Platinum,Upper-Mid,0,1
7487,Rowan Walker 2487,Consumer,F,45-54,San Francisco,West,USA,2022-12-17,Gold,Lower-Mid,0,2
7488,Alex Johnson 2488,Consumer,NA,35-44,Dallas,South,USA,2019-04-03,Silver,Lower-Mid,0,2
7489,Taylor Walker 2489,Corporate,NA,45-54,Cleveland,North,USA,2021-05-07,Silver,Lower-Mid,0,3
7490,Rowan King 2490,Consumer,F,18-24,Philadelphia,East,USA,2023-01-28,Gold,Low,0,1
7491,Taylor Lewis 2491,Small Business,F,25-34,Philadelphia,East,USA,2019-07-15,Bronze,Mid,1,1
7492,Jamie Young 2492,Consumer,NA,25-34,Atlanta,South,USA,2021-02-18,Silver,Mid,0,4
7493,Sam Wright 2493,Home Office,F,35-44,Boston,East,USA,2023-11-16,Gold,Lower-Mid,0,4
7494,Jamie Lewis 2494,Small Business,F,25-34,Chicago,North,USA,2023-10-13,Silver,Upper-Mid,1,2
7495,Alex Davis 2495,Consumer,M,25-34,Detroit,North,USA,2021-11-01,Bronze,Low,0,1
7496,Alex Smith 2496,Corporate,NA,35-44,Seattle,West,USA,2022-04-03,Gold,Lower-Mid,0,1
7497,Taylor Allen 2497,Consumer,M,45-54,Cleveland,North,USA,2020-11-27,Silver,Mid,0,1
7498,Drew Smith 2498,Consumer,NA,35-44,Minneapolis,North,USA,2023-07-29,Silver,High,0,2
7499,Taylor King 2499,Consumer,M,25-34,Dallas,South,USA,2021-09-28,Silver,Lower-Mid,0,3
7500,Parker Brown 2500,Consumer,M,35-44,Minneapolis,North,USA,2022-05-30,Bronze,High,0,3
7501,Taylor Clark 2501,Home Office,NA,55+,Washington,East,USA,2021-03-23,Silver,Low,0,1
7502,Drew Clark 2502,Small Business,M,35-44,Minneapolis,North,USA,2023-11-19,Gold,Mid,1,2
7503,Jordan Walker 2503,Consumer,M,35-44,Miami,South,USA,2019-03-18,Platinum,Low,0,4
7504,Skyler Walker 2504,Small Business,F,45-54,New York,East,USA,2023-11-04,Bronze,Upper-Mid,1,3
7505,Cameron Brown 2505,Corporate,M,55+,Houston,South,USA,2022-09-07,Platinum,Upper-Mid,1,2
7506,Logan Clark 2506,Consumer,NA,25-34,Dallas,South,USA,2022-08-08,Silver,Mid,0,4
7507,Logan Walker 2507,Corporate,NA,45-54,Chicago,North,USA,2021-07-04,Bronze,Lower-Mid,1,2
7508,Sam Wright 2508,Small Business,NA,18-24,Miami,South,USA,2023-05-13,Bronze,Mid,1,2
7509,Jordan Green 2509,Small Business,M,35-44,Los Angeles,West,USA,2020-11-18,Bronze,Upper-Mid,0,2
7510,Parker Brown 2510,Consumer,M,35-44,Los Angeles,West,USA,2019-10-16,Bronze,Mid,0,2
7511,Cameron Walker 2511,Corporate,M,25-34,Dallas,South,USA,2020-03-09,Gold,Upper-Mid,1,2
7512,Rowan Green 2512,Consumer,M,45-54,San Francisco,West,USA,2019-07-19,Platinum,Upper-Mid,0,1
7513,Taylor Hall 2513,Small Business,M,45-54,Seattle,West,USA,2025-04-16,Gold,Mid,1,1
7514,Avery Lewis 2514,Home Office,NA,25-34,Boston,East,USA,2025-05-17,Bronze,Low,0,1
7515,Sam Walker 2515,Small Business,NA,55+,Philadelphia,East,USA,2021-10-31,Gold,Lower-Mid,0,4
7516,Drew Lee 2516,Corporate,NA,25-34,Phoenix,West,USA,2023-04-29,Silver,High,0,1
7517,Jordan King 2517,Home Office,M,18-24,Seattle,West,USA,2021-11-27,Bronze,Mid,0,4
7518,Rowan King 2518,Home Office,NA,45-54,Atlanta,South,USA,2024-03-07,Gold,Upper-Mid,0,2
7519,Sam Walker 2519,Consumer,NA,45-54,Seattle,West,USA,2024-07-28,Bronze,Mid,0,3
7520,Riley Scott 2520,Consumer,F,55+,Cleveland,North,USA,2019-06-09,Silver,High,0,1
7521,Drew Walker 2521,Small Business,M,55+,Los Angeles,West,USA,2020-01-20,Gold,Mid,1,1
7522,Parker Brown 2522,Consumer,M,35-44,Chicago,North,USA,2020-08-31,Bronze,Upper-Mid,0,2
7523,Morgan Lewis 2523,Consumer,NA,35-44,New York,East,USA,2022-10-24,Bronze,Mid,0,2
7524,Logan Lee 2524,Consumer,NA,45-54,Detroit,North,USA,2022-07-14,Bronze,Mid,0,1
7525,Avery Lee 2525,Consumer,M,35-44,New York,East,USA,2019-08-08,Bronze,High,0,1
7526,Casey Wright 2526,Consumer,NA,25-34,Phoenix,West,USA,2019-05-17,Silver,Upper-Mid,0,1
7527,Alex Green 2527,Home Office,F,18-24,Washington,East,USA,2023-08-11,Bronze,Lower-Mid,0,1
7528,Logan Clark 2528,Home Office,NA,25-34,Philadelphia,East,USA,2024-04-09,Gold,Low,0,1
7529,Taylor Walker 2529,Home Office,NA,45-54,Dallas,South,USA,2019-02-28,Gold,Lower-Mid,0,2
7530,Taylor Scott 2530,Home Office,F,55+,Los Angeles,West,USA,2025-01-25,Silver,Mid,0,2
7531,Casey Hall 2531,Consumer,NA,25-34,Washington,East,USA,2019-01-18,Platinum,Mid,0,1
7532,Casey Brown 2532,Consumer,NA,25-34,Philadelphia,East,USA,2019-01-28,Silver,Mid,0,2
7533,Taylor Walker 2533,Consumer,M,45-54,Boston,East,USA,2021-02-24,Silver,Mid,0,1
7534,Taylor King 2534,Consumer,NA,45-54,Los Angeles,West,USA,2023-06-28,Silver,Upper-Mid,0,4
7535,Skyler Smith 2535,Small Business,F,55+,Miami,South,USA,2021-01-22,Bronze,Mid,1,1
7536,Logan Allen 2536,Consumer,F,25-34,Cleveland,North,USA,2024-03-08,Bronze,Upper-Mid,0,4
7537,Morgan Allen 2537,Consumer,F,25-34,Detroit,North,USA,2019-05-16,Silver,Mid,0,4
7538,Jordan Hall 2538,Consumer,NA,25-34,Cleveland,North,USA,2021-08-31,Gold,Upper-Mid,0,2
7539,Casey Wright 2539,Corporate,NA,35-44,Detroit,North,USA,2020-04-05,Bronze,Lower-Mid,0,1
7540,Alex Green 2540,Consumer,NA,25-34,Miami,South,USA,2020-08-18,Silver,Mid,0,2
7541,Alex Clark 2541,Consumer,M,35-44,Boston,East,USA,2022-08-20,Silver,Mid,0,4
7542,Morgan Lee 2542,Consumer,F,45-54,Houston,South,USA,2024-10-24,Gold,Upper-Mid,0,1
7543,Skyler Hall 2543,Consumer,F,55+,Detroit,North,USA,2021-11-25,Silver,Mid,0,2
7544,Riley Walker 2544,Small Business,M,18-24,Boston,East,USA,2025-05-14,Silver,Upper-Mid,0,2
7545,Rowan Davis 2545,Consumer,M,25-34,Washington,East,USA,2024-03-03,Bronze,Mid,0,2
7546,Parker Davis 2546,Consumer,F,35-44,Phoenix,West,USA,2025-10-18,Bronze,Lower-Mid,0,2
7547,Cameron Allen 2547,Consumer,NA,35-44,Cleveland,North,USA,2024-02-02,Platinum,Lower-Mid,0,1
7548,Taylor Hall 2548,Small Business,F,55+,Los Angeles,West,USA,2019-10-19,Gold,Upper-Mid,0,2
7549,Avery Johnson 2549,Consumer,NA,35-44,Minneapolis,North,USA,2023-10-04,Bronze,Mid,0,2
7550,Drew Young 2550,Consumer,M,25-34,Detroit,North,USA,2024-04-17,Platinum,Mid,0,2
7551,Parker Brown 2551,Consumer,F,55+,Detroit,North,USA,2021-12-11,Bronze,Mid,0,1
7552,Casey Wright 2552,Consumer,F,18-24,Philadelphia,East,USA,2025-10-09,Bronze,Mid,0,2
7553,Jamie Johnson 2553,Consumer,M,18-24,Cleveland,North,USA,2024-10-08,Gold,Mid,0,2
7554,Avery Walker 2554,Consumer,NA,18-24,Minneapolis,North,USA,2019-08-13,Silver,Lower-Mid,0,1
7555,Skyler Clark 2555,Home Office,NA,35-44,Miami,South,USA,2023-04-03,Silver,Lower-Mid,0,4
7556,Sam Johnson 2556,Corporate,F,18-24,Los Angeles,West,USA,2025-05-26,Platinum,Low,1,3
7557,Taylor Smith 2557,Consumer,M,18-24,Seattle,West,USA,2022-11-26,Silver,Mid,0,1
7558,Alex Young 2558,Consumer,F,35-44,Houston,South,USA,2024-04-11,Bronze,Mid,0,2
7559,Rowan Young 2559,Corporate,M,35-44,Washington,East,USA,2025-09-20,Silver,Mid,1,2
7560,Taylor Clark 2560,Small Business,F,25-34,Philadelphia,East,USA,2021-11-22,Silver,Lower-Mid,0,2
7561,Morgan Walker 2561,Small Business,M,18-24,Minneapolis,North,USA,2023-02-09,Bronze,Upper-Mid,0,2
7562,Logan Wright 2562,Small Business,M,45-54,Miami,South,USA,2025-10-26,Silver,Mid,1,4
7563,Logan Johnson 2563,Consumer,M,25-34,Minneapolis,North,USA,2019-07-10,Gold,Mid,0,2
7564,Skyler Allen 2564,Consumer,F,35-44,Los Angeles,West,USA,2021-05-16,Platinum,Upper-Mid,0,2
7565,Rowan Clark 2565,Small Business,M,25-34,Atlanta,South,USA,2022-09-16,Bronze,Mid,1,1
7566,Sam Lee 2566,Small Business,M,45-54,Philadelphia,East,USA,2020-03-23,Bronze,Low,1,1
7567,Riley Lewis 2567,Home Office,NA,25-34,New York,East,USA,2024-09-26,Silver,Mid,0,3
7568,Sam Scott 2568,Consumer,NA,25-34,Houston,South,USA,2024-08-10,Silver,Low,0,2
7569,Drew Hall 2569,Corporate,F,55+,Atlanta,South,USA,2019-06-13,Gold,Lower-Mid,1,1
7570,Taylor Smith 2570,Corporate,M,45-54,Washington,East,USA,2022-04-29,Silver,Lower-Mid,1,4
7571,Taylor Johnson 2571,Small Business,M,35-44,Los Angeles,West,USA,2021-11-12,Silver,Mid,1,2
7572,Cameron Walker 2572,Corporate,F,35-44,Boston,East,USA,2025-02-21,Platinum,Mid,1,4
7573,Avery Lee 2573,Consumer,M,25-34,Minneapolis,North,USA,2019-07-14,Gold,Lower-Mid,0,1
7574,Drew Lewis 2574,Consumer,NA,55+,Miami,South,USA,2024-10-24,Silver,Mid,0,4
7575,Riley Clark 2575,Consumer,NA,25-34,Phoenix,West,USA,2024-01-26,Gold,High,0,1
7576,Cameron Lee 2576,Home Office,NA,55+,Chicago,North,USA,2021-05-22,Silver,Upper-Mid,0,1
7577,Avery Clark 2577,Consumer,NA,55+,Washington,East,USA,2025-07-09,Bronze,Mid,0,1
7578,Riley Scott 2578,Consumer,NA,25-34,Chicago,North,USA,2022-04-21,Silver,Lower-Mid,0,2
7579,Cameron Johnson 2579,Consumer,M,25-34,Washington,East,USA,2023-07-05,Bronze,Lower-Mid,0,4
7580,Casey Clark 2580,Consumer,NA,25-34,Cleveland,North,USA,2019-05-04,Gold,High,0,1
7581,Avery Young 2581,Small Business,M,25-34,Detroit,North,USA,2019-08-05,Bronze,Mid,1,3
7582,Rowan Young 2582,Consumer,F,25-34,Los Angeles,West,USA,2024-02-14,Gold,Mid,0,1
7583,Jordan Brown 2583,Consumer,NA,45-54,Chicago,North,USA,2024-07-06,Silver,Lower-Mid,0,4
7584,Sam King 2584,Consumer,M,25-34,Cleveland,North,USA,2024-09-22,Bronze,Mid,0,1
7585,Riley Johnson 2585,Small Business,NA,55+,Seattle,West,USA,2020-11-07,Silver,Mid,1,1
7586,Parker King 2586,Home Office,NA,25-34,Detroit,North,USA,2025-07-20,Bronze,High,0,3
7587,Jamie Allen 2587,Corporate,NA,45-54,Washington,East,USA,2020-12-20,Silver,Upper-Mid,1,3
7588,Sam Lee 2588,Small Business,F,25-34,Washington,East,USA,2021-06-21,Gold,Lower-Mid,1,2
7589,Logan Scott 2589,Small Business,F,25-34,Los Angeles,West,USA,2020-10-14,Platinum,Lower-Mid,1,2
7590,Avery Green 2590,Consumer,NA,35-44,Seattle,West,USA,2023-05-14,Bronze,High,0,2
7591,Parker Walker 2591,Consumer,NA,25-34,Boston,East,USA,2019-04-30,Gold,Lower-Mid,0,2
7592,Drew Davis 2592,Corporate,M,55+,Phoenix,West,USA,2019-01-30,Silver,Mid,0,1
7593,Sam Green 2593,Consumer,M,25-34,Philadelphia,East,USA,2020-06-12,Gold,Upper-Mid,0,2
7594,Morgan Clark 2594,Consumer,NA,25-34,Chicago,North,USA,2025-07-20,Silver,Low,0,1
7595,Rowan Scott 2595,Small Business,F,25-34,San Francisco,West,USA,2022-11-11,Gold,Upper-Mid,1,1
7596,Jamie Lee 2596,Consumer,M,25-34,Atlanta,South,USA,2022-04-04,Platinum,Mid,0,3
7597,Avery Young 2597,Small Business,F,25-34,Miami,South,USA,2020-03-01,Silver,High,1,4
7598,Drew Davis 2598,Corporate,M,45-54,Washington,East,USA,2024-02-29,Bronze,Mid,1,4
7599,Riley Hall 2599,Consumer,NA,55+,Los Angeles,West,USA,2021-12-19,Gold,Mid,0,3
7600,Skyler Scott 2600,Small Business,F,55+,Houston,South,USA,2020-10-29,Bronze,Mid,1,2
7601,Drew Lewis 2601,Consumer,F,25-34,Los Angeles,West,USA,2021-12-08,Platinum,Mid,0,2
7602,Alex Walker 2602,Consumer,M,18-24,Boston,East,USA,2025-03-23,Silver,Lower-Mid,0,1
7603,Morgan Allen 2603,Small Business,NA,18-24,Detroit,North,USA,2020-04-25,Bronze,High,1,4
7604,Morgan Clark 2604,Consumer,M,35-44,San Francisco,West,USA,2019-08-07,Bronze,Upper-Mid,0,3
7605,Alex Johnson 2605,Consumer,M,45-54,Chicago,North,USA,2021-04-26,Silver,Upper-Mid,0,1
7606,Rowan Young 2606,Consumer,M,35-44,Phoenix,West,USA,2024-09-26,Gold,Low,0,1
7607,Rowan Allen 2607,Corporate,M,35-44,Seattle,West,USA,2025-07-09,Silver,Lower-Mid,1,2
7608,Alex Green 2608,Home Office,M,25-34,Philadelphia,East,USA,2021-09-10,Silver,Mid,0,2
7609,Parker Clark 2609,Consumer,M,55+,Cleveland,North,USA,2025-04-09,Bronze,Lower-Mid,0,1
7610,Rowan Green 2610,Small Business,M,25-34,Boston,East,USA,2019-09-10,Platinum,Upper-Mid,1,2
7611,Sam Johnson 2611,Consumer,F,35-44,Dallas,South,USA,2021-01-27,Bronze,Upper-Mid,0,2
7612,Alex Wright 2612,Consumer,F,18-24,Philadelphia,East,USA,2020-07-09,Silver,Mid,0,2
7613,Parker King 2613,Consumer,NA,25-34,Washington,East,USA,2019-08-21,Bronze,Upper-Mid,0,2
7614,Jordan Wright 2614,Small Business,F,45-54,Houston,South,USA,2022-03-11,Gold,Lower-Mid,1,1
7615,Rowan Scott 2615,Consumer,F,35-44,Miami,South,USA,2020-01-05,Bronze,Upper-Mid,0,3
7616,Rowan Lee 2616,Small Business,M,35-44,Minneapolis,North,USA,2022-07-22,Silver,Low,0,4
7617,Logan Green 2617,Consumer,NA,25-34,Seattle,West,USA,2020-09-22,Bronze,Mid,0,1
7618,Riley King 2618,Consumer,NA,55+,Chicago,North,USA,2021-12-09,Gold,Upper-Mid,0,2
7619,Rowan Allen 2619,Corporate,M,45-54,Houston,South,USA,2024-03-06,Silver,Mid,0,1
7620,Taylor Smith 2620,Small Business,F,35-44,Dallas,South,USA,2021-04-14,Silver,High,0,1
7621,Parker Allen 2621,Consumer,F,35-44,New York,East,USA,2024-12-03,Gold,Mid,0,2
7622,Jordan Scott 2622,Consumer,NA,18-24,Philadelphia,East,USA,2025-06-16,Gold,Low,0,1
7623,Parker King 2623,Consumer,NA,25-34,Houston,South,USA,2023-12-17,Platinum,Lower-Mid,0,2
7624,Riley Green 2624,Consumer,NA,55+,Phoenix,West,USA,2019-10-11,Platinum,Low,0,4
7625,Cameron Hall 2625,Corporate,M,25-34,Dallas,South,USA,2022-08-08,Gold,Low,0,1
7626,Morgan Davis 2626,Small Business,M,35-44,Dallas,South,USA,2023-10-27,Bronze,Mid,0,2
7627,Jamie Walker 2627,Consumer,M,25-34,Seattle,West,USA,2020-09-20,Bronze,Upper-Mid,0,2
7628,Logan King 2628,Small Business,F,18-24,Dallas,South,USA,2019-04-17,Gold,Mid,1,2
7629,Drew Young 2629,Corporate,NA,55+,Chicago,North,USA,2019-08-13,Bronze,Upper-Mid,1,4
7630,Skyler Allen 2630,Small Business,M,45-54,Detroit,North,USA,2021-04-22,Bronze,Mid,1,1
7631,Drew Scott 2631,Home Office,M,25-34,Washington,East,USA,2025-10-12,Bronze,Upper-Mid,0,4
7632,Alex Smith 2632,Corporate,M,18-24,Houston,South,USA,2022-07-27,Silver,Low,0,2
7633,Parker Lewis 2633,Corporate,F,25-34,Minneapolis,North,USA,2021-06-04,Bronze,Upper-Mid,1,2
7634,Jamie Hall 2634,Consumer,NA,35-44,Seattle,West,USA,2021-02-28,Silver,Mid,0,1
7635,Avery Lee 2635,Small Business,F,35-44,New York,East,USA,2022-08-24,Platinum,Upper-Mid,0,2
7636,Drew Johnson 2636,Consumer,F,35-44,Philadelphia,East,USA,2020-04-13,Gold,High,0,3
7637,Taylor Wright 2637,Consumer,F,25-34,Atlanta,South,USA,2025-01-31,Silver,Lower-Mid,0,2
7638,Drew Young 2638,Small Business,F,25-34,Miami,South,USA,2021-09-12,Silver,Low,1,2
7639,Casey Lewis 2639,Consumer,M,35-44,Seattle,West,USA,2024-05-18,Platinum,Lower-Mid,0,2
7640,Casey Brown 2640,Consumer,F,35-44,Los Angeles,West,USA,2022-11-14,Gold,Mid,0,2
7641,Parker Davis 2641,Consumer,F,35-44,Chicago,North,USA,2020-03-30,Gold,Lower-Mid,0,3
7642,Jordan King 2642,Consumer,M,45-54,Washington,East,USA,2023-04-03,Gold,Low,0,2
7643,Cameron Smith 2643,Consumer,F,55+,Chicago,North,USA,2019-11-08,Bronze,Mid,0,2
7644,Jamie Young 2644,Consumer,M,25-34,Minneapolis,North,USA,2022-12-07,Platinum,Lower-Mid,0,2
7645,Riley Green 2645,Consumer,F,35-44,Miami,South,USA,2020-01-02,Platinum,Upper-Mid,0,1
7646,Sam Scott 2646,Consumer,NA,25-34,Philadelphia,East,USA,2023-08-08,Gold,Low,0,1
7647,Casey Young 2647,Consumer,F,25-34,Chicago,North,USA,2020-09-05,Platinum,High,0,2
7648,Jamie Johnson 2648,Corporate,NA,45-54,Seattle,West,USA,2023-12-28,Gold,Upper-Mid,1,2
7649,Sam Scott 2649,Home Office,NA,35-44,New York,East,USA,2019-03-29,Platinum,Mid,0,1
7650,Cameron Clark 2650,Corporate,F,35-44,Cleveland,North,USA,2019-10-13,Bronze,Upper-Mid,1,4
7651,Parker Young 2651,Consumer,M,35-44,Detroit,North,USA,2021-02-12,Gold,High,0,3
7652,Taylor Wright 2652,Corporate,M,55+,Chicago,North,USA,2022-09-16,Gold,Mid,1,1
7653,Skyler King 2653,Consumer,M,25-34,Atlanta,South,USA,2022-09-10,Bronze,Upper-Mid,0,4
7654,Taylor Walker 2654,Small Business,M,25-34,Seattle,West,USA,2019-02-01,Platinum,Low,1,3
7655,Riley Walker 2655,Consumer,NA,35-44,Cleveland,North,USA,2022-03-11,Silver,Lower-Mid,0,1
7656,Jamie Brown 2656,Small Business,NA,25-34,New York,East,USA,2020-10-26,Silver,High,1,2
7657,Avery Smith 2657,Consumer,M,35-44,Chicago,North,USA,2020-02-28,Bronze,Upper-Mid,0,1
7658,Jordan King 2658,Consumer,NA,25-34,Washington,East,USA,2022-01-13,Gold,Upper-Mid,0,4
7659,Cameron Scott 2659,Consumer,M,25-34,Philadelphia,East,USA,2021-10-01,Bronze,Mid,0,1
7660,Rowan Hall 2660,Consumer,M,45-54,Houston,South,USA,2023-07-19,Silver,Mid,0,2
7661,Casey Green 2661,Home Office,M,25-34,Dallas,South,USA,2024-02-13,Platinum,Mid,0,3
7662,Jamie Johnson 2662,Small Business,NA,45-54,Boston,East,USA,2024-04-03,Platinum,Mid,1,2
7663,Skyler Johnson 2663,Consumer,F,55+,Chicago,North,USA,2020-05-03,Bronze,High,0,1
7664,Skyler Scott 2664,Home Office,NA,25-34,Los Angeles,West,USA,2025-06-19,Silver,Upper-Mid,0,1
7665,Jamie Scott 2665,Consumer,NA,35-44,Washington,East,USA,2025-02-16,Gold,Upper-Mid,0,4
7666,Jamie Young 2666,Consumer,M,55+,Houston,South,USA,2025-04-10,Silver,High,0,2
7667,Parker Green 2667,Consumer,F,35-44,Chicago,North,USA,2022-10-27,Bronze,Lower-Mid,0,1
7668,Taylor Wright 2668,Corporate,F,25-34,Chicago,North,USA,2025-05-30,Platinum,Low,1,2
7669,Sam Green 2669,Consumer,NA,45-54,Detroit,North,USA,2025-02-27,Platinum,Upper-Mid,0,2
7670,Riley Lewis 2670,Consumer,NA,35-44,Washington,East,USA,2020-03-20,Gold,Low,0,1
7671,Jamie Allen 2671,Small Business,F,35-44,Los Angeles,West,USA,2021-10-04,Silver,Upper-Mid,1,2
7672,Skyler Brown 2672,Small Business,F,18-24,Phoenix,West,USA,2019-05-24,Silver,Upper-Mid,1,1
7673,Jamie Lewis 2673,Corporate,M,45-54,Boston,East,USA,2025-01-24,Silver,Mid,1,2
7674,Logan Davis 2674,Small Business,NA,45-54,New York,East,USA,2022-10-25,Silver,Mid,1,2
7675,Parker Lee 2675,Small Business,NA,18-24,New York,East,USA,2025-07-28,Bronze,Mid,1,4
7676,Logan Lee 2676,Consumer,F,18-24,Detroit,North,USA,2023-11-27,Platinum,Mid,0,4
7677,Drew King 2677,Consumer,M,35-44,Dallas,South,USA,2021-11-13,Bronze,High,0,2
7678,Skyler Green 2678,Consumer,NA,45-54,San Francisco,West,USA,2024-03-05,Gold,Upper-Mid,0,3
7679,Jordan Lewis 2679,Consumer,NA,25-34,Cleveland,North,USA,2020-08-31,Bronze,Mid,0,2
7680,Parker Brown 2680,Consumer,M,45-54,Detroit,North,USA,2025-06-12,Silver,Low,0,3
7681,Cameron Wright 2681,Consumer,M,35-44,Boston,East,USA,2021-05-05,Bronze,Mid,0,1
7682,Sam King 2682,Consumer,M,25-34,Boston,East,USA,2024-10-29,Bronze,Lower-Mid,0,3
7683,Taylor Clark 2683,Corporate,NA,25-34,Miami,South,USA,2019-05-25,Bronze,Lower-Mid,1,3
7684,Skyler Davis 2684,Consumer,F,35-44,Chicago,North,USA,2021-10-25,Platinum,Low,0,3
7685,Morgan Green 2685,Consumer,F,35-44,Minneapolis,North,USA,2025-01-10,Gold,Mid,0,2
7686,Jordan Lee 2686,Corporate,M,35-44,Washington,East,USA,2025-02-20,Silver,Low,1,2
7687,Casey Allen 2687,Consumer,NA,25-34,New York,East,USA,2019-03-09,Gold,Mid,0,2
7688,Jamie Scott 2688,Consumer,NA,25-34,Philadelphia,East,USA,2023-02-14,Silver,Upper-Mid,0,3
7689,Alex Clark 2689,Consumer,F,45-54,San Francisco,West,USA,2024-01-19,Bronze,High,0,4
7690,Riley King 2690,Corporate,F,35-44,Seattle,West,USA,2025-03-27,Bronze,Upper-Mid,0,2
7691,Jordan King 2691,Corporate,M,18-24,San Francisco,West,USA,2020-11-06,Bronze,Mid,1,3
7692,Logan Johnson 2692,Small Business,NA,35-44,Seattle,West,USA,2019-05-03,Bronze,Low,1,4
7693,Avery Brown 2693,Consumer,M,35-44,Los Angeles,West,USA,2024-04-13,Bronze,Lower-Mid,0,2
7694,Skyler Clark 2694,Consumer,NA,35-44,San Francisco,West,USA,2019-01-04,Bronze,Lower-Mid,0,1
7695,Jordan Clark 2695,Consumer,M,35-44,Phoenix,West,USA,2023-06-29,Bronze,Mid,0,1
7696,Riley Allen 2696,Corporate,M,55+,San Francisco,West,USA,2022-03-29,Bronze,Mid,1,3
7697,Logan Young 2697,Consumer,NA,25-34,Washington,East,USA,2019-11-02,Silver,Mid,0,1
7698,Jordan Smith 2698,Small Business,NA,25-34,Detroit,North,USA,2024-03-30,Platinum,Mid,1,2
7699,Rowan Wright 2699,Small Business,M,25-34,Atlanta,South,USA,2021-01-31,Bronze,Upper-Mid,0,2
7700,Jordan Lewis 2700,Corporate,NA,25-34,Boston,East,USA,2020-01-29,Silver,Low,0,2
7701,Jamie Smith 2701,Small Business,NA,35-44,Phoenix,West,USA,2020-09-23,Silver,Lower-Mid,1,3
7702,Skyler Clark 2702,Consumer,NA,55+,Miami,South,USA,2020-01-10,Silver,Mid,0,1
7703,Cameron Lewis 2703,Consumer,M,55+,Detroit,North,USA,2023-02-07,Silver,Mid,0,1
7704,Jamie Davis 2704,Small Business,M,25-34,Washington,East,USA,2025-06-11,Gold,Lower-Mid,1,1
7705,Cameron Smith 2705,Small Business,NA,45-54,Miami,South,USA,2022-08-26,Bronze,High,0,1
7706,Jordan Hall 2706,Home Office,F,35-44,Seattle,West,USA,2022-05-25,Gold,Mid,0,2
7707,Drew Davis 2707,Consumer,M,18-24,Miami,South,USA,2023-07-10,Silver,Mid,0,2
7708,Alex Lee 2708,Small Business,F,18-24,San Francisco,West,USA,2025-05-26,Silver,Upper-Mid,1,2
7709,Riley Wright 2709,Home Office,F,25-34,Atlanta,South,USA,2024-12-04,Silver,Lower-Mid,0,4
7710,Casey Smith 2710,Corporate,F,35-44,Dallas,South,USA,2019-09-18,Bronze,Mid,0,4
7711,Alex Green 2711,Consumer,M,35-44,Seattle,West,USA,2019-08-29,Bronze,Mid,0,2
7712,Skyler Johnson 2712,Small Business,NA,45-54,Phoenix,West,USA,2019-12-02,Silver,Lower-Mid,0,1
7713,Sam Hall 2713,Corporate,M,45-54,Miami,South,USA,2019-10-15,Silver,High,0,3
7714,Skyler Brown 2714,Consumer,F,25-34,New York,East,USA,2020-06-20,Gold,Mid,0,2
7715,Morgan Hall 2715,Consumer,M,25-34,Los Angeles,West,USA,2019-01-02,Gold,Low,0,2
7716,Alex Johnson 2716,Small Business,F,18-24,San Francisco,West,USA,2022-04-20,Gold,Upper-Mid,0,2
7717,Cameron Young 2717,Consumer,F,35-44,New York,East,USA,2025-10-24,Silver,Mid,0,1
7718,Sam Clark 2718,Consumer,F,35-44,Seattle,West,USA,2025-08-26,Bronze,High,0,2
7719,Logan Young 2719,Consumer,M,18-24,Los Angeles,West,USA,2019-02-01,Silver,Mid,0,2
7720,Logan Scott 2720,Small Business,NA,55+,Houston,South,USA,2023-02-06,Bronze,High,1,2
7721,Morgan Brown 2721,Home Office,F,18-24,Detroit,North,USA,2021-03-08,Bronze,Mid,0,4
7722,Alex Scott 2722,Consumer,F,35-44,Minneapolis,North,USA,2019-10-27,Platinum,Mid,0,2
7723,Avery Davis 2723,Consumer,NA,18-24,Washington,East,USA,2023-06-25,Bronze,Upper-Mid,0,4
7724,Jamie Lee 2724,Small Business,NA,18-24,Miami,South,USA,2021-07-29,Platinum,High,1,3
7725,Rowan Johnson 2725,Consumer,F,18-24,Cleveland,North,USA,2025-03-20,Silver,Upper-Mid,0,1
7726,Taylor Scott 2726,Corporate,NA,45-54,Chicago,North,USA,2021-07-31,Gold,Mid,1,1
7727,Skyler Scott 2727,Consumer,NA,35-44,Detroit,North,USA,2024-07-21,Silver,High,0,1
7728,Riley Scott 2728,Consumer,NA,25-34,Houston,South,USA,2023-10-30,Silver,Mid,0,2
7729,Jamie Lewis 2729,Small Business,NA,18-24,Chicago,North,USA,2023-07-16,Gold,Low,0,1
7730,Logan Smith 2730,Consumer,F,45-54,Dallas,South,USA,2019-01-25,Silver,Mid,0,1
7731,Jamie Wright 2731,Consumer,M,45-54,Chicago,North,USA,2025-01-25,Gold,Upper-Mid,0,2
7732,Logan Hall 2732,Consumer,F,25-34,Minneapolis,North,USA,2025-04-28,Bronze,Lower-Mid,0,4
7733,Rowan Wright 2733,Consumer,NA,25-34,Cleveland,North,USA,2024-08-16,Bronze,Upper-Mid,0,2
7734,Casey Allen 2734,Consumer,NA,25-34,Seattle,West,USA,2025-02-15,Platinum,Lower-Mid,0,2
7735,Riley Johnson 2735,Consumer,M,25-34,Seattle,West,USA,2019-03-07,Bronze,Mid,0,4
7736,Drew Brown 2736,Consumer,NA,45-54,Phoenix,West,USA,2024-12-25,Bronze,Mid,0,2
7737,Jordan Lewis 2737,Consumer,M,35-44,Minneapolis,North,USA,2024-11-18,Platinum,Mid,0,2
7738,Sam Allen 2738,Small Business,F,25-34,Washington,East,USA,2023-05-06,Bronze,Upper-Mid,1,1
7739,Jamie Hall 2739,Consumer,M,25-34,Phoenix,West,USA,2021-02-15,Bronze,Mid,0,1
7740,Alex Johnson 2740,Consumer,M,25-34,Phoenix,West,USA,2020-10-06,Gold,Upper-Mid,0,3
7741,Cameron Clark 2741,Consumer,M,55+,New York,East,USA,2021-04-24,Bronze,High,0,1
7742,Sam Lee 2742,Home Office,M,45-54,Boston,East,USA,2023-05-18,Gold,Low,0,1
7743,Avery Lee 2743,Small Business,F,25-34,Washington,East,USA,2019-08-20,Bronze,Lower-Mid,1,4
7744,Jordan Brown 2744,Consumer,NA,18-24,Atlanta,South,USA,2022-01-19,Bronze,Mid,0,1
7745,Morgan Lee 2745,Corporate,F,45-54,Atlanta,South,USA,2020-05-21,Bronze,Low,0,4
7746,Morgan King 2746,Small Business,F,45-54,Philadelphia,East,USA,2022-02-09,Platinum,Mid,0,4
7747,Cameron Wright 2747,Consumer,F,35-44,San Francisco,West,USA,2024-03-22,Gold,Mid,0,3
7748,Taylor Johnson 2748,Consumer,F,25-34,Atlanta,South,USA,2024-12-14,Bronze,Low,0,2
7749,Alex Wright 2749,Corporate,NA,35-44,Chicago,North,USA,2020-09-08,Gold,Lower-Mid,1,4
7750,Sam Hall 2750,Corporate,M,35-44,San Francisco,West,USA,2022-03-02,Gold,Upper-Mid,1,2
7751,Logan Walker 2751,Consumer,NA,25-34,Boston,East,USA,2022-06-27,Bronze,Lower-Mid,0,2
7752,Cameron Walker 2752,Consumer,NA,35-44,Atlanta,South,USA,2021-02-03,Silver,Lower-Mid,0,4
7753,Parker King 2753,Consumer,NA,25-34,Philadelphia,East,USA,2024-04-16,Bronze,High,0,2
7754,Casey King 2754,Consumer,F,35-44,Phoenix,West,USA,2025-01-22,Silver,Mid,0,1
7755,Taylor Smith 2755,Small Business,NA,35-44,Los Angeles,West,USA,2021-04-30,Bronze,Upper-Mid,0,4
7756,Logan Wright 2756,Consumer,NA,25-34,Boston,East,USA,2020-06-09,Bronze,Mid,0,2
7757,Riley Brown 2757,Consumer,F,35-44,New York,East,USA,2020-05-13,Bronze,Mid,0,1
7758,Logan Scott 2758,Consumer,NA,25-34,Philadelphia,East,USA,2022-06-06,Bronze,Mid,0,1
7759,Logan Allen 2759,Consumer,M,18-24,Houston,South,USA,2020-05-16,Silver,Mid,0,1
7760,Cameron Walker 2760,Small Business,F,35-44,Atlanta,South,USA,2024-03-29,Bronze,Low,0,1
7761,Skyler Allen 2761,Consumer,M,25-34,Boston,East,USA,2025-02-01,Gold,Upper-Mid,0,2
7762,Avery Hall 2762,Small Business,M,18-24,Chicago,North,USA,2020-06-19,Bronze,Mid,0,2
7763,Cameron Brown 2763,Consumer,NA,25-34,Miami,South,USA,2022-03-27,Silver,Low,0,4
7764,Taylor Brown 2764,Consumer,NA,25-34,Dallas,South,USA,2025-03-30,Bronze,Upper-Mid,0,1
7765,Riley King 2765,Corporate,NA,55+,San Francisco,West,USA,2024-11-21,Bronze,Mid,1,2
7766,Alex Brown 2766,Consumer,M,25-34,Seattle,West,USA,2022-12-17,Silver,Low,0,4
7767,Parker Scott 2767,Consumer,F,25-34,San Francisco,West,USA,2021-01-11,Gold,Mid,0,1
7768,Parker Lee 2768,Small Business,M,35-44,Miami,South,USA,2021-12-07,Gold,Lower-Mid,0,3
7769,Cameron Davis 2769,Small Business,NA,45-54,Houston,South,USA,2025-07-29,Platinum,Mid,0,3
7770,Casey Smith 2770,Corporate,M,35-44,Phoenix,West,USA,2021-08-06,Bronze,Lower-Mid,1,1
7771,Parker Johnson 2771,Corporate,F,55+,Philadelphia,East,USA,2022-06-20,Platinum,Upper-Mid,1,1
7772,Drew Lewis 2772,Consumer,NA,25-34,Boston,East,USA,2025-04-01,Silver,Mid,0,2
7773,Riley Young 2773,Small Business,NA,18-24,Boston,East,USA,2023-08-10,Gold,Mid,1,3
7774,Skyler Brown 2774,Consumer,M,35-44,Philadelphia,East,USA,2021-03-19,Platinum,Lower-Mid,0,4
7775,Avery Lee 2775,Consumer,M,25-34,Miami,South,USA,2023-10-18,Silver,Mid,0,2
7776,Casey Johnson 2776,Small Business,F,45-54,Atlanta,South,USA,2022-06-18,Bronze,Lower-Mid,1,2
7777,Rowan Hall 2777,Home Office,M,25-34,Dallas,South,USA,2024-07-05,Gold,Lower-Mid,0,2
7778,Jordan Clark 2778,Small Business,F,18-24,Cleveland,North,USA,2019-11-04,Bronze,Mid,1,2
7779,Jamie Brown 2779,Consumer,M,55+,Minneapolis,North,USA,2024-08-07,Silver,Upper-Mid,0,1
7780,Jamie Hall 2780,Consumer,M,18-24,Chicago,North,USA,2023-04-24,Gold,High,0,1
7781,Rowan Wright 2781,Consumer,NA,35-44,Los Angeles,West,USA,2020-01-02,Bronze,High,0,1
7782,Skyler Lewis 2782,Consumer,M,35-44,Cleveland,North,USA,2023-05-05,Silver,High,0,2
7783,Taylor Wright 2783,Consumer,F,35-44,Los Angeles,West,USA,2023-11-06,Bronze,Mid,0,1
7784,Cameron Davis 2784,Home Office,M,35-44,Phoenix,West,USA,2024-04-04,Bronze,Upper-Mid,0,2
7785,Taylor Wright 2785,Corporate,M,35-44,Washington,East,USA,2020-04-30,Bronze,Lower-Mid,1,1
7786,Logan Lee 2786,Consumer,NA,45-54,Phoenix,West,USA,2023-08-22,Bronze,High,0,2
7787,Jamie Hall 2787,Consumer,NA,35-44,Washington,East,USA,2023-09-17,Gold,Low,0,3
7788,Sam Hall 2788,Consumer,M,55+,Washington,East,USA,2024-05-15,Gold,Upper-Mid,0,3
7789,Cameron Brown 2789,Home Office,M,25-34,Boston,East,USA,2024-07-25,Bronze,Mid,0,1
7790,Cameron Wright 2790,Corporate,M,35-44,Phoenix,West,USA,2021-12-16,Gold,Mid,1,2
7791,Jamie Johnson 2791,Home Office,M,25-34,Philadelphia,East,USA,2021-09-04,Bronze,Mid,0,1
7792,Taylor Davis 2792,Small Business,F,45-54,New York,East,USA,2021-09-15,Silver,Lower-Mid,1,2
7793,Morgan Young 2793,Consumer,NA,25-34,Washington,East,USA,2019-04-21,Bronze,Upper-Mid,0,2
7794,Sam Brown 2794,Consumer,NA,25-34,Cleveland,North,USA,2024-12-25,Bronze,Mid,0,1
7795,Casey Davis 2795,Consumer,NA,35-44,Detroit,North,USA,2022-02-07,Gold,Low,0,1
7796,Cameron Davis 2796,Home Office,F,25-34,Dallas,South,USA,2023-05-02,Bronze,Upper-Mid,0,2
7797,Logan King 2797,Consumer,F,25-34,Minneapolis,North,USA,2024-10-16,Bronze,Mid,0,2
7798,Riley Green 2798,Consumer,M,35-44,San Francisco,West,USA,2023-10-16,Bronze,High,0,3
7799,Morgan Brown 2799,Small Business,F,55+,Phoenix,West,USA,2021-03-16,Gold,Mid,1,1
7800,Logan Allen 2800,Small Business,M,45-54,Dallas,South,USA,2019-10-13,Bronze,Low,0,2
7801,Jordan Young 2801,Small Business,NA,25-34,Cleveland,North,USA,2023-05-24,Bronze,Mid,1,2
7802,Morgan Scott 2802,Consumer,F,25-34,San Francisco,West,USA,2021-12-15,Bronze,Upper-Mid,0,2
7803,Avery Hall 2803,Small Business,NA,25-34,Philadelphia,East,USA,2022-10-30,Bronze,Upper-Mid,1,3
7804,Logan Walker 2804,Consumer,F,45-54,Miami,South,USA,2024-12-02,Silver,Mid,0,2
7805,Cameron King 2805,Corporate,NA,35-44,Los Angeles,West,USA,2020-05-05,Platinum,Mid,0,2
7806,Taylor Brown 2806,Corporate,M,35-44,Detroit,North,USA,2023-01-30,Silver,Mid,1,4
7807,Morgan Walker 2807,Home Office,M,55+,Detroit,North,USA,2024-01-01,Bronze,High,0,2
7808,Logan Smith 2808,Corporate,NA,45-54,Cleveland,North,USA,2023-07-15,Gold,Mid,1,3
7809,Avery Hall 2809,Consumer,F,45-54,New York,East,USA,2022-05-19,Silver,Upper-Mid,0,2
7810,Parker Scott 2810,Consumer,M,35-44,Dallas,South,USA,2023-11-08,Platinum,Lower-Mid,0,1
7811,Skyler Lee 2811,Small Business,M,25-34,Minneapolis,North,USA,2019-08-25,Silver,Lower-Mid,1,2
7812,Riley Brown 2812,Small Business,NA,55+,Miami,South,USA,2023-10-20,Silver,Mid,1,2
7813,Cameron Smith 2813,Home Office,NA,35-44,Philadelphia,East,USA,2025-06-03,Platinum,High,0,2
7814,Rowan Smith 2814,Home Office,M,35-44,Detroit,North,USA,2023-03-03,Silver,Upper-Mid,0,3
7815,Logan Smith 2815,Corporate,F,45-54,Miami,South,USA,2020-10-13,Bronze,High,0,1
7816,Alex Allen 2816,Consumer,F,55+,Phoenix,West,USA,2023-01-07,Gold,Mid,0,1
7817,Skyler Young 2817,Consumer,NA,18-24,Detroit,North,USA,2022-12-17,Bronze,Upper-Mid,0,1
7818,Taylor Smith 2818,Consumer,F,25-34,Miami,South,USA,2025-10-31,Bronze,Low,0,4
7819,Taylor Brown 2819,Consumer,F,35-44,New York,East,USA,2024-12-17,Bronze,Low,0,4
7820,Alex Davis 2820,Small Business,NA,55+,San Francisco,West,USA,2019-05-14,Silver,High,0,4
7821,Morgan Green 2821,Small Business,NA,25-34,Philadelphia,East,USA,2024-06-11,Silver,Upper-Mid,1,2
7822,Sam Young 2822,Small Business,NA,25-34,Atlanta,South,USA,2024-11-25,Gold,Mid,0,1
7823,Drew Lee 2823,Small Business,M,55+,Houston,South,USA,2020-06-22,Silver,Upper-Mid,0,2
7824,Rowan Lewis 2824,Corporate,NA,45-54,Philadelphia,East,USA,2019-11-21,Bronze,Lower-Mid,0,1
7825,Drew Scott 2825,Small Business,NA,25-34,Cleveland,North,USA,2022-05-27,Bronze,Mid,1,2
7826,Logan Davis 2826,Small Business,NA,35-44,New York,East,USA,2025-07-24,Gold,Upper-Mid,1,3
7827,Jamie Davis 2827,Consumer,F,25-34,Atlanta,South,USA,2022-09-23,Bronze,High,0,2
7828,Skyler King 2828,Small Business,F,25-34,Philadelphia,East,USA,2022-09-24,Silver,Low,0,3
7829,Logan Clark 2829,Consumer,M,35-44,Houston,South,USA,2024-01-26,Silver,High,0,1
7830,Jamie Johnson 2830,Consumer,F,25-34,Atlanta,South,USA,2024-01-07,Bronze,Lower-Mid,0,2
7831,Skyler Smith 2831,Corporate,F,35-44,Miami,South,USA,2022-03-13,Gold,Upper-Mid,1,1
7832,Riley Green 2832,Consumer,NA,45-54,Washington,East,USA,2020-03-08,Silver,Lower-Mid,0,2
7833,Avery Johnson 2833,Corporate,F,25-34,Washington,East,USA,2025-07-28,Bronze,High,1,3
7834,Jamie Wright 2834,Consumer,F,25-34,Phoenix,West,USA,2020-05-22,Gold,High,0,4
7835,Casey Clark 2835,Corporate,F,45-54,San Francisco,West,USA,2022-03-05,Gold,High,1,1
7836,Rowan Scott 2836,Home Office,F,18-24,Cleveland,North,USA,2022-03-04,Platinum,Lower-Mid,0,1
7837,Sam Green 2837,Consumer,M,55+,Philadelphia,East,USA,2021-02-06,Platinum,Mid,0,2
7838,Cameron Young 2838,Consumer,M,45-54,Houston,South,USA,2023-08-26,Silver,Low,0,3
7839,Logan King 2839,Consumer,NA,18-24,New York,East,USA,2024-08-21,Silver,Upper-Mid,0,1
7840,Cameron Clark 2840,Consumer,NA,35-44,Cleveland,North,USA,2022-08-08,Gold,Low,0,2
7841,Parker Lewis 2841,Consumer,F,45-54,San Francisco,West,USA,2021-09-20,Gold,Mid,0,2
7842,Alex Clark 2842,Home Office,M,45-54,New York,East,USA,2025-03-10,Bronze,Low,0,1
7843,Casey Davis 2843,Consumer,F,18-24,Houston,South,USA,2021-02-16,Silver,Upper-Mid,0,2
7844,Alex Lee 2844,Consumer,F,35-44,San Francisco,West,USA,2021-08-25,Silver,Mid,0,2
7845,Riley Walker 2845,Consumer,NA,18-24,Detroit,North,USA,2023-08-16,Gold,Mid,0,1
7846,Parker Brown 2846,Small Business,M,35-44,Boston,East,USA,2020-01-15,Bronze,Lower-Mid,1,2
7847,Drew Lewis 2847,Consumer,M,25-34,Seattle,West,USA,2019-05-03,Bronze,Mid,0,1
7848,Casey Lewis 2848,Corporate,F,35-44,Miami,South,USA,2022-09-02,Silver,Mid,1,2
7849,Taylor Davis 2849,Corporate,M,35-44,Philadelphia,East,USA,2019-12-28,Bronze,High,1,2
7850,Sam Clark 2850,Consumer,M,25-34,Boston,East,USA,2020-08-13,Bronze,Lower-Mid,0,4
7851,Skyler Wright 2851,Small Business,M,25-34,Los Angeles,West,USA,2025-08-10,Silver,Mid,1,2
7852,Skyler Wright 2852,Small Business,F,25-34,Detroit,North,USA,2020-07-12,Bronze,Mid,0,4
7853,Avery King 2853,Consumer,NA,45-54,Miami,South,USA,2019-08-07,Platinum,Mid,0,1
7854,Jamie Green 2854,Home Office,NA,55+,Phoenix,West,USA,2024-07-23,Silver,Low,0,1
7855,Rowan Wright 2855,Corporate,M,35-44,Philadelphia,East,USA,2024-01-15,Silver,Mid,1,3
7856,Parker Young 2856,Consumer,F,18-24,Washington,East,USA,2022-12-15,Bronze,Upper-Mid,0,1
7857,Riley Young 2857,Corporate,M,55+,Phoenix,West,USA,2021-12-17,Bronze,Mid,0,2
7858,Casey Clark 2858,Consumer,F,55+,Washington,East,USA,2021-11-03,Bronze,Low,0,1
7859,Jamie Johnson 2859,Consumer,M,25-34,Phoenix,West,USA,2021-10-19,Bronze,Mid,0,1
7860,Casey Clark 2860,Small Business,NA,18-24,New York,East,USA,2021-07-05,Bronze,Upper-Mid,1,2
7861,Drew Lee 2861,Home Office,NA,35-44,Boston,East,USA,2024-05-02,Gold,Mid,0,4
7862,Jamie King 2862,Corporate,F,45-54,Miami,South,USA,2020-06-11,Bronze,Mid,0,1
7863,Sam Lee 2863,Consumer,F,35-44,Cleveland,North,USA,2024-12-05,Bronze,Mid,0,3
7864,Skyler Smith 2864,Consumer,M,45-54,Washington,East,USA,2024-04-21,Bronze,Lower-Mid,0,2
7865,Logan Davis 2865,Home Office,F,25-34,Los Angeles,West,USA,2024-08-25,Gold,Low,0,4
7866,Cameron King 2866,Consumer,NA,25-34,Cleveland,North,USA,2021-06-23,Bronze,Low,0,2
7867,Parker Allen 2867,Consumer,M,25-34,Houston,South,USA,2021-04-03,Gold,Low,0,4
7868,Morgan Johnson 2868,Consumer,NA,25-34,Houston,South,USA,2022-03-01,Bronze,Low,0,2
7869,Alex Lee 2869,Consumer,F,25-34,Seattle,West,USA,2019-12-21,Platinum,High,0,1
7870,Riley Walker 2870,Small Business,M,25-34,Cleveland,North,USA,2020-09-05,Silver,High,1,2
7871,Taylor Walker 2871,Small Business,NA,25-34,Phoenix,West,USA,2019-02-01,Bronze,High,1,3
7872,Skyler Smith 2872,Consumer,M,35-44,Phoenix,West,USA,2019-11-08,Gold,High,0,1
7873,Jamie Allen 2873,Consumer,F,45-54,Cleveland,North,USA,2021-09-13,Bronze,Upper-Mid,0,2
7874,Drew Clark 2874,Consumer,M,35-44,Houston,South,USA,2025-07-14,Gold,High,0,4
7875,Alex Green 2875,Consumer,M,35-44,Seattle,West,USA,2021-02-10,Bronze,Low,0,2
7876,Casey Young 2876,Consumer,M,25-34,Detroit,North,USA,2024-12-04,Gold,Mid,0,2
7877,Alex Davis 2877,Consumer,F,45-54,Chicago,North,USA,2019-09-23,Bronze,Lower-Mid,0,2
7878,Morgan Brown 2878,Consumer,M,25-34,New York,East,USA,2023-02-04,Gold,Lower-Mid,0,2
7879,Jamie Wright 2879,Consumer,M,45-54,Dallas,South,USA,2021-03-03,Silver,Upper-Mid,0,1
7880,Riley Brown 2880,Consumer,M,55+,New York,East,USA,2019-05-16,Silver,Lower-Mid,0,3
7881,Jordan Scott 2881,Consumer,F,25-34,Minneapolis,North,USA,2020-11-25,Silver,Mid,0,3
7882,Rowan Scott 2882,Consumer,NA,25-34,Miami,South,USA,2024-12-07,Bronze,Mid,0,2
7883,Avery King 2883,Corporate,F,55+,Minneapolis,North,USA,2025-04-24,Bronze,Upper-Mid,0,1
7884,Skyler Johnson 2884,Small Business,M,35-44,Philadelphia,East,USA,2025-02-23,Bronze,Upper-Mid,0,2
7885,Alex Hall 2885,Corporate,NA,45-54,Seattle,West,USA,2021-11-21,Gold,Low,1,2
7886,Jamie Clark 2886,Small Business,NA,25-34,Philadelphia,East,USA,2023-02-18,Silver,Mid,1,4
7887,Casey Lee 2887,Corporate,F,35-44,New York,East,USA,2022-08-05,Silver,Mid,1,2
7888,Taylor Green 2888,Consumer,NA,35-44,Miami,South,USA,2019-09-23,Bronze,Mid,0,4
7889,Skyler Green 2889,Consumer,F,25-34,Chicago,North,USA,2019-01-14,Silver,Low,0,1
7890,Alex Smith 2890,Corporate,F,55+,Chicago,North,USA,2024-08-08,Silver,Mid,1,2
7891,Drew Walker 2891,Small Business,F,18-24,Phoenix,West,USA,2025-08-08,Silver,Upper-Mid,1,4
7892,Casey Young 2892,Corporate,NA,45-54,Chicago,North,USA,2025-09-23,Platinum,Lower-Mid,0,2
7893,Sam Lewis 2893,Home Office,NA,45-54,Atlanta,South,USA,2020-04-04,Platinum,Upper-Mid,0,1
7894,Sam Lewis 2894,Home Office,F,45-54,New York,East,USA,2025-05-19,Platinum,Mid,0,3
7895,Avery Clark 2895,Consumer,F,25-34,Atlanta,South,USA,2021-12-24,Gold,Upper-Mid,0,2
7896,Jordan Hall 2896,Consumer,F,45-54,San Francisco,West,USA,2024-06-30,Gold,Lower-Mid,0,2
7897,Morgan Clark 2897,Consumer,NA,55+,Washington,East,USA,2022-09-26,Silver,Lower-Mid,0,2
7898,Skyler Walker 2898,Corporate,F,25-34,Washington,East,USA,2020-08-15,Gold,Upper-Mid,1,1
7899,Skyler Johnson 2899,Consumer,F,25-34,Seattle,West,USA,2024-07-03,Bronze,Low,0,2
7900,Rowan Smith 2900,Consumer,F,35-44,Houston,South,USA,2021-10-01,Gold,Mid,0,1
7901,Parker Wright 2901,Consumer,NA,45-54,Washington,East,USA,2024-05-09,Bronze,Lower-Mid,0,3
7902,Alex Lee 2902,Corporate,NA,35-44,Miami,South,USA,2025-02-26,Platinum,Lower-Mid,1,1
7903,Rowan Allen 2903,Corporate,F,25-34,Miami,South,USA,2023-02-17,Bronze,Lower-Mid,1,3
7904,Rowan Walker 2904,Consumer,NA,25-34,Houston,South,USA,2019-02-03,Gold,Mid,0,1
7905,Rowan Young 2905,Small Business,F,25-34,Seattle,West,USA,2024-05-29,Silver,Mid,1,3
7906,Jordan Green 2906,Consumer,F,35-44,Cleveland,North,USA,2021-05-17,Bronze,Lower-Mid,0,2
7907,Avery Clark 2907,Corporate,F,45-54,Chicago,North,USA,2020-07-30,Gold,Mid,0,1
7908,Jamie Scott 2908,Consumer,M,35-44,Detroit,North,USA,2022-12-14,Platinum,Lower-Mid,0,2
7909,Casey Hall 2909,Corporate,M,55+,Houston,South,USA,2024-03-01,Platinum,Upper-Mid,1,1
7910,Cameron Allen 2910,Consumer,NA,55+,Seattle,West,USA,2021-12-25,Gold,Low,0,2
7911,Avery Wright 2911,Consumer,NA,35-44,Minneapolis,North,USA,2021-12-02,Silver,Lower-Mid,0,3
7912,Alex Johnson 2912,Home Office,NA,45-54,Dallas,South,USA,2024-08-30,Silver,Mid,0,2
7913,Logan Scott 2913,Home Office,NA,35-44,Detroit,North,USA,2023-02-23,Silver,High,0,1
7914,Sam King 2914,Consumer,M,18-24,New York,East,USA,2021-02-11,Bronze,Mid,0,1
7915,Cameron Green 2915,Consumer,NA,25-34,Cleveland,North,USA,2021-02-06,Bronze,High,0,4
7916,Alex Green 2916,Home Office,F,55+,Washington,East,USA,2021-08-02,Bronze,Lower-Mid,0,2
7917,Skyler Davis 2917,Corporate,F,35-44,Houston,South,USA,2019-12-08,Gold,Lower-Mid,0,1
7918,Logan Allen 2918,Home Office,M,45-54,Los Angeles,West,USA,2021-11-27,Silver,Low,0,2
7919,Morgan Green 2919,Small Business,NA,35-44,Los Angeles,West,USA,2019-11-12,Bronze,Mid,1,1
7920,Riley Young 2920,Consumer,NA,18-24,Atlanta,South,USA,2020-12-27,Bronze,Lower-Mid,0,1
7921,Jordan Lewis 2921,Consumer,NA,18-24,Cleveland,North,USA,2025-10-23,Bronze,Lower-Mid,0,3
7922,Morgan Young 2922,Consumer,F,25-34,Philadelphia,East,USA,2023-01-13,Gold,Low,0,2
7923,Jamie Wright 2923,Home Office,M,35-44,Minneapolis,North,USA,2023-12-05,Silver,Low,0,2
7924,Jamie Clark 2924,Corporate,F,45-54,San Francisco,West,USA,2022-05-30,Silver,Lower-Mid,1,4
7925,Skyler Green 2925,Consumer,NA,25-34,Minneapolis,North,USA,2020-04-07,Bronze,Lower-Mid,0,3
7926,Casey Green 2926,Corporate,NA,35-44,Atlanta,South,USA,2025-07-05,Bronze,Upper-Mid,1,1
7927,Alex Johnson 2927,Small Business,M,25-34,Detroit,North,USA,2019-06-25,Bronze,Mid,1,1
7928,Parker Hall 2928,Corporate,NA,25-34,Washington,East,USA,2023-01-30,Silver,Mid,1,1
7929,Casey Walker 2929,Consumer,NA,25-34,Dallas,South,USA,2025-10-20,Platinum,High,0,1
7930,Sam Brown 2930,Home Office,F,45-54,New York,East,USA,2025-04-11,Silver,Upper-Mid,0,1
7931,Morgan Johnson 2931,Small Business,M,25-34,Minneapolis,North,USA,2024-12-25,Gold,Upper-Mid,0,1
7932,Taylor Green 2932,Small Business,NA,55+,New York,East,USA,2021-10-28,Silver,High,1,1
7933,Taylor Clark 2933,Consumer,F,55+,Houston,South,USA,2021-11-02,Bronze,Mid,0,2
7934,Alex Davis 2934,Consumer,F,35-44,Cleveland,North,USA,2021-03-21,Silver,Mid,0,2
7935,Cameron Walker 2935,Small Business,M,18-24,Phoenix,West,USA,2025-01-17,Gold,Upper-Mid,1,4
7936,Sam Lee 2936,Consumer,M,45-54,Chicago,North,USA,2019-08-01,Bronze,Upper-Mid,0,2
7937,Rowan Scott 2937,Consumer,NA,45-54,New York,East,USA,2024-07-12,Platinum,Lower-Mid,0,3
7938,Casey Clark 2938,Consumer,M,55+,Atlanta,South,USA,2023-11-25,Gold,Mid,0,2
7939,Drew Lewis 2939,Consumer,NA,55+,Houston,South,USA,2021-08-16,Silver,Lower-Mid,0,1
7940,Parker Allen 2940,Small Business,F,55+,Detroit,North,USA,2021-02-24,Platinum,Mid,1,2
7941,Jamie Green 2941,Consumer,F,25-34,Los Angeles,West,USA,2021-08-09,Bronze,High,0,3
7942,Skyler Clark 2942,Consumer,NA,25-34,Dallas,South,USA,2019-11-27,Gold,Mid,0,2
7943,Riley King 2943,Consumer,M,45-54,Detroit,North,USA,2022-11-18,Bronze,Mid,0,4
7944,Alex King 2944,Consumer,NA,35-44,Cleveland,North,USA,2022-05-03,Silver,Mid,0,2
7945,Avery Lewis 2945,Small Business,NA,25-34,San Francisco,West,USA,2023-08-26,Bronze,Low,1,1
7946,Logan Scott 2946,Consumer,M,35-44,Philadelphia,East,USA,2023-01-10,Bronze,Lower-Mid,0,4
7947,Drew Scott 2947,Consumer,F,45-54,Philadelphia,East,USA,2022-09-03,Silver,Mid,0,1
7948,Sam Johnson 2948,Corporate,NA,45-54,San Francisco,West,USA,2020-02-12,Bronze,Mid,1,1
7949,Logan Clark 2949,Consumer,NA,35-44,Miami,South,USA,2022-10-04,Gold,Lower-Mid,0,2
7950,Riley Lee 2950,Consumer,M,45-54,San Francisco,West,USA,2024-06-17,Gold,Upper-Mid,0,2
7951,Drew Young 2951,Small Business,F,25-34,Detroit,North,USA,2025-02-10,Bronze,Mid,1,4
7952,Riley Young 2952,Home Office,M,45-54,Atlanta,South,USA,2022-08-04,Gold,High,0,1
7953,Skyler Lewis 2953,Small Business,F,45-54,Miami,South,USA,2024-08-01,Gold,Lower-Mid,0,2
7954,Jordan Green 2954,Home Office,F,55+,Houston,South,USA,2024-08-25,Silver,High,0,1
7955,Skyler Green 2955,Small Business,M,35-44,Seattle,West,USA,2019-04-18,Bronze,Upper-Mid,1,2
7956,Riley Hall 2956,Small Business,M,45-54,Detroit,North,USA,2019-06-03,Platinum,Lower-Mid,1,1
7957,Avery Smith 2957,Consumer,F,35-44,New York,East,USA,2023-09-28,Bronze,Mid,0,2
7958,Jordan Davis 2958,Consumer,NA,35-44,San Francisco,West,USA,2024-05-12,Gold,Upper-Mid,0,1
7959,Rowan Davis 2959,Consumer,NA,35-44,Dallas,South,USA,2021-05-22,Gold,Lower-Mid,0,1
7960,Drew Smith 2960,Consumer,F,25-34,Cleveland,North,USA,2023-06-07,Bronze,Low,0,1
7961,Sam Clark 2961,Consumer,NA,35-44,Dallas,South,USA,2022-05-27,Bronze,Upper-Mid,0,3
7962,Skyler Clark 2962,Corporate,M,45-54,Houston,South,USA,2024-03-16,Bronze,Low,1,3
7963,Avery King 2963,Consumer,M,55+,Phoenix,West,USA,2019-09-18,Bronze,Mid,0,2
7964,Jordan Hall 2964,Corporate,NA,25-34,Houston,South,USA,2024-02-13,Silver,Upper-Mid,0,2
7965,Jordan Allen 2965,Consumer,M,25-34,Dallas,South,USA,2024-08-15,Silver,Mid,0,3
7966,Parker Hall 2966,Consumer,NA,18-24,San Francisco,West,USA,2025-06-28,Silver,Upper-Mid,0,3
7967,Logan Johnson 2967,Corporate,M,55+,Detroit,North,USA,2022-07-30,Silver,Mid,1,1
7968,Jamie Lee 2968,Corporate,F,25-34,Boston,East,USA,2022-02-16,Gold,Mid,1,2
7969,Sam Davis 2969,Corporate,F,55+,Los Angeles,West,USA,2021-07-22,Silver,Upper-Mid,1,1
7970,Jordan Wright 2970,Home Office,M,25-34,Cleveland,North,USA,2025-04-08,Silver,Lower-Mid,0,2
7971,Sam King 2971,Corporate,M,45-54,Philadelphia,East,USA,2022-08-02,Bronze,High,1,2
7972,Parker Scott 2972,Consumer,NA,35-44,Phoenix,West,USA,2025-08-04,Platinum,Lower-Mid,0,2
7973,Alex King 2973,Small Business,F,35-44,Dallas,South,USA,2020-07-26,Silver,Low,0,3
7974,Jordan Johnson 2974,Small Business,F,25-34,Washington,East,USA,2020-03-08,Silver,Mid,1,2
7975,Alex King 2975,Home Office,M,35-44,New York,East,USA,2023-08-02,Silver,Mid,0,1
7976,Taylor Wright 2976,Home Office,M,25-34,Boston,East,USA,2024-07-31,Bronze,Lower-Mid,0,2
7977,Alex Johnson 2977,Consumer,NA,35-44,Los Angeles,West,USA,2019-02-26,Bronze,Lower-Mid,0,2
7978,Morgan Wright 2978,Corporate,F,35-44,Minneapolis,North,USA,2020-07-05,Bronze,Mid,1,2
7979,Logan Young 2979,Corporate,F,45-54,Seattle,West,USA,2019-08-22,Bronze,High,1,1
7980,Cameron King 2980,Corporate,NA,55+,Phoenix,West,USA,2025-06-06,Bronze,Mid,1,1
7981,Jordan Johnson 2981,Small Business,NA,25-34,Minneapolis,North,USA,2020-01-17,Silver,Upper-Mid,0,1
7982,Jamie Lewis 2982,Home Office,M,18-24,Minneapolis,North,USA,2020-05-25,Bronze,Mid,0,1
7983,Riley Brown 2983,Consumer,M,25-34,Los Angeles,West,USA,2020-09-25,Bronze,Mid,0,2
7984,Logan Wright 2984,Home Office,NA,25-34,New York,East,USA,2023-04-06,Bronze,Low,0,2
7985,Drew Clark 2985,Consumer,M,18-24,Houston,South,USA,2019-09-30,Bronze,Upper-Mid,0,4
7986,Avery Johnson 2986,Consumer,F,45-54,Dallas,South,USA,2025-07-16,Bronze,Upper-Mid,0,2
7987,Rowan Davis 2987,Consumer,M,25-34,Houston,South,USA,2023-10-03,Gold,Mid,0,4
7988,Parker Davis 2988,Small Business,NA,25-34,Atlanta,South,USA,2023-10-05,Bronze,Upper-Mid,0,2
7989,Casey Wright 2989,Small Business,NA,18-24,Philadelphia,East,USA,2022-02-01,Gold,Lower-Mid,0,3
7990,Taylor King 2990,Consumer,NA,35-44,Boston,East,USA,2019-09-03,Silver,Lower-Mid,0,2
7991,Morgan Lee 2991,Consumer,F,25-34,New York,East,USA,2023-02-26,Silver,Upper-Mid,0,2
7992,Taylor Hall 2992,Small Business,NA,18-24,Atlanta,South,USA,2019-04-25,Platinum,Mid,0,2
7993,Sam Davis 2993,Small Business,M,55+,Cleveland,North,USA,2023-01-06,Bronze,Upper-Mid,1,2
7994,Riley Allen 2994,Small Business,M,25-34,Philadelphia,East,USA,2025-08-02,Bronze,Lower-Mid,0,1
7995,Parker Scott 2995,Consumer,NA,55+,Los Angeles,West,USA,2023-05-18,Bronze,Mid,0,4
7996,Logan Brown 2996,Small Business,M,35-44,Seattle,West,USA,2021-07-22,Gold,Upper-Mid,1,4
7997,Jordan Lee 2997,Consumer,F,18-24,Washington,East,USA,2021-11-07,Bronze,Lower-Mid,0,2
7998,Alex Johnson 2998,Corporate,M,18-24,Boston,East,USA,2021-06-30,Bronze,Mid,0,1
7999,Sam Young 2999,Home Office,F,45-54,Miami,South,USA,2022-04-30,Bronze,Mid,0,3
8000,Rowan Scott 3000,Consumer,F,45-54,Houston,South,USA,2025-07-22,Bronze,Mid,0,2
8001,Avery Hall 3001,Home Office,NA,25-34,Philadelphia,East,USA,2021-09-21,Silver,Upper-Mid,0,2
8002,Sam Green 3002,Small Business,M,35-44,Washington,East,USA,2022-12-22,Gold,Mid,1,2
8003,Morgan King 3003,Consumer,F,35-44,Detroit,North,USA,2022-03-25,Silver,Upper-Mid,0,3
8004,Taylor Scott 3004,Consumer,F,55+,Los Angeles,West,USA,2022-02-20,Platinum,Lower-Mid,0,2
8005,Cameron Lee 3005,Small Business,M,25-34,Miami,South,USA,2024-03-05,Silver,Upper-Mid,1,3
8006,Cameron Lewis 3006,Consumer,M,35-44,New York,East,USA,2020-02-11,Bronze,Mid,0,1
8007,Sam Smith 3007,Home Office,F,45-54,Chicago,North,USA,2020-06-21,Silver,Mid,0,1
8008,Taylor Wright 3008,Corporate,NA,55+,Philadelphia,East,USA,2020-07-06,Silver,High,1,2
8009,Morgan Clark 3009,Consumer,NA,25-34,Boston,East,USA,2021-07-27,Gold,High,0,2
8010,Morgan Allen 3010,Consumer,M,45-54,Miami,South,USA,2025-06-27,Bronze,Upper-Mid,0,2
8011,Alex Walker 3011,Consumer,M,45-54,Chicago,North,USA,2019-10-05,Bronze,Upper-Mid,0,2
8012,Cameron Scott 3012,Home Office,M,25-34,Phoenix,West,USA,2024-07-27,Bronze,High,0,2
8013,Alex Hall 3013,Consumer,NA,35-44,Chicago,North,USA,2019-09-26,Silver,Lower-Mid,0,2
8014,Morgan Scott 3014,Consumer,F,35-44,New York,East,USA,2021-07-21,Bronze,Lower-Mid,0,2
8015,Jamie Davis 3015,Home Office,NA,25-34,Atlanta,South,USA,2020-10-16,Silver,Mid,0,4
8016,Casey Hall 3016,Consumer,NA,18-24,New York,East,USA,2025-10-24,Bronze,Lower-Mid,0,1
8017,Logan Johnson 3017,Small Business,NA,35-44,Los Angeles,West,USA,2022-02-17,Bronze,Lower-Mid,1,2
8018,Morgan Johnson 3018,Consumer,M,45-54,Los Angeles,West,USA,2024-10-14,Gold,High,0,1
8019,Alex Brown 3019,Small Business,F,25-34,Washington,East,USA,2025-03-06,Silver,Low,1,1
8020,Alex Lee 3020,Consumer,NA,25-34,New York,East,USA,2021-06-24,Platinum,Low,0,2
8021,Parker King 3021,Corporate,M,25-34,Phoenix,West,USA,2025-01-25,Bronze,High,1,2
8022,Riley Allen 3022,Consumer,M,25-34,Minneapolis,North,USA,2021-10-13,Silver,Mid,0,2
8023,Casey Clark 3023,Consumer,F,35-44,Miami,South,USA,2020-05-26,Bronze,Mid,0,1
8024,Sam Green 3024,Small Business,F,35-44,Atlanta,South,USA,2021-11-27,Platinum,Lower-Mid,1,2
8025,Morgan Scott 3025,Corporate,NA,55+,Atlanta,South,USA,2020-03-12,Silver,Upper-Mid,1,3
8026,Alex Walker 3026,Consumer,NA,55+,Phoenix,West,USA,2025-04-11,Silver,Upper-Mid,0,2
8027,Skyler Johnson 3027,Consumer,F,18-24,Philadelphia,East,USA,2023-11-24,Silver,Lower-Mid,0,2
8028,Rowan Allen 3028,Corporate,M,35-44,Cleveland,North,USA,2022-07-22,Bronze,Mid,0,1
8029,Riley Clark 3029,Consumer,NA,35-44,Dallas,South,USA,2024-11-06,Platinum,High,0,1
8030,Riley Walker 3030,Consumer,F,25-34,Miami,South,USA,2024-05-30,Silver,Lower-Mid,0,2
8031,Skyler Lee 3031,Consumer,M,55+,Seattle,West,USA,2025-08-11,Bronze,Low,0,4
8032,Morgan Clark 3032,Consumer,M,18-24,Houston,South,USA,2023-01-31,Silver,Mid,0,1
8033,Alex Smith 3033,Small Business,NA,45-54,Detroit,North,USA,2024-02-19,Silver,Upper-Mid,1,2
8034,Riley Lee 3034,Consumer,M,45-54,Boston,East,USA,2023-04-09,Bronze,Mid,0,3
8035,Logan Hall 3035,Home Office,F,25-34,Minneapolis,North,USA,2025-10-17,Bronze,High,0,1
8036,Morgan Scott 3036,Small Business,NA,25-34,New York,East,USA,2021-02-13,Bronze,Mid,1,4
8037,Logan Walker 3037,Small Business,F,45-54,Washington,East,USA,2019-06-28,Silver,Low,0,2
8038,Avery Smith 3038,Consumer,F,45-54,Boston,East,USA,2025-08-18,Bronze,Upper-Mid,0,2
8039,Parker Walker 3039,Consumer,F,35-44,Philadelphia,East,USA,2023-04-12,Bronze,High,0,2
8040,Cameron Walker 3040,Home Office,NA,35-44,Dallas,South,USA,2022-05-18,Gold,Upper-Mid,0,1
8041,Parker Lee 3041,Consumer,M,45-54,Washington,East,USA,2024-08-07,Bronze,Lower-Mid,0,2
8042,Riley Johnson 3042,Corporate,NA,45-54,Boston,East,USA,2024-08-22,Silver,Lower-Mid,0,1
8043,Taylor Brown 3043,Corporate,NA,25-34,Dallas,South,USA,2025-07-25,Gold,Mid,1,4
8044,Alex Smith 3044,Corporate,M,45-54,Minneapolis,North,USA,2020-05-18,Bronze,High,1,1
8045,Sam Lewis 3045,Home Office,M,55+,Philadelphia,East,USA,2024-06-01,Bronze,Upper-Mid,0,2
8046,Casey Lewis 3046,Corporate,F,25-34,Cleveland,North,USA,2023-09-07,Silver,Upper-Mid,1,4
8047,Rowan Lewis 3047,Consumer,M,55+,Seattle,West,USA,2024-01-18,Gold,Mid,0,2
8048,Drew Davis 3048,Consumer,M,55+,Phoenix,West,USA,2019-07-11,Silver,Lower-Mid,0,2
8049,Riley Clark 3049,Corporate,M,55+,Boston,East,USA,2019-10-17,Silver,Low,1,2
8050,Parker Walker 3050,Corporate,F,35-44,San Francisco,West,USA,2022-05-10,Gold,Lower-Mid,0,1
8051,Skyler Lee 3051,Consumer,NA,45-54,New York,East,USA,2024-03-29,Gold,Lower-Mid,0,2
8052,Logan Walker 3052,Consumer,F,25-34,New York,East,USA,2023-11-04,Bronze,Low,0,1
8053,Morgan Johnson 3053,Consumer,NA,45-54,Minneapolis,North,USA,2025-05-10,Gold,Lower-Mid,0,3
8054,Logan Scott 3054,Home Office,NA,25-34,Chicago,North,USA,2019-03-29,Silver,Lower-Mid,0,2
8055,Taylor King 3055,Consumer,M,25-34,Washington,East,USA,2025-05-21,Silver,Lower-Mid,0,1
8056,Sam Walker 3056,Home Office,NA,55+,Phoenix,West,USA,2021-05-14,Bronze,High,0,4
8057,Jordan Young 3057,Small Business,F,25-34,Miami,South,USA,2023-06-16,Platinum,High,1,4
8058,Jamie Hall 3058,Small Business,M,35-44,Atlanta,South,USA,2019-10-07,Silver,Mid,0,4
8059,Skyler Allen 3059,Corporate,NA,35-44,Los Angeles,West,USA,2020-03-30,Gold,High,1,1
8060,Casey King 3060,Corporate,F,35-44,Seattle,West,USA,2023-05-31,Gold,Mid,1,1
8061,Skyler Walker 3061,Consumer,F,25-34,New York,East,USA,2025-05-01,Gold,Mid,0,4
8062,Cameron Scott 3062,Consumer,M,45-54,Chicago,North,USA,2025-10-21,Gold,Mid,0,4
8063,Morgan Hall 3063,Small Business,NA,35-44,Boston,East,USA,2020-02-18,Platinum,Lower-Mid,1,2
8064,Cameron Clark 3064,Corporate,NA,45-54,Chicago,North,USA,2020-12-03,Gold,Upper-Mid,1,2
8065,Casey Clark 3065,Consumer,M,25-34,Houston,South,USA,2021-08-23,Silver,High,0,2
8066,Taylor Lewis 3066,Consumer,F,25-34,Atlanta,South,USA,2025-01-14,Bronze,Lower-Mid,0,1
8067,Drew Allen 3067,Consumer,NA,45-54,Seattle,West,USA,2019-09-26,Silver,Upper-Mid,0,1
8068,Sam Smith 3068,Consumer,M,25-34,Philadelphia,East,USA,2019-03-01,Gold,Upper-Mid,0,1
8069,Drew Allen 3069,Consumer,NA,55+,Houston,South,USA,2025-05-03,Silver,Mid,0,1
8070,Logan Brown 3070,Consumer,F,18-24,New York,East,USA,2019-02-19,Silver,Low,0,2
8071,Morgan Green 3071,Small Business,F,45-54,Atlanta,South,USA,2024-06-25,Silver,Mid,1,2
8072,Avery Lee 3072,Consumer,M,25-34,Washington,East,USA,2021-07-11,Bronze,Lower-Mid,0,4
8073,Taylor Green 3073,Home Office,M,25-34,Washington,East,USA,2020-03-09,Bronze,Mid,0,2
8074,Jamie Smith 3074,Consumer,F,55+,Atlanta,South,USA,2022-11-17,Bronze,Mid,0,1
8075,Skyler Smith 3075,Corporate,M,25-34,Boston,East,USA,2025-01-19,Platinum,Mid,1,1
8076,Morgan King 3076,Consumer,NA,18-24,Washington,East,USA,2020-06-23,Silver,Mid,0,1
8077,Jordan Lee 3077,Corporate,M,25-34,Los Angeles,West,USA,2021-09-19,Silver,Upper-Mid,1,2
8078,Jordan Wright 3078,Small Business,NA,18-24,Minneapolis,North,USA,2021-02-04,Platinum,Low,1,2
8079,Jamie Davis 3079,Consumer,M,25-34,New York,East,USA,2021-10-25,Gold,Mid,0,1
8080,Skyler Wright 3080,Small Business,M,35-44,Houston,South,USA,2021-11-01,Bronze,Upper-Mid,1,2
8081,Taylor Green 3081,Corporate,M,25-34,Cleveland,North,USA,2024-08-10,Bronze,Lower-Mid,1,3
8082,Jordan Smith 3082,Corporate,NA,55+,Seattle,West,USA,2021-02-10,Silver,Mid,0,1
8083,Morgan Young 3083,Corporate,F,25-34,Chicago,North,USA,2023-10-04,Silver,Mid,1,1
8084,Jordan Walker 3084,Corporate,F,35-44,Seattle,West,USA,2022-06-19,Platinum,Mid,0,1
8085,Jamie Davis 3085,Consumer,M,25-34,San Francisco,West,USA,2023-08-20,Gold,Mid,0,4
8086,Casey King 3086,Consumer,F,25-34,Minneapolis,North,USA,2024-03-21,Bronze,Lower-Mid,0,4
8087,Jamie Scott 3087,Consumer,M,25-34,Minneapolis,North,USA,2023-05-03,Bronze,Upper-Mid,0,2
8088,Alex Smith 3088,Small Business,NA,55+,Seattle,West,USA,2021-07-25,Gold,Mid,1,1
8089,Rowan Lee 3089,Consumer,F,18-24,Seattle,West,USA,2020-10-16,Bronze,Upper-Mid,0,1
8090,Cameron Allen 3090,Consumer,NA,25-34,Philadelphia,East,USA,2021-03-21,Silver,Lower-Mid,0,2
8091,Riley Lee 3091,Consumer,M,25-34,Los Angeles,West,USA,2019-08-24,Bronze,Upper-Mid,0,1
8092,Taylor Lee 3092,Small Business,NA,35-44,Detroit,North,USA,2020-05-14,Bronze,Upper-Mid,1,3
8093,Taylor Allen 3093,Corporate,NA,25-34,Boston,East,USA,2019-12-23,Gold,Mid,1,1
8094,Alex Walker 3094,Corporate,M,35-44,San Francisco,West,USA,2025-08-20,Gold,Lower-Mid,0,2
8095,Casey Walker 3095,Small Business,NA,35-44,Atlanta,South,USA,2019-07-26,Platinum,Mid,0,1
8096,Riley King 3096,Consumer,NA,25-34,Phoenix,West,USA,2019-01-20,Silver,Mid,0,1
8097,Jamie Clark 3097,Small Business,NA,18-24,San Francisco,West,USA,2022-09-01,Bronze,Lower-Mid,1,2
8098,Skyler Wright 3098,Consumer,F,25-34,San Francisco,West,USA,2020-08-07,Bronze,Upper-Mid,0,1
8099,Cameron Lewis 3099,Small Business,NA,45-54,Atlanta,South,USA,2025-10-17,Gold,Mid,0,2
8100,Rowan Young 3100,Consumer,F,25-34,San Francisco,West,USA,2021-10-26,Gold,High,0,2
8101,Cameron Davis 3101,Consumer,NA,45-54,Chicago,North,USA,2023-05-02,Bronze,Low,0,2
8102,Parker Lewis 3102,Consumer,NA,45-54,San Francisco,West,USA,2024-11-07,Platinum,High,0,2
8103,Skyler Green 3103,Home Office,M,55+,Atlanta,South,USA,2021-10-03,Silver,Upper-Mid,0,2
8104,Casey Allen 3104,Consumer,NA,25-34,New York,East,USA,2019-12-22,Bronze,Lower-Mid,0,1
8105,Parker Brown 3105,Small Business,NA,18-24,Houston,South,USA,2023-06-07,Silver,Lower-Mid,1,2
8106,Avery Allen 3106,Consumer,F,35-44,Houston,South,USA,2025-11-03,Silver,Low,0,3
8107,Alex Johnson 3107,Home Office,M,25-34,Houston,South,USA,2024-08-14,Gold,Lower-Mid,0,1
8108,Sam Lee 3108,Corporate,F,18-24,Houston,South,USA,2021-03-09,Bronze,Upper-Mid,1,2
8109,Skyler Hall 3109,Small Business,F,18-24,Minneapolis,North,USA,2024-06-09,Bronze,Lower-Mid,1,4
8110,Jordan Lee 3110,Consumer,NA,25-34,San Francisco,West,USA,2019-03-16,Gold,High,0,1
8111,Casey Green 3111,Corporate,NA,45-54,Phoenix,West,USA,2019-02-26,Bronze,Low,0,2
8112,Sam Scott 3112,Consumer,F,45-54,Cleveland,North,USA,2020-12-14,Platinum,Upper-Mid,0,2
8113,Parker Green 3113,Small Business,M,18-24,Boston,East,USA,2019-10-25,Bronze,Upper-Mid,1,2
8114,Alex Green 3114,Home Office,NA,35-44,Cleveland,North,USA,2024-01-27,Bronze,Mid,0,2
8115,Alex Smith 3115,Small Business,NA,25-34,Dallas,South,USA,2024-10-29,Bronze,Upper-Mid,1,1
8116,Taylor Johnson 3116,Small Business,M,35-44,Detroit,North,USA,2019-02-21,Bronze,Upper-Mid,1,1
8117,Taylor Young 3117,Consumer,NA,45-54,New York,East,USA,2021-02-04,Gold,Mid,0,2
8118,Jordan Johnson 3118,Consumer,M,35-44,Detroit,North,USA,2022-11-19,Gold,Lower-Mid,0,4
8119,Avery Young 3119,Small Business,F,18-24,Houston,South,USA,2019-12-08,Silver,Mid,0,2
8120,Skyler Smith 3120,Small Business,F,25-34,Phoenix,West,USA,2022-09-26,Bronze,Mid,0,1
8121,Taylor Lee 3121,Small Business,F,35-44,San Francisco,West,USA,2022-05-09,Bronze,Mid,1,1
8122,Alex Clark 3122,Home Office,F,18-24,Minneapolis,North,USA,2024-11-07,Bronze,Low,0,2
8123,Sam Smith 3123,Consumer,NA,25-34,Cleveland,North,USA,2022-08-03,Bronze,Lower-Mid,0,4
8124,Avery Hall 3124,Consumer,M,25-34,Los Angeles,West,USA,2025-11-03,Silver,Upper-Mid,0,2
8125,Casey Davis 3125,Corporate,NA,25-34,Dallas,South,USA,2019-06-15,Bronze,Mid,1,2
8126,Taylor Walker 3126,Consumer,F,35-44,Chicago,North,USA,2025-09-02,Platinum,Lower-Mid,0,3
8127,Jamie Hall 3127,Consumer,F,25-34,Dallas,South,USA,2023-01-18,Bronze,Upper-Mid,0,1
8128,Cameron Brown 3128,Consumer,M,35-44,Atlanta,South,USA,2019-10-26,Gold,Mid,0,2
8129,Sam Johnson 3129,Consumer,F,35-44,Atlanta,South,USA,2022-01-23,Gold,Mid,0,1
8130,Casey Davis 3130,Consumer,NA,25-34,Cleveland,North,USA,2023-12-07,Silver,High,0,2
8131,Logan Wright 3131,Consumer,M,45-54,Dallas,South,USA,2024-01-09,Gold,Mid,0,1
8132,Parker Young 3132,Home Office,NA,25-34,New York,East,USA,2019-09-13,Platinum,Low,0,3
8133,Avery Wright 3133,Corporate,NA,25-34,Philadelphia,East,USA,2023-12-04,Silver,Low,1,1
8134,Alex Allen 3134,Consumer,F,45-54,Los Angeles,West,USA,2024-01-17,Silver,Lower-Mid,0,4
8135,Alex Lee 3135,Small Business,F,35-44,Phoenix,West,USA,2025-03-23,Bronze,Upper-Mid,1,1
8136,Rowan Lee 3136,Consumer,M,45-54,San Francisco,West,USA,2020-09-01,Bronze,High,0,2
8137,Parker Walker 3137,Consumer,F,25-34,Atlanta,South,USA,2024-08-18,Silver,High,0,4
8138,Sam King 3138,Corporate,M,55+,Houston,South,USA,2019-03-07,Bronze,High,0,3
8139,Morgan King 3139,Corporate,NA,45-54,Miami,South,USA,2022-06-16,Gold,Lower-Mid,0,1
8140,Morgan Clark 3140,Corporate,NA,45-54,San Francisco,West,USA,2022-11-21,Bronze,Lower-Mid,0,3
8141,Logan Lee 3141,Consumer,M,25-34,Phoenix,West,USA,2021-07-13,Gold,Upper-Mid,0,4
8142,Jordan Lewis 3142,Consumer,M,25-34,San Francisco,West,USA,2022-01-11,Gold,Low,0,2
8143,Jamie Brown 3143,Consumer,M,55+,Dallas,South,USA,2022-11-07,Bronze,Upper-Mid,0,1
8144,Morgan Brown 3144,Consumer,M,35-44,Miami,South,USA,2022-03-06,Bronze,Mid,0,3
8145,Drew Davis 3145,Consumer,F,18-24,Minneapolis,North,USA,2020-03-07,Silver,Lower-Mid,0,2
8146,Riley Lee 3146,Consumer,F,35-44,Philadelphia,East,USA,2024-12-16,Gold,Lower-Mid,0,2
8147,Jordan Green 3147,Consumer,M,18-24,Washington,East,USA,2020-03-31,Bronze,High,0,1
8148,Rowan Lewis 3148,Home Office,M,25-34,San Francisco,West,USA,2025-09-08,Gold,High,0,1
8149,Rowan Green 3149,Consumer,NA,35-44,San Francisco,West,USA,2024-07-23,Bronze,Mid,0,3
8150,Alex Walker 3150,Small Business,M,45-54,Boston,East,USA,2021-12-05,Bronze,High,0,2
8151,Taylor Green 3151,Small Business,NA,55+,Washington,East,USA,2019-07-19,Bronze,Mid,1,1
8152,Alex King 3152,Home Office,NA,18-24,Boston,East,USA,2021-10-25,Silver,Lower-Mid,0,4
8153,Riley Brown 3153,Home Office,NA,18-24,Phoenix,West,USA,2019-10-18,Platinum,Mid,0,1
8154,Alex Lewis 3154,Consumer,NA,35-44,Phoenix,West,USA,2021-09-19,Gold,High,0,2
8155,Avery Allen 3155,Consumer,NA,35-44,Dallas,South,USA,2023-04-30,Bronze,Mid,0,3
8156,Skyler Smith 3156,Consumer,F,18-24,Washington,East,USA,2020-11-05,Bronze,Lower-Mid,0,4
8157,Cameron Davis 3157,Consumer,F,25-34,Cleveland,North,USA,2024-05-22,Bronze,High,0,2
8158,Jordan Green 3158,Corporate,F,18-24,San Francisco,West,USA,2023-05-21,Gold,Lower-Mid,1,2
8159,Avery Allen 3159,Consumer,M,45-54,Atlanta,South,USA,2025-10-12,Gold,Upper-Mid,0,2
8160,Alex Young 3160,Consumer,F,25-34,Boston,East,USA,2022-02-13,Gold,Lower-Mid,0,2
8161,Taylor Brown 3161,Small Business,NA,45-54,San Francisco,West,USA,2023-09-30,Bronze,High,1,1
8162,Sam Young 3162,Consumer,M,45-54,Philadelphia,East,USA,2021-05-23,Gold,Upper-Mid,0,2
8163,Sam Walker 3163,Consumer,M,35-44,Houston,South,USA,2025-09-26,Silver,Upper-Mid,0,1
8164,Riley King 3164,Consumer,NA,18-24,Phoenix,West,USA,2023-02-20,Silver,Mid,0,3
8165,Riley Scott 3165,Consumer,F,35-44,Minneapolis,North,USA,2021-08-26,Bronze,Upper-Mid,0,3
8166,Rowan Lewis 3166,Small Business,NA,35-44,Atlanta,South,USA,2023-04-19,Silver,Low,1,1
8167,Casey Smith 3167,Home Office,M,25-34,Washington,East,USA,2019-12-02,Gold,Low,0,1
8168,Rowan Lee 3168,Consumer,M,25-34,Boston,East,USA,2022-03-16,Platinum,Mid,0,4
8169,Riley Smith 3169,Consumer,NA,25-34,Atlanta,South,USA,2025-10-20,Silver,Lower-Mid,0,2
8170,Rowan Brown 3170,Small Business,M,45-54,Boston,East,USA,2025-08-16,Bronze,Upper-Mid,1,2
8171,Morgan Walker 3171,Consumer,M,35-44,Philadelphia,East,USA,2022-12-15,Gold,Upper-Mid,0,1
8172,Drew King 3172,Home Office,NA,45-54,Houston,South,USA,2023-09-14,Silver,Mid,0,2
8173,Logan Lee 3173,Small Business,F,45-54,Cleveland,North,USA,2025-08-09,Gold,High,1,2
8174,Morgan Wright 3174,Small Business,NA,25-34,Seattle,West,USA,2021-11-09,Silver,Mid,1,2
8175,Rowan Hall 3175,Small Business,M,25-34,Dallas,South,USA,2023-11-28,Bronze,Mid,1,2
8176,Casey Allen 3176,Consumer,NA,25-34,Detroit,North,USA,2022-08-04,Bronze,Upper-Mid,0,2
8177,Morgan Clark 3177,Consumer,F,35-44,Miami,South,USA,2023-09-05,Bronze,Lower-Mid,0,2
8178,Parker Clark 3178,Consumer,F,18-24,Dallas,South,USA,2021-10-04,Bronze,Upper-Mid,0,1
8179,Taylor Hall 3179,Consumer,F,35-44,Phoenix,West,USA,2022-12-01,Platinum,Upper-Mid,0,1
8180,Jamie Allen 3180,Consumer,F,35-44,Dallas,South,USA,2023-04-25,Bronze,Lower-Mid,0,4
8181,Sam Davis 3181,Consumer,M,18-24,Dallas,South,USA,2022-05-19,Bronze,Mid,0,4
8182,Rowan Allen 3182,Corporate,F,18-24,Detroit,North,USA,2024-04-14,Platinum,Mid,1,2
8183,Cameron Lewis 3183,Corporate,M,45-54,Chicago,North,USA,2023-08-20,Silver,Mid,1,1
8184,Avery Lewis 3184,Small Business,M,25-34,Seattle,West,USA,2022-05-08,Bronze,Upper-Mid,0,4
8185,Jamie Davis 3185,Small Business,F,25-34,Minneapolis,North,USA,2020-03-30,Bronze,Low,1,1
8186,Drew Smith 3186,Consumer,NA,35-44,Philadelphia,East,USA,2020-07-08,Bronze,Lower-Mid,0,2
8187,Jamie Johnson 3187,Consumer,M,55+,Detroit,North,USA,2024-10-31,Bronze,Upper-Mid,0,1
8188,Alex Lewis 3188,Consumer,F,45-54,Detroit,North,USA,2023-09-27,Bronze,Mid,0,2
8189,Riley Davis 3189,Small Business,NA,35-44,New York,East,USA,2020-10-05,Bronze,High,1,4
8190,Avery King 3190,Corporate,NA,35-44,Atlanta,South,USA,2019-08-12,Bronze,Lower-Mid,1,1
8191,Rowan Smith 3191,Consumer,F,25-34,San Francisco,West,USA,2023-01-19,Silver,Lower-Mid,0,2
8192,Taylor Hall 3192,Consumer,M,35-44,Detroit,North,USA,2025-04-10,Silver,Low,0,2
8193,Casey Young 3193,Home Office,NA,25-34,Philadelphia,East,USA,2025-07-13,Bronze,Upper-Mid,0,2
8194,Riley Davis 3194,Corporate,M,25-34,Washington,East,USA,2022-08-09,Bronze,Upper-Mid,0,1
8195,Taylor Green 3195,Consumer,NA,35-44,Boston,East,USA,2024-07-22,Silver,Lower-Mid,0,2
8196,Avery Wright 3196,Consumer,M,35-44,Chicago,North,USA,2022-11-20,Gold,Lower-Mid,0,2
8197,Jamie Green 3197,Home Office,NA,35-44,Phoenix,West,USA,2021-07-24,Silver,Lower-Mid,0,2
8198,Cameron Hall 3198,Small Business,NA,18-24,New York,East,USA,2022-06-22,Silver,Mid,1,1
8199,Drew Lewis 3199,Consumer,F,35-44,San Francisco,West,USA,2020-03-09,Silver,Lower-Mid,0,1
8200,Jamie Johnson 3200,Small Business,M,55+,San Francisco,West,USA,2022-12-04,Silver,Upper-Mid,1,1
8201,Logan Hall 3201,Small Business,M,35-44,Houston,South,USA,2024-08-18,Bronze,Low,1,1
8202,Jamie Walker 3202,Consumer,F,45-54,Los Angeles,West,USA,2023-02-03,Gold,Mid,0,1
8203,Skyler Green 3203,Corporate,M,55+,Phoenix,West,USA,2025-05-05,Bronze,High,0,1
8204,Sam Clark 3204,Corporate,F,45-54,Minneapolis,North,USA,2020-04-22,Gold,Low,0,1
8205,Cameron Clark 3205,Consumer,F,35-44,Houston,South,USA,2023-03-09,Silver,Mid,0,2
8206,Casey Green 3206,Corporate,NA,35-44,Detroit,North,USA,2022-07-01,Silver,Upper-Mid,1,2
8207,Drew Hall 3207,Corporate,NA,35-44,Washington,East,USA,2023-07-31,Gold,Low,1,1
8208,Alex Davis 3208,Consumer,NA,25-34,Boston,East,USA,2025-05-26,Gold,High,0,1
8209,Taylor Brown 3209,Consumer,F,55+,New York,East,USA,2020-07-03,Silver,Mid,0,4
8210,Morgan Johnson 3210,Consumer,NA,18-24,Chicago,North,USA,2024-08-19,Gold,Lower-Mid,0,4
8211,Morgan Wright 3211,Corporate,M,18-24,Minneapolis,North,USA,2020-09-06,Bronze,Low,0,2
8212,Sam Lewis 3212,Consumer,NA,45-54,Atlanta,South,USA,2020-11-11,Gold,Mid,0,3
8213,Drew King 3213,Small Business,F,25-34,Minneapolis,North,USA,2020-10-14,Silver,Low,1,1
8214,Jamie Lewis 3214,Consumer,F,45-54,Miami,South,USA,2022-08-23,Bronze,Upper-Mid,0,3
8215,Parker King 3215,Consumer,F,18-24,Los Angeles,West,USA,2021-09-21,Gold,Mid,0,2
8216,Casey Lee 3216,Consumer,NA,18-24,Seattle,West,USA,2022-10-03,Bronze,Mid,0,2
8217,Cameron Lee 3217,Consumer,NA,45-54,Chicago,North,USA,2024-03-26,Silver,Mid,0,3
8218,Casey Brown 3218,Consumer,M,35-44,Miami,South,USA,2022-05-29,Silver,Mid,0,2
8219,Sam Allen 3219,Home Office,NA,25-34,Miami,South,USA,2019-02-11,Bronze,High,0,2
8220,Skyler Davis 3220,Corporate,F,45-54,Detroit,North,USA,2024-07-02,Bronze,Lower-Mid,1,2
8221,Riley King 3221,Consumer,M,25-34,Detroit,North,USA,2024-01-10,Platinum,Lower-Mid,0,2
8222,Logan Scott 3222,Consumer,NA,25-34,Minneapolis,North,USA,2023-02-21,Silver,Mid,0,1
8223,Logan Lewis 3223,Small Business,M,25-34,Detroit,North,USA,2022-04-11,Gold,Mid,1,1
8224,Cameron King 3224,Home Office,F,25-34,Houston,South,USA,2022-02-06,Silver,Mid,0,2
8225,Jordan Lewis 3225,Consumer,M,35-44,Detroit,North,USA,2022-11-19,Bronze,High,0,1
8226,Skyler Young 3226,Consumer,M,35-44,Miami,South,USA,2025-04-27,Silver,Low,0,4
8227,Riley Allen 3227,Corporate,M,25-34,Atlanta,South,USA,2021-11-14,Gold,Lower-Mid,1,3
8228,Cameron Brown 3228,Consumer,NA,35-44,Phoenix,West,USA,2023-11-25,Bronze,Lower-Mid,0,3
8229,Skyler Clark 3229,Corporate,NA,25-34,Chicago,North,USA,2023-12-22,Silver,Lower-Mid,0,2
8230,Alex Green 3230,Consumer,F,35-44,Boston,East,USA,2022-03-12,Bronze,Mid,0,1
8231,Sam Young 3231,Corporate,F,25-34,Los Angeles,West,USA,2024-12-15,Silver,Low,1,1
8232,Cameron Brown 3232,Home Office,NA,45-54,Dallas,South,USA,2025-03-05,Platinum,Low,0,1
8233,Avery Lewis 3233,Consumer,F,35-44,Cleveland,North,USA,2019-03-13,Bronze,Mid,0,1
8234,Casey Clark 3234,Home Office,M,35-44,Boston,East,USA,2024-02-28,Silver,Mid,0,2
8235,Sam Walker 3235,Corporate,M,45-54,Washington,East,USA,2021-03-04,Silver,Mid,0,1
8236,Jordan Lewis 3236,Corporate,M,45-54,San Francisco,West,USA,2019-01-24,Silver,Upper-Mid,1,4
8237,Alex Wright 3237,Small Business,M,35-44,San Francisco,West,USA,2024-08-20,Silver,Lower-Mid,1,1
8238,Logan Lee 3238,Home Office,M,45-54,Detroit,North,USA,2023-09-15,Bronze,Lower-Mid,0,2
8239,Parker Smith 3239,Corporate,M,18-24,Chicago,North,USA,2020-01-07,Gold,Mid,1,2
8240,Jordan Green 3240,Consumer,NA,35-44,Los Angeles,West,USA,2019-05-24,Silver,Mid,0,4
8241,Logan King 3241,Consumer,F,35-44,Washington,East,USA,2024-07-25,Bronze,Upper-Mid,0,3
8242,Riley Johnson 3242,Corporate,F,18-24,Dallas,South,USA,2024-12-15,Bronze,Mid,1,2
8243,Alex Clark 3243,Consumer,M,25-34,Dallas,South,USA,2025-01-27,Silver,Mid,0,2
8244,Cameron Allen 3244,Consumer,NA,18-24,New York,East,USA,2022-12-18,Silver,Upper-Mid,0,1
8245,Riley Johnson 3245,Corporate,F,25-34,Boston,East,USA,2024-01-11,Silver,Upper-Mid,1,3
8246,Parker King 3246,Consumer,M,35-44,Houston,South,USA,2024-04-01,Silver,Mid,0,4
8247,Parker Allen 3247,Small Business,M,55+,San Francisco,West,USA,2019-10-18,Gold,Upper-Mid,1,1
8248,Parker Walker 3248,Corporate,M,25-34,Miami,South,USA,2021-03-07,Bronze,Low,0,1
8249,Taylor Lewis 3249,Small Business,M,25-34,Miami,South,USA,2020-11-14,Gold,Mid,1,1
8250,Morgan Scott 3250,Consumer,F,18-24,Minneapolis,North,USA,2024-04-08,Silver,Low,0,2
8251,Avery Johnson 3251,Small Business,NA,25-34,Phoenix,West,USA,2025-04-07,Silver,Lower-Mid,0,1
8252,Avery Davis 3252,Consumer,F,25-34,Miami,South,USA,2021-01-30,Bronze,Upper-Mid,0,1
8253,Parker Walker 3253,Consumer,F,35-44,Cleveland,North,USA,2020-11-26,Bronze,Mid,0,2
8254,Logan Green 3254,Consumer,M,18-24,Miami,South,USA,2023-07-17,Bronze,Upper-Mid,0,2
8255,Jamie Davis 3255,Consumer,M,25-34,Philadelphia,East,USA,2022-12-30,Gold,Mid,0,2
8256,Sam Lee 3256,Home Office,NA,25-34,Boston,East,USA,2025-10-08,Silver,Low,0,1
8257,Jordan Scott 3257,Small Business,F,25-34,New York,East,USA,2023-11-08,Silver,Lower-Mid,0,4
8258,Riley King 3258,Consumer,M,35-44,Minneapolis,North,USA,2019-06-01,Silver,Low,0,2
8259,Morgan Johnson 3259,Consumer,NA,25-34,Detroit,North,USA,2023-11-13,Bronze,Low,0,3
8260,Cameron Young 3260,Consumer,M,45-54,Washington,East,USA,2022-11-10,Bronze,Mid,0,4
8261,Cameron Clark 3261,Consumer,F,25-34,Houston,South,USA,2022-08-07,Silver,Lower-Mid,0,1
8262,Rowan Lee 3262,Small Business,M,25-34,Washington,East,USA,2025-02-05,Bronze,Mid,1,4
8263,Jordan Young 3263,Consumer,NA,45-54,Miami,South,USA,2023-05-16,Gold,Upper-Mid,0,2
8264,Riley Walker 3264,Home Office,M,45-54,Phoenix,West,USA,2021-01-06,Platinum,High,0,2
8265,Sam Young 3265,Corporate,M,35-44,Detroit,North,USA,2023-12-24,Gold,Upper-Mid,1,1
8266,Taylor Lee 3266,Small Business,NA,35-44,Dallas,South,USA,2022-02-23,Bronze,Upper-Mid,1,4
8267,Jamie Smith 3267,Consumer,M,25-34,Houston,South,USA,2021-09-12,Silver,Lower-Mid,0,3
8268,Riley Johnson 3268,Consumer,NA,35-44,Philadelphia,East,USA,2022-07-27,Silver,Mid,0,4
8269,Alex Smith 3269,Consumer,F,25-34,Dallas,South,USA,2021-07-09,Bronze,High,0,1
8270,Sam Young 3270,Consumer,M,55+,Miami,South,USA,2019-02-07,Bronze,Mid,0,3
8271,Casey Scott 3271,Consumer,NA,35-44,Seattle,West,USA,2023-11-24,Silver,Low,0,1
8272,Taylor Scott 3272,Consumer,NA,25-34,New York,East,USA,2025-01-05,Bronze,Lower-Mid,0,2
8273,Rowan Young 3273,Consumer,NA,45-54,Washington,East,USA,2025-01-13,Bronze,Low,0,1
8274,Skyler Wright 3274,Consumer,NA,35-44,Washington,East,USA,2023-06-07,Silver,Upper-Mid,0,1
8275,Morgan Smith 3275,Consumer,NA,25-34,Dallas,South,USA,2019-06-21,Bronze,Lower-Mid,0,2
8276,Morgan King 3276,Consumer,M,25-34,Dallas,South,USA,2019-07-21,Silver,Upper-Mid,0,3
8277,Rowan Johnson 3277,Corporate,M,45-54,Seattle,West,USA,2021-09-08,Bronze,Mid,0,4
8278,Alex King 3278,Home Office,NA,18-24,Detroit,North,USA,2023-08-15,Bronze,Mid,0,1
8279,Sam Davis 3279,Consumer,F,25-34,Atlanta,South,USA,2019-01-11,Silver,Lower-Mid,0,2
8280,Skyler Clark 3280,Consumer,F,45-54,San Francisco,West,USA,2020-03-02,Silver,Mid,0,2
8281,Logan Lewis 3281,Consumer,NA,18-24,Chicago,North,USA,2019-09-04,Bronze,Mid,0,1
8282,Avery Davis 3282,Corporate,NA,35-44,Los Angeles,West,USA,2021-03-27,Silver,Mid,0,3
8283,Riley Johnson 3283,Home Office,F,25-34,San Francisco,West,USA,2024-07-06,Silver,Lower-Mid,0,4
8284,Casey Clark 3284,Home Office,F,55+,Houston,South,USA,2022-01-26,Bronze,Lower-Mid,0,2
8285,Riley Scott 3285,Consumer,F,35-44,Atlanta,South,USA,2019-10-05,Silver,Low,0,2
8286,Morgan Young 3286,Consumer,NA,18-24,Atlanta,South,USA,2022-11-18,Silver,Upper-Mid,0,3
8287,Parker Clark 3287,Consumer,F,55+,Phoenix,West,USA,2021-03-26,Gold,Mid,0,1
8288,Jamie Wright 3288,Consumer,F,25-34,Seattle,West,USA,2025-03-12,Silver,Lower-Mid,0,3
8289,Logan Lee 3289,Consumer,NA,55+,Houston,South,USA,2025-02-26,Bronze,Upper-Mid,0,1
8290,Avery Scott 3290,Consumer,M,35-44,Boston,East,USA,2020-05-07,Platinum,Lower-Mid,0,2
8291,Drew Clark 3291,Home Office,F,35-44,Atlanta,South,USA,2021-07-22,Platinum,Lower-Mid,0,3
8292,Riley Brown 3292,Small Business,F,25-34,Detroit,North,USA,2020-11-22,Bronze,Upper-Mid,0,1
8293,Morgan Hall 3293,Small Business,F,35-44,San Francisco,West,USA,2022-02-27,Bronze,Upper-Mid,1,4
8294,Sam Davis 3294,Corporate,F,35-44,Miami,South,USA,2025-08-21,Bronze,Upper-Mid,1,2
8295,Alex Hall 3295,Consumer,M,35-44,Detroit,North,USA,2020-01-29,Bronze,Mid,0,1
8296,Logan Smith 3296,Consumer,M,55+,Dallas,South,USA,2022-01-20,Platinum,Mid,0,2
8297,Drew Clark 3297,Corporate,F,35-44,Minneapolis,North,USA,2021-05-15,Silver,Lower-Mid,0,1
8298,Skyler King 3298,Consumer,F,35-44,Philadelphia,East,USA,2019-10-21,Silver,Mid,0,1
8299,Riley Clark 3299,Consumer,M,35-44,Chicago,North,USA,2024-08-26,Silver,High,0,2
8300,Avery Davis 3300,Small Business,M,35-44,Washington,East,USA,2023-07-17,Bronze,Low,0,2
8301,Logan Walker 3301,Small Business,M,18-24,Minneapolis,North,USA,2019-01-28,Silver,Mid,0,2
8302,Drew Lee 3302,Consumer,NA,35-44,Houston,South,USA,2025-07-26,Silver,Low,0,1
8303,Alex Lee 3303,Consumer,M,35-44,Atlanta,South,USA,2022-09-07,Silver,Mid,0,1
8304,Parker Green 3304,Corporate,F,25-34,Phoenix,West,USA,2020-02-09,Silver,Mid,1,2
8305,Parker Johnson 3305,Small Business,F,25-34,Atlanta,South,USA,2024-06-19,Silver,Lower-Mid,1,4
8306,Skyler Wright 3306,Consumer,M,25-34,Houston,South,USA,2023-02-10,Bronze,Upper-Mid,0,3
8307,Skyler Wright 3307,Consumer,NA,45-54,Minneapolis,North,USA,2021-08-27,Bronze,Upper-Mid,0,1
8308,Riley Walker 3308,Small Business,M,25-34,Washington,East,USA,2024-06-27,Bronze,Upper-Mid,1,2
8309,Casey Walker 3309,Corporate,NA,18-24,New York,East,USA,2022-06-23,Bronze,Upper-Mid,1,1
8310,Casey Johnson 3310,Consumer,F,35-44,Phoenix,West,USA,2021-10-24,Bronze,Mid,0,4
8311,Parker Scott 3311,Home Office,NA,18-24,Los Angeles,West,USA,2020-03-24,Gold,Mid,0,4
8312,Alex Walker 3312,Small Business,NA,55+,Seattle,West,USA,2020-03-02,Gold,Mid,1,2
8313,Casey Green 3313,Corporate,NA,35-44,Los Angeles,West,USA,2023-05-05,Bronze,Mid,0,1
8314,Parker Scott 3314,Consumer,M,25-34,Chicago,North,USA,2025-03-27,Platinum,Mid,0,4
8315,Logan Walker 3315,Consumer,NA,25-34,Detroit,North,USA,2019-10-01,Silver,Lower-Mid,0,3
8316,Logan Hall 3316,Small Business,NA,35-44,Detroit,North,USA,2024-12-27,Silver,High,0,2
8317,Parker Davis 3317,Consumer,F,45-54,Cleveland,North,USA,2022-11-25,Silver,Mid,0,1
8318,Morgan Smith 3318,Consumer,NA,45-54,Boston,East,USA,2021-05-28,Silver,Mid,0,1
8319,Avery Smith 3319,Corporate,M,45-54,Philadelphia,East,USA,2023-11-18,Gold,Upper-Mid,0,2
8320,Alex Smith 3320,Small Business,F,45-54,Minneapolis,North,USA,2022-01-18,Bronze,Mid,1,1
8321,Riley Wright 3321,Small Business,F,35-44,Chicago,North,USA,2025-10-23,Silver,Mid,1,1
8322,Cameron Brown 3322,Consumer,NA,25-34,Philadelphia,East,USA,2025-08-08,Gold,Mid,0,3
8323,Drew Young 3323,Consumer,NA,35-44,Atlanta,South,USA,2021-03-09,Gold,Mid,0,3
8324,Sam Hall 3324,Consumer,M,45-54,Philadelphia,East,USA,2021-09-23,Platinum,Mid,0,1
8325,Skyler King 3325,Consumer,NA,25-34,Minneapolis,North,USA,2025-08-14,Bronze,Mid,0,3
8326,Morgan King 3326,Corporate,M,18-24,Los Angeles,West,USA,2020-03-13,Silver,High,1,1
8327,Logan Smith 3327,Consumer,F,25-34,Atlanta,South,USA,2021-04-03,Platinum,Mid,0,2
8328,Avery Wright 3328,Consumer,F,25-34,Phoenix,West,USA,2020-09-29,Gold,Mid,0,2
8329,Morgan King 3329,Consumer,M,18-24,Los Angeles,West,USA,2022-04-25,Bronze,Upper-Mid,0,1
8330,Parker Young 3330,Consumer,F,35-44,Minneapolis,North,USA,2023-07-26,Silver,Lower-Mid,0,4
8331,Sam Davis 3331,Consumer,F,55+,Los Angeles,West,USA,2023-06-12,Silver,High,0,2
8332,Riley Green 3332,Home Office,M,25-34,Philadelphia,East,USA,2023-09-11,Bronze,Lower-Mid,0,3
8333,Casey Allen 3333,Corporate,F,25-34,Dallas,South,USA,2020-03-16,Bronze,Upper-Mid,1,2
8334,Morgan Davis 3334,Home Office,F,45-54,Miami,South,USA,2024-04-14,Bronze,Upper-Mid,0,1
8335,Casey Lewis 3335,Consumer,M,25-34,Cleveland,North,USA,2019-01-18,Bronze,Upper-Mid,0,1
8336,Casey Allen 3336,Corporate,M,25-34,Dallas,South,USA,2021-07-05,Gold,High,1,2
8337,Alex Clark 3337,Corporate,NA,55+,Cleveland,North,USA,2021-09-09,Platinum,Mid,1,2
8338,Logan Wright 3338,Consumer,M,45-54,Dallas,South,USA,2025-04-13,Silver,Mid,0,3
8339,Jordan Smith 3339,Consumer,M,18-24,Miami,South,USA,2022-11-25,Silver,High,0,1
8340,Casey Hall 3340,Consumer,M,55+,Atlanta,South,USA,2021-12-29,Bronze,Lower-Mid,0,1
8341,Sam Hall 3341,Home Office,M,35-44,San Francisco,West,USA,2023-06-23,Bronze,Mid,0,1
8342,Jordan Clark 3342,Corporate,F,35-44,Atlanta,South,USA,2025-08-02,Gold,Mid,1,1
8343,Riley Allen 3343,Small Business,M,25-34,Miami,South,USA,2020-12-08,Silver,Lower-Mid,1,1
8344,Skyler Walker 3344,Corporate,M,35-44,New York,East,USA,2020-04-03,Bronze,Lower-Mid,1,2
8345,Jamie Wright 3345,Consumer,M,45-54,Los Angeles,West,USA,2021-10-13,Bronze,Lower-Mid,0,3
8346,Rowan Hall 3346,Consumer,F,55+,Washington,East,USA,2019-01-10,Bronze,Mid,0,1
8347,Parker Davis 3347,Corporate,F,45-54,Los Angeles,West,USA,2025-03-25,Silver,High,0,2
8348,Cameron Lewis 3348,Small Business,NA,18-24,New York,East,USA,2025-09-29,Bronze,Upper-Mid,1,1
8349,Cameron Hall 3349,Small Business,F,35-44,Minneapolis,North,USA,2022-01-01,Bronze,Lower-Mid,1,1
8350,Cameron Smith 3350,Corporate,M,25-34,Chicago,North,USA,2021-06-25,Bronze,Mid,1,2
8351,Logan Brown 3351,Home Office,F,18-24,Detroit,North,USA,2023-08-27,Silver,Mid,0,4
8352,Cameron Davis 3352,Home Office,M,55+,Detroit,North,USA,2023-09-25,Gold,Lower-Mid,0,1
8353,Taylor Smith 3353,Consumer,M,45-54,Boston,East,USA,2021-12-31,Silver,Upper-Mid,0,3
8354,Drew Lee 3354,Corporate,M,18-24,Philadelphia,East,USA,2025-06-28,Bronze,Lower-Mid,0,3
8355,Rowan Clark 3355,Consumer,M,45-54,Seattle,West,USA,2020-05-06,Gold,Mid,0,2
8356,Skyler Allen 3356,Consumer,M,45-54,Detroit,North,USA,2022-05-26,Bronze,Mid,0,2
8357,Casey Davis 3357,Corporate,M,18-24,Seattle,West,USA,2023-04-29,Bronze,Upper-Mid,1,4
8358,Drew Brown 3358,Small Business,F,35-44,Houston,South,USA,2020-08-28,Platinum,Upper-Mid,1,2
8359,Cameron Lee 3359,Consumer,M,18-24,Phoenix,West,USA,2021-06-10,Silver,Mid,0,3
8360,Parker Lewis 3360,Consumer,F,35-44,Washington,East,USA,2019-02-24,Silver,Upper-Mid,0,1
8361,Alex Hall 3361,Small Business,F,25-34,Atlanta,South,USA,2022-02-17,Gold,Mid,1,2
8362,Skyler Lewis 3362,Consumer,M,25-34,Detroit,North,USA,2021-03-14,Bronze,Mid,0,2
8363,Taylor Lee 3363,Consumer,F,25-34,Miami,South,USA,2021-08-24,Bronze,Lower-Mid,0,2
8364,Skyler King 3364,Consumer,NA,45-54,New York,East,USA,2022-11-11,Platinum,Mid,0,2
8365,Logan Green 3365,Home Office,F,55+,Detroit,North,USA,2019-03-14,Bronze,Mid,0,1
8366,Riley Clark 3366,Consumer,F,25-34,Cleveland,North,USA,2023-05-03,Silver,Mid,0,1
8367,Riley Johnson 3367,Corporate,NA,25-34,Atlanta,South,USA,2021-10-07,Silver,Low,0,4
8368,Jamie Lewis 3368,Small Business,M,45-54,Cleveland,North,USA,2019-07-24,Gold,Mid,1,3
8369,Taylor Wright 3369,Corporate,F,45-54,Phoenix,West,USA,2020-02-04,Bronze,Upper-Mid,0,2
8370,Drew Hall 3370,Small Business,F,25-34,Boston,East,USA,2019-12-14,Silver,Mid,1,3
8371,Cameron King 3371,Consumer,M,25-34,Boston,East,USA,2022-08-22,Bronze,Lower-Mid,0,2
8372,Cameron Wright 3372,Consumer,M,35-44,Atlanta,South,USA,2021-01-13,Silver,Lower-Mid,0,2
8373,Jordan Young 3373,Consumer,NA,35-44,New York,East,USA,2022-11-11,Bronze,Low,0,4
8374,Morgan King 3374,Home Office,M,25-34,Washington,East,USA,2021-08-01,Silver,Mid,0,3
8375,Logan Smith 3375,Consumer,NA,45-54,Seattle,West,USA,2022-03-14,Silver,High,0,2
8376,Logan Allen 3376,Corporate,M,35-44,Atlanta,South,USA,2024-04-28,Bronze,Mid,1,3
8377,Morgan Lee 3377,Consumer,NA,35-44,Houston,South,USA,2020-09-07,Platinum,High,0,1
8378,Jamie Young 3378,Small Business,M,35-44,Cleveland,North,USA,2022-04-02,Silver,High,1,2
8379,Casey King 3379,Consumer,F,55+,Cleveland,North,USA,2025-06-09,Bronze,Upper-Mid,0,3
8380,Jordan Johnson 3380,Small Business,NA,35-44,Boston,East,USA,2023-11-30,Bronze,High,1,2
8381,Avery Walker 3381,Consumer,NA,25-34,Minneapolis,North,USA,2023-07-01,Silver,Mid,0,3
8382,Skyler Allen 3382,Consumer,M,35-44,Seattle,West,USA,2025-05-24,Bronze,Mid,0,2
8383,Parker King 3383,Consumer,NA,25-34,Houston,South,USA,2019-05-04,Bronze,Lower-Mid,0,2
8384,Casey Lee 3384,Corporate,M,18-24,Phoenix,West,USA,2024-06-23,Bronze,Lower-Mid,0,2
8385,Rowan King 3385,Consumer,NA,55+,Cleveland,North,USA,2019-02-27,Silver,Low,0,2
8386,Riley Lee 3386,Home Office,NA,25-34,Washington,East,USA,2022-04-15,Gold,Upper-Mid,0,2
8387,Rowan Lee 3387,Consumer,NA,25-34,Phoenix,West,USA,2024-10-15,Bronze,Low,0,4
8388,Avery Lee 3388,Consumer,NA,25-34,Cleveland,North,USA,2021-01-07,Silver,Upper-Mid,0,1
8389,Casey Walker 3389,Consumer,M,35-44,Atlanta,South,USA,2024-06-05,Silver,Lower-Mid,0,4
8390,Logan Clark 3390,Small Business,NA,45-54,Miami,South,USA,2022-08-14,Bronze,Mid,0,2
8391,Avery Green 3391,Consumer,M,18-24,Los Angeles,West,USA,2021-01-16,Gold,Low,0,3
8392,Riley Lewis 3392,Consumer,M,55+,Chicago,North,USA,2023-08-16,Silver,Mid,0,2
8393,Cameron Green 3393,Small Business,NA,18-24,San Francisco,West,USA,2020-05-05,Gold,Lower-Mid,1,2
8394,Jamie Smith 3394,Small Business,F,25-34,San Francisco,West,USA,2021-03-18,Silver,High,1,2
8395,Avery King 3395,Consumer,NA,55+,Atlanta,South,USA,2024-06-28,Bronze,Upper-Mid,0,2
8396,Taylor Hall 3396,Corporate,NA,25-34,Chicago,North,USA,2025-09-04,Bronze,Mid,1,4
8397,Casey Johnson 3397,Consumer,M,35-44,Los Angeles,West,USA,2025-10-24,Bronze,Mid,0,4
8398,Cameron Walker 3398,Consumer,M,25-34,Cleveland,North,USA,2022-05-06,Bronze,Mid,0,3
8399,Drew Clark 3399,Corporate,M,55+,New York,East,USA,2023-07-01,Bronze,Low,1,1
8400,Alex Clark 3400,Small Business,NA,18-24,Dallas,South,USA,2021-11-26,Bronze,Mid,1,4
8401,Parker Johnson 3401,Small Business,F,25-34,Minneapolis,North,USA,2023-01-30,Gold,Upper-Mid,0,4
8402,Sam Green 3402,Corporate,F,35-44,San Francisco,West,USA,2020-10-30,Gold,Mid,1,2
8403,Alex Clark 3403,Consumer,M,25-34,Phoenix,West,USA,2025-08-24,Silver,Upper-Mid,0,2
8404,Skyler Green 3404,Corporate,F,25-34,Miami,South,USA,2025-02-27,Bronze,Upper-Mid,1,1
8405,Jamie Scott 3405,Consumer,F,25-34,Houston,South,USA,2020-06-11,Silver,Mid,0,2
8406,Jordan Brown 3406,Consumer,M,45-54,Washington,East,USA,2025-01-03,Bronze,Mid,0,2
8407,Taylor King 3407,Consumer,NA,35-44,Dallas,South,USA,2019-09-16,Gold,Mid,0,2
8408,Cameron Clark 3408,Consumer,M,35-44,Cleveland,North,USA,2020-10-03,Bronze,Upper-Mid,0,2
8409,Rowan Smith 3409,Corporate,M,25-34,Atlanta,South,USA,2020-09-11,Gold,Mid,1,1
8410,Taylor Hall 3410,Consumer,M,35-44,Houston,South,USA,2024-08-01,Bronze,Upper-Mid,0,1
8411,Taylor Lewis 3411,Consumer,NA,35-44,Seattle,West,USA,2024-08-05,Bronze,Lower-Mid,0,2
8412,Cameron Hall 3412,Corporate,F,18-24,Cleveland,North,USA,2019-02-10,Platinum,Lower-Mid,1,2
8413,Avery Clark 3413,Home Office,M,45-54,Chicago,North,USA,2022-12-07,Gold,Upper-Mid,0,1
8414,Alex Johnson 3414,Consumer,F,35-44,Chicago,North,USA,2025-03-27,Gold,Upper-Mid,0,2
8415,Casey Johnson 3415,Consumer,NA,25-34,Seattle,West,USA,2024-12-16,Gold,Upper-Mid,0,4
8416,Logan Young 3416,Small Business,M,25-34,San Francisco,West,USA,2022-09-15,Bronze,Lower-Mid,1,2
8417,Morgan Walker 3417,Home Office,NA,55+,Washington,East,USA,2020-08-28,Bronze,Upper-Mid,0,2
8418,Jordan Clark 3418,Corporate,F,25-34,Dallas,South,USA,2024-06-09,Bronze,Mid,1,1
8419,Taylor Johnson 3419,Consumer,NA,25-34,New York,East,USA,2022-08-01,Platinum,Low,0,2
8420,Drew Green 3420,Corporate,NA,35-44,Los Angeles,West,USA,2020-11-02,Silver,Lower-Mid,1,2
8421,Skyler Hall 3421,Consumer,NA,55+,Miami,South,USA,2025-07-06,Bronze,Mid,0,2
8422,Morgan Lewis 3422,Home Office,M,25-34,Washington,East,USA,2023-12-13,Silver,Mid,0,2
8423,Drew Clark 3423,Home Office,M,18-24,Philadelphia,East,USA,2020-04-08,Gold,Mid,0,1
8424,Jamie Allen 3424,Home Office,M,18-24,Philadelphia,East,USA,2023-11-18,Bronze,Mid,0,1
8425,Avery Davis 3425,Consumer,F,25-34,Seattle,West,USA,2020-10-08,Bronze,Lower-Mid,0,1
8426,Cameron Scott 3426,Consumer,F,45-54,Phoenix,West,USA,2019-11-30,Platinum,Upper-Mid,0,3
8427,Skyler Scott 3427,Consumer,NA,35-44,Seattle,West,USA,2021-06-23,Bronze,Lower-Mid,0,2
8428,Alex Clark 3428,Consumer,M,25-34,Chicago,North,USA,2020-04-09,Silver,Mid,0,2
8429,Skyler Johnson 3429,Consumer,NA,25-34,New York,East,USA,2022-05-25,Platinum,Lower-Mid,0,1
8430,Morgan Allen 3430,Home Office,F,25-34,Los Angeles,West,USA,2019-08-15,Gold,Upper-Mid,0,1
8431,Morgan Green 3431,Small Business,NA,25-34,Atlanta,South,USA,2024-04-18,Bronze,High,1,2
8432,Jamie King 3432,Consumer,F,35-44,San Francisco,West,USA,2019-01-01,Silver,Mid,0,3
8433,Drew Hall 3433,Consumer,F,45-54,Washington,East,USA,2024-05-04,Platinum,Mid,0,4
8434,Avery Walker 3434,Corporate,F,35-44,Dallas,South,USA,2024-10-12,Gold,Upper-Mid,1,2
8435,Sam Green 3435,Consumer,M,55+,Phoenix,West,USA,2019-08-15,Silver,Lower-Mid,0,4
8436,Skyler Lewis 3436,Small Business,F,55+,Cleveland,North,USA,2019-04-22,Silver,Low,1,1
8437,Taylor Walker 3437,Consumer,NA,25-34,Houston,South,USA,2022-04-01,Silver,Low,0,2
8438,Jordan Johnson 3438,Consumer,M,35-44,Minneapolis,North,USA,2021-04-12,Silver,Upper-Mid,0,4
8439,Rowan Clark 3439,Consumer,NA,18-24,San Francisco,West,USA,2025-08-14,Gold,Upper-Mid,0,2
8440,Sam King 3440,Consumer,M,45-54,Minneapolis,North,USA,2025-03-05,Gold,Mid,0,3
8441,Parker Brown 3441,Consumer,NA,55+,Washington,East,USA,2019-05-17,Gold,Upper-Mid,0,4
8442,Drew Smith 3442,Small Business,M,35-44,New York,East,USA,2024-01-11,Bronze,Upper-Mid,1,1
8443,Drew Green 3443,Small Business,F,35-44,Miami,South,USA,2024-11-02,Platinum,Lower-Mid,1,3
8444,Jamie Allen 3444,Consumer,F,25-34,Dallas,South,USA,2021-07-01,Silver,Mid,0,1
8445,Drew Hall 3445,Corporate,M,35-44,San Francisco,West,USA,2019-05-17,Silver,Lower-Mid,1,1
8446,Taylor Brown 3446,Consumer,NA,25-34,Los Angeles,West,USA,2022-10-08,Silver,Low,0,2
8447,Sam Allen 3447,Home Office,M,35-44,Seattle,West,USA,2021-09-24,Gold,Upper-Mid,0,1
8448,Jamie Wright 3448,Consumer,NA,35-44,Chicago,North,USA,2023-12-16,Silver,Mid,0,2
8449,Sam King 3449,Consumer,NA,35-44,Minneapolis,North,USA,2024-08-18,Silver,Low,0,2
8450,Taylor Brown 3450,Consumer,M,35-44,Philadelphia,East,USA,2022-04-10,Gold,Upper-Mid,0,2
8451,Jordan Smith 3451,Consumer,M,18-24,Chicago,North,USA,2019-08-31,Gold,Upper-Mid,0,4
8452,Casey Smith 3452,Consumer,NA,35-44,Boston,East,USA,2023-10-20,Gold,Upper-Mid,0,1
8453,Jordan Brown 3453,Home Office,NA,25-34,Washington,East,USA,2022-02-02,Silver,Mid,0,1
8454,Riley Smith 3454,Consumer,NA,35-44,Minneapolis,North,USA,2020-07-18,Bronze,Mid,0,2
8455,Logan Davis 3455,Consumer,NA,25-34,Cleveland,North,USA,2023-11-26,Silver,Upper-Mid,0,4
8456,Casey Brown 3456,Small Business,NA,25-34,Detroit,North,USA,2022-04-14,Silver,Upper-Mid,1,1
8457,Jamie Brown 3457,Consumer,F,25-34,Cleveland,North,USA,2022-04-30,Gold,Mid,0,1
8458,Rowan Allen 3458,Small Business,F,45-54,Phoenix,West,USA,2019-05-23,Bronze,Lower-Mid,1,2
8459,Drew Green 3459,Small Business,NA,35-44,Minneapolis,North,USA,2025-02-05,Gold,Mid,1,3
8460,Skyler Lewis 3460,Consumer,F,45-54,Minneapolis,North,USA,2019-07-28,Silver,Mid,0,2
8461,Skyler Hall 3461,Small Business,F,55+,Cleveland,North,USA,2023-07-23,Platinum,High,0,4
8462,Jordan Young 3462,Consumer,F,35-44,Atlanta,South,USA,2023-02-03,Bronze,Mid,0,1
8463,Sam Walker 3463,Home Office,F,18-24,Phoenix,West,USA,2022-12-01,Bronze,Low,0,2
8464,Drew Lee 3464,Consumer,NA,25-34,Phoenix,West,USA,2024-08-02,Gold,Mid,0,4
8465,Parker Smith 3465,Consumer,NA,35-44,Seattle,West,USA,2024-09-01,Silver,Mid,0,2
8466,Sam Wright 3466,Consumer,M,18-24,Houston,South,USA,2023-10-04,Bronze,Lower-Mid,0,2
8467,Logan Davis 3467,Small Business,M,18-24,Minneapolis,North,USA,2023-09-06,Bronze,Upper-Mid,0,1
8468,Sam Young 3468,Consumer,NA,35-44,Miami,South,USA,2020-08-10,Silver,Upper-Mid,0,3
8469,Rowan Young 3469,Consumer,NA,45-54,Philadelphia,East,USA,2020-04-14,Gold,High,0,3
8470,Avery Scott 3470,Corporate,M,25-34,Minneapolis,North,USA,2025-10-05,Bronze,Mid,0,1
8471,Riley Green 3471,Small Business,F,45-54,Seattle,West,USA,2023-09-04,Bronze,Upper-Mid,0,2
8472,Logan Green 3472,Consumer,M,18-24,Washington,East,USA,2020-11-28,Silver,Lower-Mid,0,2
8473,Sam Lewis 3473,Consumer,F,35-44,Boston,East,USA,2020-08-10,Gold,Mid,0,1
8474,Jordan Scott 3474,Consumer,NA,25-34,Detroit,North,USA,2019-10-24,Gold,Mid,0,2
8475,Drew Walker 3475,Small Business,M,18-24,Atlanta,South,USA,2023-07-05,Platinum,Mid,0,4
8476,Avery Johnson 3476,Consumer,F,25-34,Dallas,South,USA,2021-04-21,Bronze,Upper-Mid,0,1
8477,Jordan King 3477,Consumer,F,25-34,Miami,South,USA,2024-04-08,Bronze,Lower-Mid,0,1
8478,Cameron King 3478,Consumer,M,25-34,San Francisco,West,USA,2023-11-15,Gold,Lower-Mid,0,2
8479,Parker Walker 3479,Small Business,NA,45-54,Minneapolis,North,USA,2022-04-20,Silver,Lower-Mid,1,1
8480,Avery Clark 3480,Consumer,NA,55+,Dallas,South,USA,2020-10-05,Platinum,Upper-Mid,0,3
8481,Jamie Scott 3481,Consumer,NA,55+,Phoenix,West,USA,2019-01-19,Platinum,Lower-Mid,0,2
8482,Morgan Wright 3482,Corporate,F,18-24,Phoenix,West,USA,2019-11-06,Silver,High,1,1
8483,Alex Clark 3483,Consumer,F,25-34,Cleveland,North,USA,2021-04-29,Silver,Mid,0,1
8484,Rowan Green 3484,Small Business,NA,18-24,Minneapolis,North,USA,2019-03-06,Bronze,Mid,1,1
8485,Alex Scott 3485,Consumer,F,55+,Miami,South,USA,2021-06-28,Silver,Upper-Mid,0,3
8486,Sam Davis 3486,Consumer,NA,55+,Boston,East,USA,2025-04-26,Silver,High,0,2
8487,Drew Clark 3487,Small Business,NA,45-54,Atlanta,South,USA,2019-03-30,Silver,Upper-Mid,0,2
8488,Sam Smith 3488,Small Business,M,25-34,Houston,South,USA,2020-08-01,Silver,High,0,1
8489,Cameron Clark 3489,Consumer,F,35-44,San Francisco,West,USA,2025-03-03,Platinum,Lower-Mid,0,4
8490,Logan Brown 3490,Home Office,M,18-24,Los Angeles,West,USA,2023-08-31,Bronze,Low,0,1
8491,Drew Allen 3491,Small Business,NA,35-44,Minneapolis,North,USA,2019-03-14,Silver,Upper-Mid,1,1
8492,Casey Hall 3492,Consumer,M,25-34,Seattle,West,USA,2023-03-13,Bronze,Mid,0,2
8493,Logan Young 3493,Corporate,F,18-24,Cleveland,North,USA,2019-06-21,Silver,Lower-Mid,1,1
8494,Logan Brown 3494,Home Office,NA,18-24,Los Angeles,West,USA,2019-02-11,Silver,High,0,1
8495,Jamie Young 3495,Small Business,M,25-34,Minneapolis,North,USA,2019-06-12,Silver,Mid,1,4
8496,Sam Green 3496,Consumer,NA,35-44,Seattle,West,USA,2024-11-13,Gold,Upper-Mid,0,2
8497,Morgan Hall 3497,Consumer,F,55+,Detroit,North,USA,2020-12-14,Bronze,Upper-Mid,0,1
8498,Taylor Wright 3498,Corporate,M,25-34,Miami,South,USA,2020-04-04,Bronze,Mid,1,2
8499,Sam Davis 3499,Small Business,F,35-44,Washington,East,USA,2024-09-03,Silver,Upper-Mid,1,1
8500,Rowan Scott 3500,Consumer,NA,25-34,Chicago,North,USA,2022-01-09,Gold,Lower-Mid,0,2
8501,Sam Young 3501,Small Business,NA,25-34,Miami,South,USA,2019-03-11,Bronze,High,1,2
8502,Jamie Walker 3502,Consumer,NA,35-44,New York,East,USA,2019-05-09,Silver,Low,0,1
8503,Cameron Johnson 3503,Consumer,F,45-54,San Francisco,West,USA,2025-08-03,Gold,Low,0,1
8504,Sam Young 3504,Small Business,M,35-44,Dallas,South,USA,2021-12-19,Bronze,Low,1,1
8505,Alex Scott 3505,Consumer,M,25-34,Houston,South,USA,2020-12-14,Gold,Mid,0,2
8506,Jamie Davis 3506,Home Office,F,45-54,Dallas,South,USA,2023-06-21,Gold,Lower-Mid,0,1
8507,Parker Lee 3507,Consumer,F,18-24,Minneapolis,North,USA,2019-09-19,Silver,Upper-Mid,0,1
8508,Jamie Davis 3508,Consumer,F,25-34,Philadelphia,East,USA,2020-03-27,Silver,Mid,0,2
8509,Drew Wright 3509,Consumer,M,25-34,Chicago,North,USA,2023-12-12,Gold,Lower-Mid,0,2
8510,Sam Johnson 3510,Consumer,M,45-54,San Francisco,West,USA,2021-09-04,Bronze,Lower-Mid,0,1
8511,Logan Green 3511,Small Business,NA,45-54,Detroit,North,USA,2023-03-22,Silver,Low,1,1
8512,Skyler Lee 3512,Consumer,F,25-34,Los Angeles,West,USA,2023-12-31,Silver,Lower-Mid,0,2
8513,Avery Clark 3513,Consumer,F,25-34,Minneapolis,North,USA,2024-07-24,Gold,Mid,0,2
8514,Jordan Clark 3514,Consumer,NA,35-44,Seattle,West,USA,2024-11-10,Silver,High,0,4
8515,Parker Scott 3515,Small Business,F,18-24,Cleveland,North,USA,2020-03-09,Bronze,High,0,1
8516,Jamie Wright 3516,Consumer,NA,25-34,New York,East,USA,2023-02-01,Gold,High,0,2
8517,Cameron King 3517,Consumer,M,55+,Detroit,North,USA,2021-12-16,Bronze,Upper-Mid,0,1
8518,Riley Green 3518,Corporate,M,35-44,Phoenix,West,USA,2025-02-01,Bronze,Upper-Mid,0,1
8519,Casey Green 3519,Home Office,F,35-44,Chicago,North,USA,2023-05-04,Bronze,Mid,0,1
8520,Parker Brown 3520,Consumer,F,35-44,Detroit,North,USA,2024-11-09,Silver,Mid,0,2
8521,Avery Allen 3521,Home Office,M,25-34,Detroit,North,USA,2023-09-25,Bronze,Low,0,2
8522,Logan Lewis 3522,Small Business,NA,18-24,Philadelphia,East,USA,2023-11-28,Silver,High,1,1
8523,Logan King 3523,Consumer,F,25-34,Seattle,West,USA,2019-10-13,Gold,Lower-Mid,0,4
8524,Casey Lee 3524,Corporate,M,55+,Philadelphia,East,USA,2024-12-03,Bronze,Lower-Mid,1,2
8525,Logan Johnson 3525,Small Business,M,55+,Boston,East,USA,2021-12-07,Silver,Lower-Mid,1,4
8526,Sam Allen 3526,Corporate,F,25-34,New York,East,USA,2023-09-27,Silver,Lower-Mid,1,2
8527,Logan Green 3527,Consumer,F,18-24,Seattle,West,USA,2023-11-10,Gold,Lower-Mid,0,3
8528,Sam Young 3528,Consumer,M,18-24,Cleveland,North,USA,2021-05-23,Silver,High,0,2
8529,Jamie Green 3529,Corporate,F,35-44,Atlanta,South,USA,2019-02-18,Platinum,Mid,1,1
8530,Rowan King 3530,Corporate,M,35-44,Phoenix,West,USA,2023-03-20,Bronze,Mid,1,1
8531,Rowan Clark 3531,Consumer,NA,45-54,Minneapolis,North,USA,2022-02-13,Silver,Mid,0,3
8532,Morgan Clark 3532,Consumer,NA,45-54,Houston,South,USA,2025-10-29,Silver,Mid,0,2
8533,Parker Wright 3533,Corporate,M,25-34,Chicago,North,USA,2023-01-26,Gold,Low,1,2
8534,Alex Wright 3534,Consumer,NA,25-34,New York,East,USA,2019-03-17,Bronze,Upper-Mid,0,2
8535,Alex King 3535,Consumer,NA,25-34,Phoenix,West,USA,2025-05-01,Bronze,Upper-Mid,0,2
8536,Avery Green 3536,Corporate,NA,25-34,New York,East,USA,2019-10-04,Silver,Mid,0,2
8537,Jamie Green 3537,Home Office,NA,35-44,Cleveland,North,USA,2020-12-05,Bronze,Mid,0,2
8538,Alex Wright 3538,Small Business,NA,45-54,Minneapolis,North,USA,2023-04-11,Bronze,Mid,1,4
8539,Logan Brown 3539,Consumer,F,45-54,Chicago,North,USA,2020-09-06,Platinum,Upper-Mid,0,2
8540,Taylor Wright 3540,Small Business,F,25-34,Boston,East,USA,2019-11-30,Bronze,Mid,1,2
8541,Cameron Lewis 3541,Home Office,F,25-34,Atlanta,South,USA,2024-03-01,Silver,High,0,1
8542,Avery Young 3542,Small Business,NA,35-44,Atlanta,South,USA,2020-08-12,Bronze,Mid,0,2
8543,Jordan Young 3543,Home Office,M,45-54,Boston,East,USA,2019-02-18,Silver,Lower-Mid,0,2
8544,Sam Young 3544,Consumer,NA,35-44,Miami,South,USA,2022-03-23,Bronze,Low,0,4
8545,Drew Wright 3545,Corporate,M,25-34,Boston,East,USA,2019-01-09,Gold,Mid,1,3
8546,Jamie Allen 3546,Corporate,F,25-34,Phoenix,West,USA,2021-01-16,Silver,Mid,1,1
8547,Logan Green 3547,Home Office,F,25-34,Cleveland,North,USA,2020-08-31,Bronze,Lower-Mid,0,1
8548,Alex Johnson 3548,Corporate,F,35-44,Detroit,North,USA,2021-02-07,Bronze,Upper-Mid,0,4
8549,Drew Wright 3549,Home Office,M,45-54,Seattle,West,USA,2020-02-29,Bronze,Lower-Mid,0,3
8550,Cameron Smith 3550,Small Business,NA,35-44,Houston,South,USA,2021-10-18,Silver,Lower-Mid,1,3
8551,Drew Scott 3551,Consumer,F,25-34,Minneapolis,North,USA,2019-02-18,Platinum,High,0,2
8552,Taylor Johnson 3552,Consumer,F,55+,San Francisco,West,USA,2020-04-02,Silver,High,0,2
8553,Parker Smith 3553,Corporate,NA,55+,Miami,South,USA,2025-09-07,Bronze,Low,0,1
8554,Skyler Hall 3554,Consumer,NA,45-54,Seattle,West,USA,2021-10-06,Silver,Lower-Mid,0,2
8555,Jordan Brown 3555,Consumer,F,35-44,San Francisco,West,USA,2021-10-21,Silver,Mid,0,1
8556,Avery Scott 3556,Consumer,M,55+,Philadelphia,East,USA,2019-03-04,Bronze,High,0,4
8557,Cameron Davis 3557,Small Business,NA,45-54,Boston,East,USA,2020-05-24,Gold,Low,1,1
8558,Cameron Lee 3558,Consumer,NA,55+,Atlanta,South,USA,2022-02-22,Silver,Mid,0,2
8559,Jamie Clark 3559,Consumer,F,35-44,Atlanta,South,USA,2023-03-01,Silver,Lower-Mid,0,1
8560,Avery Wright 3560,Small Business,F,25-34,Houston,South,USA,2023-09-01,Silver,Mid,1,2
8561,Morgan Johnson 3561,Small Business,F,35-44,San Francisco,West,USA,2019-10-10,Gold,Upper-Mid,1,4
8562,Alex Allen 3562,Small Business,F,35-44,Philadelphia,East,USA,2020-04-12,Gold,Lower-Mid,0,2
8563,Morgan Walker 3563,Consumer,NA,35-44,Cleveland,North,USA,2021-05-15,Bronze,Low,0,2
8564,Riley Green 3564,Small Business,M,35-44,Dallas,South,USA,2019-07-04,Silver,Upper-Mid,1,3
8565,Casey Hall 3565,Consumer,M,55+,Seattle,West,USA,2021-09-25,Bronze,Upper-Mid,0,4
8566,Drew Lee 3566,Home Office,NA,35-44,Cleveland,North,USA,2019-04-09,Bronze,Upper-Mid,0,2
8567,Drew Walker 3567,Consumer,F,55+,Los Angeles,West,USA,2019-05-21,Silver,Mid,0,3
8568,Jamie Clark 3568,Consumer,F,55+,Detroit,North,USA,2025-01-09,Bronze,Mid,0,3
8569,Casey Clark 3569,Consumer,NA,35-44,Seattle,West,USA,2025-01-15,Gold,Upper-Mid,0,2
8570,Sam Davis 3570,Consumer,F,55+,Boston,East,USA,2023-01-20,Platinum,High,0,4
8571,Riley Smith 3571,Consumer,NA,45-54,Washington,East,USA,2019-07-18,Bronze,Mid,0,2
8572,Alex Johnson 3572,Consumer,F,55+,Boston,East,USA,2019-11-18,Bronze,Low,0,3
8573,Alex Allen 3573,Corporate,F,45-54,Cleveland,North,USA,2022-01-18,Platinum,Mid,1,1
8574,Riley Smith 3574,Consumer,F,25-34,Chicago,North,USA,2023-08-16,Bronze,Mid,0,2
8575,Parker Wright 3575,Consumer,M,25-34,San Francisco,West,USA,2023-01-19,Silver,Lower-Mid,0,4
8576,Taylor Clark 3576,Consumer,M,25-34,Atlanta,South,USA,2019-12-07,Platinum,Mid,0,2
8577,Parker Johnson 3577,Consumer,F,35-44,New York,East,USA,2020-03-13,Gold,Mid,0,1
8578,Jordan Clark 3578,Corporate,NA,25-34,New York,East,USA,2019-04-03,Bronze,Low,1,2
8579,Rowan Lewis 3579,Consumer,NA,25-34,Cleveland,North,USA,2024-06-06,Gold,High,0,2
8580,Jamie Green 3580,Corporate,F,45-54,Dallas,South,USA,2020-10-02,Gold,Lower-Mid,1,2
8581,Casey Johnson 3581,Consumer,M,35-44,Atlanta,South,USA,2022-04-13,Bronze,Mid,0,1
8582,Jordan Young 3582,Corporate,NA,25-34,Atlanta,South,USA,2024-09-13,Gold,Low,0,3
8583,Riley King 3583,Corporate,NA,35-44,Miami,South,USA,2024-07-12,Platinum,Mid,1,3
8584,Jordan King 3584,Home Office,M,55+,Seattle,West,USA,2022-05-11,Platinum,High,0,2
8585,Skyler Young 3585,Small Business,M,25-34,New York,East,USA,2025-02-07,Bronze,Mid,1,3
8586,Drew Wright 3586,Corporate,NA,35-44,Atlanta,South,USA,2019-03-16,Silver,Mid,0,2
8587,Drew Allen 3587,Small Business,M,55+,Phoenix,West,USA,2024-01-29,Silver,Lower-Mid,0,1
8588,Avery Johnson 3588,Small Business,M,25-34,Chicago,North,USA,2025-01-13,Silver,Lower-Mid,1,2
8589,Jamie Allen 3589,Small Business,F,35-44,Phoenix,West,USA,2025-09-29,Bronze,Mid,1,1
8590,Casey Scott 3590,Consumer,NA,35-44,Boston,East,USA,2019-03-05,Silver,Mid,0,3
8591,Alex Young 3591,Corporate,M,45-54,Seattle,West,USA,2023-11-22,Gold,Lower-Mid,1,2
8592,Riley Scott 3592,Consumer,M,45-54,Phoenix,West,USA,2024-05-09,Platinum,High,0,4
8593,Avery Scott 3593,Consumer,M,55+,New York,East,USA,2019-08-15,Bronze,Mid,0,4
8594,Riley Davis 3594,Consumer,NA,25-34,Chicago,North,USA,2025-01-13,Bronze,Upper-Mid,0,1
8595,Cameron Davis 3595,Consumer,NA,35-44,San Francisco,West,USA,2023-01-02,Bronze,Lower-Mid,0,2
8596,Logan Young 3596,Home Office,M,25-34,Phoenix,West,USA,2022-10-17,Silver,High,0,1
8597,Cameron Clark 3597,Home Office,F,45-54,New York,East,USA,2024-01-15,Bronze,High,0,2
8598,Sam Young 3598,Consumer,NA,55+,Miami,South,USA,2024-08-01,Bronze,Upper-Mid,0,2
8599,Rowan Lewis 3599,Small Business,M,18-24,Boston,East,USA,2023-08-06,Platinum,Upper-Mid,1,3
8600,Cameron Davis 3600,Consumer,M,35-44,Miami,South,USA,2025-09-23,Platinum,Upper-Mid,0,1
8601,Avery Allen 3601,Consumer,M,45-54,New York,East,USA,2023-11-06,Bronze,Mid,0,4
8602,Avery Johnson 3602,Consumer,M,55+,Seattle,West,USA,2025-04-30,Platinum,Mid,0,2
8603,Drew Young 3603,Consumer,M,45-54,Seattle,West,USA,2022-11-06,Silver,Lower-Mid,0,1
8604,Avery Hall 3604,Consumer,F,35-44,Minneapolis,North,USA,2024-09-18,Bronze,Low,0,2
8605,Logan Scott 3605,Consumer,NA,25-34,Chicago,North,USA,2025-07-01,Bronze,Lower-Mid,0,3
8606,Casey Allen 3606,Consumer,NA,25-34,Boston,East,USA,2022-02-15,Silver,Low,0,1
8607,Skyler Johnson 3607,Home Office,F,35-44,Seattle,West,USA,2020-12-15,Silver,Lower-Mid,0,4
8608,Jordan Hall 3608,Consumer,F,35-44,Detroit,North,USA,2025-09-21,Platinum,Lower-Mid,0,4
8609,Rowan Lee 3609,Home Office,F,45-54,New York,East,USA,2021-08-02,Silver,High,0,4
8610,Rowan Lewis 3610,Home Office,NA,35-44,Washington,East,USA,2020-09-23,Bronze,High,0,1
8611,Sam Green 3611,Small Business,NA,45-54,Houston,South,USA,2022-03-21,Gold,Mid,0,1
8612,Parker Young 3612,Consumer,M,18-24,San Francisco,West,USA,2021-09-24,Bronze,High,0,1
8613,Rowan Wright 3613,Small Business,F,55+,Phoenix,West,USA,2025-06-15,Bronze,Low,0,1
8614,Casey Walker 3614,Consumer,NA,35-44,Philadelphia,East,USA,2022-02-12,Gold,Mid,0,1
8615,Parker King 3615,Consumer,M,45-54,Miami,South,USA,2024-06-19,Silver,Lower-Mid,0,2
8616,Drew Hall 3616,Small Business,M,35-44,New York,East,USA,2024-09-05,Silver,Lower-Mid,1,2
8617,Avery Lewis 3617,Consumer,NA,55+,Chicago,North,USA,2020-11-08,Silver,Upper-Mid,0,4
8618,Jamie Davis 3618,Consumer,F,45-54,Seattle,West,USA,2024-06-13,Bronze,Mid,0,1
8619,Jordan King 3619,Consumer,F,35-44,Minneapolis,North,USA,2020-02-23,Silver,Lower-Mid,0,3
8620,Morgan Walker 3620,Small Business,F,55+,Boston,East,USA,2021-01-07,Silver,Mid,1,1
8621,Sam Smith 3621,Small Business,F,35-44,San Francisco,West,USA,2023-02-24,Bronze,Low,0,4
8622,Avery Scott 3622,Consumer,F,55+,Philadelphia,East,USA,2020-01-11,Gold,Mid,0,2
8623,Morgan Johnson 3623,Consumer,M,25-34,Cleveland,North,USA,2019-04-24,Gold,High,0,1
8624,Morgan Brown 3624,Consumer,NA,35-44,Cleveland,North,USA,2019-07-01,Bronze,Upper-Mid,0,1
8625,Jordan Scott 3625,Consumer,NA,35-44,Boston,East,USA,2020-10-09,Platinum,Lower-Mid,0,3
8626,Casey Johnson 3626,Home Office,F,35-44,New York,East,USA,2022-10-02,Bronze,Upper-Mid,0,2
8627,Rowan Clark 3627,Consumer,F,55+,Los Angeles,West,USA,2022-01-14,Bronze,Mid,0,1
8628,Drew Hall 3628,Consumer,NA,45-54,Washington,East,USA,2019-05-14,Platinum,Lower-Mid,0,1
8629,Jamie Johnson 3629,Home Office,NA,55+,Boston,East,USA,2023-07-23,Bronze,High,0,2
8630,Logan Walker 3630,Small Business,M,35-44,Atlanta,South,USA,2023-09-05,Bronze,Lower-Mid,1,3
8631,Avery Clark 3631,Consumer,F,45-54,Washington,East,USA,2020-11-23,Bronze,Mid,0,1
8632,Riley Young 3632,Corporate,NA,45-54,Cleveland,North,USA,2023-08-27,Gold,Upper-Mid,1,1
8633,Taylor Walker 3633,Small Business,M,18-24,New York,East,USA,2020-04-19,Bronze,Mid,1,2
8634,Skyler Walker 3634,Home Office,NA,45-54,New York,East,USA,2022-09-14,Bronze,Mid,0,2
8635,Casey Scott 3635,Small Business,M,55+,Phoenix,West,USA,2021-12-11,Bronze,Lower-Mid,1,4
8636,Cameron Davis 3636,Corporate,F,45-54,Boston,East,USA,2024-07-15,Gold,Low,1,2
8637,Jordan Brown 3637,Consumer,M,35-44,Chicago,North,USA,2023-08-28,Platinum,Upper-Mid,0,2
8638,Taylor Davis 3638,Consumer,F,25-34,Washington,East,USA,2025-04-26,Silver,Low,0,1
8639,Rowan Hall 3639,Home Office,F,25-34,Cleveland,North,USA,2019-02-13,Bronze,Mid,0,4
8640,Avery Lee 3640,Consumer,NA,55+,Miami,South,USA,2025-09-07,Gold,Upper-Mid,0,2
8641,Jordan Scott 3641,Consumer,M,45-54,Chicago,North,USA,2022-08-13,Bronze,Upper-Mid,0,2
8642,Jordan King 3642,Consumer,NA,35-44,Cleveland,North,USA,2019-01-25,Bronze,Mid,0,2
8643,Sam Clark 3643,Consumer,M,25-34,Boston,East,USA,2024-12-08,Silver,High,0,2
8644,Taylor King 3644,Consumer,F,35-44,Cleveland,North,USA,2020-10-14,Gold,Lower-Mid,0,3
8645,Alex Young 3645,Consumer,NA,45-54,New York,East,USA,2020-03-29,Bronze,Mid,0,1
8646,Morgan Lewis 3646,Consumer,M,55+,Washington,East,USA,2022-02-22,Gold,Low,0,2
8647,Alex Clark 3647,Corporate,NA,35-44,Detroit,North,USA,2022-01-01,Gold,Mid,1,3
8648,Logan Lee 3648,Consumer,M,45-54,Chicago,North,USA,2020-06-12,Bronze,Lower-Mid,0,1
8649,Avery Scott 3649,Consumer,NA,18-24,Chicago,North,USA,2019-10-14,Gold,Upper-Mid,0,1
8650,Avery Smith 3650,Small Business,F,55+,Cleveland,North,USA,2022-10-12,Silver,Upper-Mid,1,1
8651,Logan Johnson 3651,Small Business,M,45-54,Phoenix,West,USA,2020-09-13,Platinum,Mid,1,2
8652,Alex Lee 3652,Consumer,M,25-34,San Francisco,West,USA,2023-03-19,Silver,Lower-Mid,0,1
8653,Drew Davis 3653,Consumer,M,18-24,Detroit,North,USA,2025-03-01,Platinum,High,0,2
8654,Parker Wright 3654,Corporate,M,45-54,New York,East,USA,2025-04-08,Silver,Low,1,4
8655,Alex Young 3655,Small Business,F,25-34,New York,East,USA,2022-08-14,Silver,Mid,1,4
8656,Logan Smith 3656,Home Office,M,25-34,Houston,South,USA,2021-07-11,Gold,Lower-Mid,0,2
8657,Skyler King 3657,Small Business,NA,35-44,Los Angeles,West,USA,2019-06-06,Silver,Mid,1,1
8658,Avery Green 3658,Consumer,NA,55+,New York,East,USA,2022-07-13,Gold,Upper-Mid,0,1
8659,Rowan Hall 3659,Consumer,NA,18-24,Los Angeles,West,USA,2024-02-09,Silver,Mid,0,4
8660,Rowan Wright 3660,Consumer,F,55+,Chicago,North,USA,2020-04-29,Gold,Mid,0,4
8661,Morgan Green 3661,Consumer,NA,35-44,Seattle,West,USA,2019-01-01,Silver,Lower-Mid,0,1
8662,Parker Clark 3662,Consumer,F,35-44,San Francisco,West,USA,2022-11-11,Bronze,Lower-Mid,0,2
8663,Drew Clark 3663,Consumer,F,18-24,Atlanta,South,USA,2022-09-11,Bronze,Mid,0,1
8664,Logan Clark 3664,Corporate,F,45-54,Phoenix,West,USA,2020-05-15,Bronze,Upper-Mid,1,1
8665,Sam King 3665,Consumer,F,45-54,New York,East,USA,2020-02-22,Bronze,High,0,4
8666,Cameron Smith 3666,Consumer,M,45-54,Cleveland,North,USA,2023-03-11,Bronze,Mid,0,2
8667,Taylor Walker 3667,Small Business,M,45-54,Houston,South,USA,2020-08-18,Gold,Mid,1,4
8668,Avery Scott 3668,Consumer,NA,25-34,Washington,East,USA,2025-05-12,Platinum,Mid,0,1
8669,Alex Clark 3669,Consumer,M,25-34,Dallas,South,USA,2019-07-05,Silver,Lower-Mid,0,3
8670,Skyler Scott 3670,Consumer,M,35-44,Detroit,North,USA,2020-07-14,Silver,Mid,0,3
8671,Riley Scott 3671,Consumer,F,25-34,Miami,South,USA,2021-04-30,Platinum,Lower-Mid,0,2
8672,Sam King 3672,Home Office,NA,55+,Minneapolis,North,USA,2022-02-20,Bronze,Mid,0,3
8673,Skyler Clark 3673,Small Business,F,55+,New York,East,USA,2023-04-12,Gold,Upper-Mid,1,1
8674,Logan Brown 3674,Small Business,F,55+,Phoenix,West,USA,2019-07-09,Bronze,Low,0,3
8675,Parker Young 3675,Corporate,F,18-24,Houston,South,USA,2025-05-23,Silver,Upper-Mid,1,2
8676,Alex Smith 3676,Consumer,M,25-34,Miami,South,USA,2025-02-15,Platinum,High,0,2
8677,Avery Young 3677,Consumer,F,25-34,Washington,East,USA,2020-10-18,Silver,Mid,0,2
8678,Parker Smith 3678,Consumer,M,25-34,Phoenix,West,USA,2024-06-11,Bronze,Low,0,2
8679,Drew Smith 3679,Consumer,NA,35-44,Houston,South,USA,2020-01-18,Silver,High,0,2
8680,Rowan Young 3680,Consumer,M,25-34,Washington,East,USA,2024-11-14,Silver,Mid,0,1
8681,Parker Green 3681,Consumer,NA,25-34,San Francisco,West,USA,2019-10-06,Gold,Mid,0,2
8682,Cameron Green 3682,Consumer,M,45-54,Chicago,North,USA,2024-08-27,Silver,Mid,0,4
8683,Riley King 3683,Corporate,F,25-34,Miami,South,USA,2025-02-07,Silver,Mid,1,1
8684,Taylor Young 3684,Corporate,M,18-24,Cleveland,North,USA,2025-11-02,Gold,High,1,1
8685,Riley Hall 3685,Consumer,NA,18-24,Chicago,North,USA,2025-02-14,Platinum,Lower-Mid,0,3
8686,Alex Scott 3686,Corporate,M,55+,Washington,East,USA,2024-12-27,Bronze,Lower-Mid,1,1
8687,Rowan Lee 3687,Home Office,M,18-24,Phoenix,West,USA,2020-02-14,Bronze,Mid,0,2
8688,Jamie King 3688,Small Business,M,25-34,Cleveland,North,USA,2022-08-04,Platinum,Mid,1,2
8689,Parker Walker 3689,Corporate,NA,35-44,Boston,East,USA,2021-05-16,Silver,Lower-Mid,1,3
8690,Casey King 3690,Consumer,NA,35-44,Miami,South,USA,2019-04-05,Bronze,Upper-Mid,0,1
8691,Rowan Johnson 3691,Consumer,F,35-44,Washington,East,USA,2023-12-06,Bronze,Low,0,3
8692,Casey Lee 3692,Corporate,M,35-44,Cleveland,North,USA,2025-10-02,Bronze,Upper-Mid,0,3
8693,Jamie Wright 3693,Consumer,F,25-34,San Francisco,West,USA,2024-05-10,Silver,Lower-Mid,0,2
8694,Jamie Green 3694,Consumer,M,25-34,Cleveland,North,USA,2019-02-25,Gold,Lower-Mid,0,2
8695,Skyler Allen 3695,Consumer,NA,35-44,Phoenix,West,USA,2022-07-20,Gold,Lower-Mid,0,1
8696,Sam Hall 3696,Consumer,M,25-34,Philadelphia,East,USA,2020-12-15,Silver,Mid,0,1
8697,Jamie Lewis 3697,Consumer,M,35-44,San Francisco,West,USA,2019-06-28,Silver,Low,0,1
8698,Taylor Walker 3698,Consumer,NA,55+,New York,East,USA,2021-08-13,Silver,Mid,0,2
8699,Drew Hall 3699,Small Business,NA,45-54,Houston,South,USA,2024-11-19,Silver,Lower-Mid,1,1
8700,Cameron Lewis 3700,Corporate,F,18-24,San Francisco,West,USA,2023-01-16,Silver,Mid,1,1
8701,Cameron Johnson 3701,Consumer,NA,25-34,Boston,East,USA,2025-07-02,Bronze,Lower-Mid,0,1
8702,Alex Smith 3702,Corporate,NA,18-24,New York,East,USA,2023-10-19,Silver,Lower-Mid,1,3
8703,Logan Smith 3703,Consumer,NA,55+,Los Angeles,West,USA,2019-12-09,Bronze,Mid,0,2
8704,Riley Green 3704,Consumer,NA,25-34,Philadelphia,East,USA,2019-08-12,Bronze,Upper-Mid,0,4
8705,Drew Walker 3705,Corporate,NA,25-34,San Francisco,West,USA,2020-10-02,Gold,Low,1,1
8706,Parker Allen 3706,Corporate,NA,55+,Atlanta,South,USA,2024-02-18,Silver,Upper-Mid,0,3
8707,Casey Clark 3707,Consumer,M,35-44,Houston,South,USA,2020-03-10,Bronze,Mid,0,2
8708,Drew Walker 3708,Small Business,F,25-34,Los Angeles,West,USA,2021-11-01,Bronze,Lower-Mid,0,1
8709,Avery Lewis 3709,Consumer,M,25-34,Boston,East,USA,2025-06-14,Silver,Upper-Mid,0,2
8710,Cameron Clark 3710,Corporate,F,45-54,Miami,South,USA,2021-02-27,Bronze,Upper-Mid,1,1
8711,Parker Clark 3711,Consumer,NA,35-44,Cleveland,North,USA,2022-12-14,Bronze,Upper-Mid,0,4
8712,Rowan Green 3712,Consumer,NA,35-44,Seattle,West,USA,2022-07-20,Silver,Upper-Mid,0,1
8713,Taylor Wright 3713,Small Business,NA,45-54,Minneapolis,North,USA,2020-11-05,Gold,Low,1,2
8714,Rowan Brown 3714,Consumer,NA,55+,Boston,East,USA,2020-07-02,Silver,Mid,0,2
8715,Logan King 3715,Consumer,F,35-44,Philadelphia,East,USA,2022-06-20,Bronze,Mid,0,2
8716,Alex Davis 3716,Small Business,M,55+,Seattle,West,USA,2020-06-14,Bronze,Mid,1,1
8717,Logan King 3717,Small Business,NA,25-34,San Francisco,West,USA,2022-04-26,Bronze,Upper-Mid,1,2
8718,Skyler Walker 3718,Consumer,NA,25-34,Chicago,North,USA,2020-12-12,Silver,Lower-Mid,0,2
8719,Taylor Johnson 3719,Corporate,F,35-44,Cleveland,North,USA,2023-10-02,Bronze,Lower-Mid,1,4
8720,Skyler Johnson 3720,Consumer,F,25-34,Detroit,North,USA,2023-01-29,Silver,Mid,0,1
8721,Sam Green 3721,Consumer,M,25-34,Boston,East,USA,2020-04-24,Silver,High,0,1
8722,Jamie Scott 3722,Consumer,M,45-54,Atlanta,South,USA,2024-10-06,Gold,Mid,0,2
8723,Skyler Young 3723,Corporate,M,25-34,Detroit,North,USA,2024-01-17,Silver,Upper-Mid,1,4
8724,Jamie King 3724,Consumer,F,25-34,Cleveland,North,USA,2020-10-31,Bronze,Low,0,1
8725,Jordan Young 3725,Corporate,NA,18-24,Seattle,West,USA,2021-11-14,Bronze,Mid,1,2
8726,Alex Clark 3726,Consumer,F,35-44,Phoenix,West,USA,2023-02-28,Platinum,Upper-Mid,0,2
8727,Taylor Walker 3727,Corporate,M,25-34,Miami,South,USA,2021-11-11,Gold,Upper-Mid,1,1
8728,Alex Wright 3728,Consumer,M,35-44,Seattle,West,USA,2019-08-04,Bronze,Mid,0,2
8729,Parker Walker 3729,Corporate,M,35-44,Miami,South,USA,2020-10-29,Gold,Mid,1,2
8730,Jordan Wright 3730,Corporate,NA,25-34,Miami,South,USA,2022-02-09,Bronze,Upper-Mid,1,2
8731,Jamie Green 3731,Consumer,NA,25-34,Atlanta,South,USA,2020-11-09,Silver,Lower-Mid,0,2
8732,Sam Johnson 3732,Small Business,M,35-44,Cleveland,North,USA,2025-06-22,Bronze,Mid,0,4
8733,Sam King 3733,Consumer,F,25-34,Los Angeles,West,USA,2021-04-18,Bronze,Mid,0,2
8734,Morgan Young 3734,Small Business,M,45-54,Dallas,South,USA,2022-09-11,Gold,Upper-Mid,1,2
8735,Rowan Smith 3735,Consumer,F,18-24,Cleveland,North,USA,2019-03-25,Gold,Upper-Mid,0,1
8736,Logan Allen 3736,Corporate,M,55+,Seattle,West,USA,2024-11-07,Silver,Upper-Mid,1,1
8737,Taylor Clark 3737,Consumer,F,35-44,Minneapolis,North,USA,2019-08-07,Gold,Upper-Mid,0,1
8738,Cameron Walker 3738,Home Office,M,55+,Minneapolis,North,USA,2021-05-02,Bronze,Mid,0,2
8739,Drew Wright 3739,Consumer,M,45-54,Miami,South,USA,2021-01-03,Silver,Mid,0,2
8740,Jamie Green 3740,Consumer,M,25-34,Boston,East,USA,2021-12-01,Gold,Lower-Mid,0,2
8741,Skyler Brown 3741,Consumer,NA,18-24,Cleveland,North,USA,2022-05-12,Bronze,Mid,0,3
8742,Sam Young 3742,Corporate,NA,55+,Cleveland,North,USA,2023-04-24,Bronze,Lower-Mid,0,1
8743,Rowan Johnson 3743,Consumer,M,35-44,Miami,South,USA,2021-07-25,Silver,Mid,0,1
8744,Jordan Green 3744,Consumer,NA,25-34,Los Angeles,West,USA,2019-12-30,Silver,Low,0,1
8745,Casey Walker 3745,Corporate,F,55+,Dallas,South,USA,2024-05-07,Bronze,Low,0,3
8746,Jordan Allen 3746,Home Office,M,45-54,Phoenix,West,USA,2024-02-24,Silver,Upper-Mid,0,4
8747,Morgan Davis 3747,Small Business,F,45-54,New York,East,USA,2019-01-05,Platinum,Mid,1,2
8748,Drew Young 3748,Consumer,M,25-34,Washington,East,USA,2024-02-19,Gold,Upper-Mid,0,2
8749,Jordan Wright 3749,Home Office,F,25-34,Phoenix,West,USA,2023-11-10,Silver,Mid,0,3
8750,Skyler Wright 3750,Consumer,M,55+,Houston,South,USA,2023-10-12,Gold,Lower-Mid,0,1
8751,Drew Johnson 3751,Small Business,M,55+,Los Angeles,West,USA,2022-10-01,Bronze,Upper-Mid,1,3
8752,Cameron Scott 3752,Consumer,M,25-34,Minneapolis,North,USA,2025-09-08,Bronze,Mid,0,2
8753,Alex Green 3753,Corporate,NA,45-54,San Francisco,West,USA,2023-03-28,Bronze,Upper-Mid,1,4
8754,Casey Allen 3754,Consumer,F,25-34,Cleveland,North,USA,2024-02-26,Bronze,Mid,0,1
8755,Skyler Young 3755,Corporate,NA,35-44,Cleveland,North,USA,2025-10-29,Silver,Lower-Mid,1,4
8756,Cameron Allen 3756,Consumer,M,35-44,Phoenix,West,USA,2025-02-28,Silver,Mid,0,3
8757,Cameron Hall 3757,Corporate,F,18-24,Houston,South,USA,2024-06-30,Silver,Lower-Mid,1,3
8758,Avery Clark 3758,Small Business,NA,25-34,Atlanta,South,USA,2024-12-15,Gold,Mid,1,1
8759,Morgan Smith 3759,Home Office,F,35-44,Boston,East,USA,2023-12-09,Bronze,Lower-Mid,0,2
8760,Logan Brown 3760,Consumer,F,25-34,Philadelphia,East,USA,2020-09-12,Gold,Low,0,3
8761,Parker Johnson 3761,Small Business,M,18-24,Phoenix,West,USA,2020-10-14,Platinum,Lower-Mid,0,3
8762,Avery Johnson 3762,Corporate,M,45-54,New York,East,USA,2019-08-18,Silver,Mid,0,3
8763,Skyler Lewis 3763,Consumer,NA,25-34,Dallas,South,USA,2025-01-15,Bronze,Lower-Mid,0,4
8764,Jamie Johnson 3764,Consumer,NA,25-34,Minneapolis,North,USA,2025-07-04,Gold,Low,0,4
8765,Riley Davis 3765,Consumer,NA,25-34,Minneapolis,North,USA,2022-11-22,Silver,Mid,0,1
8766,Avery Hall 3766,Home Office,NA,55+,Atlanta,South,USA,2019-10-25,Silver,Mid,0,2
8767,Drew Lewis 3767,Corporate,NA,18-24,Chicago,North,USA,2023-09-28,Gold,Mid,1,3
8768,Rowan Lewis 3768,Consumer,NA,25-34,New York,East,USA,2020-02-26,Silver,Mid,0,1
8769,Casey Green 3769,Home Office,M,18-24,Boston,East,USA,2019-05-03,Bronze,Mid,0,4
8770,Alex Davis 3770,Home Office,NA,35-44,Atlanta,South,USA,2024-06-07,Gold,Mid,0,2
8771,Alex Smith 3771,Consumer,F,18-24,San Francisco,West,USA,2019-12-09,Bronze,Upper-Mid,0,2
8772,Skyler Hall 3772,Consumer,NA,25-34,Los Angeles,West,USA,2020-09-15,Silver,Mid,0,2
8773,Jordan Allen 3773,Consumer,M,35-44,Phoenix,West,USA,2022-11-19,Gold,High,0,1
8774,Alex Johnson 3774,Corporate,F,25-34,New York,East,USA,2023-07-11,Bronze,Lower-Mid,1,1
8775,Avery King 3775,Home Office,M,18-24,Miami,South,USA,2022-09-02,Silver,Upper-Mid,0,1
8776,Jamie Clark 3776,Corporate,NA,25-34,Houston,South,USA,2021-03-24,Silver,Lower-Mid,1,1
8777,Rowan Scott 3777,Consumer,M,35-44,Chicago,North,USA,2025-10-01,Bronze,Low,0,4
8778,Logan Green 3778,Corporate,M,55+,Detroit,North,USA,2021-10-14,Bronze,High,1,1
8779,Avery Clark 3779,Consumer,F,45-54,Miami,South,USA,2020-09-04,Silver,Upper-Mid,0,1
8780,Jordan King 3780,Corporate,F,35-44,Atlanta,South,USA,2024-05-30,Gold,Upper-Mid,1,2
8781,Morgan Clark 3781,Consumer,F,18-24,Cleveland,North,USA,2021-11-26,Gold,Lower-Mid,0,1
8782,Taylor Allen 3782,Small Business,M,18-24,Minneapolis,North,USA,2025-01-25,Bronze,Mid,1,2
8783,Drew King 3783,Corporate,NA,35-44,San Francisco,West,USA,2023-10-19,Gold,Lower-Mid,1,4
8784,Parker Smith 3784,Consumer,M,25-34,San Francisco,West,USA,2020-06-28,Gold,Lower-Mid,0,1
8785,Avery Clark 3785,Home Office,F,18-24,Dallas,South,USA,2023-02-24,Bronze,Lower-Mid,0,4
8786,Logan Johnson 3786,Small Business,M,55+,Detroit,North,USA,2023-12-23,Silver,Lower-Mid,1,2
8787,Jordan Brown 3787,Small Business,M,55+,San Francisco,West,USA,2025-08-04,Silver,Low,0,3
8788,Parker Green 3788,Consumer,NA,35-44,Boston,East,USA,2019-11-05,Gold,Upper-Mid,0,2
8789,Sam Walker 3789,Small Business,NA,45-54,Miami,South,USA,2021-03-10,Gold,Mid,1,1
8790,Rowan Clark 3790,Consumer,M,25-34,Philadelphia,East,USA,2020-11-23,Bronze,Mid,0,4
8791,Drew Davis 3791,Small Business,NA,25-34,Atlanta,South,USA,2020-06-22,Silver,Mid,1,1
8792,Rowan Green 3792,Consumer,M,18-24,Cleveland,North,USA,2023-11-07,Silver,Upper-Mid,0,1
8793,Casey Young 3793,Consumer,NA,25-34,Philadelphia,East,USA,2020-09-14,Silver,Low,0,1
8794,Taylor Walker 3794,Consumer,NA,25-34,Los Angeles,West,USA,2024-07-22,Gold,Low,0,1
8795,Sam Lewis 3795,Corporate,NA,25-34,San Francisco,West,USA,2023-08-28,Platinum,Lower-Mid,0,2
8796,Sam Lee 3796,Consumer,NA,35-44,New York,East,USA,2025-07-13,Silver,Upper-Mid,0,2
8797,Jordan Green 3797,Consumer,F,35-44,Los Angeles,West,USA,2022-03-02,Silver,Lower-Mid,0,4
8798,Casey Hall 3798,Consumer,F,35-44,Los Angeles,West,USA,2022-09-28,Platinum,Mid,0,1
8799,Avery Lee 3799,Small Business,F,45-54,Boston,East,USA,2020-12-12,Silver,Upper-Mid,1,4
8800,Logan Brown 3800,Small Business,F,45-54,San Francisco,West,USA,2019-11-07,Silver,Mid,1,1
8801,Skyler Walker 3801,Consumer,NA,55+,Boston,East,USA,2022-09-11,Platinum,Mid,0,2
8802,Jordan Hall 3802,Consumer,F,18-24,Boston,East,USA,2024-11-22,Gold,Mid,0,2
8803,Taylor Lewis 3803,Consumer,M,35-44,Detroit,North,USA,2023-12-11,Bronze,Low,0,1
8804,Avery Hall 3804,Consumer,F,35-44,Dallas,South,USA,2019-03-11,Bronze,Upper-Mid,0,4
8805,Parker Johnson 3805,Consumer,F,35-44,Seattle,West,USA,2020-11-14,Bronze,Lower-Mid,0,4
8806,Drew Walker 3806,Consumer,F,55+,Cleveland,North,USA,2020-01-02,Silver,Mid,0,1
8807,Alex Smith 3807,Consumer,F,35-44,Boston,East,USA,2021-01-10,Gold,Low,0,2
8808,Rowan Smith 3808,Consumer,F,25-34,Houston,South,USA,2024-01-13,Platinum,Lower-Mid,0,4
8809,Drew Green 3809,Consumer,M,25-34,Minneapolis,North,USA,2023-05-07,Bronze,Upper-Mid,0,3
8810,Cameron Walker 3810,Consumer,F,18-24,Cleveland,North,USA,2022-03-02,Bronze,Upper-Mid,0,2
8811,Cameron Brown 3811,Small Business,NA,35-44,Cleveland,North,USA,2022-12-08,Bronze,High,1,1
8812,Sam Johnson 3812,Consumer,F,25-34,San Francisco,West,USA,2025-06-18,Bronze,High,0,2
8813,Logan King 3813,Corporate,M,18-24,Minneapolis,North,USA,2021-06-25,Silver,Low,1,1
8814,Avery Davis 3814,Home Office,F,35-44,Atlanta,South,USA,2021-04-05,Bronze,Mid,0,2
8815,Alex Brown 3815,Consumer,M,25-34,Boston,East,USA,2024-10-20,Platinum,Mid,0,1
8816,Drew Hall 3816,Corporate,F,45-54,Dallas,South,USA,2019-04-24,Gold,Lower-Mid,1,2
8817,Jamie Davis 3817,Consumer,M,35-44,Seattle,West,USA,2020-05-11,Bronze,Mid,0,4
8818,Logan Young 3818,Corporate,M,45-54,Detroit,North,USA,2023-01-17,Silver,Mid,1,1
8819,Parker Johnson 3819,Consumer,NA,55+,Boston,East,USA,2019-03-29,Bronze,Lower-Mid,0,1
8820,Parker Green 3820,Corporate,NA,18-24,New York,East,USA,2019-03-06,Gold,Low,1,2
8821,Jamie Allen 3821,Consumer,F,25-34,Seattle,West,USA,2024-03-05,Silver,Mid,0,1
8822,Rowan Lee 3822,Small Business,NA,25-34,Los Angeles,West,USA,2024-10-11,Silver,Lower-Mid,0,2
8823,Cameron King 3823,Consumer,NA,35-44,Seattle,West,USA,2024-08-06,Gold,Lower-Mid,0,1
8824,Parker Walker 3824,Small Business,F,55+,Minneapolis,North,USA,2021-07-20,Silver,Mid,0,2
8825,Logan Lee 3825,Consumer,NA,55+,New York,East,USA,2024-04-05,Bronze,High,0,4
8826,Drew Davis 3826,Consumer,M,35-44,Philadelphia,East,USA,2022-12-25,Bronze,Mid,0,1
8827,Jamie Allen 3827,Home Office,M,25-34,Dallas,South,USA,2021-03-12,Platinum,Mid,0,4
8828,Skyler Davis 3828,Corporate,F,25-34,Miami,South,USA,2020-01-16,Bronze,Upper-Mid,0,2
8829,Rowan Hall 3829,Consumer,F,25-34,Atlanta,South,USA,2023-10-30,Silver,Mid,0,1
8830,Riley Johnson 3830,Consumer,M,18-24,Miami,South,USA,2023-10-19,Bronze,Lower-Mid,0,1
8831,Jordan Brown 3831,Corporate,M,45-54,Boston,East,USA,2024-01-18,Silver,High,1,4
8832,Avery Clark 3832,Home Office,M,35-44,Philadelphia,East,USA,2020-01-30,Silver,High,0,2
8833,Riley Hall 3833,Small Business,F,35-44,Minneapolis,North,USA,2023-12-31,Bronze,Lower-Mid,1,2
8834,Cameron Wright 3834,Consumer,NA,25-34,Los Angeles,West,USA,2025-07-24,Silver,Mid,0,2
8835,Logan Scott 3835,Small Business,M,25-34,Detroit,North,USA,2022-02-11,Gold,Upper-Mid,1,2
8836,Sam Green 3836,Consumer,F,35-44,Seattle,West,USA,2022-12-16,Bronze,Mid,0,2
8837,Drew Allen 3837,Small Business,NA,35-44,Boston,East,USA,2022-12-29,Silver,Low,1,4
8838,Parker Clark 3838,Consumer,NA,25-34,Los Angeles,West,USA,2020-03-14,Bronze,Mid,0,4
8839,Morgan Lee 3839,Consumer,NA,45-54,Philadelphia,East,USA,2025-01-27,Gold,Lower-Mid,0,2
8840,Taylor Hall 3840,Small Business,F,45-54,Chicago,North,USA,2019-06-24,Gold,Lower-Mid,0,2
8841,Parker Brown 3841,Small Business,F,25-34,Dallas,South,USA,2024-11-29,Bronze,Low,1,2
8842,Drew Johnson 3842,Corporate,NA,45-54,San Francisco,West,USA,2020-05-18,Gold,Lower-Mid,1,4
8843,Avery Davis 3843,Corporate,M,25-34,Los Angeles,West,USA,2022-02-10,Bronze,Mid,1,4
8844,Logan Lewis 3844,Consumer,M,25-34,Boston,East,USA,2022-06-04,Bronze,Upper-Mid,0,4
8845,Casey Allen 3845,Consumer,M,35-44,Philadelphia,East,USA,2024-03-06,Silver,Mid,0,1
8846,Avery Brown 3846,Consumer,F,55+,San Francisco,West,USA,2021-07-24,Silver,Low,0,2
8847,Casey Wright 3847,Consumer,M,35-44,Chicago,North,USA,2020-03-23,Platinum,Lower-Mid,0,2
8848,Avery Lewis 3848,Consumer,NA,35-44,Boston,East,USA,2021-08-02,Bronze,Mid,0,2
8849,Jamie Lewis 3849,Corporate,F,55+,Los Angeles,West,USA,2019-12-22,Silver,Mid,0,2
8850,Morgan Walker 3850,Consumer,M,45-54,Houston,South,USA,2021-05-30,Silver,Mid,0,1
8851,Jordan Brown 3851,Consumer,M,45-54,Minneapolis,North,USA,2024-05-26,Gold,Upper-Mid,0,3
8852,Jordan King 3852,Consumer,M,35-44,Miami,South,USA,2020-11-29,Bronze,Lower-Mid,0,2
8853,Riley Johnson 3853,Small Business,M,45-54,San Francisco,West,USA,2022-08-18,Platinum,Upper-Mid,1,1
8854,Logan Lewis 3854,Corporate,NA,35-44,Dallas,South,USA,2025-08-23,Bronze,Mid,1,3
8855,Morgan Smith 3855,Consumer,F,25-34,Minneapolis,North,USA,2023-02-07,Silver,Upper-Mid,0,4
8856,Alex Hall 3856,Home Office,NA,55+,Seattle,West,USA,2021-12-19,Gold,Mid,0,2
8857,Casey Wright 3857,Consumer,NA,25-34,Atlanta,South,USA,2024-11-28,Gold,Mid,0,2
8858,Logan Hall 3858,Consumer,M,25-34,Washington,East,USA,2023-11-13,Gold,Low,0,2
8859,Cameron Lee 3859,Consumer,F,35-44,Chicago,North,USA,2021-04-05,Silver,High,0,1
8860,Cameron Young 3860,Consumer,NA,45-54,Detroit,North,USA,2021-07-30,Bronze,Low,0,1
8861,Skyler Lee 3861,Consumer,NA,35-44,Washington,East,USA,2025-04-16,Silver,Mid,0,3
8862,Avery Young 3862,Home Office,F,55+,Houston,South,USA,2020-10-22,Silver,Upper-Mid,0,3
8863,Cameron Brown 3863,Consumer,NA,35-44,Chicago,North,USA,2023-02-04,Silver,Mid,0,1
8864,Avery Johnson 3864,Consumer,M,18-24,Dallas,South,USA,2021-09-03,Bronze,Lower-Mid,0,4
8865,Taylor Hall 3865,Consumer,M,25-34,Phoenix,West,USA,2019-02-28,Silver,Mid,0,2
8866,Jamie Smith 3866,Consumer,F,35-44,New York,East,USA,2023-09-06,Silver,Low,0,2
8867,Morgan Allen 3867,Corporate,NA,35-44,Miami,South,USA,2025-05-12,Bronze,Upper-Mid,0,2
8868,Rowan Hall 3868,Small Business,F,25-34,Houston,South,USA,2025-06-01,Bronze,Mid,0,3
8869,Logan Lee 3869,Home Office,F,25-34,Houston,South,USA,2022-05-15,Gold,Mid,0,4
8870,Cameron Young 3870,Consumer,F,25-34,Minneapolis,North,USA,2019-08-01,Gold,Mid,0,2
8871,Alex Johnson 3871,Consumer,M,45-54,Minneapolis,North,USA,2019-11-14,Gold,Mid,0,4
8872,Cameron Scott 3872,Consumer,F,18-24,Philadelphia,East,USA,2025-04-20,Bronze,Mid,0,1
8873,Casey Lee 3873,Consumer,F,45-54,Seattle,West,USA,2025-02-08,Silver,Mid,0,2
8874,Taylor Wright 3874,Small Business,M,35-44,San Francisco,West,USA,2023-07-27,Bronze,Mid,1,2
8875,Casey Hall 3875,Small Business,NA,45-54,New York,East,USA,2019-07-21,Silver,Upper-Mid,0,2
8876,Casey Lewis 3876,Home Office,NA,25-34,Boston,East,USA,2021-10-07,Silver,Upper-Mid,0,2
8877,Sam Walker 3877,Consumer,M,35-44,Minneapolis,North,USA,2024-07-24,Gold,Mid,0,1
8878,Casey Johnson 3878,Consumer,NA,55+,Philadelphia,East,USA,2024-10-02,Platinum,Lower-Mid,0,1
8879,Cameron Lewis 3879,Small Business,F,25-34,Houston,South,USA,2022-01-05,Bronze,Low,1,3
8880,Avery Wright 3880,Consumer,NA,25-34,Los Angeles,West,USA,2022-09-25,Gold,Mid,0,2
8881,Jamie Smith 3881,Small Business,F,25-34,Cleveland,North,USA,2023-08-11,Bronze,Lower-Mid,0,1
8882,Riley Johnson 3882,Consumer,NA,25-34,Minneapolis,North,USA,2025-02-26,Platinum,Mid,0,2
8883,Casey Wright 3883,Consumer,F,35-44,New York,East,USA,2025-08-28,Silver,High,0,4
8884,Morgan Lee 3884,Corporate,NA,25-34,Houston,South,USA,2020-11-12,Silver,Upper-Mid,1,1
8885,Casey Clark 3885,Small Business,M,25-34,Chicago,North,USA,2022-08-01,Silver,Mid,0,1
8886,Rowan Walker 3886,Corporate,NA,45-54,Chicago,North,USA,2019-01-14,Gold,Mid,1,1
8887,Jamie Young 3887,Consumer,M,18-24,Washington,East,USA,2025-06-01,Silver,Upper-Mid,0,3
8888,Logan Young 3888,Consumer,F,35-44,Los Angeles,West,USA,2021-03-04,Platinum,Mid,0,2
8889,Sam Lewis 3889,Consumer,NA,35-44,Atlanta,South,USA,2025-08-13,Bronze,Low,0,1
8890,Sam Scott 3890,Consumer,M,25-34,Phoenix,West,USA,2019-03-10,Silver,Lower-Mid,0,3
8891,Morgan Brown 3891,Consumer,NA,35-44,Miami,South,USA,2022-06-24,Silver,Mid,0,2
8892,Parker King 3892,Small Business,NA,45-54,Phoenix,West,USA,2020-04-17,Silver,Upper-Mid,1,1
8893,Morgan Lewis 3893,Corporate,F,55+,Minneapolis,North,USA,2024-11-26,Silver,Lower-Mid,0,3
8894,Skyler Smith 3894,Small Business,F,25-34,Detroit,North,USA,2025-10-23,Bronze,Low,1,1
8895,Jordan Wright 3895,Corporate,F,25-34,Dallas,South,USA,2022-08-18,Bronze,Mid,1,1
8896,Casey Lewis 3896,Consumer,NA,35-44,Cleveland,North,USA,2021-10-19,Bronze,Mid,0,4
8897,Morgan Walker 3897,Small Business,NA,18-24,Washington,East,USA,2023-02-25,Bronze,Upper-Mid,0,1
8898,Casey Walker 3898,Consumer,NA,25-34,Phoenix,West,USA,2025-07-03,Silver,Mid,0,3
8899,Casey Walker 3899,Small Business,F,35-44,Atlanta,South,USA,2025-08-10,Silver,Lower-Mid,1,2
8900,Skyler Davis 3900,Consumer,M,25-34,Detroit,North,USA,2019-04-08,Platinum,Mid,0,2
8901,Cameron King 3901,Consumer,NA,25-34,Philadelphia,East,USA,2025-08-05,Silver,Mid,0,4
8902,Riley Wright 3902,Consumer,NA,35-44,Miami,South,USA,2024-09-04,Silver,Mid,0,2
8903,Morgan Allen 3903,Consumer,F,55+,Cleveland,North,USA,2022-05-01,Bronze,Upper-Mid,0,1
8904,Rowan Davis 3904,Corporate,M,25-34,Minneapolis,North,USA,2022-02-16,Bronze,Low,0,1
8905,Casey Johnson 3905,Consumer,F,35-44,Boston,East,USA,2021-10-31,Silver,Mid,0,2
8906,Jordan Scott 3906,Consumer,NA,25-34,New York,East,USA,2020-05-22,Platinum,Mid,0,1
8907,Cameron Smith 3907,Home Office,F,25-34,San Francisco,West,USA,2024-11-13,Platinum,Mid,0,1
8908,Avery Walker 3908,Consumer,F,55+,Minneapolis,North,USA,2024-04-07,Bronze,Low,0,2
8909,Casey Walker 3909,Home Office,NA,55+,Houston,South,USA,2024-05-12,Silver,Lower-Mid,0,2
8910,Avery Wright 3910,Consumer,M,18-24,San Francisco,West,USA,2023-07-10,Bronze,Mid,0,2
8911,Morgan Wright 3911,Consumer,F,45-54,Los Angeles,West,USA,2023-05-26,Bronze,Mid,0,1
8912,Casey Lee 3912,Small Business,M,35-44,Houston,South,USA,2024-10-13,Silver,Low,0,2
8913,Logan Clark 3913,Consumer,F,25-34,Washington,East,USA,2022-01-06,Platinum,Upper-Mid,0,3
8914,Jordan Young 3914,Consumer,M,25-34,Philadelphia,East,USA,2019-07-18,Platinum,Mid,0,3
8915,Cameron Hall 3915,Small Business,F,35-44,Houston,South,USA,2019-04-07,Gold,Mid,1,2
8916,Rowan Clark 3916,Consumer,M,35-44,Seattle,West,USA,2023-09-12,Silver,Low,0,1
8917,Logan Green 3917,Consumer,M,25-34,Houston,South,USA,2022-05-15,Bronze,Lower-Mid,0,4
8918,Jamie Davis 3918,Consumer,NA,45-54,Washington,East,USA,2024-03-08,Silver,Mid,0,3
8919,Cameron King 3919,Consumer,NA,45-54,Miami,South,USA,2021-03-19,Gold,Lower-Mid,0,3
8920,Alex Johnson 3920,Home Office,NA,25-34,Seattle,West,USA,2022-08-05,Silver,High,0,1
8921,Casey Davis 3921,Consumer,F,18-24,Atlanta,South,USA,2019-11-15,Silver,Low,0,2
8922,Rowan Lewis 3922,Corporate,M,45-54,San Francisco,West,USA,2021-05-18,Bronze,High,1,4
8923,Jordan Lee 3923,Consumer,NA,45-54,Philadelphia,East,USA,2021-06-21,Gold,Mid,0,3
8924,Casey Davis 3924,Corporate,M,35-44,Phoenix,West,USA,2019-11-08,Gold,High,1,2
8925,Drew Clark 3925,Corporate,F,25-34,Minneapolis,North,USA,2021-12-09,Gold,Lower-Mid,1,3
8926,Rowan Smith 3926,Small Business,M,45-54,Miami,South,USA,2024-09-24,Bronze,Upper-Mid,1,4
8927,Drew Johnson 3927,Small Business,F,45-54,Washington,East,USA,2021-11-19,Gold,Mid,0,1
8928,Cameron Hall 3928,Consumer,F,35-44,New York,East,USA,2019-08-01,Gold,Mid,0,1
8929,Jordan Lee 3929,Small Business,F,25-34,Washington,East,USA,2019-04-05,Silver,Mid,0,2
8930,Avery Lee 3930,Consumer,M,25-34,Washington,East,USA,2019-01-05,Bronze,Lower-Mid,0,1
8931,Skyler Wright 3931,Home Office,M,25-34,Boston,East,USA,2020-06-07,Silver,Mid,0,1
8932,Taylor Wright 3932,Corporate,NA,45-54,Chicago,North,USA,2020-03-16,Silver,High,0,2
8933,Drew Clark 3933,Consumer,NA,25-34,San Francisco,West,USA,2019-04-21,Gold,Lower-Mid,0,1
8934,Taylor Green 3934,Small Business,M,25-34,Houston,South,USA,2022-09-17,Silver,Upper-Mid,1,2
8935,Riley Allen 3935,Small Business,M,25-34,San Francisco,West,USA,2022-11-14,Gold,Mid,1,3
8936,Logan Davis 3936,Corporate,F,18-24,Houston,South,USA,2025-06-26,Silver,Low,1,2
8937,Taylor Wright 3937,Consumer,NA,55+,Phoenix,West,USA,2019-03-03,Silver,Mid,0,2
8938,Alex Young 3938,Consumer,F,35-44,Miami,South,USA,2025-04-22,Silver,Mid,0,2
8939,Rowan King 3939,Small Business,NA,18-24,Washington,East,USA,2024-01-21,Gold,Lower-Mid,1,2
8940,Morgan Green 3940,Consumer,F,35-44,Phoenix,West,USA,2024-12-28,Gold,Mid,0,2
8941,Skyler Hall 3941,Consumer,F,35-44,Seattle,West,USA,2019-05-22,Silver,Upper-Mid,0,2
8942,Logan Green 3942,Consumer,NA,55+,Dallas,South,USA,2024-03-10,Platinum,Lower-Mid,0,1
8943,Riley Walker 3943,Home Office,M,25-34,Seattle,West,USA,2020-11-18,Bronze,Lower-Mid,0,3
8944,Morgan Young 3944,Corporate,F,35-44,New York,East,USA,2019-11-27,Platinum,Mid,1,1
8945,Morgan Wright 3945,Consumer,M,35-44,Detroit,North,USA,2021-01-06,Silver,High,0,1
8946,Cameron Lewis 3946,Home Office,F,55+,Seattle,West,USA,2023-05-26,Silver,Mid,0,2
8947,Morgan Clark 3947,Corporate,F,35-44,Cleveland,North,USA,2023-09-18,Bronze,High,1,2
8948,Alex Johnson 3948,Consumer,NA,25-34,Detroit,North,USA,2024-11-19,Bronze,Low,0,1
8949,Avery Davis 3949,Small Business,F,45-54,Chicago,North,USA,2023-04-19,Gold,Upper-Mid,0,4
8950,Taylor Hall 3950,Small Business,NA,25-34,Los Angeles,West,USA,2023-06-18,Silver,Lower-Mid,1,1
8951,Alex Lewis 3951,Consumer,F,45-54,Philadelphia,East,USA,2019-09-09,Silver,High,0,1
8952,Jordan Hall 3952,Consumer,F,18-24,San Francisco,West,USA,2024-02-24,Bronze,Mid,0,2
8953,Drew Hall 3953,Corporate,NA,18-24,Washington,East,USA,2020-03-04,Silver,Mid,1,3
8954,Rowan Lewis 3954,Corporate,NA,25-34,Washington,East,USA,2023-02-26,Silver,Mid,1,4
8955,Drew King 3955,Corporate,M,35-44,Miami,South,USA,2022-02-18,Gold,High,1,3
8956,Avery Hall 3956,Small Business,M,35-44,Detroit,North,USA,2023-07-06,Bronze,Lower-Mid,0,1
8957,Cameron Brown 3957,Consumer,F,25-34,Boston,East,USA,2025-02-08,Bronze,Upper-Mid,0,3
8958,Logan Walker 3958,Consumer,M,25-34,Chicago,North,USA,2024-01-04,Bronze,Upper-Mid,0,3
8959,Jordan Lewis 3959,Small Business,F,35-44,Seattle,West,USA,2022-10-30,Bronze,Mid,1,3
8960,Logan Clark 3960,Consumer,NA,25-34,Dallas,South,USA,2024-04-28,Gold,Lower-Mid,0,2
8961,Parker Wright 3961,Small Business,F,45-54,Houston,South,USA,2021-11-23,Silver,High,1,4
8962,Jordan Johnson 3962,Small Business,F,45-54,Cleveland,North,USA,2024-08-18,Bronze,Lower-Mid,1,1
8963,Taylor Johnson 3963,Home Office,F,25-34,Washington,East,USA,2020-03-14,Gold,Mid,0,1
8964,Cameron Lewis 3964,Home Office,F,55+,Cleveland,North,USA,2020-06-11,Bronze,Lower-Mid,0,2
8965,Alex Walker 3965,Consumer,F,55+,Miami,South,USA,2024-12-27,Silver,Mid,0,1
8966,Cameron Brown 3966,Consumer,M,55+,New York,East,USA,2022-06-27,Silver,Mid,0,1
8967,Sam Lee 3967,Home Office,M,35-44,Seattle,West,USA,2023-04-05,Silver,Upper-Mid,0,2
8968,Morgan Young 3968,Small Business,NA,25-34,Phoenix,West,USA,2023-05-09,Silver,Mid,0,1
8969,Alex Johnson 3969,Small Business,M,35-44,Miami,South,USA,2019-03-11,Gold,Mid,1,1
8970,Logan Johnson 3970,Consumer,NA,35-44,Los Angeles,West,USA,2023-04-06,Gold,Mid,0,1
8971,Avery Green 3971,Corporate,M,25-34,Dallas,South,USA,2025-08-17,Silver,Upper-Mid,1,4
8972,Logan Hall 3972,Consumer,M,18-24,Boston,East,USA,2020-05-29,Platinum,High,0,3
8973,Jamie Wright 3973,Consumer,NA,18-24,Cleveland,North,USA,2023-08-01,Silver,Mid,0,3
8974,Skyler Hall 3974,Home Office,F,25-34,Dallas,South,USA,2019-12-10,Silver,Lower-Mid,0,4
8975,Sam Lewis 3975,Consumer,NA,18-24,Boston,East,USA,2024-11-09,Silver,Mid,0,4
8976,Riley Green 3976,Consumer,NA,25-34,Atlanta,South,USA,2023-10-05,Silver,Lower-Mid,0,3
8977,Skyler Lewis 3977,Consumer,M,35-44,Seattle,West,USA,2020-06-18,Silver,Lower-Mid,0,2
8978,Alex Allen 3978,Consumer,NA,55+,Atlanta,South,USA,2020-12-06,Silver,Lower-Mid,0,2
8979,Sam Davis 3979,Corporate,NA,45-54,Dallas,South,USA,2023-03-27,Bronze,Mid,0,1
8980,Taylor Young 3980,Consumer,NA,55+,Atlanta,South,USA,2023-05-31,Platinum,Lower-Mid,0,1
8981,Jamie Davis 3981,Home Office,M,55+,Cleveland,North,USA,2024-03-30,Silver,Upper-Mid,0,3
8982,Skyler Lewis 3982,Consumer,NA,45-54,Atlanta,South,USA,2020-04-15,Silver,Lower-Mid,0,2
8983,Sam King 3983,Consumer,NA,25-34,Cleveland,North,USA,2025-03-16,Bronze,Lower-Mid,0,2
8984,Sam Wright 3984,Corporate,M,25-34,New York,East,USA,2022-09-24,Gold,High,1,2
8985,Parker Young 3985,Consumer,F,18-24,Seattle,West,USA,2024-02-12,Silver,Mid,0,3
8986,Parker Lee 3986,Corporate,NA,55+,Atlanta,South,USA,2020-06-06,Platinum,Mid,0,4
8987,Rowan Brown 3987,Small Business,M,45-54,Cleveland,North,USA,2022-06-20,Bronze,Mid,1,1
8988,Rowan Wright 3988,Consumer,NA,35-44,Minneapolis,North,USA,2019-05-14,Silver,Lower-Mid,0,3
8989,Drew Allen 3989,Corporate,NA,45-54,Dallas,South,USA,2021-08-21,Platinum,Lower-Mid,0,2
8990,Avery Johnson 3990,Consumer,F,55+,Chicago,North,USA,2024-06-29,Silver,High,0,2
8991,Skyler Smith 3991,Small Business,NA,18-24,Boston,East,USA,2024-01-21,Bronze,Mid,1,1
8992,Logan Green 3992,Consumer,NA,35-44,Detroit,North,USA,2020-10-17,Bronze,Mid,0,4
8993,Logan Lewis 3993,Corporate,M,35-44,New York,East,USA,2022-04-25,Bronze,Upper-Mid,0,2
8994,Rowan Clark 3994,Small Business,NA,35-44,Boston,East,USA,2020-06-14,Silver,High,0,4
8995,Casey Smith 3995,Consumer,F,35-44,Washington,East,USA,2023-02-04,Silver,Low,0,4
8996,Alex Smith 3996,Corporate,M,55+,Chicago,North,USA,2024-02-12,Silver,Mid,1,2
8997,Rowan Scott 3997,Small Business,NA,25-34,San Francisco,West,USA,2021-02-19,Bronze,Low,1,2
8998,Morgan Scott 3998,Home Office,NA,35-44,San Francisco,West,USA,2023-03-31,Platinum,Mid,0,1
8999,Jamie Johnson 3999,Consumer,NA,55+,New York,East,USA,2019-09-01,Silver,Upper-Mid,0,2
9000,Skyler Young 4000,Small Business,F,45-54,Miami,South,USA,2025-08-31,Bronze,Upper-Mid,0,2
9001,Drew Brown 4001,Consumer,M,35-44,Atlanta,South,USA,2023-05-19,Bronze,Mid,0,4
9002,Sam Allen 4002,Corporate,F,18-24,Seattle,West,USA,2020-07-30,Gold,Upper-Mid,1,2
9003,Taylor Green 4003,Small Business,NA,35-44,Washington,East,USA,2021-12-11,Silver,Lower-Mid,1,2
9004,Alex Clark 4004,Corporate,M,55+,Los Angeles,West,USA,2025-03-23,Silver,Lower-Mid,1,1
9005,Skyler Allen 4005,Consumer,NA,45-54,Los Angeles,West,USA,2025-11-02,Bronze,Mid,0,2
9006,Skyler Wright 4006,Consumer,NA,35-44,Dallas,South,USA,2020-01-28,Bronze,Upper-Mid,0,4
9007,Skyler Johnson 4007,Corporate,M,35-44,Chicago,North,USA,2024-10-03,Bronze,Upper-Mid,1,3
9008,Alex Allen 4008,Consumer,F,25-34,Philadelphia,East,USA,2025-03-13,Platinum,Mid,0,2
9009,Alex Scott 4009,Corporate,F,35-44,Cleveland,North,USA,2019-04-03,Bronze,Upper-Mid,0,4
9010,Rowan Young 4010,Home Office,M,35-44,Boston,East,USA,2020-08-24,Silver,Mid,0,1
9011,Jamie King 4011,Consumer,NA,25-34,Washington,East,USA,2025-09-22,Gold,Low,0,1
9012,Casey Scott 4012,Small Business,F,25-34,Detroit,North,USA,2021-02-05,Bronze,Mid,1,3
9013,Cameron Clark 4013,Consumer,F,35-44,Chicago,North,USA,2019-06-12,Silver,Mid,0,4
9014,Alex Allen 4014,Small Business,M,45-54,Philadelphia,East,USA,2024-04-21,Silver,Upper-Mid,1,2
9015,Morgan Green 4015,Consumer,F,55+,Seattle,West,USA,2024-12-16,Bronze,Mid,0,2
9016,Rowan Smith 4016,Small Business,F,45-54,Chicago,North,USA,2023-09-07,Bronze,Mid,1,3
9017,Cameron Wright 4017,Small Business,F,18-24,Chicago,North,USA,2020-09-22,Bronze,Low,1,2
9018,Logan Scott 4018,Consumer,M,55+,Washington,East,USA,2021-02-05,Platinum,Upper-Mid,0,2
9019,Sam Lee 4019,Small Business,M,35-44,Seattle,West,USA,2025-04-02,Bronze,Mid,1,1
9020,Parker Walker 4020,Consumer,NA,25-34,Phoenix,West,USA,2023-06-30,Bronze,High,0,2
9021,Taylor Clark 4021,Consumer,M,25-34,Dallas,South,USA,2021-12-21,Bronze,Lower-Mid,0,1
9022,Rowan Young 4022,Corporate,NA,25-34,Boston,East,USA,2024-02-08,Bronze,Upper-Mid,1,1
9023,Casey Brown 4023,Corporate,F,35-44,Minneapolis,North,USA,2023-10-17,Silver,Lower-Mid,0,1
9024,Morgan Hall 4024,Corporate,NA,35-44,Cleveland,North,USA,2023-01-30,Silver,Lower-Mid,1,1
9025,Cameron Young 4025,Consumer,F,25-34,Detroit,North,USA,2024-02-29,Gold,Upper-Mid,0,2
9026,Jamie King 4026,Small Business,M,35-44,Chicago,North,USA,2024-03-02,Bronze,Upper-Mid,1,3
9027,Avery Johnson 4027,Corporate,M,25-34,Minneapolis,North,USA,2023-08-30,Silver,Lower-Mid,0,2
9028,Parker Hall 4028,Consumer,NA,25-34,Washington,East,USA,2024-09-02,Silver,Mid,0,3
9029,Jamie Clark 4029,Consumer,NA,35-44,Phoenix,West,USA,2025-01-19,Bronze,Low,0,2
9030,Cameron King 4030,Small Business,M,45-54,Boston,East,USA,2019-05-29,Silver,Low,1,2
9031,Sam King 4031,Consumer,M,25-34,Miami,South,USA,2020-07-27,Platinum,High,0,2
9032,Parker Wright 4032,Corporate,M,25-34,Philadelphia,East,USA,2022-08-07,Bronze,Upper-Mid,0,1
9033,Parker Brown 4033,Consumer,M,45-54,Detroit,North,USA,2020-03-23,Gold,Upper-Mid,0,1
9034,Morgan Wright 4034,Consumer,NA,55+,New York,East,USA,2022-09-04,Silver,Lower-Mid,0,1
9035,Taylor Davis 4035,Home Office,M,25-34,New York,East,USA,2024-08-09,Bronze,Low,0,2
9036,Morgan Clark 4036,Consumer,F,55+,Miami,South,USA,2022-03-05,Silver,Mid,0,2
9037,Taylor Brown 4037,Small Business,F,35-44,Miami,South,USA,2019-05-17,Bronze,Upper-Mid,0,2
9038,Riley Davis 4038,Consumer,F,25-34,Phoenix,West,USA,2023-08-28,Bronze,Mid,0,4
9039,Sam Lewis 4039,Consumer,M,18-24,San Francisco,West,USA,2023-07-11,Silver,Mid,0,2
9040,Sam Lee 4040,Small Business,F,25-34,Los Angeles,West,USA,2019-12-28,Bronze,Mid,1,4
9041,Morgan Young 4041,Consumer,M,55+,Cleveland,North,USA,2023-02-07,Bronze,Upper-Mid,0,3
9042,Alex Young 4042,Consumer,F,45-54,Philadelphia,East,USA,2021-10-03,Bronze,Mid,0,1
9043,Sam Green 4043,Consumer,NA,55+,Atlanta,South,USA,2021-08-29,Bronze,Mid,0,1
9044,Alex Davis 4044,Corporate,M,35-44,Detroit,North,USA,2025-10-11,Bronze,Mid,1,1
9045,Sam Lewis 4045,Consumer,NA,45-54,Cleveland,North,USA,2021-07-12,Bronze,Mid,0,2
9046,Jordan Hall 4046,Corporate,F,35-44,Atlanta,South,USA,2021-05-09,Silver,Upper-Mid,0,3
9047,Jamie Clark 4047,Small Business,M,45-54,Chicago,North,USA,2021-05-04,Gold,Upper-Mid,1,1
9048,Alex Allen 4048,Corporate,NA,25-34,Miami,South,USA,2022-05-30,Bronze,Upper-Mid,1,1
9049,Rowan Scott 4049,Consumer,M,25-34,New York,East,USA,2022-08-16,Silver,Upper-Mid,0,2
9050,Cameron Lewis 4050,Consumer,NA,35-44,Cleveland,North,USA,2020-06-29,Bronze,Lower-Mid,0,1
9051,Casey Brown 4051,Consumer,NA,18-24,Boston,East,USA,2020-03-06,Gold,Upper-Mid,0,4
9052,Morgan Lewis 4052,Small Business,F,25-34,Los Angeles,West,USA,2019-11-18,Gold,Upper-Mid,0,1
9053,Taylor Hall 4053,Home Office,M,18-24,Dallas,South,USA,2020-08-14,Bronze,Mid,0,2
9054,Logan Lee 4054,Consumer,NA,25-34,Minneapolis,North,USA,2022-09-13,Bronze,Lower-Mid,0,3
9055,Alex Lee 4055,Consumer,F,45-54,Houston,South,USA,2019-08-17,Bronze,Low,0,1
9056,Morgan Clark 4056,Consumer,F,35-44,Houston,South,USA,2024-06-23,Silver,Upper-Mid,0,1
9057,Casey Johnson 4057,Corporate,NA,55+,Houston,South,USA,2023-08-10,Bronze,Lower-Mid,1,2
9058,Riley Smith 4058,Small Business,NA,45-54,Phoenix,West,USA,2025-09-07,Gold,Mid,1,1
9059,Morgan Smith 4059,Consumer,NA,35-44,Minneapolis,North,USA,2025-09-13,Bronze,Lower-Mid,0,4
9060,Morgan Green 4060,Consumer,F,45-54,Los Angeles,West,USA,2022-10-01,Silver,Upper-Mid,0,1
9061,Cameron Wright 4061,Small Business,F,25-34,Cleveland,North,USA,2025-08-04,Bronze,Lower-Mid,1,2
9062,Morgan Hall 4062,Small Business,NA,45-54,Phoenix,West,USA,2022-05-16,Bronze,Mid,0,2
9063,Taylor Hall 4063,Consumer,F,25-34,Houston,South,USA,2019-12-05,Bronze,High,0,1
9064,Alex Lewis 4064,Consumer,F,35-44,Houston,South,USA,2019-04-23,Gold,Upper-Mid,0,1
9065,Riley Johnson 4065,Home Office,F,25-34,Chicago,North,USA,2020-10-19,Bronze,High,0,1
9066,Alex Hall 4066,Consumer,NA,45-54,Washington,East,USA,2025-05-12,Bronze,Upper-Mid,0,4
9067,Cameron Lee 4067,Consumer,NA,55+,New York,East,USA,2021-02-13,Bronze,High,0,1
9068,Parker Scott 4068,Small Business,NA,55+,Boston,East,USA,2021-08-17,Bronze,Mid,1,4
9069,Logan Green 4069,Small Business,NA,18-24,New York,East,USA,2021-09-19,Gold,Mid,1,2
9070,Alex Hall 4070,Corporate,NA,55+,Seattle,West,USA,2022-11-15,Gold,Mid,0,3
9071,Alex Hall 4071,Consumer,M,55+,Dallas,South,USA,2019-10-14,Silver,Mid,0,1
9072,Riley Walker 4072,Corporate,NA,35-44,Washington,East,USA,2022-12-04,Bronze,Mid,0,1
9073,Alex Hall 4073,Small Business,NA,45-54,Washington,East,USA,2025-05-29,Bronze,Upper-Mid,1,4
9074,Taylor Young 4074,Consumer,NA,25-34,Detroit,North,USA,2021-12-18,Gold,Low,0,1
9075,Casey Lee 4075,Consumer,NA,25-34,Minneapolis,North,USA,2019-10-21,Bronze,Mid,0,2
9076,Jamie Clark 4076,Home Office,NA,25-34,Minneapolis,North,USA,2024-06-04,Bronze,Lower-Mid,0,3
9077,Sam Wright 4077,Small Business,F,55+,Atlanta,South,USA,2020-09-30,Bronze,Lower-Mid,1,3
9078,Riley Brown 4078,Corporate,M,45-54,Miami,South,USA,2021-04-30,Silver,Lower-Mid,1,2
9079,Jordan Clark 4079,Consumer,NA,45-54,Dallas,South,USA,2023-08-12,Silver,Mid,0,1
9080,Jordan King 4080,Small Business,F,25-34,Boston,East,USA,2023-01-28,Bronze,Upper-Mid,1,2
9081,Alex Lewis 4081,Consumer,M,35-44,Washington,East,USA,2023-04-11,Bronze,Lower-Mid,0,2
9082,Rowan King 4082,Consumer,F,35-44,Dallas,South,USA,2019-11-21,Gold,Upper-Mid,0,3
9083,Drew Davis 4083,Consumer,NA,45-54,Detroit,North,USA,2023-03-04,Silver,Mid,0,4
9084,Avery Davis 4084,Small Business,NA,35-44,Chicago,North,USA,2019-03-22,Bronze,Lower-Mid,0,1
9085,Morgan King 4085,Consumer,F,45-54,Cleveland,North,USA,2022-04-16,Platinum,Lower-Mid,0,1
9086,Casey Davis 4086,Small Business,F,55+,Dallas,South,USA,2019-12-17,Bronze,Low,0,3
9087,Sam Clark 4087,Consumer,F,25-34,Dallas,South,USA,2023-02-01,Gold,Mid,0,2
9088,Logan Lewis 4088,Consumer,M,55+,Cleveland,North,USA,2023-01-05,Silver,Lower-Mid,0,1
9089,Sam Lewis 4089,Home Office,F,35-44,Atlanta,South,USA,2020-05-08,Bronze,Lower-Mid,0,2
9090,Logan Brown 4090,Consumer,NA,25-34,Detroit,North,USA,2020-03-04,Platinum,Lower-Mid,0,1
9091,Avery Scott 4091,Small Business,F,25-34,San Francisco,West,USA,2023-02-23,Silver,Lower-Mid,0,1
9092,Riley King 4092,Consumer,M,25-34,Seattle,West,USA,2022-07-24,Bronze,Lower-Mid,0,2
9093,Jordan Lee 4093,Consumer,F,18-24,San Francisco,West,USA,2020-08-17,Bronze,Low,0,2
9094,Jamie Lee 4094,Small Business,M,55+,Philadelphia,East,USA,2025-02-25,Silver,Upper-Mid,0,2
9095,Morgan Scott 4095,Small Business,F,25-34,Atlanta,South,USA,2020-02-11,Silver,High,1,2
9096,Skyler Johnson 4096,Small Business,NA,45-54,Dallas,South,USA,2019-08-30,Bronze,Mid,1,1
9097,Skyler Lee 4097,Home Office,NA,45-54,Los Angeles,West,USA,2021-01-26,Silver,Mid,0,4
9098,Drew Green 4098,Small Business,M,35-44,Minneapolis,North,USA,2022-12-28,Bronze,Lower-Mid,1,3
9099,Rowan Lee 4099,Consumer,M,25-34,Miami,South,USA,2023-11-11,Silver,Upper-Mid,0,3
9100,Alex Clark 4100,Small Business,F,55+,New York,East,USA,2020-12-01,Silver,Upper-Mid,1,2
9101,Casey Walker 4101,Consumer,M,35-44,Boston,East,USA,2024-10-17,Bronze,Mid,0,2
9102,Parker King 4102,Consumer,F,25-34,Chicago,North,USA,2019-08-09,Silver,Upper-Mid,0,2
9103,Logan Johnson 4103,Consumer,M,35-44,Detroit,North,USA,2020-12-31,Bronze,Lower-Mid,0,1
9104,Jamie Lewis 4104,Consumer,NA,25-34,Phoenix,West,USA,2019-12-04,Silver,High,0,1
9105,Casey Young 4105,Corporate,M,18-24,New York,East,USA,2025-04-21,Platinum,Mid,1,3
9106,Alex Young 4106,Corporate,F,35-44,Chicago,North,USA,2025-05-15,Bronze,Mid,1,2
9107,Alex Wright 4107,Small Business,NA,25-34,San Francisco,West,USA,2021-04-26,Bronze,Mid,1,2
9108,Rowan Walker 4108,Small Business,M,18-24,Phoenix,West,USA,2022-10-26,Bronze,Mid,0,1
9109,Alex Lewis 4109,Consumer,NA,35-44,Chicago,North,USA,2023-01-17,Bronze,Upper-Mid,0,3
9110,Sam Green 4110,Home Office,M,55+,Minneapolis,North,USA,2022-06-30,Gold,Mid,0,3
9111,Casey Johnson 4111,Consumer,M,18-24,Detroit,North,USA,2019-02-22,Silver,Mid,0,3
9112,Skyler Johnson 4112,Consumer,NA,35-44,Cleveland,North,USA,2022-06-25,Silver,Mid,0,2
9113,Drew Johnson 4113,Consumer,M,35-44,New York,East,USA,2025-04-27,Gold,Upper-Mid,0,4
9114,Sam Smith 4114,Consumer,NA,55+,Phoenix,West,USA,2019-06-16,Bronze,Upper-Mid,0,1
9115,Avery Clark 4115,Consumer,NA,55+,Dallas,South,USA,2020-06-25,Gold,Mid,0,1
9116,Morgan Allen 4116,Consumer,F,25-34,Miami,South,USA,2024-07-23,Bronze,Mid,0,4
9117,Drew Brown 4117,Home Office,M,55+,Phoenix,West,USA,2022-07-16,Bronze,Mid,0,4
9118,Cameron Lee 4118,Consumer,M,18-24,Seattle,West,USA,2020-03-04,Bronze,Mid,0,1
9119,Jordan Scott 4119,Consumer,F,18-24,Detroit,North,USA,2021-10-17,Silver,Upper-Mid,0,1
9120,Jordan Scott 4120,Consumer,M,18-24,Houston,South,USA,2019-04-11,Silver,Lower-Mid,0,2
9121,Casey Johnson 4121,Small Business,NA,18-24,New York,East,USA,2023-06-12,Bronze,Lower-Mid,1,1
9122,Casey Young 4122,Small Business,F,25-34,Washington,East,USA,2020-11-22,Platinum,Mid,1,1
9123,Logan Young 4123,Consumer,F,25-34,Chicago,North,USA,2023-04-12,Bronze,Upper-Mid,0,2
9124,Sam Allen 4124,Consumer,F,55+,Washington,East,USA,2024-12-12,Silver,Mid,0,2
9125,Skyler Allen 4125,Small Business,F,45-54,Seattle,West,USA,2025-07-24,Silver,Lower-Mid,0,2
9126,Parker Davis 4126,Consumer,NA,35-44,Chicago,North,USA,2019-12-12,Gold,Lower-Mid,0,1
9127,Casey Wright 4127,Home Office,NA,35-44,Miami,South,USA,2019-09-11,Silver,Mid,0,1
9128,Logan Brown 4128,Consumer,F,35-44,Seattle,West,USA,2021-06-11,Silver,Lower-Mid,0,2
9129,Skyler Lee 4129,Consumer,NA,35-44,Detroit,North,USA,2022-11-01,Bronze,Lower-Mid,0,2
9130,Cameron Lee 4130,Consumer,F,45-54,Minneapolis,North,USA,2023-10-13,Silver,Upper-Mid,0,3
9131,Casey Green 4131,Consumer,M,55+,Los Angeles,West,USA,2024-09-02,Gold,Mid,0,2
9132,Drew Lewis 4132,Small Business,M,35-44,Boston,East,USA,2025-06-19,Bronze,Upper-Mid,0,2
9133,Rowan Clark 4133,Small Business,F,35-44,Minneapolis,North,USA,2025-06-10,Silver,Lower-Mid,1,1
9134,Casey Allen 4134,Home Office,F,35-44,Washington,East,USA,2021-11-20,Bronze,Mid,0,4
9135,Morgan Lee 4135,Small Business,NA,35-44,Miami,South,USA,2021-07-02,Gold,Lower-Mid,1,1
9136,Logan Johnson 4136,Small Business,NA,18-24,Cleveland,North,USA,2022-04-08,Gold,Upper-Mid,1,4
9137,Jamie Wright 4137,Consumer,NA,45-54,Minneapolis,North,USA,2021-09-04,Platinum,Lower-Mid,0,1
9138,Rowan King 4138,Corporate,M,25-34,Houston,South,USA,2019-12-23,Silver,Lower-Mid,1,2
9139,Jamie Davis 4139,Small Business,F,55+,Washington,East,USA,2019-04-07,Silver,High,0,3
9140,Drew Young 4140,Corporate,F,35-44,Detroit,North,USA,2019-08-16,Silver,Mid,1,1
9141,Morgan King 4141,Small Business,M,35-44,Chicago,North,USA,2023-04-21,Gold,Mid,1,2
9142,Taylor Davis 4142,Consumer,M,25-34,Miami,South,USA,2022-12-30,Gold,Low,0,2
9143,Casey Lewis 4143,Corporate,NA,18-24,Houston,South,USA,2022-02-01,Silver,Upper-Mid,1,1
9144,Parker Clark 4144,Consumer,F,35-44,Boston,East,USA,2020-10-25,Silver,Mid,0,3
9145,Casey Johnson 4145,Consumer,M,55+,San Francisco,West,USA,2023-05-21,Bronze,Mid,0,1
9146,Cameron King 4146,Consumer,F,18-24,Cleveland,North,USA,2025-08-06,Bronze,Mid,0,2
9147,Rowan Green 4147,Home Office,M,45-54,Atlanta,South,USA,2024-01-02,Silver,Mid,0,4
9148,Sam Davis 4148,Consumer,F,25-34,Phoenix,West,USA,2022-05-04,Platinum,Mid,0,1
9149,Avery Davis 4149,Small Business,NA,55+,New York,East,USA,2020-06-07,Silver,Upper-Mid,1,2
9150,Morgan Green 4150,Consumer,NA,25-34,Seattle,West,USA,2023-01-22,Silver,Mid,0,3
9151,Logan Davis 4151,Consumer,NA,35-44,Philadelphia,East,USA,2024-09-20,Gold,High,0,1
9152,Sam Brown 4152,Corporate,M,35-44,Seattle,West,USA,2020-11-25,Bronze,Low,1,2
9153,Avery Scott 4153,Small Business,M,25-34,Philadelphia,East,USA,2021-04-02,Silver,High,1,4
9154,Jamie Scott 4154,Consumer,NA,25-34,Cleveland,North,USA,2024-01-02,Bronze,Upper-Mid,0,2
9155,Parker Walker 4155,Small Business,F,45-54,Boston,East,USA,2022-12-17,Gold,Mid,0,4
9156,Drew Allen 4156,Consumer,NA,35-44,Boston,East,USA,2024-03-24,Gold,Lower-Mid,0,1
9157,Alex Lee 4157,Small Business,NA,55+,Boston,East,USA,2021-11-29,Gold,Mid,0,2
9158,Avery Lewis 4158,Consumer,F,55+,Los Angeles,West,USA,2021-11-10,Platinum,Lower-Mid,0,1
9159,Sam Walker 4159,Consumer,NA,35-44,Phoenix,West,USA,2024-05-21,Gold,Mid,0,2
9160,Casey Lee 4160,Small Business,F,45-54,Los Angeles,West,USA,2021-05-16,Bronze,Mid,0,3
9161,Alex King 4161,Consumer,NA,55+,San Francisco,West,USA,2019-11-05,Silver,Upper-Mid,0,2
9162,Riley King 4162,Consumer,NA,35-44,Los Angeles,West,USA,2025-02-12,Silver,Mid,0,3
9163,Jamie Johnson 4163,Consumer,NA,25-34,Phoenix,West,USA,2022-07-02,Silver,High,0,2
9164,Rowan Green 4164,Consumer,NA,25-34,Atlanta,South,USA,2019-06-23,Platinum,Mid,0,2
9165,Parker Young 4165,Corporate,NA,25-34,Los Angeles,West,USA,2025-11-02,Bronze,Mid,1,1
9166,Alex Smith 4166,Corporate,NA,25-34,Boston,East,USA,2019-10-15,Bronze,Mid,0,1
9167,Drew Wright 4167,Small Business,F,55+,Washington,East,USA,2022-11-17,Gold,Mid,0,1
9168,Sam Johnson 4168,Small Business,M,18-24,Chicago,North,USA,2025-10-08,Platinum,Mid,0,2
9169,Jordan Brown 4169,Small Business,F,45-54,San Francisco,West,USA,2023-05-22,Platinum,Lower-Mid,0,1
9170,Sam Smith 4170,Consumer,F,55+,Seattle,West,USA,2021-09-29,Bronze,High,0,3
9171,Taylor Clark 4171,Consumer,M,45-54,Dallas,South,USA,2024-01-22,Bronze,Upper-Mid,0,1
9172,Morgan Johnson 4172,Consumer,NA,45-54,Washington,East,USA,2019-01-08,Bronze,Mid,0,3
9173,Jordan Green 4173,Consumer,M,45-54,Boston,East,USA,2021-06-05,Bronze,Mid,0,3
9174,Skyler Hall 4174,Small Business,NA,35-44,Miami,South,USA,2021-08-01,Silver,Mid,1,4
9175,Cameron Allen 4175,Small Business,NA,55+,Philadelphia,East,USA,2019-05-05,Silver,High,0,1
9176,Skyler Lee 4176,Small Business,NA,18-24,Phoenix,West,USA,2019-04-05,Bronze,Upper-Mid,1,1
9177,Drew Lee 4177,Consumer,M,35-44,Dallas,South,USA,2021-05-20,Silver,Upper-Mid,0,2
9178,Taylor Smith 4178,Consumer,NA,35-44,Phoenix,West,USA,2021-04-28,Silver,Lower-Mid,0,1
9179,Taylor King 4179,Consumer,NA,35-44,Dallas,South,USA,2021-02-25,Silver,Upper-Mid,0,2
9180,Alex Wright 4180,Consumer,NA,55+,Chicago,North,USA,2023-02-14,Silver,High,0,2
9181,Logan Smith 4181,Consumer,NA,35-44,Los Angeles,West,USA,2023-05-10,Silver,High,0,1
9182,Sam Young 4182,Small Business,NA,25-34,Chicago,North,USA,2023-09-17,Silver,Low,1,1
9183,Casey Smith 4183,Home Office,M,35-44,Boston,East,USA,2021-03-13,Bronze,Upper-Mid,0,1
9184,Skyler Young 4184,Corporate,NA,35-44,Philadelphia,East,USA,2020-06-16,Silver,Upper-Mid,1,3
9185,Cameron Allen 4185,Small Business,NA,18-24,Cleveland,North,USA,2019-09-30,Bronze,Lower-Mid,1,2
9186,Drew Clark 4186,Home Office,NA,25-34,Dallas,South,USA,2021-04-15,Gold,Low,0,2
9187,Parker Smith 4187,Consumer,F,45-54,Chicago,North,USA,2022-10-25,Gold,Upper-Mid,0,1
9188,Riley Brown 4188,Corporate,NA,25-34,Los Angeles,West,USA,2021-03-12,Silver,Upper-Mid,1,1
9189,Jordan Clark 4189,Consumer,F,25-34,Cleveland,North,USA,2019-04-29,Bronze,Lower-Mid,0,3
9190,Rowan Hall 4190,Home Office,NA,45-54,San Francisco,West,USA,2025-04-19,Silver,Mid,0,4
9191,Avery Smith 4191,Home Office,M,25-34,Minneapolis,North,USA,2025-03-08,Gold,Lower-Mid,0,2
9192,Morgan Lee 4192,Corporate,NA,25-34,Cleveland,North,USA,2022-09-25,Gold,Mid,1,3
9193,Rowan Allen 4193,Consumer,F,25-34,New York,East,USA,2025-05-10,Bronze,Low,0,2
9194,Casey Walker 4194,Small Business,M,35-44,Cleveland,North,USA,2023-01-15,Bronze,High,1,1
9195,Morgan Allen 4195,Consumer,M,25-34,Los Angeles,West,USA,2019-02-27,Bronze,Upper-Mid,0,2
9196,Logan Hall 4196,Small Business,NA,25-34,Atlanta,South,USA,2024-10-06,Gold,Mid,1,2
9197,Avery Walker 4197,Consumer,F,45-54,Miami,South,USA,2020-09-20,Bronze,High,0,3
9198,Morgan King 4198,Consumer,F,35-44,Seattle,West,USA,2024-11-01,Silver,Mid,0,3
9199,Sam King 4199,Small Business,NA,18-24,New York,East,USA,2022-01-26,Bronze,Low,0,1
9200,Alex Smith 4200,Consumer,F,55+,Los Angeles,West,USA,2024-10-09,Gold,Lower-Mid,0,2
9201,Parker Green 4201,Corporate,F,18-24,Houston,South,USA,2025-07-14,Bronze,Lower-Mid,1,4
9202,Sam Lewis 4202,Consumer,F,25-34,San Francisco,West,USA,2020-02-19,Platinum,Mid,0,2
9203,Drew Smith 4203,Consumer,NA,25-34,Los Angeles,West,USA,2020-06-13,Bronze,Lower-Mid,0,1
9204,Jordan Green 4204,Consumer,M,35-44,Phoenix,West,USA,2021-08-17,Bronze,Upper-Mid,0,1
9205,Taylor Green 4205,Home Office,NA,25-34,Seattle,West,USA,2019-11-09,Bronze,Mid,0,3
9206,Drew Young 4206,Home Office,F,18-24,New York,East,USA,2019-09-21,Bronze,Lower-Mid,0,4
9207,Skyler Scott 4207,Consumer,M,25-34,Chicago,North,USA,2023-02-19,Silver,Mid,0,2
9208,Jamie Young 4208,Consumer,F,25-34,Houston,South,USA,2022-06-13,Bronze,Lower-Mid,0,1
9209,Alex King 4209,Small Business,M,25-34,Houston,South,USA,2025-10-04,Silver,Lower-Mid,0,2
9210,Sam Smith 4210,Small Business,NA,45-54,Minneapolis,North,USA,2022-01-12,Bronze,Mid,1,1
9211,Avery Lee 4211,Home Office,F,18-24,Atlanta,South,USA,2024-08-17,Silver,Mid,0,4
9212,Sam Allen 4212,Small Business,F,55+,Chicago,North,USA,2022-12-03,Gold,High,1,3
9213,Jordan Hall 4213,Consumer,M,35-44,Minneapolis,North,USA,2023-02-16,Bronze,Mid,0,1
9214,Avery Brown 4214,Consumer,F,35-44,Boston,East,USA,2020-08-02,Bronze,Mid,0,4
9215,Alex Green 4215,Corporate,F,35-44,Dallas,South,USA,2024-02-23,Platinum,Mid,1,2
9216,Riley Young 4216,Consumer,M,45-54,Atlanta,South,USA,2024-10-13,Gold,High,0,1
9217,Drew Lewis 4217,Home Office,F,45-54,Philadelphia,East,USA,2021-07-19,Bronze,Low,0,1
9218,Jordan Johnson 4218,Consumer,F,18-24,Detroit,North,USA,2023-10-04,Bronze,Lower-Mid,0,1
9219,Parker Young 4219,Corporate,NA,18-24,Miami,South,USA,2023-03-01,Bronze,High,0,1
9220,Rowan Lee 4220,Consumer,M,18-24,Phoenix,West,USA,2022-06-06,Silver,Mid,0,4
9221,Sam Lewis 4221,Corporate,NA,35-44,Phoenix,West,USA,2022-06-06,Bronze,Lower-Mid,0,2
9222,Casey Walker 4222,Corporate,F,45-54,Seattle,West,USA,2023-07-09,Bronze,Mid,1,4
9223,Skyler Scott 4223,Home Office,M,35-44,Los Angeles,West,USA,2019-07-15,Silver,Upper-Mid,0,2
9224,Taylor Green 4224,Consumer,M,45-54,Dallas,South,USA,2019-02-03,Gold,Lower-Mid,0,4
9225,Jamie Green 4225,Consumer,F,25-34,Boston,East,USA,2025-03-10,Bronze,Lower-Mid,0,1
9226,Casey King 4226,Consumer,NA,55+,Los Angeles,West,USA,2024-04-15,Bronze,Lower-Mid,0,4
9227,Jordan Allen 4227,Consumer,NA,45-54,Los Angeles,West,USA,2025-07-03,Bronze,Low,0,1
9228,Avery Lee 4228,Consumer,F,35-44,Washington,East,USA,2021-03-18,Silver,Lower-Mid,0,2
9229,Riley Lee 4229,Consumer,F,25-34,Los Angeles,West,USA,2020-12-29,Gold,Lower-Mid,0,3
9230,Drew Brown 4230,Small Business,M,18-24,Washington,East,USA,2022-02-25,Silver,Mid,1,1
9231,Avery Young 4231,Corporate,F,18-24,Minneapolis,North,USA,2024-07-31,Silver,Mid,0,1
9232,Skyler Davis 4232,Small Business,F,25-34,Seattle,West,USA,2021-08-04,Silver,Upper-Mid,1,2
9233,Logan Lewis 4233,Consumer,NA,35-44,Minneapolis,North,USA,2020-05-04,Silver,Low,0,1
9234,Rowan Brown 4234,Small Business,M,45-54,Miami,South,USA,2024-03-14,Bronze,Mid,1,3
9235,Morgan King 4235,Consumer,F,35-44,Boston,East,USA,2020-02-24,Silver,Upper-Mid,0,4
9236,Sam Scott 4236,Consumer,M,25-34,Minneapolis,North,USA,2021-05-24,Gold,Lower-Mid,0,3
9237,Skyler Walker 4237,Corporate,NA,45-54,Philadelphia,East,USA,2024-02-29,Silver,Upper-Mid,1,2
9238,Sam Clark 4238,Corporate,F,18-24,Minneapolis,North,USA,2019-03-22,Bronze,Lower-Mid,1,1
9239,Sam Allen 4239,Consumer,F,18-24,Miami,South,USA,2021-01-21,Silver,Mid,0,2
9240,Sam Clark 4240,Consumer,NA,55+,Atlanta,South,USA,2020-10-27,Bronze,Upper-Mid,0,2
9241,Taylor Green 4241,Consumer,NA,25-34,Philadelphia,East,USA,2020-09-29,Gold,Upper-Mid,0,1
9242,Taylor Wright 4242,Consumer,F,18-24,Boston,East,USA,2020-06-04,Bronze,Low,0,2
9243,Casey Clark 4243,Consumer,F,45-54,Los Angeles,West,USA,2020-03-13,Gold,Mid,0,2
9244,Avery Lee 4244,Home Office,M,18-24,Phoenix,West,USA,2025-06-07,Bronze,Lower-Mid,0,1
9245,Skyler Brown 4245,Small Business,F,18-24,Washington,East,USA,2019-01-05,Silver,Lower-Mid,1,2
9246,Parker Davis 4246,Home Office,M,35-44,Minneapolis,North,USA,2020-06-02,Bronze,Lower-Mid,0,4
9247,Alex Wright 4247,Home Office,F,45-54,Chicago,North,USA,2020-11-29,Bronze,Mid,0,2
9248,Logan Lewis 4248,Consumer,F,25-34,Minneapolis,North,USA,2021-02-02,Bronze,Mid,0,2
9249,Casey Walker 4249,Consumer,NA,45-54,Seattle,West,USA,2025-06-19,Silver,Lower-Mid,0,2
9250,Rowan Wright 4250,Home Office,F,25-34,Dallas,South,USA,2020-12-30,Bronze,Mid,0,1
9251,Rowan Smith 4251,Consumer,M,35-44,Boston,East,USA,2020-11-10,Bronze,Mid,0,2
9252,Avery Green 4252,Small Business,M,25-34,Boston,East,USA,2023-06-17,Bronze,Mid,1,4
9253,Cameron Hall 4253,Home Office,NA,18-24,Phoenix,West,USA,2020-03-01,Bronze,Lower-Mid,0,2
9254,Parker Brown 4254,Home Office,M,55+,Houston,South,USA,2020-11-04,Bronze,Mid,0,1
9255,Logan Smith 4255,Small Business,M,35-44,Philadelphia,East,USA,2021-02-05,Bronze,Mid,1,2
9256,Jordan Green 4256,Consumer,NA,25-34,Los Angeles,West,USA,2020-03-05,Silver,Upper-Mid,0,1
9257,Morgan Brown 4257,Consumer,NA,35-44,Boston,East,USA,2024-04-04,Bronze,Lower-Mid,0,4
9258,Skyler Scott 4258,Small Business,NA,45-54,Los Angeles,West,USA,2022-07-01,Silver,Mid,0,4
9259,Jordan Allen 4259,Consumer,NA,18-24,Seattle,West,USA,2021-12-22,Bronze,Mid,0,1
9260,Alex Clark 4260,Home Office,F,25-34,Phoenix,West,USA,2023-08-21,Gold,Upper-Mid,0,1
9261,Riley Lewis 4261,Home Office,NA,25-34,San Francisco,West,USA,2022-08-26,Platinum,Upper-Mid,0,1
9262,Skyler Smith 4262,Consumer,M,25-34,New York,East,USA,2023-05-29,Gold,Lower-Mid,0,1
9263,Logan Johnson 4263,Corporate,F,45-54,Phoenix,West,USA,2024-09-14,Bronze,Lower-Mid,1,1
9264,Skyler Johnson 4264,Small Business,M,35-44,San Francisco,West,USA,2020-07-25,Gold,Lower-Mid,1,1
9265,Jordan Hall 4265,Consumer,M,25-34,Boston,East,USA,2024-05-13,Platinum,Mid,0,2
9266,Rowan Davis 4266,Consumer,M,45-54,Washington,East,USA,2024-11-01,Platinum,Upper-Mid,0,2
9267,Morgan Brown 4267,Corporate,NA,25-34,Cleveland,North,USA,2024-10-05,Bronze,Upper-Mid,0,2
9268,Rowan Allen 4268,Consumer,F,45-54,Los Angeles,West,USA,2023-08-26,Silver,Mid,0,2
9269,Casey Clark 4269,Corporate,F,18-24,Cleveland,North,USA,2019-07-22,Bronze,Lower-Mid,1,1
9270,Alex Davis 4270,Corporate,M,55+,Miami,South,USA,2020-09-28,Silver,Lower-Mid,0,3
9271,Morgan Wright 4271,Corporate,M,25-34,Boston,East,USA,2020-12-24,Silver,Mid,1,2
9272,Sam Davis 4272,Small Business,F,35-44,Seattle,West,USA,2023-09-03,Gold,Lower-Mid,0,3
9273,Drew Hall 4273,Small Business,F,25-34,Miami,South,USA,2022-06-21,Bronze,Mid,1,2
9274,Rowan Lewis 4274,Corporate,F,35-44,New York,East,USA,2019-04-15,Silver,Mid,1,2
9275,Morgan Brown 4275,Consumer,M,45-54,Minneapolis,North,USA,2023-11-28,Bronze,Lower-Mid,0,1
9276,Skyler Davis 4276,Consumer,F,25-34,Houston,South,USA,2021-08-10,Gold,Mid,0,2
9277,Taylor Johnson 4277,Consumer,M,55+,San Francisco,West,USA,2021-09-02,Bronze,Low,0,1
9278,Cameron Walker 4278,Corporate,M,25-34,Houston,South,USA,2019-12-16,Gold,Mid,1,4
9279,Casey Lee 4279,Consumer,M,45-54,Cleveland,North,USA,2022-08-24,Gold,Lower-Mid,0,2
9280,Sam Scott 4280,Home Office,M,25-34,Los Angeles,West,USA,2020-09-02,Silver,Mid,0,3
9281,Jordan Hall 4281,Home Office,F,25-34,Los Angeles,West,USA,2020-07-05,Silver,Mid,0,1
9282,Casey Clark 4282,Consumer,M,45-54,Chicago,North,USA,2023-08-10,Platinum,Mid,0,2
9283,Avery Green 4283,Home Office,NA,55+,New York,East,USA,2023-01-17,Bronze,Mid,0,3
9284,Casey Allen 4284,Home Office,M,25-34,Cleveland,North,USA,2021-01-22,Bronze,Mid,0,4
9285,Morgan Walker 4285,Small Business,NA,18-24,New York,East,USA,2022-01-06,Bronze,Mid,1,1
9286,Morgan Johnson 4286,Consumer,M,35-44,Cleveland,North,USA,2022-01-17,Gold,Lower-Mid,0,1
9287,Taylor Young 4287,Corporate,F,45-54,Detroit,North,USA,2025-08-15,Gold,Lower-Mid,1,2
9288,Morgan Johnson 4288,Consumer,M,25-34,Detroit,North,USA,2019-05-09,Silver,Mid,0,2
9289,Jamie Brown 4289,Consumer,F,25-34,Atlanta,South,USA,2020-02-19,Bronze,Lower-Mid,0,3
9290,Sam Young 4290,Home Office,M,45-54,New York,East,USA,2022-04-22,Platinum,Low,0,2
9291,Casey Brown 4291,Small Business,F,45-54,Chicago,North,USA,2021-12-05,Silver,Low,1,1
9292,Rowan Hall 4292,Home Office,F,25-34,Houston,South,USA,2020-03-17,Silver,Mid,0,2
9293,Cameron Hall 4293,Consumer,F,35-44,Houston,South,USA,2025-08-21,Platinum,Lower-Mid,0,3
9294,Cameron Davis 4294,Home Office,M,35-44,Detroit,North,USA,2025-03-30,Silver,High,0,4
9295,Sam Davis 4295,Small Business,NA,35-44,Cleveland,North,USA,2020-03-13,Platinum,Lower-Mid,1,1
9296,Casey Johnson 4296,Home Office,F,25-34,Houston,South,USA,2022-04-06,Gold,Low,0,1
9297,Morgan Walker 4297,Consumer,NA,18-24,Minneapolis,North,USA,2021-08-28,Silver,Low,0,2
9298,Skyler Wright 4298,Consumer,M,55+,Washington,East,USA,2019-11-16,Bronze,Mid,0,2
9299,Casey Allen 4299,Corporate,M,25-34,New York,East,USA,2025-08-30,Silver,High,1,1
9300,Jordan Allen 4300,Corporate,F,35-44,San Francisco,West,USA,2023-12-23,Silver,Upper-Mid,1,3
9301,Riley Smith 4301,Consumer,F,35-44,Seattle,West,USA,2020-08-12,Silver,Lower-Mid,0,4
9302,Alex Davis 4302,Consumer,M,45-54,Seattle,West,USA,2023-11-15,Bronze,Upper-Mid,0,2
9303,Drew Walker 4303,Consumer,F,45-54,New York,East,USA,2024-05-06,Bronze,Lower-Mid,0,2
9304,Taylor Clark 4304,Consumer,NA,45-54,Minneapolis,North,USA,2022-12-15,Silver,Mid,0,3
9305,Taylor Hall 4305,Corporate,NA,25-34,Atlanta,South,USA,2020-04-19,Platinum,Lower-Mid,1,2
9306,Sam Hall 4306,Consumer,NA,35-44,Atlanta,South,USA,2023-02-03,Silver,Low,0,2
9307,Sam Hall 4307,Consumer,M,45-54,Phoenix,West,USA,2025-06-15,Bronze,Lower-Mid,0,2
9308,Casey Brown 4308,Consumer,M,25-34,Boston,East,USA,2024-08-20,Silver,Low,0,3
9309,Rowan Clark 4309,Small Business,NA,45-54,Seattle,West,USA,2022-11-22,Platinum,Mid,1,3
9310,Rowan Lee 4310,Consumer,NA,25-34,Seattle,West,USA,2023-08-19,Bronze,Upper-Mid,0,2
9311,Sam King 4311,Consumer,NA,25-34,San Francisco,West,USA,2024-01-04,Silver,Upper-Mid,0,3
9312,Cameron Allen 4312,Consumer,NA,18-24,Boston,East,USA,2020-10-12,Platinum,Mid,0,1
9313,Casey Lee 4313,Consumer,M,55+,Cleveland,North,USA,2025-03-03,Platinum,Mid,0,1
9314,Sam Lee 4314,Home Office,NA,35-44,New York,East,USA,2024-06-09,Silver,Mid,0,4
9315,Cameron Walker 4315,Consumer,M,25-34,Detroit,North,USA,2021-08-06,Bronze,Mid,0,4
9316,Rowan Young 4316,Consumer,F,35-44,Phoenix,West,USA,2023-06-07,Gold,Mid,0,3
9317,Taylor Scott 4317,Consumer,F,25-34,Minneapolis,North,USA,2023-07-30,Bronze,Upper-Mid,0,1
9318,Taylor Allen 4318,Consumer,F,25-34,Cleveland,North,USA,2025-08-03,Bronze,Lower-Mid,0,3
9319,Skyler King 4319,Consumer,M,18-24,Dallas,South,USA,2020-01-19,Bronze,Lower-Mid,0,2
9320,Alex King 4320,Corporate,M,55+,San Francisco,West,USA,2022-08-11,Bronze,Mid,0,2
9321,Jamie Wright 4321,Consumer,M,25-34,Washington,East,USA,2025-02-06,Bronze,Lower-Mid,0,2
9322,Morgan Wright 4322,Small Business,NA,35-44,Houston,South,USA,2022-06-13,Gold,Upper-Mid,1,2
9323,Parker Brown 4323,Small Business,F,35-44,Detroit,North,USA,2022-04-21,Bronze,Low,1,1
9324,Alex Brown 4324,Small Business,M,35-44,Philadelphia,East,USA,2025-05-07,Bronze,High,1,1
9325,Rowan Brown 4325,Small Business,F,25-34,Phoenix,West,USA,2021-08-15,Platinum,Upper-Mid,0,3
9326,Drew Lee 4326,Consumer,F,35-44,Los Angeles,West,USA,2024-12-16,Bronze,Upper-Mid,0,2
9327,Morgan Johnson 4327,Corporate,NA,55+,San Francisco,West,USA,2024-03-04,Platinum,Mid,0,1
9328,Drew Brown 4328,Consumer,NA,35-44,Chicago,North,USA,2023-06-23,Platinum,Mid,0,4
9329,Cameron Clark 4329,Consumer,F,45-54,Atlanta,South,USA,2023-09-29,Bronze,Mid,0,4
9330,Logan Walker 4330,Consumer,NA,25-34,Atlanta,South,USA,2023-05-20,Bronze,High,0,2
9331,Rowan Lee 4331,Small Business,F,35-44,Atlanta,South,USA,2021-12-10,Platinum,Lower-Mid,0,2
9332,Alex Allen 4332,Consumer,F,35-44,New York,East,USA,2019-04-07,Silver,Mid,0,2
9333,Casey Allen 4333,Consumer,F,35-44,San Francisco,West,USA,2021-08-22,Silver,Mid,0,4
9334,Jamie Walker 4334,Consumer,F,25-34,Chicago,North,USA,2024-10-29,Bronze,Mid,0,4
9335,Alex Scott 4335,Consumer,F,45-54,Atlanta,South,USA,2025-06-19,Silver,Mid,0,2
9336,Sam Hall 4336,Home Office,M,45-54,Houston,South,USA,2021-01-17,Bronze,Low,0,4
9337,Riley Hall 4337,Consumer,M,35-44,Philadelphia,East,USA,2020-08-01,Bronze,Lower-Mid,0,2
9338,Rowan Lee 4338,Home Office,F,18-24,Los Angeles,West,USA,2024-01-26,Silver,Mid,0,1
9339,Rowan Allen 4339,Small Business,NA,25-34,Philadelphia,East,USA,2019-11-01,Bronze,High,0,2
9340,Avery Lee 4340,Consumer,NA,45-54,Chicago,North,USA,2019-08-13,Platinum,High,0,4
9341,Drew Scott 4341,Corporate,M,25-34,San Francisco,West,USA,2023-01-03,Gold,Low,1,2
9342,Casey Wright 4342,Small Business,NA,45-54,Cleveland,North,USA,2021-05-01,Gold,Upper-Mid,0,1
9343,Parker Allen 4343,Consumer,NA,25-34,Phoenix,West,USA,2020-11-03,Silver,Mid,0,1
9344,Skyler Green 4344,Consumer,NA,25-34,Houston,South,USA,2020-12-26,Silver,High,0,4
9345,Skyler Lee 4345,Consumer,NA,55+,Washington,East,USA,2022-08-28,Gold,Low,0,4
9346,Riley Walker 4346,Consumer,M,55+,Philadelphia,East,USA,2023-12-04,Silver,Lower-Mid,0,2
9347,Cameron Davis 4347,Home Office,NA,25-34,Atlanta,South,USA,2023-10-21,Platinum,High,0,2
9348,Avery King 4348,Corporate,F,25-34,Philadelphia,East,USA,2025-04-15,Silver,Mid,1,2
9349,Jordan Johnson 4349,Small Business,M,35-44,Seattle,West,USA,2019-01-22,Bronze,Lower-Mid,1,1
9350,Taylor Lewis 4350,Consumer,M,25-34,Los Angeles,West,USA,2025-11-05,Silver,Mid,0,3
9351,Casey Scott 4351,Corporate,F,45-54,Minneapolis,North,USA,2023-05-16,Bronze,Upper-Mid,1,1
9352,Jordan Lewis 4352,Small Business,F,45-54,New York,East,USA,2022-09-14,Bronze,Upper-Mid,1,1
9353,Jordan Lee 4353,Consumer,F,35-44,Houston,South,USA,2020-12-15,Silver,Mid,0,1
9354,Casey Brown 4354,Small Business,M,55+,San Francisco,West,USA,2020-01-28,Gold,Lower-Mid,1,2
9355,Jordan Lee 4355,Consumer,NA,35-44,Los Angeles,West,USA,2022-09-08,Bronze,Upper-Mid,0,2
9356,Rowan Scott 4356,Consumer,F,25-34,Atlanta,South,USA,2022-04-16,Silver,Mid,0,2
9357,Morgan Clark 4357,Corporate,NA,35-44,Cleveland,North,USA,2022-10-23,Bronze,Mid,1,2
9358,Skyler King 4358,Home Office,F,18-24,Detroit,North,USA,2020-01-03,Silver,Lower-Mid,0,2
9359,Riley Green 4359,Consumer,NA,25-34,Dallas,South,USA,2021-05-09,Silver,Low,0,2
9360,Alex Davis 4360,Consumer,NA,55+,Chicago,North,USA,2022-08-12,Silver,Mid,0,3
9361,Drew King 4361,Consumer,M,35-44,Seattle,West,USA,2023-02-12,Gold,Lower-Mid,0,4
9362,Riley Lee 4362,Corporate,F,18-24,Philadelphia,East,USA,2022-05-12,Bronze,Mid,1,3
9363,Skyler Smith 4363,Consumer,M,35-44,Miami,South,USA,2020-12-13,Bronze,Low,0,2
9364,Jordan Allen 4364,Home Office,F,35-44,Minneapolis,North,USA,2024-02-19,Bronze,Mid,0,2
9365,Skyler Lewis 4365,Small Business,NA,55+,Cleveland,North,USA,2023-07-05,Bronze,Mid,1,1
9366,Parker Davis 4366,Consumer,NA,25-34,New York,East,USA,2025-09-27,Bronze,Upper-Mid,0,2
9367,Jamie Smith 4367,Consumer,NA,25-34,Boston,East,USA,2020-06-22,Gold,Mid,0,3
9368,Rowan Young 4368,Consumer,M,35-44,Minneapolis,North,USA,2023-11-17,Gold,Upper-Mid,0,2
9369,Alex Lee 4369,Consumer,NA,25-34,Phoenix,West,USA,2019-11-12,Silver,Low,0,2
9370,Jamie Wright 4370,Home Office,M,35-44,Philadelphia,East,USA,2022-10-01,Platinum,Mid,0,2
9371,Cameron Young 4371,Corporate,NA,25-34,Boston,East,USA,2021-04-17,Silver,Mid,1,3
9372,Jamie Walker 4372,Small Business,NA,35-44,Detroit,North,USA,2019-01-12,Bronze,Mid,1,2
9373,Morgan Wright 4373,Small Business,M,35-44,Chicago,North,USA,2020-10-16,Bronze,Low,0,1
9374,Cameron Wright 4374,Corporate,F,25-34,Los Angeles,West,USA,2024-08-23,Silver,Mid,0,3
9375,Jamie Johnson 4375,Small Business,F,35-44,Los Angeles,West,USA,2020-12-06,Bronze,Low,1,1
9376,Riley Young 4376,Consumer,NA,25-34,Minneapolis,North,USA,2022-07-26,Bronze,Mid,0,3
9377,Skyler Clark 4377,Small Business,M,18-24,Cleveland,North,USA,2019-05-21,Gold,High,1,2
9378,Drew Young 4378,Small Business,F,35-44,Chicago,North,USA,2020-11-03,Bronze,Upper-Mid,1,2
9379,Avery Young 4379,Consumer,M,25-34,Dallas,South,USA,2019-05-24,Bronze,Upper-Mid,0,1
9380,Sam King 4380,Corporate,NA,18-24,Washington,East,USA,2021-07-03,Bronze,High,1,1
9381,Rowan Green 4381,Consumer,M,45-54,Houston,South,USA,2024-06-15,Silver,Mid,0,4
9382,Casey Walker 4382,Consumer,F,35-44,San Francisco,West,USA,2023-09-05,Bronze,Mid,0,4
9383,Drew Wright 4383,Consumer,NA,25-34,Atlanta,South,USA,2022-03-11,Gold,Mid,0,2
9384,Skyler Lee 4384,Consumer,F,45-54,Miami,South,USA,2021-10-01,Gold,Lower-Mid,0,2
9385,Riley Green 4385,Consumer,NA,25-34,Chicago,North,USA,2025-07-03,Bronze,Mid,0,3
9386,Skyler Green 4386,Consumer,NA,25-34,Minneapolis,North,USA,2022-01-17,Silver,Upper-Mid,0,1
9387,Avery Scott 4387,Consumer,F,35-44,San Francisco,West,USA,2019-08-14,Bronze,Lower-Mid,0,3
9388,Sam Lewis 4388,Consumer,F,35-44,Dallas,South,USA,2025-07-31,Bronze,Lower-Mid,0,2
9389,Riley Lewis 4389,Consumer,NA,45-54,Minneapolis,North,USA,2024-06-09,Bronze,Low,0,1
9390,Jamie Green 4390,Consumer,NA,45-54,Boston,East,USA,2024-12-27,Silver,Mid,0,2
9391,Riley Brown 4391,Small Business,F,35-44,Detroit,North,USA,2025-04-04,Bronze,Low,1,1
9392,Parker Brown 4392,Consumer,NA,25-34,Phoenix,West,USA,2024-06-09,Silver,High,0,3
9393,Riley Scott 4393,Home Office,F,25-34,Los Angeles,West,USA,2020-04-18,Bronze,Lower-Mid,0,3
9394,Rowan Brown 4394,Small Business,M,45-54,Detroit,North,USA,2021-02-01,Bronze,Lower-Mid,0,4
9395,Riley Green 4395,Consumer,F,35-44,San Francisco,West,USA,2022-11-16,Bronze,Mid,0,4
9396,Morgan Allen 4396,Consumer,NA,35-44,Cleveland,North,USA,2025-03-25,Platinum,High,0,1
9397,Alex Hall 4397,Consumer,M,55+,Boston,East,USA,2021-02-13,Platinum,Mid,0,2
9398,Taylor Johnson 4398,Home Office,NA,35-44,Miami,South,USA,2023-02-22,Gold,Upper-Mid,0,2
9399,Cameron Johnson 4399,Consumer,NA,35-44,New York,East,USA,2021-01-12,Silver,Mid,0,4
9400,Rowan Smith 4400,Consumer,M,25-34,Atlanta,South,USA,2021-04-01,Silver,Mid,0,2
9401,Riley Brown 4401,Consumer,F,25-34,Philadelphia,East,USA,2024-02-02,Gold,Upper-Mid,0,2
9402,Cameron Scott 4402,Consumer,NA,35-44,Minneapolis,North,USA,2021-06-02,Bronze,Lower-Mid,0,3
9403,Jordan Young 4403,Corporate,NA,55+,Chicago,North,USA,2024-02-26,Bronze,Mid,0,1
9404,Rowan Wright 4404,Corporate,NA,35-44,Dallas,South,USA,2020-11-30,Bronze,Mid,0,2
9405,Taylor Johnson 4405,Consumer,F,25-34,Cleveland,North,USA,2025-01-19,Platinum,Mid,0,2
9406,Drew Johnson 4406,Consumer,NA,55+,Chicago,North,USA,2021-01-03,Silver,Lower-Mid,0,1
9407,Avery Lewis 4407,Home Office,NA,35-44,Boston,East,USA,2019-11-12,Bronze,Upper-Mid,0,2
9408,Skyler Walker 4408,Home Office,M,35-44,Chicago,North,USA,2023-01-01,Bronze,Mid,0,4
9409,Alex Smith 4409,Small Business,M,25-34,Chicago,North,USA,2019-03-27,Gold,Mid,1,1
9410,Taylor Clark 4410,Consumer,M,25-34,Houston,South,USA,2019-04-11,Platinum,Low,0,2
9411,Riley Brown 4411,Consumer,NA,45-54,Seattle,West,USA,2024-04-28,Platinum,Lower-Mid,0,1
9412,Parker Davis 4412,Small Business,M,35-44,Los Angeles,West,USA,2023-05-10,Bronze,Low,0,1
9413,Morgan Scott 4413,Consumer,M,55+,Detroit,North,USA,2022-09-14,Gold,Low,0,2
9414,Jamie Johnson 4414,Home Office,F,25-34,Detroit,North,USA,2020-09-18,Bronze,Low,0,1
9415,Cameron Lee 4415,Corporate,NA,25-34,Seattle,West,USA,2020-09-16,Silver,Lower-Mid,1,3
9416,Morgan Wright 4416,Consumer,F,25-34,Philadelphia,East,USA,2020-01-13,Bronze,Mid,0,2
9417,Morgan Clark 4417,Consumer,NA,55+,Detroit,North,USA,2022-03-01,Bronze,High,0,2
9418,Drew Lewis 4418,Consumer,NA,45-54,Washington,East,USA,2020-11-16,Silver,Upper-Mid,0,2
9419,Skyler Smith 4419,Corporate,M,45-54,Seattle,West,USA,2022-10-05,Platinum,Upper-Mid,0,3
9420,Casey Davis 4420,Corporate,F,25-34,Minneapolis,North,USA,2025-10-11,Silver,Low,0,2
9421,Morgan Davis 4421,Corporate,NA,35-44,Los Angeles,West,USA,2021-06-28,Bronze,Mid,0,2
9422,Skyler Allen 4422,Small Business,M,25-34,Boston,East,USA,2020-01-12,Bronze,Upper-Mid,1,2
9423,Jordan Clark 4423,Consumer,F,35-44,Boston,East,USA,2021-12-05,Bronze,Mid,0,2
9424,Alex Hall 4424,Small Business,NA,25-34,Cleveland,North,USA,2024-11-29,Gold,Mid,1,2
9425,Riley Young 4425,Consumer,NA,35-44,Miami,South,USA,2024-01-13,Silver,Upper-Mid,0,2
9426,Riley Green 4426,Consumer,F,35-44,Boston,East,USA,2019-08-25,Gold,Upper-Mid,0,1
9427,Parker Davis 4427,Consumer,NA,55+,Miami,South,USA,2024-12-02,Bronze,Upper-Mid,0,4
9428,Avery Green 4428,Home Office,F,45-54,Phoenix,West,USA,2021-08-10,Bronze,Mid,0,1
9429,Parker Young 4429,Home Office,NA,25-34,Cleveland,North,USA,2020-03-19,Bronze,High,0,2
9430,Casey Walker 4430,Small Business,F,35-44,Houston,South,USA,2025-04-23,Silver,Lower-Mid,1,1
9431,Jamie Lee 4431,Small Business,NA,45-54,Chicago,North,USA,2023-02-16,Gold,Mid,0,1
9432,Sam Brown 4432,Consumer,F,18-24,Seattle,West,USA,2021-10-03,Bronze,Lower-Mid,0,2
9433,Casey Davis 4433,Consumer,F,35-44,Minneapolis,North,USA,2024-05-29,Bronze,Mid,0,4
9434,Morgan Lewis 4434,Corporate,M,25-34,New York,East,USA,2019-02-28,Silver,Upper-Mid,0,2
9435,Jordan Walker 4435,Consumer,F,45-54,New York,East,USA,2019-05-19,Gold,High,0,2
9436,Casey Scott 4436,Consumer,M,35-44,Los Angeles,West,USA,2025-03-10,Silver,Upper-Mid,0,1
9437,Logan Allen 4437,Home Office,F,35-44,Dallas,South,USA,2025-11-01,Bronze,Lower-Mid,0,4
9438,Casey Young 4438,Consumer,NA,55+,Chicago,North,USA,2023-12-18,Silver,Low,0,2
9439,Morgan Lee 4439,Consumer,M,35-44,Los Angeles,West,USA,2023-06-20,Silver,Upper-Mid,0,2
9440,Cameron Clark 4440,Consumer,F,45-54,Los Angeles,West,USA,2019-06-17,Bronze,Low,0,1
9441,Taylor King 4441,Small Business,F,25-34,Detroit,North,USA,2023-06-10,Silver,Lower-Mid,1,2
9442,Alex Johnson 4442,Small Business,F,45-54,New York,East,USA,2025-02-14,Platinum,Upper-Mid,1,3
9443,Cameron Walker 4443,Small Business,M,35-44,Chicago,North,USA,2024-05-07,Gold,Low,1,1
9444,Logan Wright 4444,Consumer,M,25-34,New York,East,USA,2021-01-05,Silver,Upper-Mid,0,2
9445,Cameron Green 4445,Small Business,NA,55+,Seattle,West,USA,2024-09-07,Silver,Lower-Mid,1,1
9446,Taylor Scott 4446,Small Business,M,25-34,Los Angeles,West,USA,2022-05-19,Gold,Mid,1,1
9447,Taylor Green 4447,Home Office,NA,18-24,Atlanta,South,USA,2024-10-23,Silver,Upper-Mid,0,4
9448,Avery Clark 4448,Consumer,NA,45-54,New York,East,USA,2022-09-08,Bronze,Upper-Mid,0,1
9449,Morgan Clark 4449,Consumer,F,25-34,Boston,East,USA,2024-03-11,Silver,Lower-Mid,0,2
9450,Taylor Smith 4450,Consumer,M,18-24,Detroit,North,USA,2021-04-25,Silver,Mid,0,1
9451,Drew King 4451,Consumer,M,25-34,Cleveland,North,USA,2024-10-22,Gold,Lower-Mid,0,3
9452,Skyler Smith 4452,Home Office,F,55+,Cleveland,North,USA,2022-05-10,Silver,Lower-Mid,0,2
9453,Avery Wright 4453,Consumer,M,25-34,Phoenix,West,USA,2023-03-30,Bronze,Lower-Mid,0,3
9454,Skyler Johnson 4454,Small Business,NA,18-24,Seattle,West,USA,2024-07-11,Bronze,Mid,1,2
9455,Drew Davis 4455,Corporate,NA,25-34,Philadelphia,East,USA,2023-07-26,Bronze,Mid,1,1
9456,Riley Lee 4456,Consumer,M,35-44,Los Angeles,West,USA,2025-07-11,Bronze,Upper-Mid,0,2
9457,Logan Wright 4457,Consumer,F,45-54,San Francisco,West,USA,2023-03-27,Silver,Lower-Mid,0,3
9458,Riley Wright 4458,Consumer,NA,45-54,Boston,East,USA,2022-04-01,Platinum,Mid,0,2
9459,Jamie Smith 4459,Consumer,NA,18-24,New York,East,USA,2020-02-15,Gold,Lower-Mid,0,2
9460,Morgan Hall 4460,Small Business,NA,25-34,Philadelphia,East,USA,2021-05-30,Bronze,Lower-Mid,1,1
9461,Casey Hall 4461,Consumer,F,55+,Houston,South,USA,2024-11-15,Silver,Upper-Mid,0,2
9462,Riley Allen 4462,Corporate,NA,25-34,Washington,East,USA,2019-01-22,Platinum,High,1,2
9463,Logan Young 4463,Consumer,M,35-44,Chicago,North,USA,2019-10-27,Gold,Low,0,2
9464,Jordan Green 4464,Home Office,M,55+,Phoenix,West,USA,2020-04-16,Platinum,Mid,0,3
9465,Morgan Johnson 4465,Small Business,M,25-34,Cleveland,North,USA,2022-01-24,Bronze,Low,1,2
9466,Logan Johnson 4466,Consumer,M,25-34,Seattle,West,USA,2025-09-24,Silver,Mid,0,1
9467,Logan Clark 4467,Consumer,F,18-24,San Francisco,West,USA,2025-10-08,Silver,Low,0,1
9468,Alex Lee 4468,Consumer,M,35-44,Philadelphia,East,USA,2020-07-20,Gold,Mid,0,1
9469,Casey Young 4469,Consumer,F,35-44,Boston,East,USA,2024-11-25,Bronze,Upper-Mid,0,4
9470,Morgan King 4470,Consumer,NA,18-24,Phoenix,West,USA,2022-06-21,Bronze,Upper-Mid,0,2
9471,Riley Johnson 4471,Home Office,M,45-54,Miami,South,USA,2021-01-31,Silver,Upper-Mid,0,1
9472,Rowan Wright 4472,Small Business,M,45-54,Dallas,South,USA,2020-04-03,Bronze,Lower-Mid,1,3
9473,Jamie King 4473,Consumer,F,45-54,Cleveland,North,USA,2025-09-03,Gold,High,0,4
9474,Riley Brown 4474,Corporate,NA,45-54,Philadelphia,East,USA,2022-04-14,Silver,Lower-Mid,1,4
9475,Sam Scott 4475,Corporate,NA,35-44,San Francisco,West,USA,2025-04-28,Silver,Mid,0,4
9476,Riley Smith 4476,Consumer,NA,35-44,Philadelphia,East,USA,2022-02-19,Bronze,Low,0,1
9477,Drew Scott 4477,Consumer,M,35-44,Los Angeles,West,USA,2022-08-10,Gold,Mid,0,2
9478,Skyler Hall 4478,Consumer,M,25-34,Minneapolis,North,USA,2020-06-08,Platinum,Mid,0,1
9479,Logan Brown 4479,Corporate,NA,45-54,Houston,South,USA,2019-05-14,Gold,Mid,0,2
9480,Drew Young 4480,Corporate,F,45-54,Boston,East,USA,2023-02-21,Silver,Lower-Mid,1,2
9481,Sam Lee 4481,Consumer,M,25-34,Dallas,South,USA,2024-06-27,Gold,Lower-Mid,0,4
9482,Jordan Walker 4482,Consumer,F,35-44,Chicago,North,USA,2023-02-03,Silver,Mid,0,4
9483,Sam Lewis 4483,Consumer,NA,25-34,Dallas,South,USA,2021-06-21,Silver,Upper-Mid,0,2
9484,Rowan Green 4484,Consumer,NA,25-34,Los Angeles,West,USA,2024-10-04,Silver,Low,0,1
9485,Logan Wright 4485,Consumer,F,25-34,Philadelphia,East,USA,2020-10-13,Gold,Mid,0,2
9486,Morgan Scott 4486,Corporate,F,25-34,Boston,East,USA,2020-09-23,Bronze,Mid,0,2
9487,Jamie Walker 4487,Consumer,M,25-34,Seattle,West,USA,2022-07-12,Bronze,Mid,0,3
9488,Jamie Clark 4488,Small Business,F,45-54,Cleveland,North,USA,2023-03-19,Silver,Low,1,1
9489,Skyler Scott 4489,Consumer,M,25-34,Washington,East,USA,2023-09-18,Bronze,Mid,0,1
9490,Logan Young 4490,Consumer,NA,35-44,Chicago,North,USA,2022-07-02,Platinum,Lower-Mid,0,3
9491,Casey King 4491,Consumer,NA,35-44,Dallas,South,USA,2019-02-10,Gold,Upper-Mid,0,2
9492,Jamie Johnson 4492,Corporate,NA,25-34,Houston,South,USA,2020-12-04,Bronze,Mid,1,2
9493,Alex Scott 4493,Corporate,M,45-54,Detroit,North,USA,2021-09-11,Gold,Mid,1,2
9494,Riley Davis 4494,Corporate,F,18-24,Philadelphia,East,USA,2024-03-16,Silver,Upper-Mid,1,3
9495,Riley Johnson 4495,Consumer,NA,55+,Phoenix,West,USA,2023-09-17,Gold,Upper-Mid,0,3
9496,Morgan Brown 4496,Consumer,F,55+,Detroit,North,USA,2021-06-27,Gold,High,0,1
9497,Avery King 4497,Consumer,M,35-44,San Francisco,West,USA,2024-09-02,Gold,Mid,0,1
9498,Drew Clark 4498,Small Business,F,35-44,Detroit,North,USA,2023-04-13,Silver,Low,1,2
9499,Sam King 4499,Consumer,F,25-34,New York,East,USA,2019-07-13,Silver,Mid,0,2
9500,Riley Walker 4500,Consumer,M,45-54,Houston,South,USA,2021-11-29,Bronze,Mid,0,1
9501,Parker Davis 4501,Corporate,NA,45-54,Boston,East,USA,2022-07-27,Silver,Upper-Mid,0,1
9502,Parker Walker 4502,Consumer,F,25-34,Detroit,North,USA,2021-06-06,Silver,Mid,0,2
9503,Jordan Hall 4503,Consumer,NA,35-44,Miami,South,USA,2021-06-21,Silver,Upper-Mid,0,4
9504,Sam Smith 4504,Consumer,F,45-54,San Francisco,West,USA,2019-10-31,Silver,Mid,0,2
9505,Parker Lewis 4505,Consumer,NA,25-34,Chicago,North,USA,2022-08-01,Gold,Lower-Mid,0,1
9506,Parker Allen 4506,Consumer,F,25-34,Minneapolis,North,USA,2020-03-15,Platinum,High,0,2
9507,Jordan Walker 4507,Small Business,M,25-34,Seattle,West,USA,2021-04-24,Bronze,Mid,1,4
9508,Taylor King 4508,Consumer,NA,35-44,Dallas,South,USA,2023-10-14,Gold,Upper-Mid,0,2
9509,Sam Johnson 4509,Consumer,F,45-54,Miami,South,USA,2020-06-06,Bronze,Upper-Mid,0,2
9510,Skyler Johnson 4510,Consumer,M,25-34,New York,East,USA,2020-01-27,Gold,Lower-Mid,0,2
9511,Drew King 4511,Consumer,F,25-34,San Francisco,West,USA,2021-08-17,Gold,Low,0,1
9512,Riley Allen 4512,Small Business,M,45-54,Los Angeles,West,USA,2024-08-30,Silver,Mid,1,1
9513,Parker Lee 4513,Small Business,F,35-44,Philadelphia,East,USA,2024-06-23,Bronze,High,1,1
9514,Parker Hall 4514,Home Office,M,55+,Atlanta,South,USA,2022-02-18,Gold,Upper-Mid,0,2
9515,Morgan Davis 4515,Consumer,NA,25-34,Dallas,South,USA,2019-08-09,Silver,Mid,0,1
9516,Morgan Hall 4516,Corporate,M,45-54,Phoenix,West,USA,2022-04-15,Silver,Mid,0,1
9517,Parker Scott 4517,Corporate,NA,55+,Boston,East,USA,2021-10-16,Bronze,Upper-Mid,0,2
9518,Jamie Allen 4518,Corporate,M,25-34,San Francisco,West,USA,2023-04-16,Bronze,Upper-Mid,1,3
9519,Drew Brown 4519,Corporate,NA,25-34,Phoenix,West,USA,2023-03-20,Silver,Mid,1,1
9520,Cameron Young 4520,Small Business,NA,25-34,Chicago,North,USA,2025-07-25,Silver,Lower-Mid,1,1
9521,Morgan Young 4521,Home Office,M,18-24,Dallas,South,USA,2021-10-02,Bronze,Upper-Mid,0,1
9522,Jamie Green 4522,Consumer,F,45-54,Cleveland,North,USA,2019-08-06,Bronze,Mid,0,2
9523,Jamie Clark 4523,Home Office,F,45-54,Seattle,West,USA,2024-08-16,Platinum,Mid,0,3
9524,Parker Davis 4524,Consumer,M,45-54,Phoenix,West,USA,2024-07-06,Silver,Upper-Mid,0,2
9525,Drew Allen 4525,Consumer,F,35-44,Los Angeles,West,USA,2025-09-30,Gold,Mid,0,2
9526,Cameron Lee 4526,Corporate,F,35-44,Cleveland,North,USA,2025-05-28,Gold,Low,1,2
9527,Rowan Hall 4527,Small Business,M,25-34,Houston,South,USA,2023-10-10,Silver,Mid,1,2
9528,Taylor Lewis 4528,Consumer,M,18-24,Dallas,South,USA,2021-07-24,Platinum,Upper-Mid,0,4
9529,Logan Lee 4529,Consumer,F,45-54,New York,East,USA,2023-07-26,Bronze,Low,0,3
9530,Skyler Davis 4530,Consumer,NA,25-34,Atlanta,South,USA,2023-11-26,Bronze,Upper-Mid,0,2
9531,Parker Davis 4531,Home Office,NA,35-44,Los Angeles,West,USA,2020-11-05,Gold,Mid,0,1
9532,Casey Hall 4532,Consumer,M,25-34,Boston,East,USA,2020-08-10,Silver,Mid,0,2
9533,Rowan Scott 4533,Consumer,F,25-34,San Francisco,West,USA,2022-08-07,Silver,Low,0,1
9534,Morgan Green 4534,Consumer,NA,55+,Dallas,South,USA,2021-02-22,Silver,Lower-Mid,0,3
9535,Jordan Lee 4535,Home Office,F,18-24,Boston,East,USA,2022-09-20,Silver,Low,0,1
9536,Rowan Walker 4536,Consumer,F,25-34,Detroit,North,USA,2021-10-27,Bronze,Lower-Mid,0,2
9537,Riley Scott 4537,Consumer,NA,25-34,Houston,South,USA,2019-09-14,Bronze,Mid,0,1
9538,Jordan Wright 4538,Consumer,M,45-54,Phoenix,West,USA,2024-04-05,Silver,High,0,3
9539,Rowan Allen 4539,Home Office,F,18-24,Boston,East,USA,2020-02-29,Silver,Mid,0,1
9540,Cameron Johnson 4540,Small Business,M,45-54,Dallas,South,USA,2019-03-23,Gold,Mid,1,1
9541,Alex Young 4541,Consumer,NA,55+,Houston,South,USA,2025-07-31,Silver,Low,0,4
9542,Casey Lee 4542,Corporate,M,18-24,New York,East,USA,2022-12-08,Silver,High,1,2
9543,Logan Green 4543,Consumer,F,35-44,Phoenix,West,USA,2023-03-04,Silver,Mid,0,1
9544,Skyler Allen 4544,Consumer,NA,55+,Los Angeles,West,USA,2025-10-14,Gold,Mid,0,3
9545,Logan Walker 4545,Corporate,NA,18-24,Los Angeles,West,USA,2020-06-04,Bronze,Mid,1,3
9546,Avery Hall 4546,Consumer,M,55+,Philadelphia,East,USA,2019-01-01,Silver,Low,0,2
9547,Logan Davis 4547,Consumer,M,55+,Los Angeles,West,USA,2022-10-26,Gold,Lower-Mid,0,2
9548,Parker Walker 4548,Corporate,NA,25-34,Seattle,West,USA,2021-03-03,Silver,Low,1,1
9549,Alex Young 4549,Consumer,NA,25-34,Phoenix,West,USA,2023-02-12,Bronze,High,0,3
9550,Jamie King 4550,Consumer,M,55+,Philadelphia,East,USA,2021-05-28,Bronze,Lower-Mid,0,3
9551,Cameron Hall 4551,Consumer,F,25-34,Seattle,West,USA,2020-09-06,Bronze,High,0,2
9552,Casey Lewis 4552,Consumer,M,45-54,New York,East,USA,2023-03-10,Gold,Low,0,1
9553,Rowan Young 4553,Home Office,M,25-34,Philadelphia,East,USA,2022-03-19,Gold,Lower-Mid,0,4
9554,Rowan Davis 4554,Consumer,M,25-34,San Francisco,West,USA,2019-01-10,Bronze,Mid,0,3
9555,Alex Smith 4555,Home Office,F,25-34,Cleveland,North,USA,2024-11-22,Gold,Upper-Mid,0,2
9556,Avery Young 4556,Consumer,NA,25-34,Seattle,West,USA,2025-10-05,Gold,Mid,0,2
9557,Morgan King 4557,Consumer,F,35-44,Houston,South,USA,2023-10-26,Silver,Lower-Mid,0,2
9558,Jordan Walker 4558,Consumer,F,35-44,San Francisco,West,USA,2023-11-12,Platinum,Low,0,4
9559,Morgan Clark 4559,Small Business,F,35-44,Boston,East,USA,2025-10-06,Gold,Mid,0,2
9560,Sam Lee 4560,Small Business,F,35-44,San Francisco,West,USA,2024-11-11,Bronze,High,0,4
9561,Cameron Brown 4561,Corporate,M,25-34,Los Angeles,West,USA,2022-12-08,Bronze,Mid,0,2
9562,Jordan Green 4562,Consumer,F,35-44,Phoenix,West,USA,2023-12-09,Silver,High,0,3
9563,Morgan King 4563,Corporate,NA,35-44,Phoenix,West,USA,2024-12-22,Platinum,High,0,2
9564,Parker Wright 4564,Home Office,NA,55+,Seattle,West,USA,2021-07-21,Bronze,Mid,0,2
9565,Taylor Davis 4565,Corporate,F,25-34,New York,East,USA,2019-08-15,Gold,Lower-Mid,0,2
9566,Sam Johnson 4566,Consumer,NA,35-44,Phoenix,West,USA,2025-10-16,Bronze,Mid,0,2
9567,Skyler Davis 4567,Consumer,F,25-34,Los Angeles,West,USA,2023-02-01,Platinum,Lower-Mid,0,2
9568,Taylor Wright 4568,Consumer,M,35-44,Atlanta,South,USA,2024-11-13,Bronze,Low,0,1
9569,Jamie King 4569,Consumer,M,35-44,Boston,East,USA,2019-02-03,Bronze,Mid,0,2
9570,Cameron King 4570,Small Business,NA,25-34,Phoenix,West,USA,2022-01-01,Silver,Upper-Mid,1,1
9571,Skyler Smith 4571,Small Business,M,35-44,New York,East,USA,2024-03-28,Gold,Lower-Mid,1,2
9572,Sam Brown 4572,Home Office,M,45-54,Atlanta,South,USA,2025-05-04,Silver,Upper-Mid,0,2
9573,Taylor Lee 4573,Consumer,NA,25-34,Phoenix,West,USA,2023-04-01,Gold,Low,0,4
9574,Alex Lee 4574,Home Office,M,18-24,Houston,South,USA,2024-02-29,Gold,Upper-Mid,0,4
9575,Skyler Walker 4575,Small Business,NA,25-34,Phoenix,West,USA,2025-04-25,Bronze,Mid,0,1
9576,Parker Lewis 4576,Consumer,NA,35-44,Philadelphia,East,USA,2019-02-10,Bronze,Mid,0,4
9577,Cameron Smith 4577,Small Business,M,25-34,Detroit,North,USA,2019-01-27,Bronze,Mid,1,4
9578,Cameron Green 4578,Consumer,M,55+,Minneapolis,North,USA,2021-06-16,Gold,Upper-Mid,0,1
9579,Sam Lewis 4579,Consumer,M,25-34,Atlanta,South,USA,2021-01-13,Bronze,Lower-Mid,0,4
9580,Morgan Allen 4580,Small Business,NA,35-44,Philadelphia,East,USA,2019-12-16,Platinum,Mid,1,1
9581,Sam Lewis 4581,Corporate,NA,25-34,Detroit,North,USA,2019-06-20,Silver,Lower-Mid,1,3
9582,Casey Scott 4582,Consumer,F,25-34,New York,East,USA,2020-04-03,Silver,Low,0,1
9583,Logan Hall 4583,Consumer,NA,18-24,Seattle,West,USA,2024-02-01,Gold,High,0,2
9584,Sam Lee 4584,Consumer,NA,35-44,Houston,South,USA,2024-10-28,Silver,Upper-Mid,0,4
9585,Morgan Smith 4585,Consumer,NA,25-34,San Francisco,West,USA,2022-03-21,Bronze,Lower-Mid,0,2
9586,Alex Hall 4586,Consumer,F,45-54,Minneapolis,North,USA,2025-05-27,Bronze,Mid,0,1
9587,Skyler Green 4587,Consumer,NA,18-24,Washington,East,USA,2022-01-18,Bronze,Low,0,4
9588,Avery Johnson 4588,Home Office,NA,45-54,Seattle,West,USA,2024-08-08,Silver,High,0,2
9589,Riley Hall 4589,Consumer,M,18-24,Philadelphia,East,USA,2023-06-23,Silver,Lower-Mid,0,4
9590,Alex Allen 4590,Consumer,NA,55+,Minneapolis,North,USA,2022-01-19,Silver,Upper-Mid,0,2
9591,Cameron Wright 4591,Small Business,NA,45-54,Detroit,North,USA,2021-06-24,Platinum,Low,1,2
9592,Drew Scott 4592,Small Business,M,18-24,Phoenix,West,USA,2022-11-30,Silver,Upper-Mid,1,2
9593,Parker Green 4593,Consumer,NA,25-34,Phoenix,West,USA,2024-05-04,Silver,High,0,2
9594,Avery Lee 4594,Consumer,NA,45-54,Washington,East,USA,2019-06-20,Gold,Lower-Mid,0,1
9595,Alex Lee 4595,Corporate,M,25-34,Los Angeles,West,USA,2022-01-19,Silver,High,1,1
9596,Jordan Johnson 4596,Consumer,NA,35-44,Boston,East,USA,2020-06-19,Silver,Mid,0,2
9597,Rowan Green 4597,Consumer,NA,18-24,Miami,South,USA,2021-06-16,Platinum,Upper-Mid,0,1
9598,Sam Lee 4598,Home Office,F,35-44,Dallas,South,USA,2019-02-23,Bronze,Mid,0,3
9599,Taylor Wright 4599,Consumer,M,25-34,Miami,South,USA,2023-07-11,Platinum,High,0,2
9600,Alex Smith 4600,Home Office,F,45-54,Minneapolis,North,USA,2025-03-28,Silver,Lower-Mid,0,4
9601,Drew Clark 4601,Consumer,F,55+,Dallas,South,USA,2022-07-10,Bronze,Mid,0,4
9602,Parker Young 4602,Consumer,F,55+,Washington,East,USA,2024-02-03,Silver,High,0,3
9603,Parker Scott 4603,Small Business,F,25-34,Minneapolis,North,USA,2020-04-12,Platinum,Lower-Mid,1,4
9604,Jordan Smith 4604,Consumer,F,45-54,Philadelphia,East,USA,2023-07-24,Platinum,Mid,0,1
9605,Parker Clark 4605,Consumer,M,45-54,Phoenix,West,USA,2022-07-08,Silver,Lower-Mid,0,4
9606,Logan Walker 4606,Consumer,M,25-34,San Francisco,West,USA,2025-10-11,Silver,Mid,0,2
9607,Cameron Wright 4607,Consumer,F,25-34,Houston,South,USA,2025-04-17,Bronze,Mid,0,1
9608,Riley Allen 4608,Consumer,NA,18-24,Seattle,West,USA,2023-05-25,Bronze,Mid,0,1
9609,Sam Hall 4609,Consumer,F,35-44,Miami,South,USA,2021-04-26,Bronze,Mid,0,1
9610,Morgan Clark 4610,Corporate,M,18-24,Dallas,South,USA,2020-03-23,Platinum,Upper-Mid,0,2
9611,Avery Scott 4611,Consumer,NA,45-54,San Francisco,West,USA,2023-12-31,Bronze,Lower-Mid,0,3
9612,Jordan Allen 4612,Small Business,NA,55+,Cleveland,North,USA,2023-07-27,Silver,Upper-Mid,1,2
9613,Rowan King 4613,Consumer,M,45-54,Boston,East,USA,2024-07-22,Bronze,Mid,0,1
9614,Morgan Allen 4614,Small Business,M,25-34,New York,East,USA,2023-09-16,Bronze,Mid,1,2
9615,Cameron Brown 4615,Consumer,NA,25-34,Cleveland,North,USA,2020-09-03,Bronze,Low,0,1
9616,Jordan Allen 4616,Consumer,NA,25-34,Philadelphia,East,USA,2020-03-03,Bronze,Lower-Mid,0,4
9617,Alex Johnson 4617,Consumer,M,45-54,Atlanta,South,USA,2019-12-23,Silver,Low,0,3
9618,Jordan Davis 4618,Corporate,M,25-34,Seattle,West,USA,2021-10-02,Silver,High,1,1
9619,Riley Lewis 4619,Corporate,NA,18-24,Washington,East,USA,2022-05-08,Platinum,Mid,1,1
9620,Skyler Johnson 4620,Consumer,F,25-34,Seattle,West,USA,2024-07-05,Silver,Low,0,1
9621,Jordan Young 4621,Consumer,M,55+,Minneapolis,North,USA,2020-02-21,Bronze,Mid,0,1
9622,Morgan Hall 4622,Consumer,M,45-54,Philadelphia,East,USA,2023-04-21,Silver,High,0,2
9623,Drew Scott 4623,Small Business,NA,18-24,Phoenix,West,USA,2021-11-19,Bronze,Mid,1,2
9624,Jamie Lee 4624,Small Business,F,35-44,Boston,East,USA,2019-04-06,Gold,Mid,1,1
9625,Sam Smith 4625,Consumer,F,18-24,Washington,East,USA,2019-01-29,Bronze,Low,0,2
9626,Drew Hall 4626,Consumer,M,25-34,Chicago,North,USA,2019-08-05,Bronze,Mid,0,3
9627,Avery Lee 4627,Small Business,F,25-34,Houston,South,USA,2024-07-25,Bronze,Mid,1,1
9628,Casey Green 4628,Home Office,F,25-34,Houston,South,USA,2019-07-16,Bronze,Lower-Mid,0,1
9629,Drew Young 4629,Consumer,M,25-34,Houston,South,USA,2021-04-23,Bronze,Upper-Mid,0,3
9630,Logan Davis 4630,Small Business,M,18-24,Miami,South,USA,2022-11-21,Gold,Mid,0,2
9631,Skyler Hall 4631,Small Business,NA,45-54,Los Angeles,West,USA,2020-10-02,Silver,Upper-Mid,1,1
9632,Casey Davis 4632,Home Office,F,45-54,Dallas,South,USA,2025-10-26,Silver,Low,0,1
9633,Alex Young 4633,Consumer,F,45-54,Washington,East,USA,2022-03-27,Gold,Lower-Mid,0,1
9634,Rowan Allen 4634,Consumer,NA,25-34,San Francisco,West,USA,2021-02-14,Silver,Lower-Mid,0,4
9635,Riley Clark 4635,Home Office,NA,35-44,Atlanta,South,USA,2020-09-29,Bronze,Mid,0,1
9636,Riley Allen 4636,Consumer,M,35-44,Seattle,West,USA,2023-06-19,Bronze,Low,0,2
9637,Morgan Lewis 4637,Consumer,M,25-34,Washington,East,USA,2022-11-22,Gold,Low,0,1
9638,Rowan Johnson 4638,Consumer,F,25-34,Chicago,North,USA,2024-10-13,Silver,Upper-Mid,0,2
9639,Riley King 4639,Consumer,NA,25-34,Boston,East,USA,2022-10-07,Bronze,Upper-Mid,0,1
9640,Parker King 4640,Corporate,NA,25-34,Seattle,West,USA,2023-10-07,Gold,High,1,1
9641,Morgan Smith 4641,Small Business,NA,45-54,Atlanta,South,USA,2022-10-31,Silver,High,1,4
9642,Rowan Davis 4642,Consumer,M,25-34,New York,East,USA,2019-03-29,Platinum,Mid,0,2
9643,Sam Walker 4643,Consumer,M,25-34,Atlanta,South,USA,2020-03-07,Bronze,Low,0,4
9644,Taylor Lee 4644,Small Business,F,45-54,Detroit,North,USA,2021-05-08,Silver,High,0,1
9645,Taylor Hall 4645,Consumer,M,55+,San Francisco,West,USA,2020-02-09,Bronze,Lower-Mid,0,1
9646,Jamie Lee 4646,Consumer,F,25-34,Houston,South,USA,2022-08-01,Bronze,Mid,0,1
9647,Drew Allen 4647,Consumer,M,35-44,Minneapolis,North,USA,2023-12-10,Silver,Mid,0,1
9648,Logan Allen 4648,Corporate,F,25-34,Chicago,North,USA,2023-09-28,Silver,Lower-Mid,1,2
9649,Logan Davis 4649,Consumer,M,35-44,San Francisco,West,USA,2019-06-16,Bronze,Upper-Mid,0,3
9650,Cameron Scott 4650,Consumer,M,35-44,Dallas,South,USA,2025-05-13,Silver,Lower-Mid,0,2
9651,Sam Lee 4651,Consumer,M,55+,Minneapolis,North,USA,2025-04-09,Gold,Mid,0,3
9652,Cameron Brown 4652,Small Business,M,25-34,Los Angeles,West,USA,2019-03-31,Platinum,Mid,0,2
9653,Sam Smith 4653,Corporate,M,45-54,Los Angeles,West,USA,2023-11-24,Silver,Mid,1,2
9654,Rowan Johnson 4654,Home Office,NA,35-44,Dallas,South,USA,2025-04-20,Platinum,High,0,2
9655,Rowan Johnson 4655,Consumer,NA,45-54,Los Angeles,West,USA,2019-02-05,Bronze,Lower-Mid,0,2
9656,Sam Hall 4656,Small Business,M,55+,Cleveland,North,USA,2024-01-30,Bronze,Lower-Mid,0,2
9657,Casey Hall 4657,Consumer,M,45-54,Miami,South,USA,2024-12-23,Bronze,Mid,0,3
9658,Taylor Green 4658,Consumer,F,18-24,Dallas,South,USA,2023-07-18,Bronze,Upper-Mid,0,1
9659,Skyler Green 4659,Consumer,M,45-54,Washington,East,USA,2022-04-03,Gold,Low,0,1
9660,Alex Green 4660,Consumer,F,35-44,Phoenix,West,USA,2020-08-12,Silver,Mid,0,1
9661,Skyler Brown 4661,Corporate,M,45-54,Washington,East,USA,2022-05-11,Bronze,High,0,1
9662,Jordan Lee 4662,Consumer,M,45-54,Philadelphia,East,USA,2025-02-23,Silver,Mid,0,2
9663,Rowan Davis 4663,Corporate,F,35-44,Chicago,North,USA,2025-07-23,Bronze,Lower-Mid,1,3
9664,Alex Hall 4664,Consumer,M,18-24,New York,East,USA,2019-11-21,Gold,Mid,0,2
9665,Jamie Lewis 4665,Home Office,F,45-54,Boston,East,USA,2021-11-09,Bronze,Lower-Mid,0,3
9666,Jamie Davis 4666,Consumer,NA,25-34,Washington,East,USA,2025-06-12,Gold,Lower-Mid,0,2
9667,Taylor Davis 4667,Small Business,F,35-44,Los Angeles,West,USA,2019-12-09,Silver,Upper-Mid,0,2
9668,Sam Wright 4668,Consumer,NA,25-34,Miami,South,USA,2023-11-07,Silver,Lower-Mid,0,2
9669,Logan Wright 4669,Consumer,M,25-34,Detroit,North,USA,2021-11-29,Gold,Upper-Mid,0,2
9670,Skyler Wright 4670,Consumer,M,35-44,Los Angeles,West,USA,2019-03-04,Silver,Mid,0,2
9671,Jordan Walker 4671,Corporate,M,35-44,Minneapolis,North,USA,2021-08-23,Bronze,Low,1,2
9672,Avery Smith 4672,Consumer,NA,25-34,Houston,South,USA,2022-06-17,Gold,Lower-Mid,0,3
9673,Sam Brown 4673,Consumer,M,18-24,Washington,East,USA,2020-07-20,Bronze,Low,0,1
9674,Cameron Scott 4674,Consumer,F,25-34,Dallas,South,USA,2023-04-17,Silver,Upper-Mid,0,1
9675,Cameron Brown 4675,Consumer,F,55+,New York,East,USA,2023-01-01,Bronze,Mid,0,1
9676,Casey Young 4676,Consumer,M,25-34,Philadelphia,East,USA,2023-02-16,Bronze,Lower-Mid,0,2
9677,Rowan Davis 4677,Corporate,NA,35-44,Detroit,North,USA,2021-10-07,Bronze,Upper-Mid,1,1
9678,Morgan Lewis 4678,Consumer,M,25-34,Phoenix,West,USA,2021-03-12,Bronze,Upper-Mid,0,1
9679,Rowan Lee 4679,Consumer,F,25-34,Houston,South,USA,2022-08-24,Silver,Upper-Mid,0,2
9680,Skyler Walker 4680,Small Business,NA,35-44,Boston,East,USA,2021-11-13,Silver,Mid,1,2
9681,Jordan Young 4681,Consumer,NA,35-44,Houston,South,USA,2023-05-07,Bronze,High,0,1
9682,Logan King 4682,Home Office,NA,18-24,Houston,South,USA,2022-02-24,Bronze,Lower-Mid,0,4
9683,Avery Green 4683,Small Business,M,18-24,Dallas,South,USA,2023-06-26,Bronze,Mid,0,1
9684,Drew Smith 4684,Consumer,NA,25-34,New York,East,USA,2023-04-08,Platinum,Mid,0,1
9685,Cameron Lee 4685,Consumer,NA,18-24,Seattle,West,USA,2023-07-22,Platinum,Lower-Mid,0,1
9686,Casey Hall 4686,Consumer,NA,55+,Boston,East,USA,2024-05-24,Silver,Mid,0,2
9687,Cameron Lee 4687,Corporate,M,35-44,Phoenix,West,USA,2023-07-31,Gold,Low,1,2
9688,Skyler Wright 4688,Consumer,NA,45-54,Houston,South,USA,2025-03-03,Platinum,Upper-Mid,0,3
9689,Casey Young 4689,Corporate,M,25-34,Detroit,North,USA,2025-05-10,Silver,Lower-Mid,1,2
9690,Avery Clark 4690,Consumer,M,55+,New York,East,USA,2023-08-31,Gold,Upper-Mid,0,2
9691,Drew Lewis 4691,Consumer,NA,55+,Boston,East,USA,2020-10-07,Platinum,Mid,0,1
9692,Jordan Wright 4692,Consumer,F,35-44,Los Angeles,West,USA,2023-04-07,Silver,Mid,0,2
9693,Sam Walker 4693,Consumer,NA,35-44,Houston,South,USA,2025-02-19,Silver,Upper-Mid,0,1
9694,Jamie Green 4694,Consumer,F,25-34,Detroit,North,USA,2024-05-30,Gold,Upper-Mid,0,4
9695,Taylor Walker 4695,Consumer,F,18-24,Chicago,North,USA,2020-07-23,Platinum,Upper-Mid,0,2
9696,Drew Johnson 4696,Small Business,NA,35-44,Philadelphia,East,USA,2025-08-24,Silver,High,0,1
9697,Morgan Clark 4697,Small Business,NA,35-44,Dallas,South,USA,2021-06-30,Bronze,Mid,1,1
9698,Skyler Allen 4698,Corporate,M,45-54,Detroit,North,USA,2024-04-07,Platinum,Lower-Mid,1,2
9699,Avery Lewis 4699,Corporate,M,55+,Miami,South,USA,2020-10-02,Bronze,Low,1,1
9700,Logan Scott 4700,Small Business,M,25-34,Miami,South,USA,2022-06-01,Bronze,Lower-Mid,1,1
9701,Casey Lee 4701,Consumer,F,25-34,Boston,East,USA,2019-09-22,Bronze,Mid,0,3
9702,Jamie Walker 4702,Corporate,F,18-24,New York,East,USA,2025-08-14,Silver,Low,0,1
9703,Morgan Allen 4703,Home Office,F,55+,Boston,East,USA,2019-12-11,Silver,Mid,0,3
9704,Morgan Green 4704,Corporate,F,18-24,Cleveland,North,USA,2022-10-14,Platinum,High,1,1
9705,Riley Brown 4705,Small Business,F,35-44,New York,East,USA,2025-08-16,Bronze,Mid,1,1
9706,Jordan Wright 4706,Small Business,M,18-24,Philadelphia,East,USA,2023-03-28,Silver,High,1,3
9707,Parker Wright 4707,Consumer,M,55+,New York,East,USA,2020-04-14,Platinum,Mid,0,2
9708,Morgan Walker 4708,Consumer,F,55+,Houston,South,USA,2022-08-04,Silver,Mid,0,1
9709,Taylor Lee 4709,Consumer,M,45-54,Miami,South,USA,2022-10-02,Silver,Lower-Mid,0,1
9710,Jordan Wright 4710,Consumer,M,25-34,Boston,East,USA,2024-07-12,Silver,High,0,1
9711,Casey Scott 4711,Small Business,NA,25-34,Philadelphia,East,USA,2024-05-15,Bronze,Lower-Mid,1,2
9712,Drew Allen 4712,Small Business,NA,18-24,Chicago,North,USA,2022-10-18,Silver,Upper-Mid,1,4
9713,Parker Johnson 4713,Corporate,F,45-54,Chicago,North,USA,2019-08-06,Bronze,Mid,0,3
9714,Rowan Wright 4714,Small Business,NA,55+,Boston,East,USA,2024-09-17,Bronze,Mid,0,1
9715,Jamie Brown 4715,Small Business,M,25-34,Chicago,North,USA,2019-12-01,Silver,Upper-Mid,1,1
9716,Taylor Walker 4716,Corporate,NA,55+,Cleveland,North,USA,2025-03-22,Silver,Upper-Mid,1,2
9717,Drew Allen 4717,Consumer,F,45-54,Los Angeles,West,USA,2024-12-18,Bronze,Mid,0,4
9718,Alex Young 4718,Home Office,NA,45-54,Minneapolis,North,USA,2024-04-26,Bronze,Low,0,2
9719,Taylor Johnson 4719,Home Office,F,18-24,Detroit,North,USA,2019-11-19,Silver,Upper-Mid,0,1
9720,Alex Davis 4720,Small Business,M,25-34,Minneapolis,North,USA,2025-05-11,Silver,Mid,0,3
9721,Cameron Scott 4721,Consumer,F,45-54,San Francisco,West,USA,2020-01-10,Silver,Mid,0,3
9722,Alex Smith 4722,Consumer,M,18-24,Houston,South,USA,2023-01-31,Bronze,Low,0,2
9723,Casey Scott 4723,Consumer,M,18-24,Dallas,South,USA,2019-01-18,Silver,High,0,2
9724,Riley Wright 4724,Small Business,NA,35-44,Seattle,West,USA,2020-07-08,Gold,High,1,2
9725,Cameron Scott 4725,Small Business,F,35-44,Atlanta,South,USA,2024-12-29,Silver,Mid,0,3
9726,Sam Walker 4726,Consumer,F,45-54,Philadelphia,East,USA,2022-06-20,Silver,Mid,0,1
9727,Rowan Lewis 4727,Small Business,F,18-24,Miami,South,USA,2025-07-15,Bronze,Low,1,1
9728,Jamie Lee 4728,Consumer,F,18-24,New York,East,USA,2019-04-28,Bronze,Low,0,3
9729,Avery Lee 4729,Consumer,F,45-54,Phoenix,West,USA,2023-01-26,Gold,Mid,0,3
9730,Riley Walker 4730,Small Business,F,45-54,New York,East,USA,2023-02-08,Silver,Low,1,1
9731,Sam Lewis 4731,Consumer,NA,25-34,Seattle,West,USA,2023-10-21,Bronze,Mid,0,2
9732,Jordan Johnson 4732,Small Business,F,25-34,Washington,East,USA,2024-07-17,Bronze,Mid,1,2
9733,Avery Young 4733,Corporate,NA,45-54,Atlanta,South,USA,2023-08-04,Bronze,Upper-Mid,1,2
9734,Jamie King 4734,Consumer,F,25-34,Los Angeles,West,USA,2025-10-23,Gold,Mid,0,1
9735,Casey Young 4735,Consumer,NA,45-54,Cleveland,North,USA,2024-10-16,Gold,Lower-Mid,0,1
9736,Taylor Lee 4736,Consumer,NA,35-44,Boston,East,USA,2024-07-24,Silver,Lower-Mid,0,3
9737,Morgan Brown 4737,Consumer,NA,35-44,Chicago,North,USA,2021-06-08,Bronze,Low,0,1
9738,Drew Lewis 4738,Home Office,M,35-44,Miami,South,USA,2025-05-12,Silver,Low,0,4
9739,Jamie Smith 4739,Consumer,F,45-54,Minneapolis,North,USA,2024-01-18,Silver,Low,0,3
9740,Taylor Young 4740,Corporate,M,45-54,Minneapolis,North,USA,2025-04-27,Bronze,Mid,1,4
9741,Casey Green 4741,Small Business,M,35-44,Detroit,North,USA,2025-01-24,Bronze,Lower-Mid,1,4
9742,Casey Walker 4742,Small Business,NA,55+,Cleveland,North,USA,2019-09-30,Silver,Upper-Mid,1,2
9743,Skyler Johnson 4743,Corporate,M,45-54,Boston,East,USA,2025-01-21,Silver,Mid,1,3
9744,Riley Clark 4744,Corporate,F,45-54,New York,East,USA,2024-04-18,Bronze,Low,1,4
9745,Casey Lee 4745,Consumer,M,25-34,Philadelphia,East,USA,2024-12-28,Bronze,Upper-Mid,0,3
9746,Skyler King 4746,Consumer,M,45-54,Phoenix,West,USA,2020-02-20,Bronze,Mid,0,4
9747,Cameron Davis 4747,Consumer,NA,18-24,Miami,South,USA,2020-11-20,Bronze,Lower-Mid,0,3
9748,Cameron King 4748,Corporate,F,35-44,Boston,East,USA,2019-11-04,Platinum,Lower-Mid,0,1
9749,Morgan Wright 4749,Corporate,M,45-54,Phoenix,West,USA,2021-01-27,Bronze,Mid,1,1
9750,Sam Wright 4750,Consumer,M,25-34,Chicago,North,USA,2024-08-10,Bronze,High,0,4
9751,Alex Scott 4751,Home Office,NA,25-34,Dallas,South,USA,2025-09-28,Silver,Mid,0,2
9752,Avery Allen 4752,Small Business,F,35-44,Dallas,South,USA,2019-11-08,Silver,Upper-Mid,1,4
9753,Jordan Walker 4753,Consumer,F,35-44,Washington,East,USA,2023-03-05,Bronze,Upper-Mid,0,1
9754,Taylor Clark 4754,Small Business,M,45-54,Washington,East,USA,2020-06-28,Bronze,High,1,2
9755,Logan Green 4755,Consumer,NA,55+,Dallas,South,USA,2022-11-07,Bronze,Low,0,1
9756,Sam Lewis 4756,Consumer,M,35-44,Philadelphia,East,USA,2019-06-19,Platinum,Mid,0,2
9757,Taylor Wright 4757,Consumer,F,18-24,Miami,South,USA,2020-04-10,Silver,Mid,0,1
9758,Avery Smith 4758,Consumer,F,45-54,Dallas,South,USA,2024-05-12,Gold,Upper-Mid,0,1
9759,Drew Brown 4759,Consumer,F,55+,San Francisco,West,USA,2022-02-17,Silver,Mid,0,3
9760,Cameron Green 4760,Corporate,M,55+,Houston,South,USA,2023-09-19,Silver,Mid,0,2
9761,Riley Johnson 4761,Small Business,M,35-44,Boston,East,USA,2020-10-01,Silver,High,1,4
9762,Avery Scott 4762,Consumer,NA,55+,Cleveland,North,USA,2023-11-26,Gold,Mid,0,2
9763,Riley Clark 4763,Consumer,F,45-54,Seattle,West,USA,2025-07-10,Bronze,Lower-Mid,0,2
9764,Taylor Scott 4764,Consumer,NA,35-44,Washington,East,USA,2025-04-10,Platinum,Low,0,2
9765,Morgan Clark 4765,Home Office,F,18-24,Miami,South,USA,2024-03-27,Silver,Mid,0,1
9766,Cameron Walker 4766,Consumer,NA,35-44,Minneapolis,North,USA,2022-05-16,Silver,Mid,0,1
9767,Alex Brown 4767,Home Office,F,35-44,Los Angeles,West,USA,2023-12-03,Gold,High,0,4
9768,Skyler Lewis 4768,Consumer,F,55+,Miami,South,USA,2025-01-18,Silver,Mid,0,2
9769,Sam Young 4769,Home Office,NA,18-24,Boston,East,USA,2022-08-21,Silver,High,0,2
9770,Riley Wright 4770,Consumer,M,25-34,Dallas,South,USA,2024-12-16,Gold,Upper-Mid,0,3
9771,Jordan Davis 4771,Consumer,F,35-44,Boston,East,USA,2021-08-14,Gold,Lower-Mid,0,2
9772,Drew King 4772,Consumer,M,35-44,Los Angeles,West,USA,2023-10-16,Bronze,Low,0,2
9773,Logan Wright 4773,Small Business,F,35-44,Phoenix,West,USA,2022-12-04,Silver,Mid,1,1
9774,Taylor Lee 4774,Corporate,M,25-34,Philadelphia,East,USA,2020-07-01,Bronze,Mid,1,1
9775,Logan Green 4775,Corporate,F,55+,Washington,East,USA,2020-04-14,Bronze,Lower-Mid,0,3
9776,Jordan Brown 4776,Small Business,NA,18-24,Miami,South,USA,2019-07-25,Bronze,Low,0,2
9777,Rowan Clark 4777,Consumer,M,25-34,Minneapolis,North,USA,2024-06-13,Bronze,Mid,0,1
9778,Jordan Brown 4778,Small Business,F,55+,Houston,South,USA,2019-09-29,Silver,Upper-Mid,0,2
9779,Parker Young 4779,Consumer,F,35-44,Boston,East,USA,2023-05-17,Silver,Upper-Mid,0,2
9780,Parker Davis 4780,Small Business,M,25-34,Miami,South,USA,2024-04-26,Bronze,Mid,1,2
9781,Skyler Hall 4781,Consumer,M,25-34,Philadelphia,East,USA,2025-01-28,Platinum,Upper-Mid,0,2
9782,Alex Allen 4782,Home Office,M,35-44,Phoenix,West,USA,2021-03-23,Platinum,Upper-Mid,0,1
9783,Sam Hall 4783,Consumer,NA,55+,Seattle,West,USA,2025-08-14,Silver,Lower-Mid,0,1
9784,Morgan Johnson 4784,Home Office,F,45-54,Washington,East,USA,2022-02-21,Gold,Mid,0,1
9785,Morgan Young 4785,Consumer,NA,45-54,Miami,South,USA,2025-08-09,Silver,Mid,0,1
9786,Jordan Clark 4786,Home Office,NA,18-24,Detroit,North,USA,2020-07-21,Silver,Mid,0,1
9787,Riley Scott 4787,Consumer,F,45-54,Seattle,West,USA,2022-09-21,Bronze,Lower-Mid,0,1
9788,Jordan Allen 4788,Consumer,F,45-54,Phoenix,West,USA,2021-04-22,Bronze,High,0,2
9789,Drew Walker 4789,Consumer,NA,45-54,San Francisco,West,USA,2021-09-09,Bronze,Mid,0,1
9790,Rowan Brown 4790,Consumer,F,45-54,Washington,East,USA,2021-05-05,Bronze,High,0,2
9791,Jamie Lewis 4791,Consumer,M,25-34,Philadelphia,East,USA,2022-12-27,Silver,Mid,0,1
9792,Skyler Allen 4792,Small Business,M,35-44,Seattle,West,USA,2020-07-21,Bronze,Low,0,2
9793,Sam Hall 4793,Consumer,NA,35-44,Detroit,North,USA,2021-03-11,Gold,Lower-Mid,0,1
9794,Taylor Green 4794,Consumer,M,35-44,Los Angeles,West,USA,2023-08-17,Silver,Low,0,2
9795,Jamie Scott 4795,Consumer,M,25-34,Atlanta,South,USA,2024-04-04,Bronze,Mid,0,2
9796,Sam Wright 4796,Small Business,NA,55+,Detroit,North,USA,2024-11-26,Gold,Lower-Mid,1,1
9797,Sam Allen 4797,Small Business,NA,45-54,Miami,South,USA,2021-08-03,Silver,Lower-Mid,1,1
9798,Logan Allen 4798,Small Business,F,25-34,Dallas,South,USA,2022-11-19,Silver,Lower-Mid,1,1
9799,Avery Clark 4799,Corporate,F,45-54,Houston,South,USA,2024-07-03,Silver,Mid,1,1
9800,Logan Walker 4800,Consumer,F,55+,Detroit,North,USA,2024-10-15,Platinum,Mid,0,2
9801,Cameron Wright 4801,Home Office,NA,35-44,Phoenix,West,USA,2025-05-20,Platinum,Low,0,2
9802,Rowan Young 4802,Small Business,F,35-44,New York,East,USA,2023-07-16,Silver,Upper-Mid,0,2
9803,Morgan Allen 4803,Consumer,M,45-54,Atlanta,South,USA,2020-12-06,Bronze,Low,0,1
9804,Alex Smith 4804,Corporate,NA,55+,Los Angeles,West,USA,2021-01-02,Bronze,Low,0,3
9805,Sam Lewis 4805,Corporate,F,35-44,Detroit,North,USA,2024-12-04,Bronze,Mid,0,2
9806,Drew Hall 4806,Consumer,F,25-34,Chicago,North,USA,2024-03-22,Gold,Upper-Mid,0,2
9807,Morgan Allen 4807,Home Office,F,45-54,Chicago,North,USA,2023-09-12,Bronze,Upper-Mid,0,2
9808,Logan Smith 4808,Small Business,F,35-44,Washington,East,USA,2021-03-17,Bronze,Low,1,2
9809,Sam Smith 4809,Small Business,M,45-54,Atlanta,South,USA,2021-03-27,Bronze,Mid,1,1
9810,Riley Green 4810,Small Business,F,35-44,Boston,East,USA,2023-10-17,Silver,Lower-Mid,1,3
9811,Casey Lewis 4811,Consumer,M,25-34,Seattle,West,USA,2021-11-07,Silver,Upper-Mid,0,1
9812,Alex Green 4812,Consumer,F,45-54,Atlanta,South,USA,2020-03-25,Bronze,High,0,2
9813,Avery King 4813,Consumer,F,18-24,Miami,South,USA,2024-04-28,Bronze,Upper-Mid,0,1
9814,Jamie Young 4814,Consumer,NA,35-44,Houston,South,USA,2021-07-02,Bronze,Mid,0,3
9815,Morgan King 4815,Small Business,F,25-34,Houston,South,USA,2019-07-01,Bronze,Lower-Mid,1,2
9816,Casey Johnson 4816,Home Office,F,45-54,Phoenix,West,USA,2019-07-26,Bronze,Upper-Mid,0,2
9817,Jamie Davis 4817,Consumer,M,35-44,Cleveland,North,USA,2021-09-04,Silver,Mid,0,1
9818,Taylor Lewis 4818,Consumer,NA,35-44,New York,East,USA,2023-05-12,Platinum,Upper-Mid,0,1
9819,Rowan Hall 4819,Corporate,F,35-44,Philadelphia,East,USA,2024-08-23,Silver,Mid,1,1
9820,Logan Brown 4820,Consumer,NA,45-54,Dallas,South,USA,2020-07-10,Platinum,Mid,0,2
9821,Parker Green 4821,Consumer,NA,25-34,Philadelphia,East,USA,2020-03-07,Silver,Mid,0,1
9822,Parker Davis 4822,Small Business,F,35-44,Philadelphia,East,USA,2020-10-20,Platinum,Upper-Mid,1,2
9823,Avery Brown 4823,Small Business,F,45-54,Cleveland,North,USA,2024-06-18,Silver,Low,1,1
9824,Jamie Scott 4824,Consumer,NA,35-44,Minneapolis,North,USA,2021-01-23,Silver,Lower-Mid,0,2
9825,Rowan Walker 4825,Consumer,M,25-34,Miami,South,USA,2025-09-14,Silver,Mid,0,1
9826,Casey Allen 4826,Consumer,M,18-24,Minneapolis,North,USA,2023-01-12,Silver,Upper-Mid,0,1
9827,Jamie Smith 4827,Small Business,M,25-34,Houston,South,USA,2023-10-31,Bronze,Mid,1,1
9828,Morgan King 4828,Consumer,M,25-34,Seattle,West,USA,2021-12-08,Silver,High,0,1
9829,Casey Johnson 4829,Consumer,NA,35-44,Los Angeles,West,USA,2023-06-05,Silver,Lower-Mid,0,4
9830,Rowan Young 4830,Home Office,F,25-34,Washington,East,USA,2023-09-01,Gold,Upper-Mid,0,4
9831,Parker Wright 4831,Small Business,F,18-24,Atlanta,South,USA,2021-03-22,Gold,Lower-Mid,0,2
9832,Morgan Davis 4832,Consumer,NA,25-34,Seattle,West,USA,2020-02-01,Gold,Upper-Mid,0,2
9833,Parker Green 4833,Consumer,NA,25-34,Boston,East,USA,2019-12-16,Gold,Upper-Mid,0,4
9834,Drew Wright 4834,Home Office,M,35-44,San Francisco,West,USA,2021-05-08,Bronze,Mid,0,3
9835,Parker Johnson 4835,Home Office,NA,18-24,Houston,South,USA,2024-04-24,Bronze,High,0,2
9836,Riley Smith 4836,Consumer,F,18-24,Chicago,North,USA,2024-07-05,Gold,Mid,0,2
9837,Riley Johnson 4837,Small Business,M,35-44,Washington,East,USA,2019-09-29,Silver,Mid,0,3
9838,Jordan Brown 4838,Small Business,F,18-24,Chicago,North,USA,2020-11-21,Gold,Lower-Mid,1,1
9839,Drew Green 4839,Consumer,F,45-54,Chicago,North,USA,2025-05-26,Bronze,Mid,0,2
9840,Avery Lee 4840,Consumer,M,25-34,Detroit,North,USA,2024-01-11,Gold,High,0,1
9841,Skyler Green 4841,Consumer,F,25-34,Minneapolis,North,USA,2025-02-11,Gold,Lower-Mid,0,4
9842,Cameron Smith 4842,Consumer,NA,55+,Washington,East,USA,2020-03-03,Bronze,Mid,0,4
9843,Skyler Wright 4843,Corporate,F,45-54,Detroit,North,USA,2021-07-07,Bronze,Mid,0,3
9844,Avery Hall 4844,Consumer,NA,45-54,Washington,East,USA,2025-07-06,Bronze,Upper-Mid,0,1
9845,Skyler Johnson 4845,Corporate,M,45-54,Phoenix,West,USA,2025-06-09,Gold,Upper-Mid,1,4
9846,Parker Wright 4846,Corporate,NA,25-34,Los Angeles,West,USA,2023-03-24,Bronze,High,1,4
9847,Avery Walker 4847,Small Business,NA,55+,Seattle,West,USA,2025-09-25,Platinum,Mid,1,1
9848,Sam Smith 4848,Home Office,NA,45-54,Chicago,North,USA,2024-11-18,Bronze,Mid,0,1
9849,Morgan Allen 4849,Small Business,F,25-34,San Francisco,West,USA,2022-03-03,Silver,High,1,2
9850,Avery Brown 4850,Consumer,NA,45-54,Seattle,West,USA,2023-02-16,Bronze,Mid,0,3
9851,Avery Green 4851,Consumer,F,25-34,Boston,East,USA,2021-10-15,Bronze,Mid,0,2
9852,Parker Hall 4852,Small Business,F,55+,San Francisco,West,USA,2020-10-02,Silver,Upper-Mid,1,3
9853,Morgan Smith 4853,Corporate,NA,35-44,Phoenix,West,USA,2021-05-31,Silver,Mid,1,3
9854,Morgan Young 4854,Consumer,NA,35-44,Chicago,North,USA,2022-11-17,Gold,Lower-Mid,0,1
9855,Drew Walker 4855,Consumer,F,35-44,Cleveland,North,USA,2022-03-14,Silver,Mid,0,1
9856,Parker Young 4856,Consumer,M,45-54,San Francisco,West,USA,2023-03-25,Bronze,Lower-Mid,0,2
9857,Cameron Lee 4857,Consumer,NA,45-54,Minneapolis,North,USA,2023-05-24,Platinum,Lower-Mid,0,1
9858,Avery Smith 4858,Corporate,F,55+,San Francisco,West,USA,2021-10-07,Bronze,Low,1,2
9859,Drew Allen 4859,Consumer,F,35-44,Los Angeles,West,USA,2020-05-01,Silver,Low,0,3
9860,Jordan Green 4860,Consumer,NA,45-54,Dallas,South,USA,2025-03-04,Platinum,High,0,1
9861,Parker Allen 4861,Consumer,NA,25-34,Detroit,North,USA,2022-07-06,Bronze,High,0,2
9862,Jordan Walker 4862,Consumer,NA,25-34,Cleveland,North,USA,2019-12-27,Bronze,Upper-Mid,0,2
9863,Taylor Brown 4863,Consumer,F,55+,Philadelphia,East,USA,2022-10-25,Bronze,Low,0,3
9864,Casey Lewis 4864,Consumer,F,18-24,New York,East,USA,2021-03-15,Silver,Lower-Mid,0,2
9865,Alex Walker 4865,Consumer,M,25-34,Washington,East,USA,2022-08-26,Bronze,Upper-Mid,0,3
9866,Jordan Lewis 4866,Home Office,M,25-34,Chicago,North,USA,2021-11-29,Silver,Upper-Mid,0,2
9867,Rowan Johnson 4867,Consumer,F,25-34,Phoenix,West,USA,2022-06-19,Gold,Lower-Mid,0,4
9868,Skyler Johnson 4868,Consumer,NA,45-54,Washington,East,USA,2021-06-04,Bronze,Low,0,1
9869,Jamie Wright 4869,Home Office,F,45-54,Boston,East,USA,2022-02-09,Bronze,Upper-Mid,0,4
9870,Casey Clark 4870,Corporate,F,45-54,Atlanta,South,USA,2021-04-17,Bronze,Mid,0,1
9871,Cameron Wright 4871,Consumer,M,55+,Detroit,North,USA,2021-08-22,Platinum,Lower-Mid,0,2
9872,Taylor Young 4872,Corporate,F,25-34,Chicago,North,USA,2025-10-16,Bronze,Mid,0,2
9873,Logan Lewis 4873,Small Business,F,25-34,Houston,South,USA,2021-06-20,Bronze,Mid,1,3
9874,Drew Green 4874,Home Office,NA,25-34,Chicago,North,USA,2022-04-15,Platinum,Upper-Mid,0,1
9875,Casey Lee 4875,Small Business,F,45-54,Dallas,South,USA,2020-04-06,Silver,High,1,2
9876,Avery Allen 4876,Consumer,F,35-44,Philadelphia,East,USA,2023-06-27,Bronze,Upper-Mid,0,2
9877,Taylor Allen 4877,Consumer,F,25-34,Los Angeles,West,USA,2022-08-29,Silver,Lower-Mid,0,1
9878,Morgan Clark 4878,Home Office,M,25-34,Dallas,South,USA,2025-02-03,Gold,Upper-Mid,0,2
9879,Jamie Green 4879,Small Business,NA,18-24,New York,East,USA,2021-11-05,Bronze,Upper-Mid,1,1
9880,Skyler Hall 4880,Consumer,F,18-24,San Francisco,West,USA,2020-06-10,Bronze,Mid,0,1
9881,Taylor Allen 4881,Consumer,M,18-24,Cleveland,North,USA,2024-11-12,Silver,Mid,0,2
9882,Jamie Lee 4882,Consumer,F,55+,San Francisco,West,USA,2020-07-19,Bronze,Upper-Mid,0,1
9883,Jordan Lee 4883,Consumer,M,25-34,Miami,South,USA,2022-04-17,Bronze,Lower-Mid,0,2
9884,Skyler Smith 4884,Consumer,M,25-34,Seattle,West,USA,2022-03-05,Silver,Mid,0,1
9885,Sam Walker 4885,Consumer,NA,25-34,Philadelphia,East,USA,2019-05-18,Silver,Lower-Mid,0,3
9886,Rowan Lee 4886,Corporate,M,25-34,Houston,South,USA,2022-01-05,Silver,Upper-Mid,0,2
9887,Logan Hall 4887,Home Office,NA,45-54,Philadelphia,East,USA,2024-01-16,Silver,High,0,1
9888,Rowan Walker 4888,Small Business,F,55+,Dallas,South,USA,2023-10-01,Bronze,Upper-Mid,0,2
9889,Morgan Young 4889,Consumer,M,35-44,Houston,South,USA,2020-05-26,Bronze,Upper-Mid,0,2
9890,Riley Allen 4890,Consumer,F,25-34,San Francisco,West,USA,2022-11-28,Bronze,Mid,0,3
9891,Casey Hall 4891,Consumer,F,45-54,Dallas,South,USA,2025-04-11,Gold,Mid,0,1
9892,Parker Green 4892,Corporate,F,25-34,Los Angeles,West,USA,2019-05-28,Silver,Lower-Mid,0,1
9893,Sam Young 4893,Consumer,M,35-44,Boston,East,USA,2019-12-02,Bronze,Upper-Mid,0,2
9894,Jordan Smith 4894,Consumer,F,45-54,Dallas,South,USA,2020-11-18,Bronze,Mid,0,4
9895,Skyler Wright 4895,Small Business,NA,45-54,Atlanta,South,USA,2024-11-22,Bronze,Upper-Mid,1,3
9896,Logan Smith 4896,Consumer,F,25-34,Boston,East,USA,2020-11-30,Bronze,Mid,0,4
9897,Alex Brown 4897,Corporate,M,45-54,Phoenix,West,USA,2020-03-02,Silver,Upper-Mid,0,2
9898,Alex Hall 4898,Consumer,NA,55+,Boston,East,USA,2025-04-21,Gold,Mid,0,2
9899,Sam Johnson 4899,Consumer,F,25-34,Minneapolis,North,USA,2024-09-20,Silver,Mid,0,1
9900,Cameron Johnson 4900,Corporate,F,45-54,Seattle,West,USA,2020-03-26,Bronze,Mid,0,2
9901,Jamie Clark 4901,Consumer,NA,35-44,San Francisco,West,USA,2019-03-29,Gold,Lower-Mid,0,2
9902,Morgan Davis 4902,Consumer,F,45-54,Seattle,West,USA,2025-04-30,Platinum,Mid,0,2
9903,Riley Young 4903,Consumer,F,45-54,Phoenix,West,USA,2025-05-11,Silver,Upper-Mid,0,2
9904,Skyler Davis 4904,Consumer,M,35-44,Washington,East,USA,2024-07-27,Bronze,Mid,0,1
9905,Morgan Brown 4905,Consumer,M,45-54,Chicago,North,USA,2022-12-01,Silver,Low,0,4
9906,Sam Wright 4906,Consumer,NA,18-24,Houston,South,USA,2022-08-05,Silver,Upper-Mid,0,2
9907,Cameron Johnson 4907,Consumer,NA,35-44,Phoenix,West,USA,2021-06-25,Silver,Low,0,1
9908,Cameron Johnson 4908,Consumer,F,45-54,Philadelphia,East,USA,2024-11-07,Gold,Mid,0,1
9909,Jamie King 4909,Corporate,M,25-34,New York,East,USA,2025-07-06,Bronze,Mid,0,2
9910,Riley Brown 4910,Consumer,F,25-34,Seattle,West,USA,2024-01-20,Platinum,Low,0,3
9911,Alex Green 4911,Corporate,F,45-54,Chicago,North,USA,2019-01-20,Gold,Lower-Mid,0,1
9912,Sam Wright 4912,Consumer,M,55+,Boston,East,USA,2025-05-17,Gold,Lower-Mid,0,2
9913,Rowan Clark 4913,Consumer,M,18-24,Cleveland,North,USA,2024-01-18,Silver,Lower-Mid,0,4
9914,Cameron Brown 4914,Small Business,M,25-34,Los Angeles,West,USA,2021-11-16,Silver,Mid,0,4
9915,Skyler Green 4915,Consumer,F,18-24,New York,East,USA,2019-01-24,Silver,Lower-Mid,0,2
9916,Cameron Brown 4916,Consumer,F,25-34,Detroit,North,USA,2025-08-09,Platinum,Lower-Mid,0,3
9917,Drew King 4917,Small Business,F,45-54,New York,East,USA,2024-01-05,Bronze,Lower-Mid,1,2
9918,Jordan Smith 4918,Consumer,M,35-44,Seattle,West,USA,2019-08-24,Silver,Mid,0,2
9919,Sam Allen 4919,Small Business,F,45-54,Chicago,North,USA,2019-04-15,Silver,Lower-Mid,1,1
9920,Jamie Hall 4920,Corporate,F,35-44,Philadelphia,East,USA,2019-12-15,Silver,Upper-Mid,1,2
9921,Morgan Davis 4921,Small Business,M,55+,Philadelphia,East,USA,2020-03-10,Gold,Upper-Mid,1,2
9922,Cameron Wright 4922,Consumer,NA,45-54,Chicago,North,USA,2023-03-20,Platinum,Upper-Mid,0,2
9923,Avery Smith 4923,Consumer,NA,45-54,Dallas,South,USA,2019-04-04,Silver,Upper-Mid,0,1
9924,Jamie Lee 4924,Consumer,M,25-34,San Francisco,West,USA,2024-12-15,Silver,Low,0,3
9925,Avery Lewis 4925,Small Business,F,55+,Detroit,North,USA,2020-01-26,Silver,Mid,1,1
9926,Casey Wright 4926,Consumer,NA,45-54,Atlanta,South,USA,2019-03-21,Bronze,Upper-Mid,0,4
9927,Sam Walker 4927,Small Business,F,25-34,Washington,East,USA,2021-11-17,Bronze,Mid,1,4
9928,Jordan Davis 4928,Corporate,NA,45-54,New York,East,USA,2019-03-15,Platinum,Low,1,2
9929,Cameron Young 4929,Consumer,M,25-34,Chicago,North,USA,2025-05-29,Silver,Mid,0,4
9930,Morgan Hall 4930,Consumer,NA,35-44,Dallas,South,USA,2021-06-08,Gold,High,0,3
9931,Casey King 4931,Home Office,M,35-44,Cleveland,North,USA,2020-09-13,Gold,Mid,0,1
9932,Logan Clark 4932,Small Business,M,35-44,Dallas,South,USA,2024-07-15,Bronze,High,1,2
9933,Logan Smith 4933,Consumer,M,25-34,Detroit,North,USA,2021-08-15,Silver,Lower-Mid,0,2
9934,Skyler Lee 4934,Small Business,F,35-44,Los Angeles,West,USA,2023-09-10,Silver,Lower-Mid,1,2
9935,Alex Johnson 4935,Home Office,M,55+,Boston,East,USA,2024-01-07,Bronze,Mid,0,1
9936,Casey Johnson 4936,Consumer,F,25-34,Detroit,North,USA,2021-11-30,Platinum,Upper-Mid,0,4
9937,Drew Hall 4937,Corporate,F,25-34,Chicago,North,USA,2020-06-27,Silver,High,0,1
9938,Drew King 4938,Consumer,M,35-44,Dallas,South,USA,2022-06-19,Bronze,Mid,0,2
9939,Logan Johnson 4939,Consumer,M,25-34,Boston,East,USA,2024-09-08,Bronze,Upper-Mid,0,1
9940,Jordan Wright 4940,Consumer,NA,25-34,Seattle,West,USA,2021-08-27,Bronze,Lower-Mid,0,1
9941,Drew Green 4941,Small Business,NA,25-34,Boston,East,USA,2023-01-30,Platinum,Mid,0,2
9942,Taylor Lee 4942,Consumer,F,25-34,Dallas,South,USA,2025-03-11,Gold,Mid,0,2
9943,Jordan Scott 4943,Small Business,NA,45-54,Detroit,North,USA,2022-10-01,Bronze,Lower-Mid,1,2
9944,Jordan Hall 4944,Consumer,NA,25-34,Atlanta,South,USA,2021-03-09,Bronze,Upper-Mid,0,1
9945,Jamie King 4945,Consumer,M,35-44,Minneapolis,North,USA,2024-04-23,Gold,Upper-Mid,0,4
9946,Casey Walker 4946,Consumer,F,18-24,San Francisco,West,USA,2020-05-18,Gold,Low,0,1
9947,Jordan Young 4947,Corporate,M,25-34,Washington,East,USA,2022-11-12,Platinum,Upper-Mid,1,1
9948,Taylor Davis 4948,Home Office,F,25-34,Chicago,North,USA,2024-01-18,Bronze,High,0,1
9949,Drew King 4949,Small Business,M,55+,Houston,South,USA,2025-09-20,Silver,Mid,1,4
9950,Skyler Lee 4950,Consumer,M,45-54,Chicago,North,USA,2019-02-05,Gold,High,0,4
9951,Avery Lewis 4951,Consumer,NA,25-34,Dallas,South,USA,2019-07-14,Silver,Upper-Mid,0,3
9952,Drew King 4952,Home Office,F,18-24,Cleveland,North,USA,2019-11-15,Bronze,Upper-Mid,0,1
9953,Drew Clark 4953,Consumer,F,35-44,Washington,East,USA,2019-07-11,Bronze,Lower-Mid,0,2
9954,Jordan Smith 4954,Small Business,F,35-44,Phoenix,West,USA,2025-09-12,Bronze,Mid,1,1
9955,Alex Lee 4955,Small Business,M,45-54,Houston,South,USA,2021-01-12,Bronze,Mid,1,4
9956,Jamie King 4956,Corporate,M,25-34,Phoenix,West,USA,2024-04-21,Gold,Lower-Mid,0,2
9957,Morgan Wright 4957,Consumer,F,25-34,Dallas,South,USA,2022-04-25,Bronze,Lower-Mid,0,2
9958,Jamie Hall 4958,Consumer,M,35-44,Chicago,North,USA,2024-03-21,Silver,High,0,2
9959,Jamie Davis 4959,Consumer,NA,25-34,Houston,South,USA,2025-06-04,Gold,Lower-Mid,0,3
9960,Logan Young 4960,Consumer,M,45-54,Philadelphia,East,USA,2022-06-25,Bronze,Lower-Mid,0,2
9961,Avery Lee 4961,Corporate,NA,45-54,Dallas,South,USA,2020-01-17,Bronze,Mid,0,1
9962,Cameron Hall 4962,Consumer,F,35-44,Dallas,South,USA,2022-02-27,Silver,Low,0,3
9963,Sam King 4963,Consumer,NA,55+,Atlanta,South,USA,2022-10-04,Gold,Upper-Mid,0,3
9964,Alex Scott 4964,Small Business,M,45-54,San Francisco,West,USA,2023-12-13,Silver,Mid,0,2
9965,Skyler Allen 4965,Consumer,NA,25-34,Los Angeles,West,USA,2023-06-28,Silver,Lower-Mid,0,2
9966,Drew Allen 4966,Corporate,F,45-54,Boston,East,USA,2025-07-12,Platinum,Mid,0,4
9967,Jamie Clark 4967,Small Business,F,35-44,Detroit,North,USA,2024-08-11,Bronze,Mid,1,1
9968,Sam Johnson 4968,Consumer,NA,18-24,Cleveland,North,USA,2023-08-25,Bronze,High,0,1
9969,Cameron King 4969,Consumer,M,55+,San Francisco,West,USA,2024-03-07,Gold,Lower-Mid,0,1
9970,Sam Lewis 4970,Consumer,M,18-24,Minneapolis,North,USA,2022-01-04,Silver,Mid,0,1
9971,Casey King 4971,Consumer,F,25-34,Chicago,North,USA,2021-12-07,Bronze,Lower-Mid,0,3
9972,Taylor Johnson 4972,Corporate,NA,55+,Detroit,North,USA,2024-11-04,Silver,Mid,1,1
9973,Cameron Allen 4973,Home Office,F,18-24,Dallas,South,USA,2025-06-08,Silver,Upper-Mid,0,1
9974,Alex Lee 4974,Consumer,NA,55+,Houston,South,USA,2022-06-18,Gold,Upper-Mid,0,2
9975,Cameron Scott 4975,Small Business,NA,25-34,Los Angeles,West,USA,2024-12-12,Bronze,Mid,1,2
9976,Rowan Green 4976,Consumer,F,35-44,Phoenix,West,USA,2025-09-16,Platinum,Mid,0,2
9977,Casey Lee 4977,Corporate,M,35-44,Philadelphia,East,USA,2025-09-14,Bronze,Low,0,1
9978,Alex Johnson 4978,Home Office,F,25-34,Philadelphia,East,USA,2021-10-31,Silver,Lower-Mid,0,3
9979,Avery Smith 4979,Corporate,M,35-44,Phoenix,West,USA,2022-09-06,Platinum,Lower-Mid,0,2
9980,Jordan Allen 4980,Consumer,NA,25-34,Boston,East,USA,2022-09-15,Platinum,Upper-Mid,0,2
9981,Morgan Lee 4981,Consumer,F,25-34,Minneapolis,North,USA,2025-03-09,Gold,Upper-Mid,0,2
9982,Cameron Allen 4982,Consumer,M,45-54,Detroit,North,USA,2019-02-26,Bronze,Mid,0,1
9983,Taylor Hall 4983,Consumer,NA,25-34,Los Angeles,West,USA,2025-06-26,Silver,High,0,2
9984,Parker Smith 4984,Consumer,F,18-24,Phoenix,West,USA,2022-10-26,Platinum,Upper-Mid,0,3
9985,Jamie Brown 4985,Home Office,F,25-34,Philadelphia,East,USA,2021-05-15,Gold,Mid,0,4
9986,Cameron Brown 4986,Small Business,NA,35-44,Cleveland,North,USA,2024-03-01,Silver,Mid,0,1
9987,Rowan Green 4987,Small Business,NA,45-54,Chicago,North,USA,2019-08-05,Bronze,Mid,1,1
9988,Avery Walker 4988,Corporate,NA,35-44,San Francisco,West,USA,2019-12-08,Bronze,Lower-Mid,1,1
9989,Drew Davis 4989,Small Business,F,55+,New York,East,USA,2022-04-27,Silver,Mid,0,1
9990,Jordan Davis 4990,Consumer,F,35-44,Minneapolis,North,USA,2024-10-23,Silver,Upper-Mid,0,3
9991,Casey Allen 4991,Corporate,NA,45-54,Minneapolis,North,USA,2020-07-02,Silver,High,0,2
9992,Parker Davis 4992,Consumer,NA,18-24,Chicago,North,USA,2024-05-10,Gold,Mid,0,1
9993,Skyler Johnson 4993,Small Business,M,18-24,Washington,East,USA,2022-07-11,Silver,Upper-Mid,0,4
9994,Casey Walker 4994,Consumer,M,25-34,Boston,East,USA,2023-11-11,Bronze,Upper-Mid,0,1
9995,Avery Hall 4995,Small Business,M,45-54,Phoenix,West,USA,2021-04-23,Silver,Low,0,2
9996,Logan Hall 4996,Home Office,M,35-44,Chicago,North,USA,2023-03-02,Platinum,Lower-Mid,0,1
9997,Avery Davis 4997,Consumer,M,35-44,Los Angeles,West,USA,2022-07-12,Silver,Lower-Mid,0,3
9998,Alex Johnson 4998,Consumer,F,18-24,Houston,South,USA,2025-03-30,Silver,Upper-Mid,0,3
9999,Jordan Johnson 4999,Consumer,NA,25-34,Minneapolis,North,USA,2019-12-01,Silver,Upper-Mid,0,2
10000,Skyler Lewis 5000,Corporate,F,55+,Minneapolis,North,USA,2022-01-27,Gold,Lower-Mid,1,1
